{
    "episode": 800,
    "best_reward": 13273.619611589216,
    "best_success_rate": 1.0,
    "recent_rewards": [
        6694.548459437698,
        9098.524334088392,
        8474.964719964733,
        8351.679502485342,
        9867.907112990382,
        10523.04567369504,
        7475.581240009358,
        6493.444866332364,
        4404.110946433733,
        9126.8707589052,
        5867.024031930694,
        7560.547404162711,
        8253.365335879618,
        5106.693837141026,
        11683.696325920038,
        3984.5013126143813,
        1144.409166555972,
        2988.718019400603,
        10870.59130405023,
        1571.4692172657087,
        8697.056992772374,
        7568.74976964116,
        7418.916341091668,
        5857.1326625110905,
        7992.33454747898,
        8456.905759306588,
        7932.97154880155,
        3133.787232515285,
        4614.437022789888,
        3343.6907131294442,
        5455.405340816172,
        2865.5260951834052,
        6377.898094312997,
        5878.1961027514135,
        5370.161220378935,
        4563.725922906803,
        8248.40512058475,
        5956.249981644881,
        8313.053052462754,
        7709.522903313469,
        7723.119995204539,
        6710.260619348763,
        5996.337829512586,
        3813.1713096245257,
        5514.793967422297,
        8406.574698274744,
        2571.069616531494,
        6138.016804916242,
        6084.0597227372255,
        9887.607613786515,
        7784.52968677299,
        7192.447874850408,
        7283.180625963498,
        8723.79935713431,
        6597.971382644311,
        6251.642154130568,
        8486.399526501147,
        7834.640850360643,
        9149.411020829328,
        2902.6396009585405,
        1343.576365657544,
        3993.3170308988256,
        7680.408516393503,
        3276.599162359382,
        5127.324950382893,
        7177.377698647609,
        5369.789629151635,
        5356.821137965872,
        6927.210560212864,
        5420.95417064021,
        8114.062849133545,
        4042.160317043059,
        3923.4079509941225,
        2642.217436122224,
        5674.69701725277,
        5452.970778269685,
        10219.236327049672,
        7583.582445146675,
        5881.730808946392,
        9249.364213907684,
        7883.092474472103,
        8798.880371658433,
        4849.081729747286,
        7243.539515569497,
        7498.563434435628,
        2451.132605769682,
        6101.126974369065,
        5845.540196364691,
        7035.262398678442,
        9470.997440393547,
        7162.75123886248,
        2866.7088687496225,
        4795.545122920785,
        9592.91556195461,
        7832.1154559651795,
        2663.1897434814323,
        7995.000373096755,
        4658.735257201599,
        6836.272471895644,
        6451.333516461104
    ],
    "recent_successes": [
        1,
        1,
        1,
        1,
        1,
        1,
        1,
        1,
        1,
        1,
        1,
        1,
        1,
        1,
        1,
        1,
        0,
        1,
        1,
        0,
        1,
        1,
        1,
        1,
        1,
        1,
        1,
        1,
        1,
        1,
        1,
        1,
        1,
        1,
        1,
        1,
        1,
        1,
        1,
        1,
        1,
        1,
        1,
        1,
        1,
        1,
        1,
        1,
        1,
        1,
        1,
        1,
        1,
        1,
        1,
        1,
        1,
        1,
        1,
        1,
        1,
        0,
        1,
        1,
        1,
        1,
        1,
        1,
        1,
        1,
        1,
        1,
        1,
        1,
        1,
        1,
        1,
        1,
        1,
        1,
        1,
        1,
        1,
        1,
        1,
        1,
        1,
        1,
        1,
        1,
        1,
        1,
        1,
        1,
        1,
        1,
        1,
        1,
        1,
        1
    ],
    "recent_collisions": [
        0,
        0,
        0,
        0,
        0,
        0,
        0,
        0,
        0,
        0,
        0,
        0,
        0,
        0,
        0,
        0,
        1,
        0,
        0,
        1,
        0,
        0,
        0,
        0,
        0,
        0,
        0,
        0,
        0,
        0,
        0,
        0,
        0,
        0,
        0,
        0,
        0,
        0,
        0,
        0,
        0,
        0,
        0,
        0,
        0,
        0,
        0,
        0,
        0,
        0,
        0,
        0,
        0,
        0,
        0,
        0,
        0,
        0,
        0,
        0,
        0,
        0,
        0,
        0,
        0,
        0,
        0,
        0,
        0,
        0,
        0,
        0,
        0,
        0,
        0,
        0,
        0,
        0,
        0,
        0,
        0,
        0,
        0,
        0,
        0,
        0,
        0,
        0,
        0,
        0,
        0,
        0,
        0,
        0,
        0,
        0,
        0,
        0,
        0,
        0
    ],
    "recent_steps": [
        102,
        256,
        164,
        152,
        174,
        190,
        117,
        152,
        71,
        165,
        97,
        132,
        165,
        94,
        215,
        68,
        218,
        71,
        276,
        228,
        194,
        130,
        127,
        138,
        134,
        139,
        156,
        78,
        77,
        60,
        144,
        57,
        116,
        116,
        118,
        87,
        134,
        112,
        127,
        100,
        120,
        119,
        129,
        59,
        107,
        185,
        49,
        117,
        104,
        251,
        154,
        135,
        137,
        154,
        126,
        145,
        142,
        163,
        134,
        49,
        20,
        400,
        96,
        43,
        99,
        137,
        83,
        103,
        88,
        121,
        142,
        61,
        58,
        38,
        104,
        82,
        253,
        136,
        91,
        145,
        125,
        132,
        87,
        110,
        120,
        37,
        126,
        148,
        128,
        148,
        125,
        46,
        123,
        200,
        151,
        34,
        147,
        67,
        111,
        118
    ],
    "params": {
        "max_episodes": 2000,
        "max_steps": 400,
        "batch_size": 64,
        "learning_rate": 5e-05,
        "gamma": 0.99,
        "initial_epsilon": 1.0,
        "epsilon_decay": 0.995,
        "min_epsilon": 0.05,
        "memory_size": 100000,
        "target_update_freq": 10,
        "checkpoint_freq": 100,
        "resource_monitor_freq": 10
    },
    "resource_summary": "Training Time: 4:43:48\nAvg CPU Usage: 43.5%\nAvg Memory Usage: 5.6%\nAvg GPU Usage: 1.8%\nAvg GPU Memory: 98.4MB"
}