{
    "episode": 1300,
    "best_reward": 13273.619611589216,
    "best_success_rate": 1.0,
    "recent_rewards": [
        6490.910299744269,
        5995.218919611396,
        7322.065910857472,
        7387.48137719772,
        9441.877094299909,
        5889.465613454999,
        8766.555200333181,
        7208.941158111189,
        4705.213198465554,
        8671.930730618096,
        5636.498001521853,
        7914.318089979352,
        2943.317234175154,
        8798.2502811648,
        7757.06670693362,
        7902.366603829949,
        3696.530033587019,
        4641.950195291985,
        8058.012064967616,
        9583.344408975758,
        7585.793564589601,
        8468.774582406528,
        6836.582266210592,
        5128.203236662659,
        7396.361267946012,
        10362.073109902489,
        7571.2891465782905,
        4588.692371786729,
        9003.374000804995,
        7056.684639746292,
        11086.754362162777,
        8936.585943670416,
        8374.737815601782,
        6795.095383369913,
        8585.131140632957,
        2681.4471339864913,
        9240.53044641734,
        6350.968386757745,
        8590.584296322973,
        2736.4303835365918,
        6645.664045402743,
        6147.950024661584,
        9515.535816733465,
        6861.146709456851,
        7024.253217077443,
        8515.075004752729,
        5859.31109860472,
        1006.4351067348426,
        4982.915588022139,
        6444.612236088884,
        8730.00631463183,
        8068.4461513323495,
        11092.537876079306,
        2674.6770413616496,
        7340.790920236403,
        8492.343891279335,
        8126.285176832949,
        8141.467166870101,
        7411.709055872154,
        6448.151219113278,
        7046.642118436864,
        7514.7789962717015,
        5879.983212010642,
        7182.500664236048,
        9151.756819037644,
        7737.840919149656,
        10625.777611787295,
        7655.5512043450635,
        8059.125896013191,
        6393.910447262089,
        6172.447169161044,
        2018.4836634256037,
        8169.941201631285,
        9534.727032930467,
        9667.260011463899,
        2803.131645423716,
        1616.2094917695636,
        7681.324604600459,
        7980.008565461274,
        7306.447586736689,
        7937.9074156777115,
        10522.773815488701,
        1013.3977522723155,
        5911.6044419006175,
        9765.976798083195,
        8099.934727694339,
        6482.9012853819395,
        7820.425388459505,
        2075.827612516763,
        1771.0262878055655,
        6903.024446611551,
        6878.842447271845,
        1192.114550617408,
        9693.254188176965,
        7267.343560904772,
        6895.5106752129095,
        6683.785873312199,
        4371.96280359085,
        8191.617633369707,
        6248.574949996321
    ],
    "recent_successes": [
        1,
        1,
        1,
        1,
        1,
        1,
        1,
        1,
        1,
        1,
        1,
        1,
        1,
        1,
        1,
        1,
        1,
        1,
        1,
        1,
        1,
        1,
        1,
        1,
        1,
        1,
        1,
        1,
        1,
        1,
        1,
        1,
        1,
        1,
        1,
        1,
        1,
        1,
        1,
        1,
        1,
        1,
        1,
        1,
        1,
        1,
        1,
        1,
        1,
        1,
        1,
        1,
        1,
        1,
        1,
        1,
        1,
        1,
        1,
        1,
        1,
        1,
        1,
        1,
        1,
        1,
        1,
        1,
        1,
        1,
        1,
        1,
        1,
        1,
        1,
        1,
        0,
        1,
        1,
        1,
        1,
        1,
        1,
        1,
        1,
        1,
        1,
        1,
        1,
        1,
        1,
        1,
        1,
        1,
        1,
        1,
        1,
        1,
        1,
        1
    ],
    "recent_collisions": [
        0,
        0,
        0,
        0,
        0,
        0,
        0,
        0,
        0,
        0,
        0,
        0,
        0,
        0,
        0,
        0,
        0,
        0,
        0,
        0,
        0,
        0,
        0,
        0,
        0,
        0,
        0,
        0,
        0,
        0,
        0,
        0,
        0,
        0,
        0,
        0,
        0,
        0,
        0,
        0,
        0,
        0,
        0,
        0,
        0,
        0,
        0,
        0,
        0,
        0,
        0,
        0,
        0,
        0,
        0,
        0,
        0,
        0,
        0,
        0,
        0,
        0,
        0,
        0,
        0,
        0,
        0,
        0,
        0,
        0,
        0,
        0,
        0,
        0,
        0,
        0,
        1,
        0,
        0,
        0,
        0,
        0,
        0,
        0,
        0,
        0,
        0,
        0,
        0,
        0,
        0,
        0,
        0,
        0,
        0,
        0,
        0,
        0,
        0,
        0
    ],
    "recent_steps": [
        103,
        70,
        98,
        114,
        139,
        74,
        115,
        123,
        61,
        119,
        82,
        128,
        31,
        111,
        85,
        111,
        36,
        72,
        131,
        154,
        96,
        93,
        77,
        63,
        107,
        152,
        97,
        63,
        128,
        99,
        164,
        116,
        129,
        80,
        153,
        51,
        157,
        79,
        137,
        46,
        110,
        83,
        139,
        106,
        102,
        115,
        56,
        1,
        62,
        107,
        118,
        126,
        174,
        44,
        126,
        141,
        102,
        115,
        100,
        72,
        127,
        108,
        80,
        83,
        130,
        104,
        165,
        133,
        138,
        78,
        67,
        50,
        109,
        137,
        141,
        43,
        224,
        113,
        123,
        95,
        106,
        180,
        1,
        71,
        136,
        97,
        119,
        111,
        29,
        13,
        115,
        130,
        39,
        154,
        96,
        98,
        104,
        49,
        122,
        89
    ],
    "params": {
        "max_episodes": 2000,
        "max_steps": 400,
        "batch_size": 64,
        "learning_rate": 5e-05,
        "gamma": 0.99,
        "initial_epsilon": 1.0,
        "epsilon_decay": 0.995,
        "min_epsilon": 0.05,
        "memory_size": 100000,
        "target_update_freq": 10,
        "checkpoint_freq": 100,
        "resource_monitor_freq": 10
    },
    "resource_summary": "Training Time: 7:18:02\nAvg CPU Usage: 43.3%\nAvg Memory Usage: 5.6%\nAvg GPU Usage: 1.9%\nAvg GPU Memory: 98.6MB"
}