{
    "episode": 400,
    "best_reward": 13273.619611589216,
    "best_success_rate": 1.0,
    "recent_rewards": [
        724.2923395505903,
        1210.7820899324092,
        9752.030955697663,
        2992.531517456403,
        840.080603053271,
        11669.625218466092,
        8488.841121603897,
        4769.17409393265,
        4029.0414679125106,
        1602.1684686459503,
        948.5051247142593,
        4341.444532970974,
        4387.850788358856,
        1437.3726687455364,
        1297.0852901779929,
        1067.004926941274,
        1180.7903597736522,
        9504.195991924533,
        7408.293995698194,
        6970.105536676801,
        7493.966990715666,
        9847.780349250439,
        5776.516338389261,
        10346.615352227622,
        1407.3687403634156,
        8517.258109422286,
        7484.674248212375,
        7618.4641304879015,
        7802.701107116981,
        7132.394753694045,
        7732.304756759264,
        5910.5751825072375,
        6252.538644264252,
        4452.9538413284245,
        5182.3830322570175,
        9267.128757117447,
        4741.052527137606,
        8597.284624027046,
        3179.181054038311,
        850.8985024536655,
        7705.078575588412,
        917.700189858914,
        3397.4072067728307,
        712.7495890235634,
        1253.4274632958616,
        8292.659377887858,
        7684.211007192742,
        7480.619497080186,
        7876.437927512649,
        1168.523688012753,
        670.3332347844621,
        4962.599200141071,
        1134.789081315463,
        7001.980802819149,
        902.9914157098063,
        1257.872925015453,
        9731.211808310303,
        4494.837607292786,
        8907.38922094695,
        9564.122634281774,
        666.6234272530941,
        4509.054205088163,
        10210.415952126723,
        8103.390312431802,
        7250.258646994493,
        10348.639642818449,
        718.0333728490376,
        7872.385649882659,
        10511.449242440816,
        7042.307931815623,
        5694.353564318831,
        8053.597437091578,
        9726.508115400817,
        4397.916237636587,
        11085.614361410548,
        2769.503310181545,
        1171.1275488570807,
        889.7420516232597,
        4643.276211821478,
        8745.301091539432,
        5038.3377829396495,
        8572.089589518113,
        7089.471320790024,
        8721.53469889131,
        688.5880534597432,
        4280.896257752559,
        6060.815582074643,
        6132.7411563212545,
        6832.074482976826,
        7987.319452291399,
        4070.6859037567174,
        6295.167549443511,
        6213.940317055802,
        6718.860603098965,
        5343.290421102425,
        1233.4170606212656,
        2498.2624398524786,
        5676.422825739474,
        1752.5717515740694,
        4327.427400236187
    ],
    "recent_successes": [
        0,
        0,
        1,
        1,
        0,
        1,
        1,
        1,
        1,
        0,
        0,
        1,
        1,
        0,
        0,
        0,
        0,
        1,
        1,
        1,
        1,
        1,
        1,
        1,
        0,
        1,
        1,
        1,
        1,
        1,
        1,
        1,
        1,
        1,
        1,
        1,
        1,
        1,
        1,
        0,
        1,
        0,
        1,
        0,
        0,
        1,
        1,
        1,
        1,
        0,
        0,
        1,
        0,
        1,
        0,
        0,
        1,
        1,
        1,
        1,
        0,
        1,
        1,
        1,
        1,
        1,
        0,
        1,
        1,
        1,
        1,
        1,
        1,
        1,
        1,
        1,
        0,
        0,
        1,
        1,
        1,
        1,
        1,
        1,
        0,
        1,
        1,
        1,
        1,
        1,
        1,
        1,
        1,
        1,
        1,
        1,
        1,
        1,
        1,
        1
    ],
    "recent_collisions": [
        1,
        1,
        0,
        0,
        1,
        0,
        0,
        0,
        0,
        1,
        1,
        0,
        0,
        1,
        1,
        1,
        1,
        0,
        0,
        0,
        0,
        0,
        0,
        0,
        1,
        0,
        0,
        0,
        0,
        0,
        0,
        0,
        0,
        0,
        0,
        0,
        0,
        0,
        0,
        1,
        0,
        1,
        0,
        1,
        1,
        0,
        0,
        0,
        0,
        1,
        1,
        0,
        1,
        0,
        1,
        1,
        0,
        0,
        0,
        0,
        1,
        0,
        0,
        0,
        0,
        0,
        1,
        0,
        0,
        0,
        0,
        0,
        0,
        0,
        0,
        0,
        1,
        1,
        0,
        0,
        0,
        0,
        0,
        0,
        1,
        0,
        0,
        0,
        0,
        0,
        0,
        0,
        0,
        0,
        0,
        0,
        0,
        0,
        0,
        0
    ],
    "recent_steps": [
        68,
        76,
        242,
        50,
        71,
        310,
        154,
        79,
        52,
        104,
        73,
        69,
        126,
        100,
        80,
        64,
        87,
        290,
        159,
        117,
        145,
        185,
        129,
        286,
        77,
        214,
        136,
        129,
        147,
        118,
        126,
        117,
        100,
        78,
        83,
        150,
        87,
        150,
        49,
        67,
        142,
        60,
        53,
        65,
        76,
        154,
        256,
        123,
        140,
        91,
        86,
        72,
        87,
        104,
        73,
        79,
        171,
        73,
        173,
        217,
        83,
        76,
        239,
        137,
        126,
        320,
        75,
        132,
        254,
        139,
        129,
        135,
        334,
        97,
        303,
        42,
        97,
        90,
        76,
        137,
        178,
        208,
        173,
        147,
        97,
        97,
        154,
        124,
        134,
        146,
        106,
        113,
        138,
        122,
        133,
        34,
        48,
        100,
        44,
        65
    ],
    "params": {
        "max_episodes": 2000,
        "max_steps": 400,
        "batch_size": 64,
        "learning_rate": 5e-05,
        "gamma": 0.99,
        "initial_epsilon": 1.0,
        "epsilon_decay": 0.995,
        "min_epsilon": 0.05,
        "memory_size": 100000,
        "target_update_freq": 10,
        "checkpoint_freq": 100,
        "resource_monitor_freq": 10
    },
    "resource_summary": "Training Time: 2:13:23\nAvg CPU Usage: 43.3%\nAvg Memory Usage: 5.5%\nAvg GPU Usage: 1.9%\nAvg GPU Memory: 97.8MB"
}