{
    "episode": 1000,
    "best_reward": 13273.619611589216,
    "best_success_rate": 1.0,
    "recent_rewards": [
        10303.458072801066,
        8723.681327042603,
        7672.374535941955,
        8230.248617077614,
        6294.911208681938,
        7049.100914510047,
        4829.559644554711,
        9788.329594911187,
        7449.9497265244245,
        7986.307235052196,
        7963.330127525499,
        7477.183215911446,
        9392.594028994943,
        9573.283958999466,
        9776.088089982242,
        11483.8374516386,
        9067.290735142458,
        3949.9485525402215,
        781.8862511652211,
        2779.085576399567,
        4417.754364698773,
        7910.35494192009,
        7837.777428743806,
        6341.309886295292,
        4032.941450211679,
        1959.2226466493914,
        6853.153135454923,
        5854.142280874517,
        1887.2655390283508,
        5225.391011979942,
        1334.6265011281848,
        10643.379276948472,
        9990.354912860623,
        8086.439283714992,
        5121.962507947383,
        6515.100627175894,
        8558.855153321038,
        8046.971934415971,
        7568.537481577119,
        6584.234813082399,
        9218.510873994146,
        8186.378607345794,
        7719.174179173099,
        5036.394012255679,
        7418.816335270685,
        8328.447005067188,
        7969.174802011434,
        4253.314595290457,
        5986.336058048214,
        3226.709665375066,
        9204.941237736648,
        8372.7162804508,
        11725.218030083812,
        5484.778976799861,
        8792.59338247651,
        6454.502673686569,
        6005.217223556731,
        8551.989827538517,
        6351.395495919117,
        6685.985614335765,
        2184.8236995065154,
        7462.537602067199,
        6279.282557952651,
        6548.073593800371,
        5465.408065472416,
        5527.000030294223,
        6046.018199496926,
        5837.7536260009065,
        2288.8739497938436,
        8102.774825707769,
        6722.922516544261,
        8284.88010326329,
        6920.102324092691,
        4880.28093029568,
        4068.331251796286,
        8111.665476949585,
        3360.681827502103,
        7514.2905283393075,
        4795.76649421615,
        8246.789033887257,
        12267.321183219858,
        9297.84107390344,
        7453.696519046551,
        8767.879919083862,
        5338.12925582195,
        6495.405625540918,
        9908.130149605864,
        7162.645056941216,
        3905.3384075087997,
        2437.2951394259326,
        7255.125706131881,
        3699.848119025709,
        5133.563135120819,
        10317.892047134937,
        2151.4278832529567,
        7390.1896554085215,
        8372.885207446168,
        6692.136121331122,
        2898.1017835651064,
        9818.457377220906
    ],
    "recent_successes": [
        1,
        1,
        1,
        1,
        1,
        1,
        1,
        1,
        1,
        1,
        1,
        1,
        1,
        1,
        1,
        1,
        1,
        1,
        1,
        1,
        1,
        1,
        1,
        1,
        1,
        1,
        1,
        1,
        1,
        1,
        1,
        1,
        1,
        1,
        1,
        1,
        1,
        1,
        1,
        1,
        1,
        1,
        1,
        1,
        1,
        1,
        1,
        1,
        1,
        1,
        1,
        1,
        1,
        1,
        1,
        1,
        1,
        1,
        1,
        1,
        1,
        1,
        1,
        1,
        1,
        1,
        1,
        1,
        1,
        1,
        1,
        1,
        1,
        1,
        1,
        1,
        1,
        1,
        1,
        1,
        1,
        1,
        1,
        1,
        1,
        1,
        1,
        1,
        1,
        1,
        1,
        1,
        1,
        1,
        0,
        1,
        1,
        1,
        1,
        1
    ],
    "recent_collisions": [
        0,
        0,
        0,
        0,
        0,
        0,
        0,
        0,
        0,
        0,
        0,
        0,
        0,
        0,
        0,
        0,
        0,
        0,
        0,
        0,
        0,
        0,
        0,
        0,
        0,
        0,
        0,
        0,
        0,
        0,
        0,
        0,
        0,
        0,
        0,
        0,
        0,
        0,
        0,
        0,
        0,
        0,
        0,
        0,
        0,
        0,
        0,
        0,
        0,
        0,
        0,
        0,
        0,
        0,
        0,
        0,
        0,
        0,
        0,
        0,
        0,
        0,
        0,
        0,
        0,
        0,
        0,
        0,
        0,
        0,
        0,
        0,
        0,
        0,
        0,
        0,
        0,
        0,
        0,
        0,
        0,
        0,
        0,
        0,
        0,
        0,
        0,
        0,
        0,
        0,
        0,
        0,
        0,
        0,
        1,
        0,
        0,
        0,
        0,
        0
    ],
    "recent_steps": [
        179,
        164,
        165,
        122,
        97,
        137,
        58,
        233,
        145,
        140,
        155,
        117,
        142,
        259,
        165,
        257,
        208,
        56,
        1,
        41,
        62,
        105,
        120,
        86,
        54,
        28,
        119,
        99,
        32,
        66,
        11,
        287,
        221,
        148,
        96,
        94,
        144,
        124,
        144,
        98,
        151,
        128,
        144,
        92,
        103,
        106,
        130,
        56,
        122,
        75,
        153,
        127,
        178,
        68,
        145,
        91,
        79,
        130,
        102,
        90,
        54,
        99,
        81,
        89,
        84,
        119,
        89,
        92,
        46,
        126,
        130,
        119,
        92,
        72,
        55,
        106,
        34,
        123,
        59,
        109,
        226,
        174,
        100,
        129,
        112,
        137,
        150,
        94,
        50,
        42,
        109,
        54,
        94,
        226,
        186,
        108,
        165,
        121,
        40,
        137
    ],
    "params": {
        "max_episodes": 2000,
        "max_steps": 400,
        "batch_size": 64,
        "learning_rate": 5e-05,
        "gamma": 0.99,
        "initial_epsilon": 1.0,
        "epsilon_decay": 0.995,
        "min_epsilon": 0.05,
        "memory_size": 100000,
        "target_update_freq": 10,
        "checkpoint_freq": 100,
        "resource_monitor_freq": 10
    },
    "resource_summary": "Training Time: 5:49:51\nAvg CPU Usage: 43.4%\nAvg Memory Usage: 5.6%\nAvg GPU Usage: 1.8%\nAvg GPU Memory: 98.5MB"
}