{
    "episode": 600,
    "best_reward": 13273.619611589216,
    "best_success_rate": 1.0,
    "recent_rewards": [
        12672.233398568325,
        5628.021470599722,
        12499.97796637976,
        4893.225601921899,
        8837.727789863844,
        8260.166288538348,
        2789.2204292465317,
        5860.005698783344,
        8438.316113300318,
        7773.035457443846,
        7330.006631748902,
        6083.273428922954,
        9723.268948258234,
        6563.465362660609,
        11432.861675617874,
        10499.489031183384,
        6746.823039734905,
        1616.6868440356425,
        7560.978372171657,
        2842.626349080177,
        7671.327338752602,
        4952.279457622223,
        10028.064365932032,
        8209.589982897805,
        1258.314002664586,
        8131.771150009163,
        7573.19391177806,
        8856.496344157556,
        5958.4010578863235,
        9823.154432409297,
        7204.8582294336775,
        6668.358487356421,
        10142.86084231524,
        8931.717234724454,
        6560.7802267260195,
        9062.452302110085,
        6455.687764361597,
        1009.0698974558663,
        4537.605719869943,
        10289.414104860534,
        4887.490632630414,
        5368.930425080388,
        4642.28107871289,
        5641.526746974754,
        6423.912043742532,
        6016.100797445093,
        7098.79517492773,
        8695.438089609357,
        7893.935926413153,
        8368.311467689335,
        8323.107322618294,
        136.2567267395558,
        8555.45606160626,
        9194.987485651105,
        8197.047790374165,
        8140.24875275868,
        11415.376702335092,
        3953.907194903939,
        5723.230514356284,
        6373.597162996533,
        2139.424704372617,
        5008.912346484155,
        8148.999251355169,
        9924.853701347767,
        11262.114488645042,
        7607.024935904796,
        8707.012429154875,
        8017.033502153066,
        4860.332688425035,
        3855.9337052533556,
        9100.051713985304,
        5142.435992891831,
        6313.107209060261,
        7153.027734340775,
        8589.42555105281,
        5715.988852990307,
        5156.717893108573,
        5494.107276767617,
        8576.749725309925,
        4620.683197607309,
        7044.708149004208,
        8462.53336527354,
        6870.346455473042,
        6171.048731474896,
        10279.339399713057,
        9805.806382330607,
        9046.409789817064,
        5886.081827373211,
        12392.378784241482,
        7116.331668171844,
        3510.0992427023957,
        8224.351289747,
        8867.508586349537,
        6936.423265466439,
        3601.553557928253,
        7286.742836759293,
        6707.731880430362,
        1170.5280161510848,
        9494.5656372381,
        6377.384107239868
    ],
    "recent_successes": [
        1,
        1,
        1,
        1,
        1,
        1,
        1,
        1,
        1,
        1,
        1,
        1,
        1,
        1,
        1,
        1,
        1,
        1,
        1,
        1,
        1,
        1,
        1,
        1,
        1,
        1,
        1,
        1,
        1,
        1,
        1,
        1,
        1,
        1,
        1,
        1,
        1,
        1,
        1,
        1,
        1,
        1,
        1,
        1,
        1,
        1,
        1,
        1,
        1,
        1,
        1,
        0,
        1,
        1,
        1,
        1,
        1,
        1,
        1,
        1,
        1,
        1,
        1,
        1,
        1,
        1,
        1,
        1,
        1,
        1,
        1,
        1,
        1,
        1,
        1,
        1,
        1,
        1,
        1,
        1,
        1,
        1,
        1,
        1,
        1,
        1,
        1,
        1,
        1,
        1,
        1,
        1,
        1,
        1,
        1,
        1,
        1,
        1,
        1,
        1
    ],
    "recent_collisions": [
        0,
        0,
        0,
        0,
        0,
        0,
        0,
        0,
        0,
        0,
        0,
        0,
        0,
        0,
        0,
        0,
        0,
        0,
        0,
        0,
        0,
        0,
        0,
        0,
        0,
        0,
        0,
        0,
        0,
        0,
        0,
        0,
        0,
        0,
        0,
        0,
        0,
        0,
        0,
        0,
        0,
        0,
        0,
        0,
        0,
        0,
        0,
        0,
        0,
        0,
        0,
        0,
        0,
        0,
        0,
        0,
        0,
        0,
        0,
        0,
        0,
        0,
        0,
        0,
        0,
        0,
        0,
        0,
        0,
        0,
        0,
        0,
        0,
        0,
        0,
        0,
        0,
        0,
        0,
        0,
        0,
        0,
        0,
        0,
        0,
        0,
        0,
        0,
        0,
        0,
        0,
        0,
        0,
        0,
        0,
        0,
        0,
        0,
        0,
        0
    ],
    "recent_steps": [
        300,
        118,
        285,
        95,
        148,
        159,
        56,
        113,
        168,
        157,
        152,
        149,
        250,
        203,
        247,
        296,
        142,
        20,
        169,
        50,
        124,
        95,
        188,
        149,
        1,
        170,
        152,
        139,
        128,
        279,
        165,
        145,
        309,
        237,
        135,
        262,
        118,
        1,
        88,
        269,
        96,
        107,
        91,
        93,
        125,
        120,
        126,
        164,
        176,
        220,
        144,
        400,
        140,
        151,
        156,
        196,
        293,
        99,
        158,
        128,
        48,
        115,
        131,
        146,
        376,
        129,
        135,
        176,
        85,
        64,
        195,
        121,
        108,
        133,
        163,
        139,
        113,
        117,
        185,
        71,
        125,
        157,
        138,
        119,
        213,
        154,
        179,
        108,
        284,
        166,
        68,
        165,
        175,
        108,
        60,
        135,
        166,
        8,
        146,
        130
    ],
    "params": {
        "max_episodes": 2000,
        "max_steps": 400,
        "batch_size": 64,
        "learning_rate": 5e-05,
        "gamma": 0.99,
        "initial_epsilon": 1.0,
        "epsilon_decay": 0.995,
        "min_epsilon": 0.05,
        "memory_size": 100000,
        "target_update_freq": 10,
        "checkpoint_freq": 100,
        "resource_monitor_freq": 10
    },
    "resource_summary": "Training Time: 3:32:30\nAvg CPU Usage: 43.5%\nAvg Memory Usage: 5.5%\nAvg GPU Usage: 1.8%\nAvg GPU Memory: 98.2MB"
}