{
    "episode": 1100,
    "best_reward": 13273.619611589216,
    "best_success_rate": 1.0,
    "recent_rewards": [
        5209.325753813062,
        5351.739196032176,
        6605.620191768163,
        7447.053194217015,
        6665.601912998226,
        8426.192329187428,
        5301.318653459262,
        8014.954679447032,
        8413.544382966056,
        7885.959036026836,
        2397.537702587344,
        5401.707392038915,
        6618.077660309904,
        9968.185998889252,
        6051.665836797673,
        7685.853867709015,
        8222.408672110576,
        2454.168975201195,
        7195.911466301286,
        5890.587032983232,
        7232.793375985623,
        7779.3961713804965,
        6498.92434986234,
        3216.4371678795387,
        4024.7616682921325,
        8608.4254941795,
        7752.272950180675,
        9719.903195282954,
        8859.442780757618,
        8196.706706538216,
        5998.477052627712,
        9643.923361806721,
        8567.248184684504,
        7949.813666667322,
        8863.350421968767,
        6587.35947162277,
        3778.2295815605166,
        7484.476275498794,
        4101.854918911534,
        1566.2780597963674,
        7717.566755253144,
        9461.253339478495,
        5684.133814834441,
        6990.014752302207,
        9587.198549385887,
        2782.849766644647,
        10818.991013844548,
        7068.900578399798,
        4303.959791139883,
        5380.921223216083,
        7617.434509394514,
        4158.183062229467,
        1575.1516071314543,
        8174.670917818903,
        2447.848449714728,
        8753.834943111127,
        7550.495903265664,
        6430.389745241089,
        6322.349270889404,
        7099.352112610528,
        7845.584421866409,
        1785.1933045927608,
        4744.592542308172,
        5745.907201247529,
        9203.89917982993,
        5864.9729647966105,
        7878.641375553524,
        9309.946806148484,
        5778.390919854589,
        6774.283477108186,
        6435.481844565165,
        5347.433507080612,
        7890.617399950288,
        7410.892296922758,
        3290.9473160633656,
        11523.38799876828,
        5003.147457948222,
        10665.919446351418,
        2936.0127997531054,
        5836.581636707668,
        6097.587418712272,
        8557.324083566222,
        9843.413263997198,
        9033.341724689832,
        1242.2995416203958,
        6525.187980313739,
        11243.796809309755,
        4334.8965285346285,
        5831.9957749694295,
        7416.589079572273,
        6166.03095347363,
        11103.72928029303,
        8172.062922752071,
        9096.66582725219,
        11790.179328700078,
        7594.828226141362,
        10597.747833362602,
        8456.01315731604,
        8565.009825792482,
        10374.600189088347
    ],
    "recent_successes": [
        1,
        1,
        1,
        1,
        1,
        1,
        1,
        1,
        1,
        1,
        1,
        1,
        1,
        1,
        1,
        1,
        1,
        1,
        1,
        1,
        1,
        1,
        1,
        1,
        1,
        1,
        1,
        1,
        1,
        1,
        1,
        1,
        1,
        1,
        1,
        1,
        1,
        1,
        1,
        0,
        1,
        1,
        1,
        1,
        1,
        0,
        1,
        1,
        1,
        1,
        1,
        1,
        1,
        1,
        1,
        1,
        1,
        1,
        1,
        1,
        1,
        1,
        1,
        1,
        1,
        1,
        1,
        1,
        1,
        1,
        1,
        1,
        1,
        1,
        1,
        1,
        1,
        1,
        1,
        1,
        1,
        1,
        1,
        1,
        1,
        1,
        1,
        1,
        1,
        1,
        1,
        1,
        1,
        1,
        1,
        1,
        1,
        1,
        1,
        1
    ],
    "recent_collisions": [
        0,
        0,
        0,
        0,
        0,
        0,
        0,
        0,
        0,
        0,
        0,
        0,
        0,
        0,
        0,
        0,
        0,
        0,
        0,
        0,
        0,
        0,
        0,
        0,
        0,
        0,
        0,
        0,
        0,
        0,
        0,
        0,
        0,
        0,
        0,
        0,
        0,
        0,
        0,
        1,
        0,
        0,
        0,
        0,
        0,
        1,
        0,
        0,
        0,
        0,
        0,
        0,
        0,
        0,
        0,
        0,
        0,
        0,
        0,
        0,
        0,
        0,
        0,
        0,
        0,
        0,
        0,
        0,
        0,
        0,
        0,
        0,
        0,
        0,
        0,
        0,
        0,
        0,
        0,
        0,
        0,
        0,
        0,
        0,
        0,
        0,
        0,
        0,
        0,
        0,
        0,
        0,
        0,
        0,
        0,
        0,
        0,
        0,
        0,
        0
    ],
    "recent_steps": [
        79,
        81,
        84,
        112,
        113,
        135,
        64,
        140,
        147,
        118,
        49,
        84,
        121,
        138,
        116,
        120,
        148,
        26,
        99,
        92,
        104,
        122,
        100,
        49,
        58,
        106,
        94,
        178,
        147,
        115,
        100,
        156,
        122,
        114,
        149,
        118,
        35,
        127,
        50,
        192,
        186,
        130,
        90,
        88,
        178,
        185,
        184,
        91,
        47,
        83,
        116,
        58,
        15,
        114,
        24,
        125,
        109,
        77,
        67,
        92,
        154,
        26,
        60,
        71,
        123,
        72,
        118,
        265,
        101,
        116,
        92,
        68,
        128,
        133,
        59,
        178,
        67,
        164,
        40,
        94,
        110,
        122,
        153,
        122,
        21,
        99,
        212,
        57,
        89,
        132,
        110,
        164,
        119,
        128,
        166,
        106,
        360,
        89,
        125,
        162
    ],
    "params": {
        "max_episodes": 2000,
        "max_steps": 400,
        "batch_size": 64,
        "learning_rate": 5e-05,
        "gamma": 0.99,
        "initial_epsilon": 1.0,
        "epsilon_decay": 0.995,
        "min_epsilon": 0.05,
        "memory_size": 100000,
        "target_update_freq": 10,
        "checkpoint_freq": 100,
        "resource_monitor_freq": 10
    },
    "resource_summary": "Training Time: 6:20:02\nAvg CPU Usage: 43.4%\nAvg Memory Usage: 5.6%\nAvg GPU Usage: 1.8%\nAvg GPU Memory: 98.6MB"
}