{
    "episode": 1200,
    "best_reward": 13273.619611589216,
    "best_success_rate": 1.0,
    "recent_rewards": [
        6567.192219010372,
        2215.852265421329,
        5324.535539171734,
        5491.147337236999,
        8736.839100526347,
        7630.9332329977615,
        9593.445433355595,
        2196.6515722878758,
        5980.278717642377,
        2177.8759979872298,
        7113.1951081222915,
        10071.533671890731,
        8671.630455895569,
        10233.324610227912,
        10002.805055701909,
        5479.332743774276,
        5267.563213991706,
        6004.9447673145205,
        7785.622707418177,
        8844.836169054623,
        7453.3398302976075,
        7624.342298395761,
        6559.19189493444,
        1525.8292019277085,
        7306.645179742612,
        10534.179482661038,
        5461.414663256552,
        6178.563002578707,
        9255.494898222012,
        599.771732970413,
        8362.413963441595,
        5162.650939455735,
        8222.692376306257,
        7603.646009339047,
        5116.935303086188,
        7510.777497861023,
        1889.0466046561012,
        7783.248906929437,
        7681.381659167244,
        9439.247421910954,
        5198.610247437122,
        7438.459267772232,
        1818.7049013520373,
        8374.419435252326,
        7361.851114098559,
        6321.360731545017,
        9309.06581194526,
        6111.524042200179,
        1692.2759338990609,
        9669.035209568483,
        5662.4903570821625,
        9247.369442262665,
        7829.63452021753,
        12216.663359350376,
        7563.4692722345735,
        10209.911674917428,
        7617.238510425005,
        6596.356603242486,
        6933.8081198093405,
        2228.6258277649395,
        1878.662664060119,
        6453.6494134664545,
        8392.046889220604,
        8358.344182143817,
        1183.2953992733683,
        5399.627492931906,
        9585.086335444264,
        9421.056454537062,
        7665.454678607901,
        5895.582798553049,
        7995.977160287812,
        9583.76978914112,
        6733.876993285925,
        6998.312146065082,
        1071.2530636790843,
        9949.092849066954,
        9549.225116939007,
        8506.793256702045,
        8257.790370106666,
        7385.62568217703,
        6187.166363396677,
        3019.020779064518,
        1300.972757803078,
        1165.9591803614867,
        11049.668009125153,
        7396.287161573016,
        7673.528023377279,
        5763.84850226438,
        6961.219976156475,
        5266.856289860316,
        8164.806819034775,
        9936.573199270546,
        9495.924940000692,
        6738.734865892071,
        8280.211451833795,
        5745.639430593197,
        2289.817506661325,
        7692.1938701703775,
        8643.69452236411,
        8349.596443981198
    ],
    "recent_successes": [
        1,
        1,
        1,
        1,
        1,
        1,
        1,
        1,
        1,
        1,
        1,
        1,
        1,
        1,
        1,
        1,
        1,
        1,
        1,
        1,
        1,
        1,
        1,
        1,
        1,
        1,
        1,
        1,
        1,
        1,
        1,
        1,
        1,
        1,
        1,
        1,
        0,
        1,
        1,
        1,
        1,
        1,
        0,
        1,
        1,
        1,
        1,
        1,
        1,
        1,
        1,
        1,
        1,
        1,
        1,
        1,
        1,
        1,
        1,
        0,
        1,
        1,
        1,
        1,
        1,
        1,
        1,
        1,
        1,
        1,
        1,
        1,
        1,
        1,
        1,
        1,
        1,
        1,
        1,
        1,
        1,
        1,
        1,
        1,
        1,
        1,
        1,
        1,
        1,
        1,
        1,
        1,
        1,
        1,
        1,
        1,
        0,
        1,
        1,
        1
    ],
    "recent_collisions": [
        0,
        0,
        0,
        0,
        0,
        0,
        0,
        0,
        0,
        0,
        0,
        0,
        0,
        0,
        0,
        0,
        0,
        0,
        0,
        0,
        0,
        0,
        0,
        0,
        0,
        0,
        0,
        0,
        0,
        0,
        0,
        0,
        0,
        0,
        0,
        0,
        1,
        0,
        0,
        0,
        0,
        0,
        1,
        0,
        0,
        0,
        0,
        0,
        0,
        0,
        0,
        0,
        0,
        0,
        0,
        0,
        0,
        0,
        0,
        1,
        0,
        0,
        0,
        0,
        0,
        0,
        0,
        0,
        0,
        0,
        0,
        0,
        0,
        0,
        0,
        0,
        0,
        0,
        0,
        0,
        0,
        0,
        0,
        0,
        0,
        0,
        0,
        0,
        0,
        0,
        0,
        0,
        0,
        0,
        0,
        0,
        1,
        0,
        0,
        0
    ],
    "recent_steps": [
        137,
        22,
        69,
        73,
        136,
        110,
        140,
        27,
        83,
        20,
        98,
        157,
        160,
        154,
        168,
        108,
        81,
        83,
        125,
        110,
        112,
        115,
        147,
        11,
        143,
        142,
        90,
        114,
        147,
        1,
        128,
        69,
        143,
        95,
        70,
        112,
        213,
        150,
        154,
        147,
        79,
        105,
        232,
        122,
        121,
        92,
        129,
        106,
        11,
        272,
        74,
        161,
        119,
        192,
        118,
        155,
        103,
        95,
        101,
        209,
        31,
        72,
        114,
        189,
        1,
        82,
        138,
        167,
        124,
        68,
        148,
        138,
        100,
        110,
        1,
        138,
        159,
        129,
        120,
        99,
        75,
        45,
        13,
        26,
        175,
        121,
        148,
        99,
        97,
        75,
        153,
        150,
        159,
        100,
        104,
        93,
        221,
        87,
        157,
        118
    ],
    "params": {
        "max_episodes": 2000,
        "max_steps": 400,
        "batch_size": 64,
        "learning_rate": 5e-05,
        "gamma": 0.99,
        "initial_epsilon": 1.0,
        "epsilon_decay": 0.995,
        "min_epsilon": 0.05,
        "memory_size": 100000,
        "target_update_freq": 10,
        "checkpoint_freq": 100,
        "resource_monitor_freq": 10
    },
    "resource_summary": "Training Time: 6:50:36\nAvg CPU Usage: 43.4%\nAvg Memory Usage: 5.6%\nAvg GPU Usage: 1.8%\nAvg GPU Memory: 98.6MB"
}