{
    "episode": 100,
    "best_reward": 12879.460365883191,
    "best_success_rate": 0.85,
    "recent_rewards": [
        1069.9946629507047,
        -120.54556034922172,
        1682.7179235113545,
        4523.424113399779,
        2714.27427306158,
        2509.639405133599,
        3005.666313358427,
        1406.5497334748845,
        -647.1890048584057,
        2813.5648702222707,
        3294.9995765662266,
        -385.82187823978404,
        1.0852492464165948,
        -321.3969452198641,
        -114.12099717032747,
        342.13395338590107,
        -531.2842221054804,
        172.10307092202828,
        4119.143002004436,
        204.66966540060113,
        -270.7605638548804,
        449.8066506696023,
        -346.3400514030684,
        3741.8906783942075,
        4485.922793458555,
        621.8900172620815,
        84.37441783412083,
        -118.66779467549694,
        1281.5584469654834,
        -297.0444450142252,
        6697.823753798204,
        2285.5207803541994,
        9509.960832390443,
        406.957950900324,
        6986.271916117124,
        6320.493990848756,
        8851.550862179734,
        9908.9572213785,
        7309.14178116075,
        6859.1745651621295,
        9013.032962688978,
        147.35736904538754,
        7783.46836409762,
        12879.460365883191,
        9118.02079650775,
        353.44513064659054,
        -5.673834981884795,
        7543.219928801964,
        3640.8095694025956,
        11498.06727834793,
        7811.173481105707,
        3459.2132511819464,
        8844.461936467073,
        9962.44693612895,
        10416.069778675956,
        1546.0932231051265,
        838.6783812999042,
        3608.4612169762568,
        548.9739021759103,
        6990.021698849749,
        800.7562683264707,
        7338.759791926233,
        8984.529029530344,
        191.80146277189903,
        324.6342388415332,
        678.7040284221414,
        7177.2804670053265,
        1155.2287203720769,
        604.231503967628,
        755.4185007898327,
        644.6183628477013,
        8611.220230460101,
        784.6659753484593,
        925.1740891823675,
        5725.709974472855,
        911.8055317700114,
        776.2309476784785,
        1251.782908896346,
        930.8744638201682,
        6071.115943476846,
        1150.721251570994,
        4591.89139267566,
        9402.669243708295,
        9299.443230261419,
        1308.82031084811,
        1064.419168810275,
        489.7372970046794,
        648.6282326070586,
        849.5960964110795,
        1052.2419688541356,
        707.2487388908245,
        8711.46869397694,
        720.5318526893734,
        8671.149879870036,
        642.8836114895937,
        5372.4386159581445,
        8836.99244366793,
        1110.6597503015948,
        3581.6025781368467,
        616.1766688110793
    ],
    "recent_successes": [
        0,
        0,
        1,
        0,
        0,
        0,
        0,
        0,
        0,
        0,
        0,
        0,
        0,
        0,
        0,
        0,
        0,
        0,
        0,
        0,
        0,
        0,
        0,
        0,
        0,
        0,
        0,
        0,
        0,
        0,
        1,
        1,
        1,
        0,
        1,
        1,
        1,
        1,
        1,
        1,
        1,
        0,
        1,
        1,
        1,
        0,
        0,
        1,
        1,
        1,
        1,
        1,
        1,
        1,
        1,
        1,
        0,
        1,
        0,
        1,
        0,
        1,
        1,
        0,
        0,
        0,
        1,
        0,
        0,
        0,
        0,
        1,
        0,
        0,
        1,
        0,
        0,
        0,
        0,
        1,
        0,
        1,
        1,
        1,
        0,
        0,
        0,
        0,
        0,
        0,
        0,
        1,
        0,
        1,
        0,
        1,
        1,
        0,
        1,
        0
    ],
    "recent_collisions": [
        1,
        1,
        0,
        0,
        0,
        0,
        0,
        0,
        1,
        1,
        0,
        1,
        1,
        1,
        1,
        1,
        1,
        1,
        0,
        1,
        1,
        1,
        1,
        0,
        0,
        1,
        1,
        1,
        0,
        1,
        0,
        0,
        0,
        1,
        0,
        0,
        0,
        0,
        0,
        0,
        0,
        1,
        0,
        0,
        0,
        1,
        1,
        0,
        0,
        0,
        0,
        0,
        0,
        0,
        0,
        0,
        1,
        0,
        1,
        0,
        1,
        0,
        0,
        1,
        1,
        1,
        0,
        1,
        1,
        1,
        1,
        0,
        1,
        1,
        0,
        1,
        1,
        1,
        1,
        0,
        1,
        0,
        0,
        0,
        1,
        1,
        1,
        1,
        1,
        1,
        1,
        0,
        1,
        0,
        1,
        0,
        0,
        1,
        0,
        1
    ],
    "recent_steps": [
        240,
        197,
        16,
        400,
        400,
        400,
        400,
        400,
        146,
        358,
        400,
        55,
        72,
        56,
        56,
        80,
        54,
        94,
        400,
        58,
        64,
        96,
        55,
        400,
        400,
        335,
        95,
        72,
        400,
        280,
        280,
        106,
        273,
        291,
        195,
        192,
        253,
        260,
        208,
        205,
        211,
        67,
        187,
        261,
        178,
        75,
        79,
        200,
        80,
        235,
        150,
        88,
        166,
        189,
        188,
        18,
        71,
        67,
        73,
        135,
        100,
        136,
        337,
        89,
        75,
        88,
        140,
        74,
        72,
        89,
        85,
        150,
        69,
        88,
        191,
        83,
        65,
        82,
        90,
        106,
        99,
        94,
        240,
        157,
        75,
        97,
        68,
        71,
        96,
        86,
        77,
        147,
        76,
        213,
        75,
        108,
        187,
        70,
        70,
        76
    ],
    "params": {
        "max_episodes": 2000,
        "max_steps": 400,
        "batch_size": 64,
        "learning_rate": 5e-05,
        "gamma": 0.99,
        "initial_epsilon": 1.0,
        "epsilon_decay": 0.995,
        "min_epsilon": 0.05,
        "memory_size": 100000,
        "target_update_freq": 10,
        "checkpoint_freq": 100,
        "resource_monitor_freq": 10
    },
    "resource_summary": "Training Time: 0:41:38\nAvg CPU Usage: 43.1%\nAvg Memory Usage: 5.3%\nAvg GPU Usage: 1.8%\nAvg GPU Memory: 94.6MB"
}