{
    "episode": 200,
    "best_reward": 12879.460365883191,
    "best_success_rate": 0.85,
    "recent_rewards": [
        477.29602759493037,
        9537.06420794577,
        2216.315991992274,
        517.1425446997114,
        3434.3921154228688,
        988.2061476129857,
        5277.82283577309,
        5284.473766377481,
        1175.6966950540348,
        218.63840378150923,
        2808.979759028333,
        571.5267794075346,
        4098.128160854903,
        1016.8984771778331,
        2642.003230782175,
        1224.018750627343,
        1284.7006347436554,
        1357.4537974682655,
        4864.025922678351,
        4005.9782094582442,
        597.5935125239469,
        7501.310760808763,
        1330.554130409462,
        7784.116243329427,
        5810.929827561731,
        873.1444187182141,
        1224.046417768168,
        6640.259519388785,
        897.8204567374735,
        1032.098781975827,
        3500.3135341487036,
        7280.078144956721,
        9127.765373612685,
        2968.4285636321392,
        9905.083636782903,
        8700.262423966928,
        865.5711958027202,
        6486.313858900228,
        9225.282554189316,
        1218.0381407546845,
        1384.6158490005175,
        5575.900031049057,
        914.3375943025692,
        4838.273575545307,
        1068.2668188013724,
        8702.713129108346,
        6841.336748942564,
        4960.483067040841,
        8718.876422930869,
        7827.341187533689,
        1220.3079948940572,
        6081.359855641401,
        1045.6115455267413,
        1262.498318005557,
        8344.129175958773,
        9431.819832663343,
        1597.6477642973985,
        8451.194769837046,
        1427.3587904635815,
        7372.354378343736,
        9768.131283656463,
        865.593510235268,
        813.2813059832665,
        7455.361328941035,
        5921.806662613326,
        1272.0277565142685,
        8254.34585962295,
        7623.245384869699,
        5137.724445887287,
        819.8284553295675,
        3393.112392790058,
        2461.7018699856208,
        800.3104404250514,
        6572.7321592260105,
        713.8967846797375,
        6336.9350858381995,
        7561.057642046632,
        889.1881993385309,
        1644.9466530596453,
        4893.607760452408,
        6509.955520378797,
        1279.895494348014,
        2381.0096046709928,
        3159.9893841513313,
        6157.110246685615,
        2132.024246452491,
        6387.5193277420885,
        1267.4407019604787,
        820.7116670283411,
        7561.385930230144,
        635.7687102846375,
        4534.861602224008,
        1467.6271115098239,
        5212.406157092532,
        6326.777338359787,
        4946.7951971923285,
        658.5311121373909,
        544.9370305568875,
        2495.0606401938776,
        6240.848148040524
    ],
    "recent_successes": [
        0,
        1,
        1,
        0,
        1,
        0,
        1,
        1,
        0,
        0,
        1,
        0,
        1,
        0,
        1,
        0,
        0,
        0,
        1,
        1,
        0,
        1,
        0,
        1,
        1,
        0,
        1,
        1,
        0,
        0,
        1,
        1,
        1,
        1,
        1,
        1,
        0,
        1,
        1,
        0,
        0,
        1,
        0,
        1,
        0,
        1,
        1,
        1,
        1,
        1,
        0,
        1,
        1,
        0,
        1,
        1,
        0,
        1,
        0,
        1,
        1,
        0,
        0,
        1,
        1,
        0,
        1,
        1,
        1,
        0,
        1,
        1,
        0,
        1,
        0,
        1,
        1,
        0,
        0,
        1,
        1,
        0,
        1,
        1,
        1,
        1,
        1,
        0,
        0,
        1,
        0,
        1,
        0,
        1,
        1,
        1,
        0,
        0,
        1,
        1
    ],
    "recent_collisions": [
        1,
        0,
        0,
        1,
        0,
        1,
        0,
        0,
        1,
        1,
        0,
        1,
        0,
        1,
        0,
        1,
        1,
        1,
        0,
        0,
        1,
        0,
        1,
        0,
        0,
        1,
        0,
        0,
        1,
        1,
        0,
        0,
        0,
        0,
        0,
        0,
        1,
        0,
        0,
        1,
        1,
        0,
        1,
        0,
        1,
        0,
        0,
        0,
        0,
        0,
        1,
        0,
        0,
        1,
        0,
        0,
        1,
        0,
        1,
        0,
        0,
        1,
        1,
        0,
        0,
        1,
        0,
        0,
        0,
        1,
        0,
        0,
        1,
        0,
        1,
        0,
        0,
        1,
        1,
        0,
        0,
        1,
        0,
        0,
        0,
        0,
        0,
        1,
        1,
        0,
        1,
        0,
        1,
        0,
        0,
        0,
        1,
        1,
        0,
        0
    ],
    "recent_steps": [
        73,
        155,
        28,
        66,
        61,
        95,
        99,
        75,
        79,
        60,
        54,
        70,
        54,
        85,
        51,
        96,
        89,
        97,
        97,
        50,
        71,
        177,
        99,
        165,
        96,
        81,
        5,
        139,
        82,
        64,
        65,
        121,
        146,
        58,
        201,
        175,
        83,
        131,
        166,
        77,
        78,
        87,
        75,
        77,
        79,
        183,
        128,
        89,
        156,
        116,
        90,
        94,
        1,
        72,
        122,
        140,
        78,
        155,
        94,
        119,
        158,
        83,
        72,
        118,
        89,
        76,
        116,
        111,
        79,
        72,
        47,
        33,
        65,
        138,
        78,
        102,
        113,
        83,
        91,
        92,
        93,
        99,
        39,
        44,
        99,
        43,
        128,
        85,
        69,
        137,
        66,
        92,
        90,
        74,
        128,
        105,
        79,
        65,
        30,
        113
    ],
    "params": {
        "max_episodes": 2000,
        "max_steps": 400,
        "batch_size": 64,
        "learning_rate": 5e-05,
        "gamma": 0.99,
        "initial_epsilon": 1.0,
        "epsilon_decay": 0.995,
        "min_epsilon": 0.05,
        "memory_size": 100000,
        "target_update_freq": 10,
        "checkpoint_freq": 100,
        "resource_monitor_freq": 10
    },
    "resource_summary": "Training Time: 1:06:00\nAvg CPU Usage: 43.2%\nAvg Memory Usage: 5.4%\nAvg GPU Usage: 1.8%\nAvg GPU Memory: 96.7MB"
}