{
    "episode": 500,
    "best_reward": 13273.619611589216,
    "best_success_rate": 1.0,
    "recent_rewards": [
        8129.043197698642,
        3887.064712073352,
        5346.7522839712565,
        11653.187740875128,
        8966.596406159804,
        1845.233458226113,
        6243.184173646753,
        7032.70757224501,
        8675.561631682871,
        6483.645229866726,
        7351.071479666576,
        3033.897518017401,
        1957.368727511207,
        5679.540811016819,
        5441.966553593319,
        7688.877646303474,
        7447.81830497854,
        6185.224158450053,
        7449.356184655259,
        4693.373736249666,
        860.2717637561786,
        2799.8751168293006,
        10483.251840604855,
        8039.738071471198,
        6430.339518746787,
        9268.932650467992,
        3147.9325482022714,
        6611.6714491586745,
        3749.0790664435126,
        5292.927179911048,
        8777.713449862584,
        11652.032850823867,
        3244.9003932287173,
        5818.232325878514,
        10774.953255454211,
        4002.90599653921,
        8881.722885135687,
        7331.363310775123,
        3215.6080881942444,
        7575.545169312677,
        5891.623395108058,
        5086.93449351452,
        6396.290492587106,
        4009.849411358792,
        8377.871401782251,
        8214.72136826375,
        6943.069326141991,
        7971.711818171389,
        1500.0223594279973,
        7647.041828548141,
        5965.900869119798,
        6068.075022876368,
        8216.389736101464,
        4496.541042137736,
        8126.355944622719,
        5996.0959689546235,
        8143.2074988490895,
        5216.295329335472,
        5434.556135636449,
        8965.29752363,
        8422.878380438173,
        7234.5905111449765,
        11721.816281593254,
        1675.1894817087928,
        5142.538804395897,
        7553.438167256326,
        7931.708891682587,
        8546.73419291096,
        5379.369472751292,
        6860.705316792852,
        4429.980323209462,
        683.9167399798079,
        7010.729833383915,
        2961.467691307403,
        8594.83720819399,
        7520.0167009593915,
        1683.6649345518676,
        6194.362650427498,
        8542.738769304826,
        8423.011750356578,
        4914.626565953583,
        6299.58049221649,
        9644.359294015525,
        4410.715895954532,
        6969.448680930036,
        4921.246639291199,
        4003.974492146138,
        10762.574394763406,
        2375.9528584026157,
        8268.703715325455,
        7478.93108452146,
        4344.801229855095,
        4978.0129450421355,
        10747.384908217897,
        10698.824519457943,
        2922.49910812274,
        5314.432866341638,
        7433.0372587455595,
        3048.436444084956,
        8037.267595623542
    ],
    "recent_successes": [
        1,
        1,
        1,
        1,
        1,
        1,
        1,
        1,
        1,
        1,
        1,
        1,
        1,
        1,
        1,
        1,
        1,
        1,
        1,
        1,
        0,
        1,
        1,
        1,
        1,
        1,
        1,
        1,
        1,
        1,
        1,
        1,
        1,
        1,
        1,
        1,
        1,
        1,
        1,
        1,
        1,
        1,
        1,
        1,
        1,
        1,
        1,
        1,
        1,
        1,
        1,
        1,
        1,
        1,
        1,
        1,
        1,
        1,
        0,
        1,
        1,
        1,
        1,
        1,
        1,
        1,
        1,
        1,
        1,
        1,
        1,
        0,
        1,
        1,
        1,
        1,
        0,
        1,
        1,
        1,
        1,
        1,
        1,
        1,
        1,
        1,
        1,
        1,
        1,
        1,
        1,
        1,
        1,
        1,
        1,
        1,
        1,
        1,
        1,
        1
    ],
    "recent_collisions": [
        0,
        0,
        0,
        0,
        0,
        0,
        0,
        0,
        0,
        0,
        0,
        0,
        0,
        0,
        0,
        0,
        0,
        0,
        0,
        0,
        1,
        0,
        0,
        0,
        0,
        0,
        0,
        0,
        0,
        0,
        0,
        0,
        0,
        0,
        0,
        0,
        0,
        0,
        0,
        0,
        0,
        0,
        0,
        0,
        0,
        0,
        0,
        0,
        0,
        0,
        0,
        0,
        0,
        0,
        0,
        0,
        0,
        0,
        0,
        0,
        0,
        0,
        0,
        0,
        0,
        0,
        0,
        0,
        0,
        0,
        0,
        1,
        0,
        0,
        0,
        0,
        1,
        0,
        0,
        0,
        0,
        0,
        0,
        0,
        0,
        0,
        0,
        0,
        0,
        0,
        0,
        0,
        0,
        0,
        0,
        0,
        0,
        0,
        0,
        0
    ],
    "recent_steps": [
        154,
        92,
        113,
        343,
        168,
        30,
        142,
        122,
        246,
        123,
        136,
        54,
        29,
        104,
        112,
        140,
        147,
        109,
        184,
        103,
        75,
        50,
        291,
        140,
        143,
        256,
        65,
        125,
        84,
        105,
        169,
        282,
        67,
        168,
        262,
        76,
        160,
        140,
        63,
        137,
        147,
        74,
        107,
        74,
        268,
        206,
        135,
        168,
        22,
        182,
        124,
        110,
        151,
        97,
        135,
        126,
        111,
        98,
        400,
        182,
        144,
        131,
        242,
        16,
        136,
        145,
        153,
        150,
        107,
        113,
        81,
        214,
        117,
        48,
        190,
        158,
        208,
        165,
        135,
        272,
        111,
        109,
        296,
        72,
        121,
        164,
        60,
        325,
        36,
        168,
        136,
        62,
        159,
        239,
        263,
        42,
        100,
        153,
        49,
        259
    ],
    "params": {
        "max_episodes": 2000,
        "max_steps": 400,
        "batch_size": 64,
        "learning_rate": 5e-05,
        "gamma": 0.99,
        "initial_epsilon": 1.0,
        "epsilon_decay": 0.995,
        "min_epsilon": 0.05,
        "memory_size": 100000,
        "target_update_freq": 10,
        "checkpoint_freq": 100,
        "resource_monitor_freq": 10
    },
    "resource_summary": "Training Time: 2:51:21\nAvg CPU Usage: 43.5%\nAvg Memory Usage: 5.5%\nAvg GPU Usage: 1.9%\nAvg GPU Memory: 98.1MB"
}