{
    "episode": 700,
    "best_reward": 13273.619611589216,
    "best_success_rate": 1.0,
    "recent_rewards": [
        8625.199656683064,
        1209.0597312726686,
        9711.366454119874,
        10639.288237408751,
        7253.087869415807,
        7785.643105839923,
        11185.115117756017,
        6550.6235974745,
        8108.6209474329025,
        7061.701741037835,
        6246.456564334179,
        5034.649593957557,
        5357.886398285577,
        5850.662986554955,
        5874.534422545779,
        2567.789848762839,
        3135.405168498861,
        1356.2263365723675,
        1178.1559320108775,
        9222.783075507905,
        2203.598180103704,
        5512.68925433072,
        5095.054070493961,
        10096.124323549331,
        7301.996384825327,
        7405.011928185723,
        4443.133988138324,
        1198.8916940448473,
        5088.9969668010735,
        6883.136804847443,
        9379.666392621984,
        6603.113106095618,
        923.6248214802503,
        9752.810099634891,
        9413.916945369212,
        5156.433319374869,
        9967.363348283005,
        4937.378011937101,
        4283.21487471021,
        10117.835312314648,
        8289.244815937185,
        2725.9394554172886,
        6850.394226529918,
        10937.627416754369,
        6564.7009540815725,
        7759.072118095272,
        1101.8817977400781,
        4806.7847270945085,
        11916.493043889015,
        4614.87523556713,
        2761.5946215699055,
        11738.59894599998,
        7921.684208256975,
        9401.35178035541,
        6274.193571623793,
        8500.854650870242,
        6159.257781499899,
        8711.305255765159,
        7840.912716828121,
        2737.8524968668403,
        7922.9901116229785,
        9491.217889069874,
        6208.40381697743,
        9482.622034269702,
        11211.344010443267,
        2777.621475484726,
        8720.429788943107,
        6907.1895065008275,
        8893.92090010024,
        12607.637008196536,
        8791.178290247986,
        2881.916740355589,
        2635.197299208986,
        9646.181967592618,
        7909.340230854668,
        6838.507760305203,
        5564.4844312594605,
        6240.470252096209,
        5911.609750169751,
        3203.8135694145067,
        6690.137644235899,
        1833.428934323697,
        11484.40625838711,
        7425.758862395396,
        9598.293788042003,
        10333.311599786675,
        7910.482394400272,
        6468.911487127652,
        7459.7119707366965,
        7607.354247433666,
        9711.126422926789,
        7257.940456633945,
        4020.9192910137535,
        7232.796914624552,
        4374.9130829049745,
        7745.258056553375,
        9229.37413501872,
        5239.005567700792,
        11097.363869848035,
        8978.535182751417
    ],
    "recent_successes": [
        1,
        1,
        1,
        1,
        1,
        1,
        1,
        1,
        1,
        1,
        1,
        1,
        1,
        1,
        1,
        1,
        1,
        1,
        1,
        1,
        1,
        1,
        1,
        1,
        1,
        1,
        1,
        1,
        1,
        1,
        1,
        1,
        1,
        1,
        1,
        1,
        1,
        1,
        1,
        1,
        1,
        1,
        1,
        1,
        1,
        1,
        1,
        1,
        1,
        1,
        1,
        1,
        1,
        1,
        1,
        1,
        1,
        1,
        1,
        1,
        1,
        1,
        1,
        1,
        1,
        1,
        1,
        1,
        1,
        1,
        1,
        1,
        1,
        1,
        1,
        1,
        1,
        1,
        1,
        1,
        1,
        1,
        1,
        1,
        1,
        1,
        1,
        1,
        1,
        1,
        1,
        1,
        1,
        1,
        1,
        1,
        1,
        1,
        1,
        1
    ],
    "recent_collisions": [
        0,
        0,
        0,
        0,
        0,
        0,
        0,
        0,
        0,
        0,
        0,
        0,
        0,
        0,
        0,
        0,
        0,
        0,
        0,
        0,
        0,
        0,
        0,
        0,
        0,
        0,
        0,
        0,
        0,
        0,
        0,
        0,
        0,
        0,
        0,
        0,
        0,
        0,
        0,
        0,
        0,
        0,
        0,
        0,
        0,
        0,
        0,
        0,
        0,
        0,
        0,
        0,
        0,
        0,
        0,
        0,
        0,
        0,
        0,
        0,
        0,
        0,
        0,
        0,
        0,
        0,
        0,
        0,
        0,
        0,
        0,
        0,
        0,
        0,
        0,
        0,
        0,
        0,
        0,
        0,
        0,
        0,
        0,
        0,
        0,
        0,
        0,
        0,
        0,
        0,
        0,
        0,
        0,
        0,
        0,
        0,
        0,
        0,
        0,
        0
    ],
    "recent_steps": [
        154,
        6,
        162,
        226,
        142,
        124,
        240,
        103,
        148,
        152,
        114,
        93,
        123,
        142,
        98,
        48,
        72,
        17,
        13,
        232,
        48,
        133,
        115,
        199,
        142,
        140,
        81,
        27,
        141,
        139,
        163,
        147,
        1,
        322,
        141,
        104,
        313,
        129,
        71,
        220,
        193,
        45,
        141,
        318,
        106,
        133,
        1,
        86,
        347,
        65,
        60,
        313,
        179,
        145,
        129,
        144,
        116,
        133,
        125,
        37,
        143,
        158,
        134,
        149,
        246,
        73,
        158,
        123,
        168,
        353,
        145,
        51,
        35,
        169,
        133,
        132,
        104,
        104,
        153,
        48,
        107,
        25,
        302,
        123,
        188,
        234,
        176,
        120,
        132,
        162,
        234,
        123,
        65,
        159,
        86,
        125,
        240,
        90,
        267,
        119
    ],
    "params": {
        "max_episodes": 2000,
        "max_steps": 400,
        "batch_size": 64,
        "learning_rate": 5e-05,
        "gamma": 0.99,
        "initial_epsilon": 1.0,
        "epsilon_decay": 0.995,
        "min_epsilon": 0.05,
        "memory_size": 100000,
        "target_update_freq": 10,
        "checkpoint_freq": 100,
        "resource_monitor_freq": 10
    },
    "resource_summary": "Training Time: 4:09:49\nAvg CPU Usage: 43.5%\nAvg Memory Usage: 5.5%\nAvg GPU Usage: 1.8%\nAvg GPU Memory: 98.3MB"
}