{
    "episode": 300,
    "best_reward": 13273.619611589216,
    "best_success_rate": 1.0,
    "recent_rewards": [
        9840.541426631611,
        5465.193043306602,
        1090.3118523155792,
        9162.350632173226,
        7551.719188673312,
        9049.273845467374,
        1808.2509758097267,
        5768.931074650205,
        768.8471151579815,
        10974.86950278182,
        8435.129889927372,
        1686.6665143240973,
        10975.895556413612,
        7963.878671138538,
        402.74699419884996,
        9641.778896639185,
        7981.394618174247,
        8024.6899643750985,
        8135.487553453924,
        5856.0837965023275,
        9962.774837371204,
        10390.224692172542,
        2842.2696811247274,
        9696.486494026884,
        7640.993687641931,
        2002.6929302765898,
        7105.36187689486,
        6319.270090143346,
        3856.8983864748507,
        5471.45137688182,
        1302.166485882969,
        740.8926996044322,
        11429.374857417177,
        8774.305732518562,
        9552.794375628493,
        3446.7410484077936,
        1072.4759592192574,
        10845.088869095169,
        7359.657988625475,
        6090.5498038525275,
        5752.546966100879,
        2069.1901794600376,
        10343.594920347712,
        7279.991303579171,
        8392.537551907826,
        10156.9552189164,
        9107.480679203545,
        3287.9525087977645,
        1073.2059982320347,
        8117.165693534218,
        5090.947991948896,
        6558.83812336023,
        2402.282081317558,
        9778.498578042945,
        8864.135057820564,
        1744.5639281751496,
        3436.8873143231585,
        5954.692331254362,
        8069.681067013582,
        7794.3456695342475,
        7386.625991709607,
        5645.93243299966,
        2277.3731800227492,
        2728.382690275609,
        8340.934901731309,
        1279.725616595123,
        8833.229494312782,
        5966.964897559765,
        11108.612249850492,
        9027.853172314795,
        9603.631746397945,
        7014.489523598631,
        1482.2144780633776,
        8668.480173568558,
        1970.4041830202943,
        7271.002275811082,
        7993.5136365116805,
        5113.105476369151,
        6609.347422840333,
        13273.619611589216,
        7560.934327328383,
        1177.9680958021477,
        5699.286714825021,
        10471.555843578943,
        7058.075858754773,
        6926.910344876986,
        5577.273890021974,
        8817.318865314826,
        8022.992532223173,
        7882.705111476958,
        9035.493005894708,
        1008.4805974734087,
        5104.542943335612,
        11239.211384389544,
        2436.7694748167396,
        6096.841199659903,
        9678.144762028554,
        1225.9256703854235,
        1192.0023327871006,
        2287.9863471328563
    ],
    "recent_successes": [
        1,
        1,
        0,
        1,
        1,
        1,
        1,
        1,
        0,
        1,
        1,
        1,
        1,
        1,
        0,
        1,
        1,
        1,
        1,
        1,
        1,
        1,
        1,
        1,
        1,
        1,
        1,
        1,
        1,
        1,
        0,
        0,
        1,
        1,
        1,
        1,
        0,
        1,
        1,
        1,
        1,
        1,
        1,
        1,
        1,
        1,
        1,
        1,
        1,
        1,
        1,
        1,
        1,
        1,
        1,
        1,
        1,
        1,
        1,
        1,
        1,
        1,
        1,
        1,
        1,
        0,
        1,
        1,
        1,
        1,
        1,
        1,
        1,
        1,
        1,
        1,
        1,
        1,
        1,
        1,
        1,
        0,
        1,
        1,
        1,
        1,
        1,
        1,
        1,
        1,
        1,
        0,
        1,
        1,
        1,
        1,
        1,
        0,
        0,
        1
    ],
    "recent_collisions": [
        0,
        0,
        1,
        0,
        0,
        0,
        0,
        0,
        1,
        0,
        0,
        0,
        0,
        0,
        1,
        0,
        0,
        0,
        0,
        0,
        0,
        0,
        0,
        0,
        0,
        0,
        0,
        0,
        0,
        0,
        1,
        1,
        0,
        0,
        0,
        0,
        1,
        0,
        0,
        0,
        0,
        0,
        0,
        0,
        0,
        0,
        0,
        0,
        0,
        0,
        0,
        0,
        0,
        0,
        0,
        0,
        0,
        0,
        0,
        0,
        0,
        0,
        0,
        0,
        0,
        1,
        0,
        0,
        0,
        0,
        0,
        0,
        0,
        0,
        0,
        0,
        0,
        0,
        0,
        0,
        0,
        1,
        0,
        0,
        0,
        0,
        0,
        0,
        0,
        0,
        0,
        1,
        0,
        0,
        0,
        0,
        0,
        1,
        1,
        0
    ],
    "recent_steps": [
        159,
        94,
        97,
        171,
        149,
        158,
        24,
        84,
        79,
        193,
        134,
        18,
        270,
        142,
        92,
        144,
        132,
        145,
        129,
        120,
        282,
        232,
        36,
        167,
        145,
        21,
        107,
        113,
        62,
        107,
        70,
        61,
        267,
        203,
        185,
        67,
        82,
        236,
        146,
        92,
        109,
        24,
        291,
        121,
        133,
        219,
        150,
        55,
        1,
        152,
        101,
        121,
        33,
        201,
        164,
        31,
        53,
        92,
        157,
        123,
        124,
        95,
        33,
        41,
        160,
        79,
        133,
        121,
        319,
        146,
        205,
        142,
        11,
        157,
        22,
        155,
        163,
        91,
        145,
        335,
        131,
        80,
        116,
        230,
        108,
        141,
        110,
        148,
        137,
        134,
        165,
        67,
        111,
        295,
        37,
        121,
        252,
        86,
        71,
        34
    ],
    "params": {
        "max_episodes": 2000,
        "max_steps": 400,
        "batch_size": 64,
        "learning_rate": 5e-05,
        "gamma": 0.99,
        "initial_epsilon": 1.0,
        "epsilon_decay": 0.995,
        "min_epsilon": 0.05,
        "memory_size": 100000,
        "target_update_freq": 10,
        "checkpoint_freq": 100,
        "resource_monitor_freq": 10
    },
    "resource_summary": "Training Time: 1:39:55\nAvg CPU Usage: 43.2%\nAvg Memory Usage: 5.4%\nAvg GPU Usage: 1.9%\nAvg GPU Memory: 97.5MB"
}