{
    "episode": 200,
    "best_reward": 1531.935402663254,
    "best_success_rate": 0.95,
    "recent_rewards": [
        846.5446738944127,
        749.2967436845491,
        465.0053825076904,
        107.8992457895011,
        353.6183572428714,
        728.9848419049029,
        680.5155219997666,
        13.138609488833879,
        761.6084094766771,
        1213.8969011192366,
        98.85967839399873,
        386.7285807768029,
        142.08643314409727,
        97.47023636296436,
        755.5186705649237,
        1149.5374772605076,
        510.933992170525,
        68.4255461986377,
        794.5727710236365,
        550.6631700134005,
        744.3758518209515,
        119.33138036275051,
        480.92467615371936,
        736.7956294107996,
        232.89022410484557,
        34.37418784577963,
        14.875122128804918,
        633.1144760217411,
        1516.4492432040097,
        66.79416150117257,
        763.5356656394079,
        440.7700234526353,
        44.008364642151946,
        987.2039446614845,
        200.5241627126776,
        855.3655988827034,
        206.64260425065552,
        655.8354096930226,
        459.18007585743464,
        373.1723467871126,
        1124.8855047212562,
        364.306714750169,
        597.7546510194766,
        836.8930248264869,
        688.9031040321263,
        894.1963866887131,
        464.6869280240761,
        704.2998335448041,
        73.8093424074952,
        354.5182594759433,
        646.6816112068707,
        465.61473566418283,
        3.217042248099915,
        884.525719283625,
        741.714460735665,
        607.9191917699753,
        861.5390022511169,
        672.0892321466578,
        80.59164709176454,
        459.28300413428946,
        766.2039457848725,
        630.9868832442298,
        869.2472665198591,
        38.23924371047187,
        681.9694654401828,
        962.8316720965535,
        85.29065937379883,
        789.1182842140352,
        196.86513790164395,
        974.677607664133,
        817.0825596545247,
        674.3681282282139,
        730.4989064110196,
        803.8528134710764,
        1018.6806120630395,
        259.07825927119757,
        375.45588509402677,
        983.5546628319698,
        665.5909086460379,
        948.2927365556533,
        665.0618248719891,
        607.2870257062941,
        557.5423786971446,
        110.70195035514746,
        691.3166503493559,
        1255.1424495752349,
        911.8668496728671,
        466.56802550125644,
        955.867488500812,
        688.3610186005942,
        752.1477247338739,
        821.4850641957713,
        269.26965585365315,
        564.2010493854089,
        381.95426481034593,
        852.1107135228036,
        728.6162534310586,
        986.9118166799967,
        391.8009869819068,
        1210.0145906574169
    ],
    "recent_successes": [
        1,
        1,
        1,
        1,
        1,
        1,
        1,
        0,
        1,
        1,
        1,
        1,
        1,
        1,
        1,
        1,
        1,
        1,
        1,
        1,
        1,
        1,
        1,
        1,
        1,
        0,
        0,
        1,
        1,
        1,
        1,
        1,
        0,
        1,
        1,
        1,
        1,
        1,
        1,
        1,
        1,
        1,
        1,
        1,
        1,
        1,
        1,
        1,
        1,
        1,
        1,
        1,
        0,
        1,
        1,
        1,
        1,
        1,
        1,
        1,
        1,
        1,
        1,
        0,
        1,
        1,
        1,
        1,
        1,
        1,
        1,
        1,
        1,
        1,
        1,
        1,
        1,
        1,
        1,
        1,
        1,
        1,
        1,
        1,
        1,
        1,
        1,
        1,
        1,
        1,
        1,
        1,
        1,
        1,
        1,
        1,
        1,
        1,
        1,
        1
    ],
    "recent_collisions": [
        0,
        0,
        0,
        0,
        0,
        0,
        0,
        0,
        0,
        0,
        0,
        0,
        0,
        0,
        0,
        0,
        0,
        0,
        0,
        0,
        0,
        0,
        0,
        0,
        0,
        0,
        0,
        0,
        0,
        0,
        0,
        0,
        0,
        0,
        0,
        0,
        0,
        0,
        0,
        0,
        0,
        0,
        0,
        0,
        0,
        0,
        0,
        0,
        0,
        0,
        0,
        0,
        0,
        0,
        0,
        0,
        0,
        0,
        0,
        0,
        0,
        0,
        0,
        0,
        0,
        0,
        0,
        0,
        0,
        0,
        0,
        0,
        0,
        0,
        0,
        0,
        0,
        0,
        0,
        0,
        0,
        0,
        0,
        0,
        0,
        0,
        0,
        0,
        0,
        0,
        0,
        0,
        0,
        0,
        0,
        0,
        0,
        0,
        0,
        0
    ],
    "recent_steps": [
        190,
        118,
        34,
        68,
        149,
        130,
        161,
        51,
        113,
        500,
        72,
        269,
        115,
        70,
        140,
        298,
        210,
        62,
        185,
        86,
        113,
        122,
        66,
        119,
        103,
        100,
        51,
        97,
        452,
        64,
        113,
        35,
        50,
        229,
        88,
        212,
        78,
        95,
        51,
        135,
        245,
        38,
        101,
        195,
        172,
        181,
        38,
        100,
        68,
        167,
        87,
        45,
        73,
        195,
        140,
        73,
        161,
        110,
        69,
        40,
        125,
        110,
        167,
        72,
        144,
        183,
        82,
        143,
        88,
        225,
        153,
        93,
        133,
        197,
        252,
        117,
        176,
        218,
        280,
        240,
        91,
        95,
        73,
        69,
        97,
        335,
        180,
        52,
        208,
        109,
        147,
        138,
        111,
        68,
        9,
        161,
        115,
        206,
        28,
        310
    ],
    "params": {
        "max_episodes": 2500,
        "max_steps": 500,
        "batch_size": 64,
        "learning_rate": 5e-05,
        "gamma": 0.99,
        "initial_epsilon": 0.2,
        "epsilon_decay": 0.998,
        "min_epsilon": 0.02,
        "memory_size": 100000,
        "target_update_freq": 5
    }
}