{
    "episode": 2000,
    "best_reward": 1832.2590913355093,
    "best_success_rate": 1.0,
    "recent_rewards": [
        813.0287345426218,
        450.85072090177863,
        750.9392900361785,
        476.9459866956074,
        757.7148317130456,
        371.47382405924395,
        686.2181702744026,
        738.5438593809085,
        505.032611170701,
        634.2356696932554,
        281.5041485587214,
        775.3667657265134,
        726.8978500646294,
        583.5043789671455,
        465.66052508472455,
        580.0048338681579,
        597.0439003470676,
        707.1586068679392,
        670.1658437810171,
        638.7649695765322,
        617.6412328655168,
        377.01041357438413,
        638.6305111263503,
        737.7319515193388,
        496.6521128422347,
        723.0149179154357,
        38.52851634530242,
        644.7742447167042,
        142.2993197410886,
        793.4938347901319,
        138.30282075136859,
        645.1937962875242,
        646.498170542309,
        554.9747336273863,
        418.7442355015301,
        710.702057003707,
        762.0406899482117,
        786.6081753446409,
        680.7247382904319,
        693.492040814089,
        622.2606025305504,
        86.73078006717054,
        652.8565854053172,
        755.514741981185,
        518.9012800810312,
        444.82054672712667,
        757.4306874691472,
        868.86810302367,
        79.49133790231986,
        546.0328071095025,
        700.7183877038049,
        645.2217879466757,
        444.9303427358184,
        658.4020361168457,
        349.5,
        466.8092406939873,
        261.14101745966707,
        885.092889476701,
        764.085082241472,
        377.84141980471367,
        748.4044482308416,
        718.3774047197396,
        812.1284587554729,
        665.8371647393567,
        574.4949882715633,
        335.8852150517665,
        612.971347166599,
        601.5865989909996,
        468.7861401078821,
        675.9151702552551,
        70.62917349295219,
        592.4864654843719,
        89.214930304109,
        671.4184132615816,
        777.051939377559,
        764.6051868322821,
        768.021589240842,
        406.52970381656144,
        625.2706790158902,
        585.564602048664,
        758.8646459954202,
        771.0006757516642,
        699.0089090899291,
        583.7650367738831,
        645.157358093151,
        221.69418116213473,
        513.1549534902746,
        678.9154200304642,
        590.017786961567,
        620.4100218204139,
        692.0003873756701,
        672.0243313113593,
        156.86514908394696,
        646.3836374896166,
        651.791128278406,
        736.0961190103075,
        585.475514253149,
        94.8213625309568,
        744.9976860080649,
        738.5798848276322
    ],
    "recent_successes": [
        1,
        1,
        1,
        1,
        1,
        1,
        1,
        1,
        1,
        1,
        1,
        1,
        1,
        1,
        1,
        1,
        1,
        1,
        1,
        1,
        1,
        1,
        1,
        1,
        1,
        1,
        0,
        1,
        1,
        1,
        1,
        1,
        1,
        1,
        1,
        1,
        1,
        1,
        1,
        1,
        1,
        1,
        1,
        1,
        1,
        1,
        1,
        1,
        1,
        1,
        1,
        1,
        1,
        1,
        1,
        1,
        1,
        1,
        1,
        1,
        1,
        1,
        1,
        1,
        1,
        1,
        1,
        1,
        1,
        1,
        1,
        1,
        1,
        1,
        1,
        1,
        1,
        1,
        1,
        1,
        1,
        1,
        1,
        1,
        1,
        1,
        1,
        1,
        1,
        1,
        1,
        1,
        1,
        1,
        1,
        1,
        1,
        1,
        1,
        1
    ],
    "recent_collisions": [
        0,
        0,
        0,
        0,
        0,
        0,
        0,
        0,
        0,
        0,
        0,
        0,
        0,
        0,
        0,
        0,
        0,
        0,
        0,
        0,
        0,
        0,
        0,
        0,
        0,
        0,
        0,
        0,
        0,
        0,
        0,
        0,
        0,
        0,
        0,
        0,
        0,
        0,
        0,
        0,
        0,
        0,
        0,
        0,
        0,
        0,
        0,
        0,
        0,
        0,
        0,
        0,
        0,
        0,
        0,
        0,
        0,
        0,
        0,
        0,
        0,
        0,
        0,
        0,
        0,
        0,
        0,
        0,
        0,
        0,
        0,
        0,
        0,
        0,
        0,
        0,
        0,
        0,
        0,
        0,
        0,
        0,
        0,
        0,
        0,
        0,
        0,
        0,
        0,
        0,
        0,
        0,
        0,
        0,
        0,
        0,
        0,
        0,
        0,
        0
    ],
    "recent_steps": [
        190,
        32,
        112,
        52,
        124,
        153,
        86,
        139,
        47,
        71,
        95,
        113,
        108,
        91,
        48,
        71,
        75,
        114,
        103,
        86,
        78,
        28,
        106,
        145,
        58,
        103,
        54,
        88,
        74,
        169,
        98,
        87,
        81,
        90,
        27,
        119,
        135,
        134,
        102,
        110,
        80,
        69,
        91,
        133,
        57,
        36,
        124,
        176,
        64,
        67,
        105,
        185,
        31,
        104,
        1,
        48,
        138,
        225,
        158,
        6,
        117,
        104,
        146,
        97,
        80,
        142,
        77,
        92,
        48,
        86,
        67,
        77,
        67,
        99,
        132,
        137,
        128,
        28,
        83,
        88,
        115,
        177,
        101,
        70,
        86,
        76,
        53,
        110,
        74,
        71,
        101,
        100,
        81,
        87,
        89,
        133,
        86,
        65,
        119,
        143
    ],
    "params": {
        "max_episodes": 2500,
        "max_steps": 500,
        "batch_size": 64,
        "learning_rate": 5e-05,
        "gamma": 0.99,
        "initial_epsilon": 0.2,
        "epsilon_decay": 0.998,
        "min_epsilon": 0.02,
        "memory_size": 100000,
        "target_update_freq": 5
    }
}