{
    "episode": 100,
    "best_reward": 1531.935402663254,
    "best_success_rate": 0.9259259259259259,
    "recent_rewards": [
        823.5433652562904,
        318.9315015394112,
        525.1418249813605,
        -45.100403783458276,
        -96.89604731455813,
        124.74626585716476,
        155.2906338813304,
        108.90500300307369,
        952.2334977201951,
        211.12215475386608,
        159.00891698311602,
        455.2407343805372,
        268.42791358563693,
        54.16198590935091,
        101.25696945132461,
        649.8213685509022,
        396.81387134397215,
        94.84250095561006,
        137.35753968506145,
        513.3470051779559,
        73.83837133178841,
        1418.4541156026712,
        81.07613352836941,
        620.4197923179815,
        802.7738460049584,
        348.2254228294715,
        40.45091633222985,
        123.26141294530186,
        211.1987323421903,
        365.88933920945044,
        49.0831322731413,
        120.96050685107329,
        47.679642325029135,
        222.04391768902235,
        383.33957615106806,
        54.283620484248814,
        161.05721869578434,
        129.7364726375135,
        50.08727400064448,
        699.6274173001822,
        240.95778294898028,
        675.3990216317916,
        156.86293993085292,
        533.5559792612303,
        38.674381491956055,
        75.73908469279212,
        502.5212804237431,
        152.40439785701702,
        -3.531139714304345,
        1023.493214127702,
        927.4811339653993,
        150.17289190289102,
        1038.3416333912078,
        176.17449290512377,
        916.5859910260222,
        128.6919097478203,
        602.336470972363,
        787.0325459525368,
        37.410811824071345,
        854.8252053250778,
        307.6065993418107,
        798.1328485906622,
        93.28847097070084,
        1288.467495035266,
        975.1390344781023,
        543.7934974908749,
        341.06119158585153,
        573.7982830992675,
        640.2261101436939,
        1531.935402663254,
        551.1867840373363,
        57.0041099106688,
        436.9417517443269,
        202.48693315679995,
        829.4633706454069,
        152.34400796048027,
        88.16840632268224,
        742.4337753986267,
        191.2525963119064,
        873.6576474698672,
        625.665343788665,
        817.6893943041125,
        330.40565883166056,
        77.1944648368769,
        485.591864725438,
        245.28532702856762,
        671.6116619440302,
        480.9857064076426,
        1011.8106775839876,
        349.5,
        770.3200591367814,
        770.8082326854884,
        1079.8709941284196,
        316.78833479474395,
        604.0827806481674,
        485.43027613251525,
        235.61029831339889,
        118.05149981661933,
        942.4190675357223,
        759.8143424018991
    ],
    "recent_successes": [
        1,
        1,
        1,
        0,
        0,
        1,
        1,
        1,
        1,
        1,
        1,
        1,
        1,
        1,
        1,
        1,
        1,
        1,
        1,
        1,
        1,
        1,
        1,
        1,
        1,
        1,
        0,
        1,
        1,
        1,
        0,
        1,
        0,
        1,
        1,
        1,
        1,
        1,
        1,
        1,
        1,
        1,
        1,
        1,
        0,
        1,
        1,
        1,
        0,
        1,
        1,
        1,
        1,
        1,
        1,
        1,
        1,
        1,
        0,
        1,
        1,
        1,
        1,
        1,
        1,
        1,
        1,
        1,
        1,
        1,
        1,
        1,
        1,
        1,
        1,
        1,
        1,
        1,
        1,
        1,
        1,
        1,
        1,
        1,
        1,
        1,
        1,
        1,
        1,
        1,
        1,
        1,
        1,
        1,
        1,
        1,
        1,
        1,
        1,
        1
    ],
    "recent_collisions": [
        0,
        0,
        0,
        0,
        1,
        0,
        0,
        0,
        0,
        0,
        0,
        0,
        0,
        0,
        0,
        0,
        0,
        0,
        0,
        0,
        0,
        0,
        0,
        0,
        0,
        0,
        0,
        0,
        0,
        0,
        0,
        0,
        0,
        0,
        0,
        0,
        0,
        0,
        0,
        0,
        0,
        0,
        0,
        0,
        0,
        0,
        0,
        0,
        0,
        0,
        0,
        0,
        0,
        0,
        0,
        0,
        0,
        0,
        0,
        0,
        0,
        0,
        0,
        0,
        0,
        0,
        0,
        0,
        0,
        0,
        0,
        0,
        0,
        0,
        0,
        0,
        0,
        0,
        0,
        0,
        0,
        0,
        0,
        0,
        0,
        0,
        0,
        0,
        0,
        0,
        0,
        0,
        0,
        0,
        0,
        0,
        0,
        0,
        0,
        0
    ],
    "recent_steps": [
        148,
        175,
        148,
        32,
        33,
        107,
        89,
        62,
        170,
        30,
        91,
        86,
        119,
        43,
        87,
        114,
        28,
        66,
        83,
        175,
        62,
        348,
        93,
        186,
        134,
        89,
        69,
        65,
        51,
        210,
        47,
        76,
        47,
        150,
        117,
        71,
        53,
        62,
        56,
        169,
        132,
        155,
        78,
        181,
        65,
        63,
        136,
        93,
        43,
        217,
        181,
        87,
        218,
        98,
        203,
        77,
        175,
        383,
        61,
        172,
        78,
        129,
        70,
        500,
        227,
        133,
        102,
        85,
        173,
        492,
        117,
        73,
        22,
        58,
        135,
        73,
        64,
        169,
        110,
        146,
        122,
        172,
        124,
        77,
        49,
        108,
        96,
        50,
        238,
        1,
        133,
        124,
        233,
        130,
        73,
        80,
        116,
        78,
        191,
        142
    ],
    "params": {
        "max_episodes": 2500,
        "max_steps": 500,
        "batch_size": 64,
        "learning_rate": 5e-05,
        "gamma": 0.99,
        "initial_epsilon": 0.2,
        "epsilon_decay": 0.998,
        "min_epsilon": 0.02,
        "memory_size": 100000,
        "target_update_freq": 5
    }
}