{
    "episode": 700,
    "best_reward": 1832.2590913355093,
    "best_success_rate": 1.0,
    "recent_rewards": [
        164.49780896919395,
        696.3708212887001,
        654.305410375235,
        455.63387545472045,
        689.8397896059577,
        1077.252146689901,
        58.669121638304574,
        649.4800423191747,
        778.2072919515691,
        142.76443285491547,
        92.26409741371754,
        404.95182373378975,
        248.16517835758623,
        489.9743530130393,
        791.46140699563,
        700.9752411391421,
        1542.9993741800852,
        543.3068809752629,
        483.0385101566146,
        433.10869417672166,
        331.02859794400047,
        803.9330560187832,
        589.5950951113412,
        647.1838675003216,
        415.18778484758377,
        781.0635800752664,
        774.5469334477007,
        28.85547878412396,
        505.6439395448289,
        750.8625888914369,
        270.969847961116,
        720.0449472458013,
        1030.5452634844573,
        629.6677483289635,
        665.3369577917754,
        662.4482796239888,
        821.4239648144694,
        236.3296655708532,
        177.93905079907182,
        838.732543437734,
        746.6664526639076,
        579.2636971622643,
        624.4656304292052,
        833.3032880831985,
        726.7073203012706,
        8.870810362624496,
        585.2418297507179,
        64.33680027014137,
        419.9761916492804,
        223.153482032464,
        487.8679620236054,
        749.0728124857452,
        634.1530416271559,
        617.0171664852817,
        377.2068978704013,
        575.8015662435015,
        691.1836715565262,
        325.38309889830055,
        36.32023100255151,
        668.0310026110185,
        512.6080050431201,
        766.0506074023701,
        802.7716475496371,
        387.8143182316891,
        733.7979657941064,
        409.9983852795597,
        413.960369212569,
        711.9038265055772,
        403.43443736691364,
        422.08790774489887,
        114.80645571394501,
        611.8183848577031,
        25.490943177321242,
        48.16603532159101,
        750.5658545381621,
        582.5337815369207,
        512.3142681120362,
        438.96779175793375,
        121.24401126938591,
        34.05464242036501,
        6.373434633111259,
        500.00051561405036,
        605.3485114531184,
        978.1775478134207,
        415.82148385091966,
        880.1446323280268,
        588.1020235537669,
        599.0183378643978,
        686.4670778947332,
        656.4749372207311,
        631.3943261380225,
        80.88519204877119,
        55.40828970484506,
        692.5479576764178,
        91.56166010782593,
        629.3032529016014,
        741.5296864743767,
        856.1970461736266,
        392.98422799033324,
        206.00648776275085
    ],
    "recent_successes": [
        1,
        1,
        1,
        1,
        1,
        1,
        1,
        1,
        1,
        1,
        1,
        1,
        1,
        1,
        1,
        1,
        1,
        1,
        1,
        1,
        1,
        1,
        1,
        1,
        1,
        1,
        1,
        0,
        1,
        1,
        1,
        1,
        1,
        1,
        1,
        1,
        1,
        1,
        1,
        1,
        1,
        1,
        1,
        1,
        1,
        0,
        1,
        1,
        1,
        1,
        1,
        1,
        1,
        1,
        1,
        1,
        1,
        1,
        0,
        1,
        1,
        1,
        1,
        1,
        1,
        1,
        1,
        1,
        1,
        1,
        1,
        1,
        0,
        0,
        1,
        1,
        1,
        1,
        1,
        0,
        0,
        1,
        1,
        1,
        1,
        1,
        1,
        1,
        1,
        1,
        1,
        1,
        1,
        1,
        1,
        1,
        1,
        1,
        1,
        1
    ],
    "recent_collisions": [
        0,
        0,
        0,
        0,
        0,
        0,
        0,
        0,
        0,
        0,
        0,
        0,
        0,
        0,
        0,
        0,
        0,
        0,
        0,
        0,
        0,
        0,
        0,
        0,
        0,
        0,
        0,
        0,
        0,
        0,
        0,
        0,
        0,
        0,
        0,
        0,
        0,
        0,
        0,
        0,
        0,
        0,
        0,
        0,
        0,
        0,
        0,
        0,
        0,
        0,
        0,
        0,
        0,
        0,
        0,
        0,
        0,
        0,
        0,
        0,
        0,
        0,
        0,
        0,
        0,
        0,
        0,
        0,
        0,
        0,
        0,
        0,
        0,
        0,
        0,
        0,
        0,
        0,
        0,
        0,
        0,
        0,
        0,
        0,
        0,
        0,
        0,
        0,
        0,
        0,
        0,
        0,
        0,
        0,
        0,
        0,
        0,
        0,
        0,
        0
    ],
    "recent_steps": [
        65,
        102,
        194,
        197,
        123,
        306,
        74,
        95,
        127,
        98,
        55,
        158,
        156,
        76,
        132,
        97,
        466,
        74,
        41,
        41,
        182,
        158,
        76,
        86,
        34,
        135,
        269,
        57,
        164,
        133,
        101,
        98,
        164,
        93,
        91,
        103,
        160,
        115,
        72,
        178,
        125,
        77,
        79,
        145,
        110,
        48,
        97,
        62,
        32,
        101,
        45,
        119,
        84,
        94,
        12,
        65,
        99,
        153,
        49,
        104,
        62,
        124,
        161,
        34,
        163,
        26,
        33,
        106,
        44,
        26,
        67,
        77,
        58,
        58,
        121,
        81,
        59,
        60,
        115,
        54,
        63,
        146,
        82,
        232,
        25,
        181,
        77,
        80,
        128,
        89,
        92,
        70,
        74,
        100,
        142,
        87,
        133,
        186,
        39,
        125
    ],
    "params": {
        "max_episodes": 2500,
        "max_steps": 500,
        "batch_size": 64,
        "learning_rate": 5e-05,
        "gamma": 0.99,
        "initial_epsilon": 0.2,
        "epsilon_decay": 0.998,
        "min_epsilon": 0.02,
        "memory_size": 100000,
        "target_update_freq": 5
    }
}