{
    "episode": 1100,
    "best_reward": 1832.2590913355093,
    "best_success_rate": 1.0,
    "recent_rewards": [
        628.0864631055588,
        792.9466886457758,
        785.4779525583613,
        349.5,
        78.18646404127259,
        494.5252226475045,
        619.7948294882032,
        710.1629219067534,
        375.29427250471895,
        740.3568354896838,
        277.239442837259,
        686.622591705214,
        151.272568856347,
        349.5,
        784.884622692879,
        689.7185895311226,
        728.4893376151626,
        640.3020646848762,
        525.181250897365,
        732.69281112511,
        458.9808978804505,
        110.70396054183831,
        671.4009689979168,
        34.81065709340561,
        842.7972261322002,
        720.199327460934,
        706.8875943722051,
        534.244335157211,
        383.35575143237793,
        674.0299098272525,
        787.4489487952825,
        513.4051012877502,
        41.036187753878835,
        720.4352684559028,
        783.0738247818396,
        829.6819238622821,
        708.2782718591753,
        825.5206195649482,
        687.6788829271561,
        617.8562628602518,
        798.3074473917618,
        390.7781187501108,
        735.7218279145945,
        101.86451677828802,
        652.3351213973426,
        469.4042032868624,
        667.8250785047053,
        502.7038420869558,
        762.2286250186814,
        620.4125271197287,
        612.2428476488419,
        842.5818818123389,
        495.1248316980867,
        517.8022073550638,
        440.49929493449656,
        421.5667071736995,
        685.569958788524,
        833.27216210759,
        372.69218344417743,
        246.0546623166015,
        643.0352779937339,
        217.02179133054224,
        105.48117136082803,
        577.7429627018919,
        69.62302859277597,
        849.137270577516,
        831.0856253592708,
        705.824008989077,
        653.3344942886945,
        975.523809508496,
        1081.6997502501952,
        40.935257027035135,
        216.90835893527435,
        609.6019214513689,
        597.8011037565243,
        839.9112009503071,
        236.85068962905913,
        579.3837301813858,
        618.389988555399,
        636.7548279553636,
        416.2313634901451,
        500.7860074004403,
        668.3878684909079,
        739.4360136920516,
        522.7902522055792,
        668.3181854433353,
        659.2324435122144,
        624.3608247647882,
        81.6810791636611,
        788.4555204610537,
        592.5995120343867,
        569.1026197067945,
        101.68032904083624,
        223.19897624138747,
        619.4512056770229,
        358.03462270097737,
        123.81714346932628,
        667.4096915993166,
        732.7440959187877,
        713.3557151757426
    ],
    "recent_successes": [
        1,
        1,
        1,
        1,
        1,
        1,
        1,
        1,
        1,
        1,
        1,
        1,
        1,
        1,
        1,
        1,
        1,
        1,
        1,
        1,
        1,
        1,
        1,
        0,
        1,
        1,
        1,
        1,
        1,
        1,
        1,
        1,
        0,
        1,
        1,
        1,
        1,
        1,
        1,
        1,
        1,
        1,
        1,
        1,
        1,
        1,
        1,
        1,
        1,
        1,
        1,
        1,
        1,
        1,
        1,
        1,
        1,
        1,
        1,
        1,
        1,
        1,
        1,
        1,
        1,
        1,
        1,
        1,
        1,
        1,
        1,
        0,
        1,
        1,
        1,
        1,
        1,
        1,
        1,
        1,
        1,
        1,
        1,
        1,
        1,
        1,
        1,
        1,
        1,
        1,
        1,
        1,
        1,
        1,
        1,
        1,
        1,
        1,
        1,
        1
    ],
    "recent_collisions": [
        0,
        0,
        0,
        0,
        0,
        0,
        0,
        0,
        0,
        0,
        0,
        0,
        0,
        0,
        0,
        0,
        0,
        0,
        0,
        0,
        0,
        0,
        0,
        0,
        0,
        0,
        0,
        0,
        0,
        0,
        0,
        0,
        0,
        0,
        0,
        0,
        0,
        0,
        0,
        0,
        0,
        0,
        0,
        0,
        0,
        0,
        0,
        0,
        0,
        0,
        0,
        0,
        0,
        0,
        0,
        0,
        0,
        0,
        0,
        0,
        0,
        0,
        0,
        0,
        0,
        0,
        0,
        0,
        0,
        0,
        0,
        0,
        0,
        0,
        0,
        0,
        0,
        0,
        0,
        0,
        0,
        0,
        0,
        0,
        0,
        0,
        0,
        0,
        0,
        0,
        0,
        0,
        0,
        0,
        0,
        0,
        0,
        0,
        0,
        0
    ],
    "recent_steps": [
        86,
        176,
        121,
        1,
        70,
        47,
        87,
        109,
        37,
        105,
        119,
        95,
        72,
        1,
        150,
        100,
        114,
        86,
        62,
        130,
        44,
        86,
        97,
        50,
        142,
        102,
        100,
        69,
        27,
        114,
        128,
        63,
        55,
        96,
        124,
        163,
        102,
        164,
        102,
        76,
        131,
        122,
        121,
        80,
        92,
        36,
        84,
        50,
        127,
        103,
        77,
        148,
        54,
        60,
        32,
        121,
        96,
        146,
        37,
        106,
        104,
        86,
        63,
        75,
        62,
        155,
        144,
        103,
        79,
        217,
        246,
        44,
        105,
        80,
        78,
        163,
        122,
        151,
        80,
        92,
        28,
        56,
        116,
        104,
        76,
        97,
        89,
        88,
        51,
        122,
        95,
        194,
        58,
        119,
        78,
        3,
        99,
        86,
        118,
        103
    ],
    "params": {
        "max_episodes": 2500,
        "max_steps": 500,
        "batch_size": 64,
        "learning_rate": 5e-05,
        "gamma": 0.99,
        "initial_epsilon": 0.2,
        "epsilon_decay": 0.998,
        "min_epsilon": 0.02,
        "memory_size": 100000,
        "target_update_freq": 5
    }
}