{
    "episode": 1800,
    "best_reward": 1832.2590913355093,
    "best_success_rate": 1.0,
    "recent_rewards": [
        650.3986666303041,
        674.4126649662705,
        570.6909430044587,
        77.43951218711243,
        666.6129188038816,
        690.7988970102676,
        620.3751930592387,
        657.709508174742,
        968.1072483316875,
        689.0437476791298,
        464.496123250119,
        47.98865254350275,
        663.739300550676,
        657.6613656453175,
        662.0183527957607,
        809.2981081353895,
        803.6480581865649,
        708.5671646033802,
        741.5252391670368,
        637.3803733316693,
        694.0631318073653,
        673.6085510418297,
        558.3164485588704,
        573.889944168084,
        640.6175457674466,
        634.1209283662447,
        424.90150183835067,
        422.43300922495166,
        464.50504542028057,
        558.2442071912717,
        665.5415139977534,
        838.369760568798,
        105.47443154426736,
        786.4338732796701,
        664.4808870008767,
        641.1187559983462,
        717.1441284384564,
        577.5452783579565,
        707.5270102895954,
        736.5784671206997,
        636.6535431440734,
        41.82128402924005,
        561.5117571433404,
        830.5643364324022,
        886.5785661090781,
        675.6968073722651,
        714.6711672465916,
        617.9670695284597,
        679.4704071171828,
        435.16627586267464,
        656.7193412132331,
        474.382929216717,
        670.8992237051356,
        286.41670498675387,
        1075.4384429542374,
        136.61227320608856,
        882.224368289875,
        723.4592846834546,
        613.9893548530819,
        125.9399328943681,
        792.9289039042019,
        730.3578537212544,
        106.38527688067842,
        608.2713289122596,
        710.1905798745993,
        684.1866058113001,
        411.60820752969505,
        93.61001341155807,
        709.5082515066676,
        449.6563632188223,
        703.8327908585669,
        647.0794586668234,
        560.7839368816047,
        319.09372620931464,
        406.3347333695897,
        399.15456144207496,
        575.1381566689371,
        636.7099666573175,
        724.4018765797317,
        541.8686433673736,
        417.39267690586007,
        572.7413980476657,
        399.48696845101824,
        654.3502146128694,
        610.92411139865,
        451.50656877206484,
        155.42150440807887,
        554.6861560121827,
        669.6257877580301,
        688.2214353925958,
        551.1790983003896,
        121.62394102616776,
        419.22478495385485,
        431.36480649307373,
        838.5994134329651,
        67.01162014262644,
        865.6833855458173,
        349.5,
        462.75789617357776,
        375.5897947230079
    ],
    "recent_successes": [
        1,
        1,
        1,
        1,
        1,
        1,
        1,
        1,
        1,
        1,
        1,
        0,
        1,
        1,
        1,
        1,
        1,
        1,
        1,
        1,
        1,
        1,
        1,
        1,
        1,
        1,
        1,
        1,
        1,
        1,
        1,
        1,
        1,
        1,
        1,
        1,
        1,
        1,
        1,
        1,
        1,
        0,
        1,
        1,
        1,
        1,
        1,
        1,
        1,
        1,
        1,
        1,
        1,
        1,
        1,
        1,
        1,
        1,
        1,
        1,
        1,
        1,
        1,
        1,
        1,
        1,
        1,
        1,
        1,
        1,
        1,
        1,
        1,
        1,
        1,
        1,
        1,
        1,
        1,
        1,
        1,
        1,
        1,
        1,
        1,
        1,
        1,
        1,
        1,
        1,
        1,
        1,
        1,
        1,
        1,
        1,
        1,
        1,
        1,
        1
    ],
    "recent_collisions": [
        0,
        0,
        0,
        0,
        0,
        0,
        0,
        0,
        0,
        0,
        0,
        0,
        0,
        0,
        0,
        0,
        0,
        0,
        0,
        0,
        0,
        0,
        0,
        0,
        0,
        0,
        0,
        0,
        0,
        0,
        0,
        0,
        0,
        0,
        0,
        0,
        0,
        0,
        0,
        0,
        0,
        0,
        0,
        0,
        0,
        0,
        0,
        0,
        0,
        0,
        0,
        0,
        0,
        0,
        0,
        0,
        0,
        0,
        0,
        0,
        0,
        0,
        0,
        0,
        0,
        0,
        0,
        0,
        0,
        0,
        0,
        0,
        0,
        0,
        0,
        0,
        0,
        0,
        0,
        0,
        0,
        0,
        0,
        0,
        0,
        0,
        0,
        0,
        0,
        0,
        0,
        0,
        0,
        0,
        0,
        0,
        0,
        0,
        0,
        0
    ],
    "recent_steps": [
        88,
        83,
        71,
        52,
        101,
        96,
        86,
        129,
        184,
        93,
        50,
        52,
        87,
        88,
        99,
        144,
        134,
        140,
        104,
        108,
        192,
        117,
        69,
        68,
        87,
        89,
        149,
        18,
        82,
        180,
        99,
        138,
        78,
        148,
        97,
        81,
        105,
        63,
        122,
        123,
        87,
        66,
        64,
        161,
        184,
        92,
        105,
        79,
        88,
        137,
        98,
        170,
        126,
        128,
        261,
        86,
        180,
        107,
        75,
        85,
        153,
        112,
        63,
        72,
        103,
        106,
        147,
        72,
        111,
        34,
        112,
        100,
        62,
        119,
        26,
        149,
        64,
        93,
        110,
        60,
        153,
        82,
        10,
        88,
        86,
        37,
        66,
        65,
        89,
        128,
        62,
        83,
        40,
        30,
        142,
        58,
        178,
        1,
        36,
        28
    ],
    "params": {
        "max_episodes": 2500,
        "max_steps": 500,
        "batch_size": 64,
        "learning_rate": 5e-05,
        "gamma": 0.99,
        "initial_epsilon": 0.2,
        "epsilon_decay": 0.998,
        "min_epsilon": 0.02,
        "memory_size": 100000,
        "target_update_freq": 5
    }
}