{
    "episode": 800,
    "best_reward": 1832.2590913355093,
    "best_success_rate": 1.0,
    "recent_rewards": [
        572.2504678640569,
        381.52474915981435,
        35.23964832089976,
        41.958375724528594,
        444.6910947826155,
        62.05072419899366,
        674.8464315621027,
        594.438929684223,
        681.2251435335552,
        734.2270682801213,
        740.5467120793456,
        38.56121152899169,
        661.1904057692414,
        660.4965805693273,
        612.1159008715027,
        754.2217975389113,
        699.2069921948332,
        582.617766417955,
        742.0069198984631,
        643.2423098911663,
        112.12412574705563,
        621.9925949049145,
        131.0883815258074,
        795.654464972735,
        880.868966328426,
        95.31627860431391,
        675.6018799587974,
        612.368755572724,
        81.47207856223379,
        774.858037479578,
        781.8983316846751,
        572.8854354135927,
        711.363320893046,
        45.99156061211124,
        693.1325778658074,
        516.0431220419824,
        90.15578896050232,
        531.9634145940485,
        651.2602722792702,
        715.3552191598044,
        349.5,
        423.1596564767828,
        581.5541664238726,
        484.3214710573428,
        120.19266155823624,
        759.6210815645006,
        925.0614772463182,
        580.498602511652,
        402.7278425965836,
        653.1363330110827,
        459.1848523950672,
        806.7642505277345,
        704.3107110452637,
        79.33631515480539,
        711.513514019172,
        441.8144370736082,
        670.0559404453793,
        708.412284389927,
        613.5463120257034,
        777.5833244915744,
        319.1251485155522,
        560.4571231761633,
        92.74024144746988,
        698.106309778143,
        596.6704429802903,
        621.9396716107401,
        108.78127598278019,
        635.1991751966096,
        103.49577683095062,
        466.78892158049825,
        565.3732882770377,
        114.96715394749066,
        89.5863418422982,
        138.62612950407703,
        2.901514685468385,
        20.580021888934425,
        719.6745631435217,
        532.0416920413531,
        908.6415528822641,
        817.6266753325652,
        355.4798077190848,
        928.387893855356,
        57.57707986234362,
        746.6056632552595,
        783.4749899633393,
        349.5,
        676.1650299561077,
        42.7738777083095,
        521.4151938761737,
        674.1674725336136,
        629.6859363996516,
        424.3508964355886,
        594.7246823344016,
        0.9016065543502236,
        862.1307754104722,
        622.3999156005632,
        712.503778978593,
        130.05069660299858,
        68.64343023232806,
        109.04749831091692
    ],
    "recent_successes": [
        1,
        1,
        0,
        0,
        1,
        1,
        1,
        1,
        1,
        1,
        1,
        0,
        1,
        1,
        1,
        1,
        1,
        1,
        1,
        1,
        1,
        1,
        1,
        1,
        1,
        1,
        1,
        1,
        1,
        1,
        1,
        1,
        1,
        0,
        1,
        1,
        1,
        1,
        1,
        1,
        1,
        1,
        1,
        1,
        1,
        1,
        1,
        1,
        1,
        1,
        1,
        1,
        1,
        1,
        1,
        1,
        1,
        1,
        1,
        1,
        1,
        1,
        1,
        1,
        1,
        1,
        1,
        1,
        1,
        1,
        1,
        1,
        1,
        1,
        0,
        0,
        1,
        1,
        1,
        1,
        1,
        1,
        1,
        1,
        1,
        1,
        1,
        0,
        1,
        1,
        1,
        1,
        1,
        0,
        1,
        1,
        1,
        1,
        1,
        1
    ],
    "recent_collisions": [
        0,
        0,
        0,
        0,
        0,
        0,
        0,
        0,
        0,
        0,
        0,
        0,
        0,
        0,
        0,
        0,
        0,
        0,
        0,
        0,
        0,
        0,
        0,
        0,
        0,
        0,
        0,
        0,
        0,
        0,
        0,
        0,
        0,
        0,
        0,
        0,
        0,
        0,
        0,
        0,
        0,
        0,
        0,
        0,
        0,
        0,
        0,
        0,
        0,
        0,
        0,
        0,
        0,
        0,
        0,
        0,
        0,
        0,
        0,
        0,
        0,
        0,
        0,
        0,
        0,
        0,
        0,
        0,
        0,
        0,
        0,
        0,
        0,
        0,
        0,
        0,
        0,
        0,
        0,
        0,
        0,
        0,
        0,
        0,
        0,
        0,
        0,
        0,
        0,
        0,
        0,
        0,
        0,
        0,
        0,
        0,
        0,
        0,
        0,
        0
    ],
    "recent_steps": [
        64,
        11,
        50,
        56,
        25,
        75,
        102,
        85,
        87,
        120,
        108,
        54,
        106,
        96,
        110,
        118,
        152,
        90,
        114,
        98,
        81,
        80,
        74,
        130,
        181,
        82,
        105,
        90,
        60,
        149,
        123,
        65,
        128,
        63,
        104,
        56,
        61,
        59,
        96,
        136,
        1,
        53,
        82,
        56,
        93,
        128,
        178,
        75,
        14,
        94,
        41,
        131,
        105,
        67,
        102,
        27,
        103,
        191,
        88,
        125,
        88,
        66,
        71,
        96,
        85,
        76,
        80,
        88,
        80,
        198,
        75,
        61,
        67,
        73,
        49,
        59,
        107,
        87,
        185,
        145,
        132,
        165,
        60,
        136,
        121,
        1,
        90,
        62,
        64,
        122,
        97,
        111,
        94,
        54,
        176,
        86,
        112,
        87,
        74,
        72
    ],
    "params": {
        "max_episodes": 2500,
        "max_steps": 500,
        "batch_size": 64,
        "learning_rate": 5e-05,
        "gamma": 0.99,
        "initial_epsilon": 0.2,
        "epsilon_decay": 0.998,
        "min_epsilon": 0.02,
        "memory_size": 100000,
        "target_update_freq": 5
    }
}