{
    "episode": 400,
    "best_reward": 1832.2590913355093,
    "best_success_rate": 1.0,
    "recent_rewards": [
        737.3558382921482,
        430.5952670509697,
        385.86422259594696,
        823.1999956372031,
        554.7123100410871,
        434.3483636806165,
        758.825584015704,
        848.5226840830428,
        839.0952848347212,
        571.5680650802196,
        352.13584441186936,
        110.11336907618471,
        722.4150940048231,
        683.1229179649011,
        585.2097120364132,
        546.2862671302225,
        426.09561316667975,
        666.8891123250185,
        646.4274476200105,
        645.5565773913644,
        678.9916438584517,
        697.923468303408,
        519.2226886500403,
        493.2201002441667,
        484.79617113257723,
        606.8579334223932,
        1052.7795519757694,
        679.2818852883157,
        425.9674118485586,
        779.9624297887608,
        226.15635017713578,
        687.2123221291874,
        773.0273243593201,
        553.091927721053,
        608.7350798611023,
        1007.3397489942273,
        490.89668438941567,
        713.5303618585482,
        747.7000270914882,
        707.0860700940739,
        516.2917892404249,
        443.1502811034758,
        658.725507007159,
        883.3746536873592,
        467.3534320774219,
        782.5772261655852,
        671.1480283595567,
        139.94472926250737,
        575.5631983083833,
        505.85533483904874,
        1832.2590913355093,
        443.86713485021664,
        447.59637978351054,
        64.6503772559229,
        788.4821155667655,
        673.7019971284612,
        695.8433948525714,
        690.2962696774456,
        452.4834083904985,
        268.8819134069637,
        349.5,
        626.9124143808953,
        559.6958299919113,
        95.47822129156867,
        150.4491832034235,
        805.2516930453037,
        706.0679120071936,
        841.3143758461785,
        968.0024248939321,
        408.7997594131258,
        212.50781543016737,
        528.2619530709729,
        434.32325545241173,
        406.35168231458783,
        382.36541479999573,
        665.0207381229995,
        1281.3908479466663,
        108.35297495275029,
        147.4235048778344,
        608.0378847176619,
        939.0279356835199,
        626.9127155125293,
        1728.9397230203642,
        716.7106730160278,
        686.6669385682034,
        602.4478958236064,
        508.45324879168857,
        478.74364577119877,
        903.2506709869353,
        906.1616520113434,
        784.3112862487953,
        699.6577786787022,
        836.0263211035426,
        273.314566782015,
        413.6163249392421,
        613.1591409251736,
        365.1461152787034,
        740.8335983118016,
        412.46322866455273,
        1034.0874351495577
    ],
    "recent_successes": [
        1,
        1,
        1,
        1,
        1,
        1,
        1,
        1,
        1,
        1,
        1,
        1,
        1,
        1,
        1,
        1,
        1,
        1,
        1,
        1,
        1,
        1,
        1,
        1,
        1,
        1,
        1,
        1,
        1,
        1,
        1,
        1,
        1,
        1,
        1,
        1,
        1,
        1,
        1,
        1,
        1,
        1,
        1,
        1,
        1,
        1,
        1,
        1,
        1,
        1,
        1,
        1,
        1,
        1,
        1,
        1,
        1,
        1,
        1,
        1,
        1,
        1,
        1,
        1,
        1,
        1,
        1,
        1,
        1,
        1,
        1,
        1,
        1,
        1,
        1,
        1,
        1,
        1,
        1,
        1,
        1,
        1,
        1,
        1,
        1,
        1,
        1,
        1,
        1,
        1,
        1,
        1,
        1,
        1,
        1,
        1,
        1,
        1,
        1,
        1
    ],
    "recent_collisions": [
        0,
        0,
        0,
        0,
        0,
        0,
        0,
        0,
        0,
        0,
        0,
        0,
        0,
        0,
        0,
        0,
        0,
        0,
        0,
        0,
        0,
        0,
        0,
        0,
        0,
        0,
        0,
        0,
        0,
        0,
        0,
        0,
        0,
        0,
        0,
        0,
        0,
        0,
        0,
        0,
        0,
        0,
        0,
        0,
        0,
        0,
        0,
        0,
        0,
        0,
        0,
        0,
        0,
        0,
        0,
        0,
        0,
        0,
        0,
        0,
        0,
        0,
        0,
        0,
        0,
        0,
        0,
        0,
        0,
        0,
        0,
        0,
        0,
        0,
        0,
        0,
        0,
        0,
        0,
        0,
        0,
        0,
        0,
        0,
        0,
        0,
        0,
        0,
        0,
        0,
        0,
        0,
        0,
        0,
        0,
        0,
        0,
        0,
        0,
        0
    ],
    "recent_steps": [
        145,
        34,
        9,
        258,
        70,
        32,
        137,
        204,
        147,
        69,
        133,
        92,
        110,
        93,
        68,
        63,
        39,
        107,
        88,
        95,
        109,
        102,
        55,
        41,
        152,
        80,
        262,
        130,
        32,
        210,
        92,
        124,
        149,
        58,
        71,
        217,
        164,
        114,
        135,
        145,
        65,
        156,
        90,
        206,
        43,
        152,
        95,
        68,
        119,
        59,
        454,
        39,
        153,
        87,
        131,
        119,
        111,
        120,
        38,
        109,
        1,
        84,
        237,
        66,
        142,
        140,
        130,
        169,
        222,
        20,
        104,
        71,
        39,
        143,
        31,
        113,
        443,
        99,
        69,
        116,
        226,
        87,
        244,
        110,
        123,
        85,
        46,
        64,
        225,
        181,
        196,
        98,
        248,
        145,
        39,
        73,
        147,
        107,
        44,
        253
    ],
    "params": {
        "max_episodes": 2500,
        "max_steps": 500,
        "batch_size": 64,
        "learning_rate": 5e-05,
        "gamma": 0.99,
        "initial_epsilon": 0.2,
        "epsilon_decay": 0.998,
        "min_epsilon": 0.02,
        "memory_size": 100000,
        "target_update_freq": 5
    }
}