{
    "episode": 2300,
    "best_reward": 1832.2590913355093,
    "best_success_rate": 1.0,
    "recent_rewards": [
        840.9451934529329,
        475.7923262884651,
        730.8785567419718,
        730.6079858117022,
        429.62506841512163,
        707.1867495934537,
        659.0218503601405,
        388.053537744821,
        45.185743848229265,
        106.00396810279017,
        625.131322439883,
        541.3439899827013,
        748.0275442047732,
        624.2068670622555,
        749.6177699454776,
        172.9731209075207,
        719.2737522009422,
        410.5941780558699,
        343.31167001247627,
        733.0305662331912,
        685.3007377531104,
        198.78511062615001,
        743.7807539835484,
        620.0700036273743,
        551.8499556223337,
        704.9267673724221,
        489.58972426898276,
        646.395779169883,
        693.8559106454537,
        534.2991857330004,
        673.9598871344028,
        364.87196834500355,
        380.43285877377065,
        38.37538372512964,
        733.088157166648,
        660.2127844830491,
        780.9469295377504,
        572.6587113318984,
        701.8038297121841,
        81.2185520956491,
        333.0961944309625,
        1268.2140433786396,
        711.2232386245164,
        747.2689647591376,
        563.6097769482648,
        718.6427263136358,
        689.9135466012652,
        766.5072074628151,
        602.7964183635295,
        597.3979353995596,
        383.3426773348812,
        382.1308017098422,
        145.8491507114067,
        750.1336026607594,
        349.5,
        793.377881797015,
        574.3672564973019,
        46.992153994381795,
        722.8847352478563,
        85.33070072394955,
        634.7024535205285,
        153.71242852335826,
        686.7302948096019,
        662.0676785305899,
        73.52214476445917,
        553.1756459854682,
        675.2069523425345,
        349.5,
        674.4557794950745,
        534.4929518912902,
        102.84615741668884,
        590.3273035142124,
        670.6487459017438,
        729.8381488053076,
        761.1021335393152,
        111.80013908196452,
        688.2380159498839,
        880.5137289288765,
        659.299884341539,
        459.73288575022355,
        707.4887201990589,
        658.9405455739087,
        352.11361382969267,
        716.7288181980792,
        648.4994677376772,
        468.4846967210155,
        659.0281567854079,
        441.5827550586076,
        306.1402944760931,
        793.9166899488995,
        229.40597019388372,
        789.0351867209353,
        842.2518334865185,
        850.2640050358403,
        608.5115478400365,
        349.5,
        36.67136033387001,
        802.4889496874202,
        679.5098660597218,
        622.1401672122199
    ],
    "recent_successes": [
        1,
        1,
        1,
        1,
        1,
        1,
        1,
        1,
        0,
        1,
        1,
        1,
        1,
        1,
        1,
        1,
        1,
        1,
        1,
        1,
        1,
        1,
        1,
        1,
        1,
        1,
        1,
        1,
        1,
        1,
        1,
        1,
        1,
        0,
        1,
        1,
        1,
        1,
        1,
        1,
        1,
        1,
        1,
        1,
        1,
        1,
        1,
        1,
        1,
        1,
        1,
        1,
        1,
        1,
        1,
        1,
        1,
        0,
        1,
        1,
        1,
        1,
        1,
        1,
        1,
        1,
        1,
        1,
        1,
        1,
        1,
        1,
        1,
        1,
        1,
        1,
        1,
        1,
        1,
        1,
        1,
        1,
        1,
        1,
        1,
        1,
        1,
        1,
        1,
        1,
        1,
        1,
        1,
        1,
        1,
        1,
        0,
        1,
        1,
        1
    ],
    "recent_collisions": [
        0,
        0,
        0,
        0,
        0,
        0,
        0,
        0,
        0,
        0,
        0,
        0,
        0,
        0,
        0,
        0,
        0,
        0,
        0,
        0,
        0,
        0,
        0,
        0,
        0,
        0,
        0,
        0,
        0,
        0,
        0,
        0,
        0,
        0,
        0,
        0,
        0,
        0,
        0,
        0,
        0,
        0,
        0,
        0,
        0,
        0,
        0,
        0,
        0,
        0,
        0,
        0,
        0,
        0,
        0,
        0,
        0,
        0,
        0,
        0,
        0,
        0,
        0,
        0,
        0,
        0,
        0,
        0,
        0,
        0,
        0,
        0,
        0,
        0,
        0,
        0,
        0,
        0,
        0,
        0,
        0,
        0,
        0,
        0,
        0,
        0,
        0,
        0,
        0,
        0,
        0,
        0,
        0,
        0,
        0,
        0,
        0,
        0,
        0,
        0
    ],
    "recent_steps": [
        179,
        167,
        109,
        110,
        34,
        115,
        87,
        11,
        64,
        69,
        79,
        64,
        110,
        92,
        135,
        77,
        108,
        21,
        158,
        117,
        128,
        93,
        182,
        79,
        64,
        103,
        66,
        90,
        128,
        65,
        91,
        20,
        14,
        55,
        136,
        111,
        131,
        66,
        135,
        64,
        117,
        192,
        123,
        128,
        88,
        129,
        104,
        130,
        72,
        68,
        14,
        11,
        73,
        113,
        1,
        117,
        72,
        64,
        101,
        73,
        75,
        89,
        98,
        98,
        67,
        57,
        97,
        1,
        91,
        69,
        78,
        85,
        99,
        113,
        120,
        87,
        137,
        217,
        96,
        44,
        128,
        90,
        2,
        117,
        88,
        52,
        87,
        178,
        126,
        163,
        104,
        145,
        150,
        144,
        108,
        1,
        49,
        131,
        104,
        82
    ],
    "params": {
        "max_episodes": 2500,
        "max_steps": 500,
        "batch_size": 64,
        "learning_rate": 5e-05,
        "gamma": 0.99,
        "initial_epsilon": 0.2,
        "epsilon_decay": 0.998,
        "min_epsilon": 0.02,
        "memory_size": 100000,
        "target_update_freq": 5
    }
}