{
    "episode": 1600,
    "best_reward": 1832.2590913355093,
    "best_success_rate": 1.0,
    "recent_rewards": [
        19.008789845667536,
        349.5,
        668.4973479954609,
        655.7067512125016,
        694.6838966452128,
        490.79107239206553,
        434.8902838082766,
        556.1567877540235,
        469.36155229741337,
        33.672794685536786,
        542.3675997551929,
        77.9310659231804,
        641.3961842267287,
        292.10178902799396,
        716.8708475936403,
        740.1288658052002,
        807.7273754356229,
        627.025916906743,
        538.4087024595975,
        652.8962908750134,
        88.42947546321338,
        415.67398982267406,
        627.6404680728652,
        769.8462059769315,
        128.02364823176362,
        696.5167168031965,
        126.73728809068783,
        690.1971567715728,
        301.3185981498669,
        564.3598427066643,
        719.8045634033472,
        652.7990808520187,
        760.690980603189,
        441.1277865604336,
        751.097487783778,
        774.4382139077287,
        190.43681034128704,
        234.25870676413325,
        545.6440906511884,
        691.1725028642212,
        557.8605595170131,
        610.7488018940393,
        60.82142166022439,
        696.9511554860076,
        697.7739167367861,
        882.0397777468354,
        710.998840881263,
        464.71034739767356,
        915.5623243048873,
        775.8417693561468,
        596.6728832357848,
        84.23587849174692,
        674.6196470870981,
        618.5120550153363,
        746.5630989089052,
        459.7348566313505,
        89.12978122538036,
        553.2363350964963,
        17.361730892764285,
        912.7657525759715,
        471.20559863539205,
        694.7460153206089,
        648.7403660989437,
        654.4783810334294,
        731.9394054299652,
        423.43532097167355,
        670.3090319077801,
        739.5420406557373,
        296.183346885271,
        721.7745048230253,
        400.6739175084278,
        779.7234149795423,
        31.855349602706667,
        375.7166299274778,
        349.5,
        16.696426946846998,
        642.308523554592,
        609.9998997515966,
        535.4688804097302,
        254.2420814117803,
        629.2411432042126,
        417.9869436696743,
        311.6547931752158,
        828.6166390796797,
        700.6569646177873,
        467.7201689372222,
        45.745471514134465,
        585.2915142593383,
        653.7227091063395,
        892.6635500935348,
        613.5673557031807,
        659.95169250827,
        55.270921287885045,
        398.91392137258447,
        621.2155647588806,
        538.1390413756953,
        760.4528229875815,
        613.9134485419836,
        622.2785104926966,
        808.5786939288471
    ],
    "recent_successes": [
        0,
        1,
        1,
        1,
        1,
        1,
        1,
        1,
        1,
        0,
        1,
        1,
        1,
        1,
        1,
        1,
        1,
        1,
        1,
        1,
        1,
        1,
        1,
        1,
        1,
        1,
        1,
        1,
        1,
        1,
        1,
        1,
        1,
        1,
        1,
        1,
        1,
        1,
        1,
        1,
        1,
        1,
        1,
        1,
        1,
        1,
        1,
        1,
        1,
        1,
        1,
        1,
        1,
        1,
        1,
        1,
        1,
        1,
        0,
        1,
        1,
        1,
        1,
        1,
        1,
        1,
        1,
        1,
        1,
        1,
        1,
        1,
        0,
        1,
        1,
        0,
        1,
        1,
        1,
        1,
        1,
        1,
        1,
        1,
        1,
        1,
        0,
        1,
        1,
        1,
        1,
        1,
        1,
        1,
        1,
        1,
        1,
        1,
        1,
        1
    ],
    "recent_collisions": [
        0,
        0,
        0,
        0,
        0,
        0,
        0,
        0,
        0,
        0,
        0,
        0,
        0,
        0,
        0,
        0,
        0,
        0,
        0,
        0,
        0,
        0,
        0,
        0,
        0,
        0,
        0,
        0,
        0,
        0,
        0,
        0,
        0,
        0,
        0,
        0,
        0,
        0,
        0,
        0,
        0,
        0,
        0,
        0,
        0,
        0,
        0,
        0,
        0,
        0,
        0,
        0,
        0,
        0,
        0,
        0,
        0,
        0,
        0,
        0,
        0,
        0,
        0,
        0,
        0,
        0,
        0,
        0,
        0,
        0,
        0,
        0,
        0,
        0,
        0,
        0,
        0,
        0,
        0,
        0,
        0,
        0,
        0,
        0,
        0,
        0,
        0,
        0,
        0,
        0,
        0,
        0,
        0,
        0,
        0,
        0,
        0,
        0,
        0,
        0
    ],
    "recent_steps": [
        56,
        1,
        96,
        96,
        99,
        54,
        43,
        95,
        48,
        69,
        119,
        71,
        99,
        78,
        107,
        140,
        341,
        182,
        57,
        92,
        60,
        24,
        92,
        149,
        115,
        97,
        66,
        129,
        123,
        253,
        119,
        116,
        142,
        33,
        149,
        140,
        88,
        107,
        68,
        106,
        64,
        107,
        63,
        117,
        108,
        181,
        112,
        50,
        172,
        148,
        75,
        72,
        97,
        77,
        145,
        41,
        69,
        60,
        53,
        159,
        145,
        109,
        106,
        112,
        118,
        135,
        104,
        116,
        134,
        117,
        38,
        144,
        62,
        30,
        1,
        43,
        102,
        81,
        76,
        95,
        85,
        146,
        131,
        147,
        117,
        94,
        67,
        67,
        100,
        158,
        75,
        89,
        63,
        24,
        92,
        74,
        134,
        79,
        80,
        135
    ],
    "params": {
        "max_episodes": 2500,
        "max_steps": 500,
        "batch_size": 64,
        "learning_rate": 5e-05,
        "gamma": 0.99,
        "initial_epsilon": 0.2,
        "epsilon_decay": 0.998,
        "min_epsilon": 0.02,
        "memory_size": 100000,
        "target_update_freq": 5
    }
}