{
    "episode": 1400,
    "best_reward": 1832.2590913355093,
    "best_success_rate": 1.0,
    "recent_rewards": [
        674.4733620859913,
        744.4368127818677,
        823.2896605767032,
        703.2018006648151,
        662.7109541020475,
        736.12334241389,
        643.672525627431,
        610.3810170685056,
        349.5,
        259.82346064435455,
        620.4151426398607,
        13.524458523032166,
        606.352064780805,
        13.819246333192893,
        601.1547527836564,
        436.84760822850484,
        653.748930903803,
        349.5,
        620.5933604372301,
        567.4919294350625,
        52.79179715017425,
        659.7010329177008,
        405.5887686894806,
        155.48285083253006,
        654.5109999149565,
        691.8434079737829,
        716.739471593055,
        843.9063774290566,
        586.5420666501018,
        473.9576343326846,
        400.4261417309478,
        386.15562363839126,
        456.8270018978301,
        114.47607471148092,
        27.8840889809116,
        557.3394355883968,
        689.7116976356683,
        693.5497466413025,
        680.3712777638953,
        406.6032162973788,
        500.07768373455644,
        675.3651950984864,
        726.4994055966405,
        805.5494921138559,
        1119.9932867220982,
        649.7450924960245,
        379.88139824853636,
        151.1310862272565,
        655.9228600030704,
        518.3484118495501,
        620.1028939236596,
        149.84396882868094,
        429.2945824193607,
        671.1238947186032,
        666.0508444696163,
        715.5234133341188,
        887.4560045032255,
        620.1006779832804,
        427.7899466668977,
        349.5,
        389.5822848220299,
        831.3132559703627,
        445.2555239385678,
        346.85940521644596,
        575.6401218519677,
        424.50665957842114,
        95.52324985267572,
        253.27167130188712,
        523.3530954349117,
        719.2106097845609,
        301.3323870039544,
        66.02326502121511,
        772.0191477016016,
        23.00118114553959,
        698.800703581292,
        843.6377355939703,
        735.4289036879683,
        144.05822820032614,
        550.8876820688236,
        587.7631214009318,
        807.4741277172665,
        789.7017034083319,
        729.7207946950728,
        634.8405223188468,
        376.44575541337815,
        680.2291519117531,
        908.4255845460648,
        640.2285201079559,
        784.4022121682451,
        606.0463970332621,
        439.336860775903,
        745.724355370221,
        565.5321786670007,
        118.44958506444334,
        784.617270743283,
        504.1673258175354,
        618.598365224115,
        130.559707068313,
        439.540765308036,
        719.198881209892
    ],
    "recent_successes": [
        1,
        1,
        1,
        1,
        1,
        1,
        1,
        1,
        1,
        1,
        1,
        0,
        1,
        0,
        1,
        1,
        1,
        1,
        1,
        1,
        1,
        1,
        1,
        1,
        1,
        1,
        1,
        1,
        1,
        1,
        1,
        1,
        1,
        1,
        0,
        1,
        1,
        1,
        1,
        1,
        1,
        1,
        1,
        1,
        1,
        1,
        1,
        1,
        1,
        1,
        1,
        1,
        1,
        1,
        1,
        1,
        1,
        1,
        1,
        1,
        1,
        1,
        1,
        1,
        1,
        1,
        1,
        1,
        1,
        1,
        1,
        1,
        1,
        0,
        1,
        1,
        1,
        1,
        1,
        1,
        1,
        1,
        1,
        1,
        1,
        1,
        1,
        1,
        1,
        1,
        1,
        1,
        1,
        1,
        1,
        1,
        1,
        1,
        1,
        1
    ],
    "recent_collisions": [
        0,
        0,
        0,
        0,
        0,
        0,
        0,
        0,
        0,
        0,
        0,
        0,
        0,
        0,
        0,
        0,
        0,
        0,
        0,
        0,
        0,
        0,
        0,
        0,
        0,
        0,
        0,
        0,
        0,
        0,
        0,
        0,
        0,
        0,
        0,
        0,
        0,
        0,
        0,
        0,
        0,
        0,
        0,
        0,
        0,
        0,
        0,
        0,
        0,
        0,
        0,
        0,
        0,
        0,
        0,
        0,
        0,
        0,
        0,
        0,
        0,
        0,
        0,
        0,
        0,
        0,
        0,
        0,
        0,
        0,
        0,
        0,
        0,
        0,
        0,
        0,
        0,
        0,
        0,
        0,
        0,
        0,
        0,
        0,
        0,
        0,
        0,
        0,
        0,
        0,
        0,
        0,
        0,
        0,
        0,
        0,
        0,
        0,
        0,
        0
    ],
    "recent_steps": [
        97,
        136,
        141,
        145,
        99,
        118,
        100,
        150,
        1,
        130,
        105,
        44,
        86,
        54,
        80,
        32,
        91,
        1,
        100,
        153,
        109,
        110,
        35,
        129,
        86,
        98,
        100,
        145,
        80,
        38,
        32,
        33,
        44,
        75,
        46,
        72,
        105,
        95,
        124,
        20,
        55,
        93,
        108,
        136,
        360,
        86,
        31,
        106,
        83,
        153,
        84,
        91,
        29,
        96,
        84,
        109,
        161,
        77,
        29,
        1,
        8,
        159,
        48,
        137,
        71,
        23,
        77,
        111,
        49,
        111,
        132,
        99,
        140,
        60,
        118,
        148,
        109,
        119,
        65,
        78,
        155,
        129,
        117,
        100,
        30,
        91,
        184,
        80,
        129,
        76,
        41,
        117,
        67,
        110,
        125,
        54,
        79,
        79,
        28,
        103
    ],
    "params": {
        "max_episodes": 2500,
        "max_steps": 500,
        "batch_size": 64,
        "learning_rate": 5e-05,
        "gamma": 0.99,
        "initial_epsilon": 0.2,
        "epsilon_decay": 0.998,
        "min_epsilon": 0.02,
        "memory_size": 100000,
        "target_update_freq": 5
    }
}