{
    "episode": 2500,
    "best_reward": 1832.2590913355093,
    "best_success_rate": 1.0,
    "recent_rewards": [
        76.4785515579558,
        738.1325371770919,
        735.5278144415067,
        464.57169150937693,
        494.6074258190639,
        406.24411874736984,
        466.84228553369286,
        753.7480781091185,
        556.0286297570225,
        713.918681117181,
        450.3587353612529,
        421.49582857809946,
        706.9338638172401,
        673.0960540249444,
        418.1790170094698,
        607.7075391616919,
        798.3636435180517,
        636.2424755235273,
        680.659678892103,
        882.6540203055428,
        616.123857861595,
        603.7262927079037,
        563.5150861920745,
        754.1645041473831,
        572.5800198559906,
        672.3748399774584,
        780.7335553589606,
        678.9526381722869,
        492.1016281170859,
        731.7429414490255,
        717.2444301058649,
        492.78243675950466,
        622.6958605712433,
        643.055458013424,
        858.5161583188468,
        673.0026263406116,
        613.4475522664503,
        740.6119047975982,
        104.80822326520456,
        661.1734847473447,
        613.6004659058214,
        584.7912424653033,
        545.606044610138,
        632.7468040169043,
        765.5795277752264,
        703.7670110614985,
        687.2153237678166,
        623.0032672408242,
        698.1237674239369,
        612.0076587296755,
        812.2020812385164,
        593.720046187316,
        134.217830116304,
        402.39644317047345,
        381.6496578672552,
        668.9486350197171,
        94.8914353279294,
        381.6735062584735,
        744.4716066964925,
        474.60768090126453,
        734.0462690258037,
        710.5395922053525,
        724.1974382889784,
        690.0945099054704,
        597.8749402723923,
        713.3158500967102,
        742.8917288068044,
        666.3026086873233,
        617.375448784185,
        719.5264136690901,
        633.4646688001451,
        711.3782116905677,
        560.8740720071387,
        762.4092495749805,
        837.5957271797704,
        712.394261377806,
        442.71549719533334,
        703.9486847561196,
        488.6143655577528,
        452.82346370861273,
        787.215307218598,
        731.7705528602932,
        798.2741625872687,
        63.38930956770014,
        709.137759287054,
        705.2559026294753,
        811.1592632559802,
        712.7798001849717,
        686.6821124719795,
        423.5861185674065,
        700.4889191722833,
        790.886173179431,
        661.2559648435265,
        805.2966910070448,
        678.8735484349133,
        398.5747010674329,
        787.0152416384084,
        700.7425257951805,
        839.5527334716536,
        909.8791602144174
    ],
    "recent_successes": [
        1,
        1,
        1,
        1,
        1,
        1,
        1,
        1,
        1,
        1,
        1,
        1,
        1,
        1,
        1,
        1,
        1,
        1,
        1,
        1,
        1,
        1,
        1,
        1,
        1,
        1,
        1,
        1,
        1,
        1,
        1,
        1,
        1,
        1,
        1,
        1,
        1,
        1,
        1,
        1,
        1,
        1,
        1,
        1,
        1,
        1,
        1,
        1,
        1,
        1,
        1,
        1,
        1,
        1,
        1,
        1,
        1,
        1,
        1,
        1,
        1,
        1,
        1,
        1,
        1,
        1,
        1,
        1,
        1,
        1,
        1,
        1,
        1,
        1,
        1,
        1,
        1,
        1,
        1,
        1,
        1,
        1,
        1,
        1,
        1,
        1,
        1,
        1,
        1,
        1,
        1,
        1,
        1,
        1,
        1,
        1,
        1,
        1,
        1,
        1
    ],
    "recent_collisions": [
        0,
        0,
        0,
        0,
        0,
        0,
        0,
        0,
        0,
        0,
        0,
        0,
        0,
        0,
        0,
        0,
        0,
        0,
        0,
        0,
        0,
        0,
        0,
        0,
        0,
        0,
        0,
        0,
        0,
        0,
        0,
        0,
        0,
        0,
        0,
        0,
        0,
        0,
        0,
        0,
        0,
        0,
        0,
        0,
        0,
        0,
        0,
        0,
        0,
        0,
        0,
        0,
        0,
        0,
        0,
        0,
        0,
        0,
        0,
        0,
        0,
        0,
        0,
        0,
        0,
        0,
        0,
        0,
        0,
        0,
        0,
        0,
        0,
        0,
        0,
        0,
        0,
        0,
        0,
        0,
        0,
        0,
        0,
        0,
        0,
        0,
        0,
        0,
        0,
        0,
        0,
        0,
        0,
        0,
        0,
        0,
        0,
        0,
        0,
        0
    ],
    "recent_steps": [
        66,
        119,
        118,
        51,
        47,
        207,
        147,
        106,
        57,
        121,
        50,
        221,
        101,
        111,
        36,
        71,
        128,
        104,
        108,
        160,
        84,
        81,
        68,
        136,
        66,
        86,
        165,
        85,
        49,
        98,
        135,
        197,
        87,
        92,
        153,
        108,
        92,
        119,
        76,
        84,
        79,
        84,
        64,
        97,
        123,
        108,
        119,
        109,
        105,
        84,
        156,
        95,
        69,
        189,
        5,
        85,
        78,
        34,
        140,
        49,
        130,
        116,
        104,
        101,
        79,
        128,
        118,
        88,
        77,
        115,
        87,
        112,
        86,
        161,
        168,
        101,
        84,
        96,
        49,
        42,
        122,
        120,
        141,
        75,
        103,
        114,
        126,
        147,
        88,
        28,
        104,
        124,
        89,
        211,
        100,
        185,
        125,
        102,
        174,
        228
    ],
    "params": {
        "max_episodes": 2500,
        "max_steps": 500,
        "batch_size": 64,
        "learning_rate": 5e-05,
        "gamma": 0.99,
        "initial_epsilon": 0.2,
        "epsilon_decay": 0.998,
        "min_epsilon": 0.02,
        "memory_size": 100000,
        "target_update_freq": 5
    }
}