{
    "episode": 1500,
    "best_reward": 1832.2590913355093,
    "best_success_rate": 1.0,
    "recent_rewards": [
        654.1539107675703,
        670.5490973950758,
        552.7837033048249,
        84.38701790543689,
        107.30059730145928,
        699.1762141232573,
        803.7493016156981,
        539.0168696296721,
        876.5467957161416,
        645.1074199275945,
        748.4158361346731,
        156.7917706229725,
        581.2356222641336,
        22.81138886766928,
        523.0397916431743,
        740.9316796561277,
        490.5528846625556,
        225.1782859306952,
        426.62890918136185,
        294.4315946140821,
        538.3301059337156,
        858.177229650184,
        529.2226879471791,
        680.26306967366,
        765.0030460459316,
        617.5129789520315,
        61.60789013481457,
        349.5,
        716.6904155648292,
        420.4178763050202,
        628.5443613714783,
        588.1499746496494,
        630.1965480167196,
        763.4127132350266,
        706.4245065537222,
        547.7570551888609,
        323.9240620013207,
        713.3076696484557,
        745.1711576155103,
        312.8365273401283,
        539.2139058537158,
        314.72125757773676,
        771.1310734179457,
        664.5299964129013,
        710.2314581336607,
        786.702206155889,
        415.34807499515875,
        667.8558717399512,
        713.3008928153865,
        116.52873797050063,
        693.1450376905831,
        665.8074744503591,
        835.9463131390343,
        710.4547901528567,
        238.7609150245196,
        733.5430450045396,
        755.7209137377823,
        869.765347571103,
        768.1738880201685,
        781.591620057712,
        702.8123198553255,
        642.5953339101242,
        651.328372212758,
        767.7302578658988,
        697.1426502040224,
        568.0923451202643,
        732.1972755753465,
        464.65436949368745,
        799.4086188982387,
        827.7151558731094,
        109.66619860331912,
        765.1655770487828,
        120.25093801007849,
        660.0258229468654,
        410.82871901535555,
        684.0514640539162,
        462.3313079764615,
        560.9862997138284,
        694.8373366923161,
        118.12239276422162,
        843.6055177795122,
        534.4088623300863,
        663.926279566285,
        751.9866927076672,
        755.7414792496354,
        622.1877614127395,
        690.4006999617816,
        175.67632134418142,
        438.31455841446353,
        378.34363947753343,
        454.7916799334664,
        591.5397275616048,
        697.3625449741671,
        641.6822281416073,
        426.5153386972858,
        462.6280260294751,
        121.39365983711104,
        673.0524307261385,
        825.5208288439261,
        316.3668840961385
    ],
    "recent_successes": [
        1,
        1,
        1,
        1,
        1,
        1,
        1,
        1,
        1,
        1,
        1,
        1,
        1,
        0,
        1,
        1,
        1,
        1,
        1,
        1,
        1,
        1,
        1,
        1,
        1,
        1,
        1,
        1,
        1,
        1,
        1,
        1,
        1,
        1,
        1,
        1,
        1,
        1,
        1,
        1,
        1,
        1,
        1,
        1,
        1,
        1,
        1,
        1,
        1,
        1,
        1,
        1,
        1,
        1,
        1,
        1,
        1,
        1,
        1,
        1,
        1,
        1,
        1,
        1,
        1,
        1,
        1,
        1,
        1,
        1,
        1,
        1,
        1,
        1,
        1,
        1,
        1,
        1,
        1,
        1,
        1,
        1,
        1,
        1,
        1,
        1,
        1,
        1,
        1,
        1,
        1,
        1,
        1,
        1,
        1,
        1,
        1,
        1,
        1,
        1
    ],
    "recent_collisions": [
        0,
        0,
        0,
        0,
        0,
        0,
        0,
        0,
        0,
        0,
        0,
        0,
        0,
        0,
        0,
        0,
        0,
        0,
        0,
        0,
        0,
        0,
        0,
        0,
        0,
        0,
        0,
        0,
        0,
        0,
        0,
        0,
        0,
        0,
        0,
        0,
        0,
        0,
        0,
        0,
        0,
        0,
        0,
        0,
        0,
        0,
        0,
        0,
        0,
        0,
        0,
        0,
        0,
        0,
        0,
        0,
        0,
        0,
        0,
        0,
        0,
        0,
        0,
        0,
        0,
        0,
        0,
        0,
        0,
        0,
        0,
        0,
        0,
        0,
        0,
        0,
        0,
        0,
        0,
        0,
        0,
        0,
        0,
        0,
        0,
        0,
        0,
        0,
        0,
        0,
        0,
        0,
        0,
        0,
        0,
        0,
        0,
        0,
        0,
        0
    ],
    "recent_steps": [
        92,
        105,
        59,
        59,
        76,
        103,
        151,
        62,
        197,
        115,
        141,
        119,
        68,
        45,
        50,
        126,
        49,
        70,
        43,
        211,
        59,
        149,
        55,
        91,
        142,
        89,
        66,
        1,
        111,
        22,
        85,
        75,
        79,
        120,
        110,
        66,
        118,
        100,
        126,
        157,
        134,
        123,
        148,
        96,
        102,
        126,
        32,
        96,
        105,
        69,
        97,
        93,
        166,
        101,
        120,
        116,
        123,
        161,
        124,
        130,
        101,
        94,
        85,
        137,
        100,
        79,
        111,
        48,
        132,
        140,
        55,
        119,
        76,
        94,
        13,
        100,
        47,
        73,
        112,
        85,
        138,
        63,
        128,
        124,
        114,
        85,
        113,
        85,
        164,
        19,
        182,
        78,
        94,
        79,
        26,
        44,
        73,
        98,
        151,
        130
    ],
    "params": {
        "max_episodes": 2500,
        "max_steps": 500,
        "batch_size": 64,
        "learning_rate": 5e-05,
        "gamma": 0.99,
        "initial_epsilon": 0.2,
        "epsilon_decay": 0.998,
        "min_epsilon": 0.02,
        "memory_size": 100000,
        "target_update_freq": 5
    }
}