{
    "episode": 500,
    "best_reward": 1832.2590913355093,
    "best_success_rate": 1.0,
    "recent_rewards": [
        772.6815503418579,
        133.30092890253042,
        634.0446319230117,
        270.71946977914655,
        740.5431121560922,
        553.959770000176,
        46.3547387845004,
        672.144830047399,
        846.9771317838904,
        373.8790034081537,
        646.2545275987413,
        550.536846549619,
        422.04432611173934,
        468.08232696881845,
        820.0367438982322,
        925.7163158742414,
        811.7668576888104,
        755.5971821330297,
        930.3600326306309,
        79.75172768935937,
        1001.5550930091806,
        939.179950479004,
        421.67960546585743,
        511.8511001564326,
        746.134885528394,
        700.2456474766393,
        745.8510399259168,
        292.63909557207927,
        659.1635597849888,
        958.8291182461012,
        752.7961603758444,
        739.0243207525565,
        878.1607240703748,
        419.4556848920271,
        699.8312046290637,
        727.731918128193,
        834.0623183028629,
        945.7751989996722,
        188.83685357762246,
        698.9964847310833,
        715.2955606157635,
        444.9761322054433,
        548.0524939893601,
        1210.1308920535325,
        474.368753201841,
        406.1251656428959,
        657.2918825196041,
        157.8725781821907,
        743.7157063480067,
        500.95589725508444,
        301.80069519983977,
        402.8270856616449,
        110.0677917089215,
        719.6723758619285,
        661.4705418851929,
        663.1018809474767,
        1018.4264398537508,
        593.3228073080113,
        601.765528930576,
        413.3194643094376,
        686.0540387315951,
        812.7952846388146,
        769.2984161262228,
        128.7142510056355,
        737.503934306922,
        790.3229436138391,
        15.974487643067135,
        270.83217107017924,
        760.9355849104061,
        550.6849235469178,
        33.1358595332145,
        795.4605756839662,
        199.41177130636748,
        593.7407453898373,
        750.7903483568318,
        428.1499186726494,
        651.1144969971616,
        765.7062702593313,
        228.01019023218305,
        433.7011790328596,
        587.1832532613039,
        373.3608683798469,
        251.52979712930676,
        126.7971905671683,
        595.2438541047698,
        817.0107774371398,
        572.9769335828976,
        562.5972938865839,
        483.90667870028756,
        742.5721071740666,
        638.2570557110175,
        622.4731211282038,
        161.9369981312419,
        513.4499190754799,
        655.0485693096657,
        483.1415615912998,
        338.65297323063305,
        504.4227404494919,
        679.864736310284,
        672.8859366283941
    ],
    "recent_successes": [
        1,
        1,
        1,
        1,
        1,
        1,
        0,
        1,
        1,
        1,
        1,
        1,
        1,
        1,
        1,
        1,
        1,
        1,
        1,
        1,
        1,
        1,
        1,
        1,
        1,
        1,
        1,
        1,
        1,
        1,
        1,
        1,
        1,
        1,
        1,
        1,
        1,
        1,
        1,
        1,
        1,
        1,
        1,
        1,
        1,
        1,
        1,
        1,
        1,
        1,
        1,
        1,
        1,
        1,
        1,
        1,
        1,
        1,
        1,
        1,
        1,
        1,
        1,
        1,
        1,
        1,
        0,
        1,
        1,
        1,
        0,
        1,
        1,
        1,
        1,
        1,
        1,
        1,
        1,
        1,
        1,
        1,
        1,
        1,
        1,
        1,
        1,
        1,
        1,
        1,
        1,
        1,
        1,
        1,
        1,
        1,
        1,
        1,
        1,
        1
    ],
    "recent_collisions": [
        0,
        0,
        0,
        0,
        0,
        0,
        0,
        0,
        0,
        0,
        0,
        0,
        0,
        0,
        0,
        0,
        0,
        0,
        0,
        0,
        0,
        0,
        0,
        0,
        0,
        0,
        0,
        0,
        0,
        0,
        0,
        0,
        0,
        0,
        0,
        0,
        0,
        0,
        0,
        0,
        0,
        0,
        0,
        0,
        0,
        0,
        0,
        0,
        0,
        0,
        0,
        0,
        0,
        0,
        0,
        0,
        0,
        0,
        0,
        0,
        0,
        0,
        0,
        0,
        0,
        0,
        0,
        0,
        0,
        0,
        0,
        0,
        0,
        0,
        0,
        0,
        0,
        0,
        0,
        0,
        0,
        0,
        0,
        0,
        0,
        0,
        0,
        0,
        0,
        0,
        0,
        0,
        0,
        0,
        0,
        0,
        0,
        0,
        0,
        0
    ],
    "recent_steps": [
        134,
        95,
        99,
        81,
        130,
        65,
        79,
        109,
        184,
        26,
        93,
        66,
        28,
        206,
        140,
        187,
        129,
        152,
        192,
        88,
        247,
        203,
        32,
        52,
        193,
        93,
        151,
        111,
        112,
        216,
        145,
        114,
        201,
        29,
        112,
        104,
        178,
        199,
        123,
        101,
        114,
        30,
        59,
        323,
        171,
        157,
        89,
        94,
        121,
        59,
        126,
        144,
        102,
        103,
        90,
        93,
        226,
        71,
        76,
        20,
        119,
        190,
        153,
        85,
        119,
        251,
        49,
        106,
        126,
        73,
        114,
        138,
        108,
        68,
        136,
        26,
        108,
        141,
        111,
        34,
        78,
        138,
        53,
        133,
        63,
        185,
        78,
        65,
        51,
        114,
        85,
        108,
        109,
        67,
        106,
        47,
        154,
        70,
        85,
        119
    ],
    "params": {
        "max_episodes": 2500,
        "max_steps": 500,
        "batch_size": 64,
        "learning_rate": 5e-05,
        "gamma": 0.99,
        "initial_epsilon": 0.2,
        "epsilon_decay": 0.998,
        "min_epsilon": 0.02,
        "memory_size": 100000,
        "target_update_freq": 5
    }
}