{
    "episode": 600,
    "best_reward": 1832.2590913355093,
    "best_success_rate": 1.0,
    "recent_rewards": [
        683.0068531511752,
        336.7862351208352,
        700.3969994314136,
        635.390794102259,
        729.0961878073166,
        489.83821568089377,
        627.6936667643565,
        768.7108474830607,
        727.1639928977686,
        672.3281207476989,
        368.38768669492833,
        86.90042597502304,
        640.5836948928383,
        727.6845099811703,
        549.037194899773,
        619.4295670261681,
        65.77172019258973,
        125.10138897411377,
        616.444930320555,
        110.8457563872197,
        763.0264724465904,
        516.1263173524591,
        547.0478764186672,
        67.55463731259397,
        62.6036481796032,
        61.683736742154395,
        158.11254085695737,
        722.2264469059572,
        789.3465759101687,
        715.1825964968358,
        855.1677741003394,
        545.1922677853388,
        283.64262410142305,
        946.3559263359334,
        732.1745520006978,
        778.6200869057093,
        722.7928212462225,
        721.7169829811544,
        432.6871635235742,
        46.599988974227756,
        110.13045315069121,
        355.7931807110581,
        344.3102969647576,
        723.3107651192128,
        856.4381408637863,
        607.2047428773039,
        789.1826813737785,
        389.78598388775345,
        456.9834898466016,
        728.9216111139542,
        453.8928504170659,
        428.16447595598913,
        685.0711040880858,
        965.8935090869178,
        1334.9117865183202,
        752.9401441066312,
        682.7427939276032,
        67.37224338217067,
        138.97931480165067,
        394.4068614151602,
        708.4733646033394,
        651.2444794277756,
        623.6804037500399,
        1196.7855496743857,
        10.883074703493122,
        634.8394324695473,
        661.5617974876274,
        377.09884198524765,
        357.5546710911756,
        564.3136412628498,
        596.0332869349114,
        601.0737533507615,
        678.6841420582048,
        464.3185894010813,
        813.232895475254,
        735.315271063419,
        189.22058563320945,
        619.0833078341007,
        41.40590209000155,
        377.9493627913853,
        662.3282166405002,
        702.0505010617419,
        768.0145113463653,
        595.137011427051,
        599.9755233156498,
        622.1880164632098,
        834.3514503189103,
        786.9349067817785,
        736.6806642831182,
        733.5792861171635,
        547.8437436621912,
        874.542745264645,
        516.2107733665748,
        84.78025286605893,
        760.8954983596071,
        722.500016141853,
        688.4636896119134,
        693.6235009151105,
        653.4172664289334,
        637.4364634099177
    ],
    "recent_successes": [
        1,
        1,
        1,
        1,
        1,
        1,
        1,
        1,
        1,
        1,
        1,
        1,
        1,
        1,
        1,
        1,
        1,
        1,
        1,
        1,
        1,
        1,
        1,
        1,
        1,
        1,
        1,
        1,
        1,
        1,
        1,
        1,
        1,
        1,
        1,
        1,
        1,
        1,
        1,
        0,
        1,
        1,
        1,
        1,
        1,
        1,
        1,
        1,
        1,
        1,
        1,
        1,
        1,
        1,
        1,
        1,
        1,
        1,
        1,
        1,
        1,
        1,
        1,
        1,
        0,
        1,
        1,
        1,
        1,
        1,
        1,
        1,
        1,
        1,
        1,
        1,
        1,
        1,
        0,
        1,
        1,
        1,
        1,
        1,
        1,
        1,
        1,
        1,
        1,
        1,
        1,
        1,
        1,
        1,
        1,
        1,
        1,
        1,
        1,
        1
    ],
    "recent_collisions": [
        0,
        0,
        0,
        0,
        0,
        0,
        0,
        0,
        0,
        0,
        0,
        0,
        0,
        0,
        0,
        0,
        0,
        0,
        0,
        0,
        0,
        0,
        0,
        0,
        0,
        0,
        0,
        0,
        0,
        0,
        0,
        0,
        0,
        0,
        0,
        0,
        0,
        0,
        0,
        0,
        0,
        0,
        0,
        0,
        0,
        0,
        0,
        0,
        0,
        0,
        0,
        0,
        0,
        0,
        0,
        0,
        0,
        0,
        0,
        0,
        0,
        0,
        0,
        0,
        0,
        0,
        0,
        0,
        0,
        0,
        0,
        0,
        0,
        0,
        0,
        0,
        0,
        0,
        0,
        0,
        0,
        0,
        0,
        0,
        0,
        0,
        0,
        0,
        0,
        0,
        0,
        0,
        0,
        0,
        0,
        0,
        0,
        0,
        0,
        0
    ],
    "recent_steps": [
        97,
        76,
        131,
        85,
        125,
        39,
        93,
        131,
        132,
        90,
        28,
        84,
        93,
        124,
        65,
        102,
        70,
        73,
        76,
        92,
        120,
        283,
        70,
        60,
        82,
        69,
        67,
        104,
        137,
        109,
        188,
        57,
        120,
        200,
        121,
        160,
        111,
        107,
        31,
        59,
        72,
        141,
        62,
        114,
        170,
        89,
        137,
        30,
        49,
        122,
        90,
        25,
        94,
        218,
        500,
        119,
        96,
        62,
        81,
        11,
        100,
        101,
        78,
        325,
        68,
        107,
        139,
        18,
        97,
        75,
        78,
        71,
        108,
        60,
        150,
        138,
        126,
        105,
        61,
        124,
        98,
        125,
        128,
        97,
        107,
        74,
        180,
        120,
        145,
        141,
        67,
        187,
        59,
        73,
        152,
        108,
        98,
        107,
        92,
        109
    ],
    "params": {
        "max_episodes": 2500,
        "max_steps": 500,
        "batch_size": 64,
        "learning_rate": 5e-05,
        "gamma": 0.99,
        "initial_epsilon": 0.2,
        "epsilon_decay": 0.998,
        "min_epsilon": 0.02,
        "memory_size": 100000,
        "target_update_freq": 5
    }
}