{
    "episode": 2100,
    "best_reward": 1832.2590913355093,
    "best_success_rate": 1.0,
    "recent_rewards": [
        781.711235002889,
        115.27353996719069,
        740.5470524987591,
        659.7126594162671,
        638.2514745975786,
        142.76180509888303,
        675.0961140347592,
        668.9728679763685,
        140.02429514767522,
        718.097939756741,
        34.984068954454216,
        744.0015822453709,
        785.6009538459474,
        739.4356698032896,
        650.0744088247002,
        142.34120140253208,
        797.3179397606068,
        379.2975453868733,
        477.9476842092461,
        64.25455830371578,
        135.57576436365792,
        604.8274552074524,
        583.3107607657258,
        657.8085235185531,
        453.46923453928264,
        764.3741283786393,
        531.5723750288471,
        349.5,
        879.017578307215,
        504.2450399736205,
        381.4388378548905,
        856.5496144955324,
        209.54498904003162,
        654.4751359442645,
        378.77350621308364,
        684.8724242702943,
        656.8934499718198,
        588.9797146561774,
        763.8452146813495,
        562.8207292350821,
        746.9940920326931,
        666.2442988786154,
        593.723607363039,
        400.421943641433,
        432.20497042209115,
        618.9688615111322,
        724.6963531432332,
        515.9282962338981,
        45.81789646001988,
        655.1135918673909,
        602.4473759953352,
        133.14321704616123,
        407.02155202635583,
        781.8839628696753,
        167.2849353000101,
        115.32551095380092,
        101.21986173541869,
        784.411406575903,
        72.81908319360113,
        194.11479370873178,
        76.07905381124374,
        24.574809768798247,
        617.5476306107842,
        587.419044056854,
        678.4009915002944,
        669.1223671050866,
        620.38731147197,
        816.4735858544508,
        446.10334926673386,
        423.80230023131617,
        734.1846759206126,
        426.81013048426735,
        645.3001911937761,
        571.9752420506993,
        137.6416983134954,
        637.1926833101903,
        719.2489114342416,
        750.3071645786888,
        700.7361146483954,
        740.4248625788948,
        782.2679743296237,
        521.680945702795,
        791.4299697299427,
        757.1081089894457,
        738.0805585828872,
        657.6734836537579,
        632.198711461741,
        336.60743304895556,
        634.6292373898411,
        690.767899653056,
        742.7348949849295,
        277.6286780575791,
        543.6158660639392,
        610.766741814172,
        113.14162836326369,
        697.027477631193,
        790.1061003132132,
        640.4088647148338,
        368.4489273856103,
        630.6062306642921
    ],
    "recent_successes": [
        1,
        1,
        1,
        1,
        1,
        1,
        1,
        1,
        1,
        1,
        0,
        1,
        1,
        1,
        1,
        1,
        1,
        1,
        1,
        1,
        1,
        1,
        1,
        1,
        1,
        1,
        1,
        1,
        1,
        1,
        1,
        1,
        1,
        1,
        1,
        1,
        1,
        1,
        1,
        1,
        1,
        1,
        1,
        1,
        1,
        1,
        1,
        1,
        0,
        1,
        1,
        1,
        1,
        1,
        1,
        1,
        1,
        1,
        1,
        1,
        1,
        0,
        1,
        1,
        1,
        1,
        1,
        1,
        1,
        1,
        1,
        1,
        1,
        1,
        1,
        1,
        1,
        1,
        1,
        1,
        1,
        1,
        1,
        1,
        1,
        1,
        1,
        1,
        1,
        1,
        1,
        1,
        1,
        1,
        1,
        1,
        1,
        1,
        1,
        1
    ],
    "recent_collisions": [
        0,
        0,
        0,
        0,
        0,
        0,
        0,
        0,
        0,
        0,
        0,
        0,
        0,
        0,
        0,
        0,
        0,
        0,
        0,
        0,
        0,
        0,
        0,
        0,
        0,
        0,
        0,
        0,
        0,
        0,
        0,
        0,
        0,
        0,
        0,
        0,
        0,
        0,
        0,
        0,
        0,
        0,
        0,
        0,
        0,
        0,
        0,
        0,
        0,
        0,
        0,
        0,
        0,
        0,
        0,
        0,
        0,
        0,
        0,
        0,
        0,
        0,
        0,
        0,
        0,
        0,
        0,
        0,
        0,
        0,
        0,
        0,
        0,
        0,
        0,
        0,
        0,
        0,
        0,
        0,
        0,
        0,
        0,
        0,
        0,
        0,
        0,
        0,
        0,
        0,
        0,
        0,
        0,
        0,
        0,
        0,
        0,
        0,
        0,
        0
    ],
    "recent_steps": [
        134,
        66,
        116,
        90,
        74,
        73,
        89,
        108,
        78,
        115,
        75,
        107,
        139,
        132,
        84,
        71,
        146,
        9,
        54,
        67,
        64,
        88,
        69,
        84,
        152,
        144,
        59,
        1,
        216,
        66,
        23,
        194,
        93,
        105,
        11,
        132,
        100,
        74,
        116,
        57,
        140,
        86,
        78,
        19,
        30,
        80,
        98,
        60,
        59,
        88,
        85,
        92,
        145,
        130,
        81,
        94,
        63,
        130,
        64,
        102,
        68,
        52,
        87,
        76,
        125,
        117,
        79,
        144,
        224,
        34,
        125,
        34,
        120,
        70,
        97,
        86,
        103,
        113,
        123,
        120,
        195,
        82,
        134,
        117,
        160,
        104,
        80,
        134,
        87,
        93,
        106,
        106,
        62,
        70,
        77,
        117,
        144,
        87,
        22,
        77
    ],
    "params": {
        "max_episodes": 2500,
        "max_steps": 500,
        "batch_size": 64,
        "learning_rate": 5e-05,
        "gamma": 0.99,
        "initial_epsilon": 0.2,
        "epsilon_decay": 0.998,
        "min_epsilon": 0.02,
        "memory_size": 100000,
        "target_update_freq": 5
    }
}