{
    "episode": 1900,
    "best_reward": 1832.2590913355093,
    "best_success_rate": 1.0,
    "recent_rewards": [
        683.3859976906072,
        389.9177235425756,
        684.8395196029041,
        629.299972602527,
        716.0346537403337,
        632.3949357450035,
        407.15824531884647,
        933.7283561492236,
        645.4635654212927,
        696.1249549323486,
        596.3978680954866,
        699.637207947154,
        906.4328042864581,
        656.6704014272217,
        614.1626778908835,
        723.0018256261646,
        814.5602043939906,
        283.2266022838445,
        31.295942527564932,
        521.740724641485,
        736.5507707561833,
        793.3367109527137,
        78.66232914784405,
        683.0220245209518,
        102.83862156651301,
        681.797537241315,
        362.2879675344176,
        91.37635319799543,
        620.1713885830197,
        538.6017484571425,
        357.9544465075081,
        398.54465503446323,
        663.621789813925,
        807.1977196526818,
        830.2356747643038,
        846.6726198500941,
        521.9306499869617,
        544.9571444483236,
        618.7104572680712,
        689.319146901267,
        446.5409917432056,
        789.955025695024,
        855.1981831192795,
        976.6296868008445,
        725.9084228549275,
        568.5308437892395,
        656.1366889783799,
        716.8299057280042,
        735.6518513839042,
        111.44857277734872,
        771.25010236372,
        485.73180435925025,
        733.6866605631516,
        901.3428046822952,
        451.85743041341044,
        677.8008274310074,
        482.4658331814745,
        733.1703884632532,
        640.8149390563185,
        644.363876417656,
        653.8485636677738,
        612.2605345832789,
        922.4984254345037,
        791.5913777881215,
        716.0948615195966,
        380.4370444642685,
        402.6256894099979,
        780.0956000208971,
        449.6188625153519,
        585.3075064534509,
        430.6101298209694,
        581.491717762517,
        554.6864040892373,
        588.3932444714924,
        101.83295179441848,
        758.319452467452,
        625.1289613653763,
        889.6594828354248,
        441.29100453252215,
        596.6423629830583,
        503.36180766273145,
        815.8762661313613,
        809.5797983566981,
        742.9933282597556,
        382.5587513236974,
        732.6823581644126,
        733.55731276693,
        598.4533503116206,
        706.3863171167364,
        767.1468820898604,
        612.3135438723086,
        119.96576975551937,
        646.2315525542994,
        702.606952253665,
        783.983093023061,
        633.7731293350269,
        435.1626485256957,
        658.8505995111437,
        668.5274948536895,
        731.8813970072532
    ],
    "recent_successes": [
        1,
        1,
        1,
        1,
        1,
        1,
        1,
        1,
        1,
        1,
        1,
        1,
        1,
        1,
        1,
        1,
        1,
        1,
        0,
        1,
        1,
        1,
        1,
        1,
        1,
        1,
        1,
        1,
        1,
        1,
        1,
        1,
        1,
        1,
        1,
        1,
        1,
        1,
        1,
        1,
        1,
        1,
        1,
        1,
        1,
        1,
        1,
        1,
        1,
        1,
        1,
        1,
        1,
        1,
        1,
        1,
        1,
        1,
        1,
        1,
        1,
        1,
        1,
        1,
        1,
        1,
        1,
        1,
        1,
        1,
        1,
        1,
        1,
        1,
        1,
        1,
        1,
        1,
        1,
        1,
        1,
        1,
        1,
        1,
        1,
        1,
        1,
        1,
        1,
        1,
        1,
        1,
        1,
        1,
        1,
        1,
        1,
        1,
        1,
        1
    ],
    "recent_collisions": [
        0,
        0,
        0,
        0,
        0,
        0,
        0,
        0,
        0,
        0,
        0,
        0,
        0,
        0,
        0,
        0,
        0,
        0,
        0,
        0,
        0,
        0,
        0,
        0,
        0,
        0,
        0,
        0,
        0,
        0,
        0,
        0,
        0,
        0,
        0,
        0,
        0,
        0,
        0,
        0,
        0,
        0,
        0,
        0,
        0,
        0,
        0,
        0,
        0,
        0,
        0,
        0,
        0,
        0,
        0,
        0,
        0,
        0,
        0,
        0,
        0,
        0,
        0,
        0,
        0,
        0,
        0,
        0,
        0,
        0,
        0,
        0,
        0,
        0,
        0,
        0,
        0,
        0,
        0,
        0,
        0,
        0,
        0,
        0,
        0,
        0,
        0,
        0,
        0,
        0,
        0,
        0,
        0,
        0,
        0,
        0,
        0,
        0,
        0,
        0
    ],
    "recent_steps": [
        98,
        143,
        112,
        95,
        108,
        94,
        35,
        208,
        99,
        95,
        75,
        112,
        169,
        89,
        91,
        106,
        184,
        127,
        100,
        147,
        140,
        138,
        78,
        98,
        131,
        95,
        6,
        73,
        78,
        63,
        4,
        11,
        90,
        146,
        152,
        164,
        56,
        71,
        78,
        94,
        156,
        161,
        169,
        190,
        120,
        78,
        85,
        116,
        153,
        79,
        127,
        58,
        105,
        217,
        52,
        101,
        56,
        128,
        160,
        106,
        84,
        101,
        233,
        132,
        134,
        13,
        27,
        141,
        53,
        80,
        28,
        77,
        76,
        63,
        113,
        136,
        72,
        181,
        33,
        102,
        61,
        173,
        159,
        176,
        29,
        121,
        116,
        83,
        100,
        138,
        84,
        67,
        99,
        103,
        134,
        82,
        181,
        93,
        88,
        111
    ],
    "params": {
        "max_episodes": 2500,
        "max_steps": 500,
        "batch_size": 64,
        "learning_rate": 5e-05,
        "gamma": 0.99,
        "initial_epsilon": 0.2,
        "epsilon_decay": 0.998,
        "min_epsilon": 0.02,
        "memory_size": 100000,
        "target_update_freq": 5
    }
}