{
    "episode": 2400,
    "best_reward": 1832.2590913355093,
    "best_success_rate": 1.0,
    "recent_rewards": [
        792.416859975873,
        656.6909258513073,
        607.7890401812307,
        253.429603038945,
        556.4277573461532,
        598.2828738025108,
        924.6477334766694,
        84.93977188822308,
        130.74005345113198,
        661.676147213153,
        705.2759320660424,
        595.4185428234905,
        92.59304289075985,
        854.6910297856892,
        724.161832497743,
        617.8408594263191,
        670.1359429246635,
        646.8543985763097,
        385.3923306514899,
        135.8471648412223,
        349.5,
        127.29829625156611,
        755.0698059717557,
        391.26977341209715,
        729.8034785976396,
        609.3820430215078,
        600.1171945707774,
        614.7176894724016,
        422.36752200206297,
        723.9918028044111,
        737.2311411952717,
        121.71746173897839,
        575.7581929003261,
        669.5023245797404,
        607.0084000604896,
        77.57547876599253,
        589.4235391168817,
        618.8396356027788,
        825.1134249008476,
        638.9758745818272,
        637.7772121129017,
        568.8783994770558,
        504.8271921765864,
        794.112500670942,
        569.3480212542534,
        575.2095182718399,
        656.397698226658,
        425.30110214755433,
        601.872376188269,
        694.2022363610408,
        764.1517771925154,
        614.3235230294531,
        745.6939049924007,
        649.7975694956926,
        114.22164445641425,
        639.0044398333471,
        673.1009233969597,
        638.67087056841,
        748.1504870410881,
        599.4684616313191,
        675.721600146867,
        645.4374438303727,
        756.275279038372,
        762.4672923156895,
        736.680221789276,
        393.759279661751,
        416.3927069211613,
        539.2457677595606,
        667.8027731616431,
        541.297583361333,
        696.4615920066537,
        345.9090035826048,
        382.17551147768694,
        751.8311970092383,
        731.2539561540816,
        513.0433432274007,
        164.86307998976605,
        561.8820467821865,
        774.1500136266202,
        719.0183426701842,
        848.6762169384366,
        148.90182511984312,
        696.9481519691387,
        737.2552053513855,
        646.4250783738395,
        745.0880827614076,
        91.0820501350729,
        676.5794639110168,
        430.1837716238923,
        761.5817637226843,
        702.5507334288798,
        433.49071952570114,
        562.9844659606097,
        203.40999628158067,
        55.8513680366427,
        714.7076325794109,
        91.39418326306728,
        189.9526281883674,
        673.1411670976574,
        76.4785515579558
    ],
    "recent_successes": [
        1,
        1,
        1,
        1,
        1,
        1,
        1,
        1,
        1,
        1,
        1,
        1,
        1,
        1,
        1,
        1,
        1,
        1,
        1,
        1,
        1,
        1,
        1,
        1,
        1,
        1,
        1,
        1,
        1,
        1,
        1,
        1,
        1,
        1,
        1,
        1,
        1,
        1,
        1,
        1,
        1,
        1,
        1,
        1,
        1,
        1,
        1,
        1,
        1,
        1,
        1,
        1,
        1,
        1,
        1,
        1,
        1,
        1,
        1,
        1,
        1,
        1,
        1,
        1,
        1,
        1,
        1,
        1,
        1,
        1,
        1,
        1,
        1,
        1,
        1,
        1,
        1,
        1,
        1,
        1,
        1,
        1,
        1,
        1,
        1,
        1,
        1,
        1,
        1,
        1,
        1,
        1,
        1,
        1,
        1,
        1,
        1,
        1,
        1,
        1
    ],
    "recent_collisions": [
        0,
        0,
        0,
        0,
        0,
        0,
        0,
        0,
        0,
        0,
        0,
        0,
        0,
        0,
        0,
        0,
        0,
        0,
        0,
        0,
        0,
        0,
        0,
        0,
        0,
        0,
        0,
        0,
        0,
        0,
        0,
        0,
        0,
        0,
        0,
        0,
        0,
        0,
        0,
        0,
        0,
        0,
        0,
        0,
        0,
        0,
        0,
        0,
        0,
        0,
        0,
        0,
        0,
        0,
        0,
        0,
        0,
        0,
        0,
        0,
        0,
        0,
        0,
        0,
        0,
        0,
        0,
        0,
        0,
        0,
        0,
        0,
        0,
        0,
        0,
        0,
        0,
        0,
        0,
        0,
        0,
        0,
        0,
        0,
        0,
        0,
        0,
        0,
        0,
        0,
        0,
        0,
        0,
        0,
        0,
        0,
        0,
        0,
        0,
        0
    ],
    "recent_steps": [
        140,
        90,
        90,
        123,
        67,
        80,
        163,
        62,
        78,
        82,
        108,
        79,
        68,
        171,
        115,
        93,
        98,
        84,
        7,
        68,
        1,
        87,
        159,
        37,
        112,
        71,
        87,
        74,
        160,
        112,
        116,
        64,
        66,
        105,
        76,
        59,
        79,
        92,
        160,
        89,
        81,
        68,
        55,
        129,
        81,
        67,
        91,
        37,
        100,
        80,
        151,
        81,
        128,
        95,
        136,
        92,
        93,
        86,
        108,
        83,
        105,
        87,
        121,
        135,
        107,
        13,
        33,
        89,
        89,
        57,
        100,
        36,
        19,
        123,
        107,
        70,
        75,
        64,
        154,
        117,
        146,
        89,
        105,
        128,
        103,
        122,
        64,
        111,
        24,
        117,
        89,
        220,
        61,
        100,
        54,
        101,
        86,
        79,
        94,
        66
    ],
    "params": {
        "max_episodes": 2500,
        "max_steps": 500,
        "batch_size": 64,
        "learning_rate": 5e-05,
        "gamma": 0.99,
        "initial_epsilon": 0.2,
        "epsilon_decay": 0.998,
        "min_epsilon": 0.02,
        "memory_size": 100000,
        "target_update_freq": 5
    }
}