{
    "episode": 1000,
    "best_reward": 1832.2590913355093,
    "best_success_rate": 1.0,
    "recent_rewards": [
        703.521524377599,
        657.1426034021952,
        761.0013954997078,
        904.326694557807,
        863.314658621138,
        686.5715310039518,
        624.0270331857326,
        535.7285498061137,
        711.8091840112611,
        700.7749215503401,
        127.5286181826832,
        678.9749106891328,
        621.5893269382523,
        613.3790065129909,
        652.3350808939025,
        765.1751200205931,
        64.50927448041531,
        748.1740209165484,
        616.0044544153521,
        716.5726668259229,
        731.5860684294132,
        689.0696815409324,
        854.0103300777691,
        421.0688861458176,
        405.6246912541219,
        140.61460489928484,
        428.2309183609423,
        715.8529057878739,
        55.16077507290784,
        593.6294901340431,
        729.8102774877214,
        579.949298024807,
        429.44681745813244,
        732.022186856274,
        567.0122591481411,
        242.55385611218315,
        620.8210423749222,
        629.1646227429753,
        729.4137263469804,
        395.81466928142345,
        674.1766863283613,
        865.2176164672336,
        507.504843157261,
        670.7630873348179,
        743.4533634642244,
        572.1665554687033,
        646.9144846951561,
        722.1729167558373,
        787.0897588554997,
        65.51125856703845,
        418.20192415767934,
        605.5623074564178,
        728.1645192836438,
        688.049529526886,
        405.2330484997508,
        257.8705646516268,
        698.2700048771128,
        792.6938633394151,
        744.6988886128652,
        883.7121624612488,
        1062.0355369341198,
        441.09515160443243,
        638.6175417494815,
        585.6046511702948,
        661.266138209959,
        768.8692019200987,
        718.8472185087044,
        393.24152253267516,
        47.44404856856028,
        723.4118412623517,
        719.5702218734723,
        188.95935583476896,
        626.0176100625765,
        595.442601485316,
        759.679374582226,
        768.3450632662323,
        91.08717827819382,
        718.82476001121,
        41.01348488797794,
        257.39398683364993,
        6.82229632277452,
        589.9192759950196,
        886.1310940785507,
        695.2832191303916,
        695.4338384763955,
        687.8277994865482,
        412.0182715265929,
        488.26403941260173,
        621.4408682750901,
        107.32982865307002,
        627.3014673602785,
        851.0561585253606,
        799.259688416066,
        89.4141189563953,
        38.97605743211858,
        796.5267071941739,
        721.7324658033738,
        78.74998139383621,
        682.4021263727855,
        743.3353468276864
    ],
    "recent_successes": [
        1,
        1,
        1,
        1,
        1,
        1,
        1,
        1,
        1,
        1,
        1,
        1,
        1,
        1,
        1,
        1,
        1,
        1,
        1,
        1,
        1,
        1,
        1,
        1,
        1,
        1,
        1,
        1,
        1,
        1,
        1,
        1,
        1,
        1,
        1,
        1,
        1,
        1,
        1,
        1,
        1,
        1,
        1,
        1,
        1,
        1,
        1,
        1,
        1,
        1,
        1,
        1,
        1,
        1,
        1,
        1,
        1,
        1,
        1,
        1,
        1,
        1,
        1,
        1,
        1,
        1,
        1,
        1,
        0,
        1,
        1,
        1,
        1,
        1,
        1,
        1,
        1,
        1,
        0,
        1,
        0,
        1,
        1,
        1,
        1,
        1,
        1,
        1,
        1,
        1,
        1,
        1,
        1,
        1,
        0,
        1,
        1,
        1,
        1,
        1
    ],
    "recent_collisions": [
        0,
        0,
        0,
        0,
        0,
        0,
        0,
        0,
        0,
        0,
        0,
        0,
        0,
        0,
        0,
        0,
        0,
        0,
        0,
        0,
        0,
        0,
        0,
        0,
        0,
        0,
        0,
        0,
        0,
        0,
        0,
        0,
        0,
        0,
        0,
        0,
        0,
        0,
        0,
        0,
        0,
        0,
        0,
        0,
        0,
        0,
        0,
        0,
        0,
        0,
        0,
        0,
        0,
        0,
        0,
        0,
        0,
        0,
        0,
        0,
        0,
        0,
        0,
        0,
        0,
        0,
        0,
        0,
        0,
        0,
        0,
        0,
        0,
        0,
        0,
        0,
        0,
        0,
        0,
        0,
        0,
        0,
        0,
        0,
        0,
        0,
        0,
        0,
        0,
        0,
        0,
        0,
        0,
        0,
        0,
        0,
        0,
        0,
        0,
        0
    ],
    "recent_steps": [
        95,
        84,
        124,
        157,
        159,
        89,
        82,
        62,
        104,
        100,
        79,
        93,
        104,
        78,
        83,
        120,
        66,
        123,
        80,
        113,
        113,
        95,
        187,
        32,
        35,
        65,
        36,
        134,
        55,
        74,
        109,
        84,
        24,
        145,
        80,
        109,
        76,
        78,
        105,
        22,
        99,
        176,
        54,
        151,
        118,
        71,
        84,
        102,
        124,
        60,
        22,
        76,
        112,
        99,
        28,
        130,
        106,
        115,
        111,
        155,
        210,
        172,
        132,
        87,
        93,
        122,
        127,
        31,
        48,
        105,
        116,
        59,
        83,
        72,
        118,
        121,
        58,
        101,
        54,
        148,
        61,
        79,
        194,
        107,
        121,
        92,
        34,
        47,
        79,
        76,
        89,
        136,
        126,
        71,
        63,
        170,
        99,
        64,
        119,
        108
    ],
    "params": {
        "max_episodes": 2500,
        "max_steps": 500,
        "batch_size": 64,
        "learning_rate": 5e-05,
        "gamma": 0.99,
        "initial_epsilon": 0.2,
        "epsilon_decay": 0.998,
        "min_epsilon": 0.02,
        "memory_size": 100000,
        "target_update_freq": 5
    }
}