{
    "episode": 2200,
    "best_reward": 1832.2590913355093,
    "best_success_rate": 1.0,
    "recent_rewards": [
        755.8017066637706,
        860.8681492765204,
        38.72785742226975,
        701.7337355490305,
        666.4854265712038,
        706.3222965841496,
        757.6642264156359,
        695.0576073609817,
        746.0688400848288,
        226.17964966497254,
        433.5350358904932,
        685.4427281472266,
        681.2745463108395,
        565.777867076898,
        544.6312081683699,
        492.0006476375223,
        443.88638828434625,
        622.7564088512954,
        715.6722844162371,
        590.2065328475529,
        408.9753372977514,
        390.83222729407936,
        660.5407030295096,
        524.2559111679348,
        63.923054902752455,
        715.7597998522249,
        455.68017318627915,
        671.5010188941721,
        651.5621790970258,
        654.9124687326276,
        71.34503887156782,
        665.0802203262122,
        781.6415697590329,
        135.76382378175114,
        672.9480262276157,
        638.69281400048,
        648.8336030434498,
        693.5122338921369,
        462.6116037614207,
        686.1127710169824,
        651.0230485975472,
        758.5268640535999,
        813.6584869963112,
        860.8330762182172,
        785.4660829595787,
        105.06797424566744,
        94.39682606032207,
        736.1574016115181,
        732.2395496366635,
        733.012330260476,
        719.8822206934055,
        581.6485413271096,
        382.78300518965614,
        845.1749207268516,
        676.1509593768263,
        220.63495761862782,
        353.9764781641864,
        222.5372324346422,
        592.4437409293454,
        595.7451341832389,
        691.6565568232306,
        768.1355501062648,
        147.57724071618293,
        91.32984783207775,
        87.66811185492793,
        682.1354307830682,
        652.6298298378962,
        642.4432227533377,
        678.3878470114273,
        673.6255789185489,
        568.1730609148146,
        707.8291362066212,
        821.0857499071536,
        849.3968991625131,
        644.8232404242978,
        756.0394154091157,
        806.9671428957276,
        705.4323556838791,
        631.4177415606583,
        164.8940802116976,
        755.0545550521608,
        479.590320573266,
        767.8995649737509,
        448.81228038366316,
        125.71725351008169,
        70.30284388197401,
        746.8157005908819,
        103.3829943597614,
        390.1793639928274,
        468.8338327739835,
        706.4422107931939,
        718.6214613309342,
        353.8018280306418,
        773.7797449372817,
        696.2541440496249,
        269.0496029440891,
        674.8068658129839,
        664.4094871367091,
        739.0838242064937,
        120.32765808158666
    ],
    "recent_successes": [
        1,
        1,
        0,
        1,
        1,
        1,
        1,
        1,
        1,
        1,
        1,
        1,
        1,
        1,
        1,
        1,
        1,
        1,
        1,
        1,
        1,
        1,
        1,
        1,
        1,
        1,
        1,
        1,
        1,
        1,
        1,
        1,
        1,
        1,
        1,
        1,
        1,
        1,
        1,
        1,
        1,
        1,
        1,
        1,
        1,
        1,
        1,
        1,
        1,
        1,
        1,
        1,
        1,
        1,
        1,
        1,
        1,
        1,
        1,
        1,
        1,
        1,
        1,
        1,
        1,
        1,
        1,
        1,
        1,
        1,
        1,
        1,
        1,
        1,
        1,
        1,
        1,
        1,
        1,
        1,
        1,
        1,
        1,
        1,
        1,
        1,
        1,
        1,
        1,
        1,
        1,
        1,
        1,
        1,
        1,
        1,
        1,
        1,
        1,
        1
    ],
    "recent_collisions": [
        0,
        0,
        0,
        0,
        0,
        0,
        0,
        0,
        0,
        0,
        0,
        0,
        0,
        0,
        0,
        0,
        0,
        0,
        0,
        0,
        0,
        0,
        0,
        0,
        0,
        0,
        0,
        0,
        0,
        0,
        0,
        0,
        0,
        0,
        0,
        0,
        0,
        0,
        0,
        0,
        0,
        0,
        0,
        0,
        0,
        0,
        0,
        0,
        0,
        0,
        0,
        0,
        0,
        0,
        0,
        0,
        0,
        0,
        0,
        0,
        0,
        0,
        0,
        0,
        0,
        0,
        0,
        0,
        0,
        0,
        0,
        0,
        0,
        0,
        0,
        0,
        0,
        0,
        0,
        0,
        0,
        0,
        0,
        0,
        0,
        0,
        0,
        0,
        0,
        0,
        0,
        0,
        0,
        0,
        0,
        0,
        0,
        0,
        0,
        0
    ],
    "recent_steps": [
        119,
        165,
        63,
        105,
        89,
        96,
        123,
        96,
        113,
        127,
        132,
        99,
        119,
        68,
        63,
        51,
        32,
        88,
        106,
        77,
        26,
        15,
        88,
        67,
        69,
        94,
        34,
        87,
        102,
        99,
        78,
        96,
        121,
        81,
        86,
        91,
        85,
        100,
        43,
        113,
        95,
        117,
        132,
        167,
        133,
        79,
        51,
        128,
        120,
        103,
        111,
        72,
        18,
        183,
        104,
        113,
        2,
        92,
        71,
        76,
        87,
        118,
        75,
        94,
        79,
        94,
        80,
        94,
        111,
        107,
        75,
        123,
        135,
        161,
        116,
        116,
        117,
        104,
        86,
        81,
        120,
        41,
        174,
        43,
        96,
        73,
        143,
        72,
        25,
        74,
        169,
        115,
        2,
        121,
        106,
        120,
        124,
        94,
        115,
        91
    ],
    "params": {
        "max_episodes": 2500,
        "max_steps": 500,
        "batch_size": 64,
        "learning_rate": 5e-05,
        "gamma": 0.99,
        "initial_epsilon": 0.2,
        "epsilon_decay": 0.998,
        "min_epsilon": 0.02,
        "memory_size": 100000,
        "target_update_freq": 5
    }
}