{
    "episode": 900,
    "best_reward": 1832.2590913355093,
    "best_success_rate": 1.0,
    "recent_rewards": [
        136.73057797609266,
        758.0739905741934,
        603.2428700713764,
        802.6937599108775,
        705.8453706763692,
        803.2238019245787,
        380.0845016560485,
        771.2866566565341,
        745.3650096997128,
        738.2640843343859,
        586.5526754447126,
        624.5622646403576,
        66.4143094632123,
        864.6335040936513,
        590.2433007291361,
        12.358719849433243,
        751.0540579527134,
        672.224596244221,
        244.6732547343957,
        749.8472086351443,
        300.3102285489693,
        481.09583306660954,
        46.552426925782214,
        418.1876116196253,
        638.6613535245731,
        541.9552098753541,
        735.3180189805339,
        497.50314819173263,
        628.6388473793575,
        624.6993748483676,
        149.31460890688197,
        938.6370644517053,
        496.46003034328135,
        62.75489167338884,
        29.191459318407567,
        532.187253614864,
        68.65056654285075,
        619.1053521560713,
        783.1609491477902,
        190.72362091106908,
        364.3113087323177,
        667.087894976353,
        753.9855818822481,
        1039.810934475753,
        792.5308972537797,
        680.9415178299066,
        74.64535936790298,
        748.1796217100268,
        408.0437352455244,
        710.9301646131347,
        693.8914154408261,
        629.1760014857771,
        678.6265905681033,
        626.9321423892422,
        605.769275474004,
        275.5154548595229,
        797.0319711407788,
        730.1157604931957,
        760.7143932999263,
        148.77292675294717,
        693.6819008629791,
        519.3676048442647,
        22.532811109579256,
        652.2449976302125,
        35.775618723652,
        629.1529865705497,
        688.9701385907726,
        673.5372603512286,
        412.8341480681454,
        759.8964933186485,
        587.19954523942,
        772.5874131626715,
        185.30661358610126,
        756.9896939906126,
        584.8968947628784,
        688.7691458564966,
        519.3159431525693,
        384.1769745775234,
        622.9358878034608,
        622.4070427762333,
        399.0639966304205,
        728.2310456263917,
        681.6277145762316,
        760.7714037763399,
        546.0110147260781,
        820.9964802556956,
        797.5215207726012,
        792.7538616928579,
        700.3338768105118,
        682.6682449536801,
        33.15295713608603,
        984.3329093879723,
        711.5892187796783,
        671.7773555757167,
        497.7306457059396,
        660.5716453444452,
        394.57617613057744,
        138.87145360538625,
        711.2840581155467,
        666.5879146910048
    ],
    "recent_successes": [
        1,
        1,
        1,
        1,
        1,
        1,
        1,
        1,
        1,
        1,
        1,
        1,
        1,
        1,
        1,
        0,
        1,
        1,
        1,
        1,
        1,
        1,
        0,
        1,
        1,
        1,
        1,
        1,
        1,
        1,
        1,
        1,
        1,
        1,
        0,
        1,
        1,
        1,
        1,
        1,
        1,
        1,
        1,
        1,
        1,
        1,
        1,
        1,
        1,
        1,
        1,
        1,
        1,
        1,
        1,
        1,
        1,
        1,
        1,
        1,
        1,
        1,
        0,
        1,
        0,
        1,
        1,
        1,
        1,
        1,
        1,
        1,
        1,
        1,
        1,
        1,
        1,
        1,
        1,
        1,
        1,
        1,
        1,
        1,
        1,
        1,
        1,
        1,
        1,
        1,
        0,
        1,
        1,
        1,
        1,
        1,
        1,
        1,
        1,
        1
    ],
    "recent_collisions": [
        0,
        0,
        0,
        0,
        0,
        0,
        0,
        0,
        0,
        0,
        0,
        0,
        0,
        0,
        0,
        0,
        0,
        0,
        0,
        0,
        0,
        0,
        0,
        0,
        0,
        0,
        0,
        0,
        0,
        0,
        0,
        0,
        0,
        0,
        0,
        0,
        0,
        0,
        0,
        0,
        0,
        0,
        0,
        0,
        0,
        0,
        0,
        0,
        0,
        0,
        0,
        0,
        0,
        0,
        0,
        0,
        0,
        0,
        0,
        0,
        0,
        0,
        0,
        0,
        0,
        0,
        0,
        0,
        0,
        0,
        0,
        0,
        0,
        0,
        0,
        0,
        0,
        0,
        0,
        0,
        0,
        0,
        0,
        0,
        0,
        0,
        0,
        0,
        0,
        0,
        0,
        0,
        0,
        0,
        0,
        0,
        0,
        0,
        0,
        0
    ],
    "recent_steps": [
        72,
        143,
        98,
        131,
        103,
        153,
        166,
        149,
        113,
        104,
        77,
        74,
        67,
        157,
        73,
        54,
        120,
        88,
        132,
        130,
        69,
        41,
        74,
        29,
        126,
        65,
        115,
        70,
        107,
        91,
        75,
        194,
        43,
        53,
        56,
        52,
        63,
        80,
        139,
        99,
        4,
        99,
        124,
        66,
        131,
        165,
        68,
        131,
        15,
        99,
        105,
        93,
        93,
        77,
        84,
        143,
        192,
        160,
        117,
        77,
        199,
        55,
        48,
        154,
        64,
        107,
        103,
        96,
        168,
        121,
        73,
        111,
        109,
        118,
        70,
        108,
        51,
        207,
        78,
        104,
        32,
        113,
        108,
        170,
        89,
        151,
        156,
        132,
        114,
        102,
        48,
        203,
        105,
        156,
        55,
        96,
        50,
        89,
        109,
        106
    ],
    "params": {
        "max_episodes": 2500,
        "max_steps": 500,
        "batch_size": 64,
        "learning_rate": 5e-05,
        "gamma": 0.99,
        "initial_epsilon": 0.2,
        "epsilon_decay": 0.998,
        "min_epsilon": 0.02,
        "memory_size": 100000,
        "target_update_freq": 5
    }
}