{
    "training_time": [
        1.6976687908172607
    ],
    "cpu_usage": [
        32.2
    ],
    "memory_usage": [
        3.5722344810717046
    ],
    "gpu_usage": [
        1.0
    ],
    "gpu_memory": [
        143.0
    ]
}