{
    "episode": 800,
    "best_reward": 2408.646262585695,
    "best_success_rate": 0.85,
    "recent_rewards": [
        2308.0480505608402,
        530.8101386256475,
        348.42349226218437,
        665.8427301043414,
        739.2079311045609,
        702.600856224349,
        904.421565901243,
        2021.3385788344399,
        653.6500375742115,
        760.2518384683516,
        337.1599286917344,
        1416.8383712833022,
        1144.7182616412624,
        537.7752833586406,
        190.14993580897595,
        863.066072442085,
        857.4009779090534,
        1071.3821517628562,
        1296.463503120544,
        699.8423945090433,
        342.41293419980093,
        1708.8055217864303,
        200,
        1394.5576236569675,
        1234.2045507242021,
        856.2640626062316,
        1635.239709520854,
        1469.2801124403939,
        2169.165600391452,
        795.5245827828352,
        1537.3749836601216,
        1698.9952263837497,
        1198.5420713941905,
        479.7081280701054,
        1051.2419121725834,
        243.83574698392516,
        972.2316573468202,
        611.678124789126,
        414.4628923546966,
        1841.4894180280903,
        1471.5319036568703,
        582.4581769933432,
        630.298789126378,
        687.6623280262545,
        760.7345508781444,
        397.3937486880286,
        502.93653788962945,
        560.6512339293704,
        1382.2917411143776,
        1340.3040656798444,
        300.3510405561696,
        1732.7153253801644,
        1839.6670480632786,
        1118.145100175823,
        1876.5538067198984,
        1371.7227499674768,
        1321.0648333117465,
        2331.751765072453,
        1547.8768707525992,
        2089.6646411469665,
        1425.3943737191862,
        1374.8764467986337,
        699.4023029152438,
        1271.3720781670463,
        879.8646072938832,
        553.8809588167861,
        1964.1027293063578,
        575.1159538184625,
        946.9834406091119,
        546.0283947211323,
        1486.3835547374306,
        518.9862636496924,
        838.5742962503631,
        1279.2173451660524,
        449.84824094891303,
        506.728860352471,
        1270.2641121569895,
        830.2758492952887,
        1401.2164301049504,
        1318.360806512799,
        1610.658293358872,
        1730.2345406171128,
        1690.8772352679487,
        711.2285011819719,
        1065.9227806733393,
        990.9121924206438,
        518.7711644652537,
        1232.2293864870267,
        1993.7634048421116,
        2004.6488225838616,
        1290.7523996772004,
        603.9040257661254,
        1190.2841813630994,
        823.1361224009745,
        583.4068703334907,
        2007.7954774322009,
        603.2487911823823,
        326.0447308733292,
        674.3273307110373,
        552.2527068219667
    ],
    "recent_successes": [
        1,
        0,
        0,
        0,
        0,
        1,
        1,
        1,
        1,
        1,
        0,
        1,
        1,
        0,
        0,
        0,
        0,
        1,
        1,
        0,
        0,
        1,
        1,
        1,
        1,
        0,
        1,
        1,
        1,
        0,
        1,
        1,
        1,
        1,
        1,
        0,
        0,
        0,
        0,
        1,
        1,
        0,
        0,
        0,
        1,
        0,
        0,
        0,
        1,
        1,
        0,
        1,
        1,
        1,
        1,
        1,
        1,
        1,
        1,
        1,
        1,
        1,
        0,
        1,
        1,
        0,
        1,
        0,
        1,
        0,
        1,
        0,
        1,
        1,
        0,
        1,
        1,
        0,
        1,
        1,
        1,
        1,
        1,
        1,
        1,
        1,
        0,
        1,
        1,
        1,
        1,
        1,
        1,
        1,
        0,
        1,
        0,
        0,
        1,
        0
    ],
    "recent_collisions": [
        0,
        1,
        1,
        1,
        1,
        0,
        0,
        0,
        0,
        0,
        1,
        0,
        0,
        1,
        1,
        1,
        1,
        0,
        0,
        1,
        1,
        0,
        0,
        0,
        0,
        1,
        0,
        0,
        0,
        1,
        0,
        0,
        0,
        0,
        0,
        1,
        1,
        1,
        1,
        0,
        0,
        1,
        1,
        1,
        0,
        1,
        1,
        1,
        0,
        0,
        1,
        0,
        0,
        0,
        0,
        0,
        0,
        0,
        0,
        0,
        0,
        0,
        1,
        0,
        0,
        1,
        0,
        1,
        0,
        1,
        0,
        1,
        0,
        0,
        1,
        0,
        0,
        1,
        0,
        0,
        0,
        0,
        0,
        0,
        0,
        0,
        1,
        0,
        0,
        0,
        0,
        0,
        0,
        0,
        1,
        0,
        1,
        1,
        0,
        1
    ],
    "recent_steps": [
        260,
        89,
        61,
        101,
        110,
        59,
        101,
        224,
        64,
        68,
        62,
        145,
        111,
        94,
        41,
        122,
        121,
        113,
        137,
        105,
        78,
        192,
        1,
        144,
        134,
        124,
        172,
        161,
        232,
        119,
        161,
        182,
        128,
        38,
        112,
        59,
        144,
        94,
        74,
        196,
        155,
        95,
        96,
        105,
        66,
        72,
        75,
        98,
        139,
        139,
        63,
        203,
        196,
        117,
        217,
        151,
        133,
        257,
        168,
        243,
        159,
        142,
        107,
        120,
        101,
        97,
        211,
        95,
        93,
        84,
        152,
        78,
        80,
        138,
        74,
        41,
        150,
        126,
        152,
        147,
        178,
        189,
        183,
        67,
        106,
        93,
        78,
        133,
        228,
        242,
        140,
        45,
        118,
        80,
        105,
        245,
        104,
        65,
        63,
        86
    ],
    "params": {
        "max_episodes": 2000,
        "max_steps": 500,
        "batch_size": 64,
        "learning_rate": 5e-05,
        "gamma": 0.99,
        "initial_epsilon": 1.0,
        "epsilon_decay": 0.995,
        "min_epsilon": 0.05,
        "memory_size": 100000,
        "target_update_freq": 10,
        "checkpoint_freq": 100,
        "resource_monitor_freq": 10
    },
    "resource_summary": "Training Time: 3:53:21\nAvg CPU Usage: 42.6%\nAvg Memory Usage: 5.5%\nAvg GPU Usage: 1.9%\nAvg GPU Memory: 189.4MB"
}