{
    "episode": 1100,
    "best_reward": 2410.567723219079,
    "best_success_rate": 0.9,
    "recent_rewards": [
        1493.7364235734972,
        1701.3391940772474,
        1213.629771859945,
        463.57531443387467,
        1717.600835837749,
        1551.647912565575,
        1033.0042003987564,
        1667.6209060650156,
        778.4808813646498,
        670.5507712496078,
        1643.9520735661717,
        213.50440147702784,
        2128.0379318409814,
        718.4385808715306,
        1732.275166475512,
        322.82110925141234,
        1381.662679547673,
        857.6107076015796,
        1640.5004235108722,
        1593.0528896141584,
        801.3457449877812,
        767.7680358307407,
        584.5211328415388,
        666.5183974432399,
        1335.9777125342882,
        1642.9847201611406,
        701.7783340757586,
        707.2252457083076,
        691.5364069388752,
        2410.567723219079,
        663.5241660826891,
        702.5879209619052,
        2142.641652846949,
        1451.4034118856566,
        2050.81182622317,
        487.73447405337856,
        453.0637469427096,
        1114.6507323209967,
        1456.3216485262865,
        342.5598363228538,
        423.9980744491261,
        1465.4128044543993,
        1075.8539218791557,
        657.4618452377035,
        565.0838686359518,
        648.5148419550178,
        1610.0621632054674,
        2255.6045317087496,
        649.5711315671776,
        1121.5969130749875,
        965.5766817220148,
        1801.2243571198208,
        410.2021006041401,
        732.298230882271,
        831.6419661523435,
        1225.8095113776392,
        1409.9697296353224,
        743.4087852172281,
        1322.4498709235295,
        309.79276977051376,
        770.1343558633378,
        634.0324060362741,
        1387.907294324532,
        2199.5481581525955,
        725.0333377478962,
        1510.1816426088571,
        732.2370634808831,
        671.7607210937092,
        1635.6680083314575,
        1982.326897976233,
        1207.8704574133546,
        561.982556428167,
        616.3743198335305,
        697.8162995019808,
        1173.3148766300985,
        985.31555113546,
        1512.656758297238,
        1337.2003797245561,
        824.3576170691866,
        426.2377408329638,
        443.0803665594949,
        790.5212525564793,
        841.1706891428257,
        552.2423060261276,
        1492.323187042184,
        2297.6854583082636,
        1407.1891608372362,
        1365.1335175476295,
        680.5400837817318,
        633.6914983173339,
        777.8857087209517,
        2028.1377309740321,
        1123.0567759155267,
        449.8363338500401,
        651.9107314468728,
        1246.2722600207137,
        2309.426090504898,
        882.6597276627301,
        400.66156114419766,
        1986.4923431740474
    ],
    "recent_successes": [
        1,
        1,
        1,
        1,
        1,
        1,
        1,
        1,
        0,
        0,
        1,
        0,
        1,
        0,
        1,
        0,
        1,
        0,
        1,
        1,
        0,
        1,
        1,
        1,
        1,
        1,
        0,
        0,
        1,
        1,
        1,
        1,
        1,
        1,
        1,
        0,
        1,
        1,
        1,
        1,
        0,
        1,
        1,
        1,
        0,
        1,
        1,
        1,
        1,
        1,
        1,
        1,
        0,
        0,
        0,
        1,
        1,
        0,
        1,
        0,
        0,
        0,
        1,
        1,
        0,
        1,
        1,
        0,
        1,
        1,
        1,
        0,
        1,
        0,
        1,
        1,
        1,
        1,
        0,
        0,
        0,
        0,
        0,
        0,
        1,
        1,
        1,
        1,
        0,
        0,
        0,
        1,
        1,
        0,
        0,
        1,
        1,
        1,
        1,
        1
    ],
    "recent_collisions": [
        0,
        0,
        0,
        0,
        0,
        0,
        0,
        0,
        1,
        1,
        0,
        1,
        0,
        1,
        0,
        1,
        0,
        1,
        0,
        0,
        1,
        0,
        0,
        0,
        0,
        0,
        1,
        1,
        0,
        0,
        0,
        0,
        0,
        0,
        0,
        1,
        0,
        0,
        0,
        0,
        1,
        0,
        0,
        0,
        1,
        0,
        0,
        0,
        0,
        0,
        0,
        0,
        1,
        1,
        1,
        0,
        0,
        1,
        0,
        1,
        1,
        1,
        0,
        0,
        1,
        0,
        0,
        1,
        0,
        0,
        0,
        1,
        0,
        1,
        0,
        0,
        0,
        0,
        1,
        1,
        1,
        1,
        1,
        1,
        0,
        0,
        0,
        0,
        1,
        1,
        1,
        0,
        0,
        1,
        1,
        0,
        0,
        0,
        0,
        0
    ],
    "recent_steps": [
        174,
        181,
        126,
        38,
        190,
        168,
        100,
        179,
        120,
        124,
        191,
        43,
        251,
        141,
        187,
        56,
        161,
        134,
        205,
        187,
        133,
        74,
        49,
        56,
        155,
        211,
        108,
        114,
        71,
        290,
        57,
        69,
        261,
        172,
        245,
        90,
        32,
        105,
        151,
        25,
        72,
        174,
        118,
        61,
        111,
        64,
        205,
        265,
        53,
        122,
        96,
        189,
        65,
        120,
        129,
        135,
        161,
        119,
        146,
        55,
        110,
        100,
        157,
        267,
        119,
        168,
        68,
        110,
        194,
        239,
        131,
        97,
        53,
        112,
        111,
        101,
        171,
        153,
        121,
        68,
        70,
        117,
        125,
        90,
        155,
        265,
        150,
        145,
        102,
        108,
        116,
        239,
        117,
        77,
        121,
        131,
        274,
        89,
        35,
        288
    ],
    "params": {
        "max_episodes": 2000,
        "max_steps": 500,
        "batch_size": 64,
        "learning_rate": 5e-05,
        "gamma": 0.99,
        "initial_epsilon": 1.0,
        "epsilon_decay": 0.995,
        "min_epsilon": 0.05,
        "memory_size": 100000,
        "target_update_freq": 10,
        "checkpoint_freq": 100,
        "resource_monitor_freq": 10
    },
    "resource_summary": "Training Time: 5:29:28\nAvg CPU Usage: 42.6%\nAvg Memory Usage: 5.6%\nAvg GPU Usage: 1.9%\nAvg GPU Memory: 189.6MB"
}