{
    "episode": 1000,
    "best_reward": 2408.646262585695,
    "best_success_rate": 0.85,
    "recent_rewards": [
        735.3951482982268,
        578.1380294576371,
        1144.376822584945,
        1835.2580766046,
        1552.6214536005575,
        651.8757769868325,
        465.1354395954304,
        590.7441047878526,
        499.0057746656771,
        1114.1607046627641,
        1329.9524848432773,
        1824.0016235570145,
        1647.9446223105851,
        611.6396154484127,
        1273.1225676596825,
        1461.117830614302,
        1686.6452068078456,
        892.7814174289986,
        567.1341905940761,
        739.800354313861,
        1788.483610976275,
        314.9224157612658,
        452.9317861655374,
        1215.5816182897775,
        564.881723815834,
        490.17815816140103,
        776.4396764467864,
        423.0945389675999,
        573.0660233819048,
        2073.8445918404973,
        1384.3479235906145,
        564.790785989215,
        846.1749739355763,
        831.5663805041343,
        1782.662065402822,
        209.4526101045156,
        1266.6256017922346,
        1319.317575702389,
        466.232771222908,
        1721.4325132615554,
        475.6050384631409,
        685.603195664894,
        1048.0361206436346,
        1957.4969045307782,
        1246.424551950885,
        957.4235978955222,
        433.49035094690345,
        1261.2247014735974,
        1581.1707145834994,
        578.2253276857957,
        1921.0152581710656,
        423.6692802529859,
        2166.8953466869266,
        710.0856969235355,
        1693.7083834966647,
        388.6628434892999,
        1229.6958125066385,
        773.348503280414,
        2115.4048446653587,
        894.9979313060259,
        557.6082684391093,
        321.1183470410719,
        1899.69103003003,
        728.1469031251572,
        938.790595175796,
        746.5847002657837,
        578.3636861955359,
        229.17825729770834,
        1386.5936924351204,
        1477.2022244580933,
        952.553614356527,
        587.2979010744766,
        364.94886432207045,
        909.2830932389227,
        846.0676207604157,
        1847.2084640563996,
        1104.9650579396045,
        662.3084521460778,
        1468.8204767588788,
        1565.9291069218586,
        1399.999973210997,
        461.9650044727132,
        654.1691173246746,
        843.9294744760534,
        436.3467615691278,
        977.226887587164,
        1538.5957598514678,
        549.1059448038902,
        933.4835578806733,
        1966.9141335722875,
        200,
        323.3869949816091,
        1787.0517211754918,
        1516.0963449304545,
        1382.9623948857839,
        1362.855149230526,
        1365.7096571888885,
        1978.9667386184617,
        1431.4478223356875,
        1314.428406178851
    ],
    "recent_successes": [
        1,
        0,
        1,
        1,
        1,
        0,
        0,
        0,
        0,
        1,
        1,
        1,
        1,
        0,
        1,
        1,
        1,
        1,
        0,
        0,
        1,
        1,
        1,
        1,
        1,
        0,
        0,
        1,
        0,
        1,
        1,
        1,
        1,
        0,
        1,
        0,
        1,
        1,
        0,
        1,
        1,
        0,
        1,
        1,
        1,
        1,
        1,
        1,
        1,
        0,
        1,
        0,
        1,
        1,
        1,
        0,
        1,
        0,
        1,
        1,
        0,
        1,
        1,
        1,
        1,
        1,
        0,
        1,
        1,
        1,
        1,
        0,
        1,
        0,
        0,
        1,
        1,
        1,
        1,
        1,
        1,
        1,
        0,
        0,
        0,
        1,
        1,
        0,
        0,
        1,
        1,
        0,
        1,
        1,
        1,
        1,
        1,
        1,
        1,
        1
    ],
    "recent_collisions": [
        0,
        1,
        0,
        0,
        0,
        1,
        1,
        1,
        1,
        0,
        0,
        0,
        0,
        1,
        0,
        0,
        0,
        0,
        1,
        1,
        0,
        0,
        0,
        0,
        0,
        1,
        1,
        0,
        1,
        0,
        0,
        0,
        0,
        1,
        0,
        1,
        0,
        0,
        1,
        0,
        0,
        1,
        0,
        0,
        0,
        0,
        0,
        0,
        0,
        1,
        0,
        1,
        0,
        0,
        0,
        1,
        0,
        1,
        0,
        0,
        1,
        0,
        0,
        0,
        0,
        0,
        1,
        0,
        0,
        0,
        0,
        1,
        0,
        1,
        1,
        0,
        0,
        0,
        0,
        0,
        0,
        0,
        1,
        1,
        1,
        0,
        0,
        1,
        1,
        0,
        0,
        1,
        0,
        0,
        0,
        0,
        0,
        0,
        0,
        0
    ],
    "recent_steps": [
        69,
        93,
        124,
        217,
        166,
        101,
        78,
        94,
        83,
        116,
        137,
        197,
        182,
        96,
        139,
        163,
        193,
        95,
        92,
        110,
        201,
        13,
        34,
        126,
        53,
        92,
        129,
        34,
        90,
        255,
        162,
        46,
        80,
        125,
        226,
        49,
        129,
        153,
        87,
        201,
        38,
        105,
        107,
        233,
        129,
        103,
        34,
        131,
        179,
        99,
        227,
        70,
        248,
        70,
        199,
        72,
        130,
        119,
        263,
        92,
        90,
        19,
        218,
        65,
        94,
        71,
        93,
        4,
        145,
        163,
        104,
        90,
        19,
        134,
        138,
        202,
        125,
        54,
        157,
        165,
        144,
        36,
        103,
        123,
        83,
        91,
        162,
        89,
        131,
        226,
        1,
        62,
        213,
        167,
        148,
        145,
        152,
        214,
        156,
        147
    ],
    "params": {
        "max_episodes": 2000,
        "max_steps": 500,
        "batch_size": 64,
        "learning_rate": 5e-05,
        "gamma": 0.99,
        "initial_epsilon": 1.0,
        "epsilon_decay": 0.995,
        "min_epsilon": 0.05,
        "memory_size": 100000,
        "target_update_freq": 10,
        "checkpoint_freq": 100,
        "resource_monitor_freq": 10
    },
    "resource_summary": "Training Time: 4:55:07\nAvg CPU Usage: 42.6%\nAvg Memory Usage: 5.5%\nAvg GPU Usage: 1.9%\nAvg GPU Memory: 189.5MB"
}