{
    "episode": 1200,
    "best_reward": 2810.043296713773,
    "best_success_rate": 0.9,
    "recent_rewards": [
        2351.697865574801,
        810.952319131998,
        303.91931848971007,
        1738.8077527598784,
        1118.282276912223,
        715.190178541353,
        657.5863161122024,
        1561.5270691025114,
        1380.6045212204222,
        2081.5016504607797,
        830.3950706802785,
        200,
        925.0870736343056,
        840.9796684444083,
        588.7053119248507,
        1301.3908205571452,
        400.10408932330085,
        514.8113647215923,
        1409.8634175770812,
        356.235553132664,
        576.9884206705889,
        818.7137428442916,
        1562.2789042835418,
        516.7359373256404,
        1405.2927438632223,
        1714.386169200431,
        932.9220787712053,
        243.6088090185347,
        501.2899068352681,
        1882.8773331301813,
        2810.043296713773,
        374.52097184286265,
        410.932894985898,
        2140.170425284556,
        1781.3842558528852,
        949.2722437860161,
        321.2615129300687,
        962.7427077977909,
        459.40408334930464,
        741.6297092851861,
        725.4994761938029,
        896.0525716080233,
        644.1511097974661,
        1795.057021214464,
        1023.7881900796237,
        675.3840081377181,
        524.706641086501,
        620.6074667896517,
        528.206303240932,
        2369.8994716306925,
        1393.1542250733512,
        397.904488970506,
        423.0238436431647,
        1769.4725284276922,
        733.8100921879026,
        1840.1847460889828,
        851.3705609324811,
        1457.452551517012,
        1400.58413731486,
        1209.3951818582764,
        2234.567412324011,
        1406.847536282315,
        575.5236241768013,
        1144.3958348489837,
        1185.1388500605635,
        213.1420236434151,
        699.4365631182393,
        487.66256480350546,
        387.3812825883125,
        543.6326048032424,
        1283.7582677619132,
        759.1510420406814,
        598.3307643557409,
        1949.1572103674655,
        572.5182788673927,
        732.3663821593752,
        1234.2192920594334,
        529.6336410354234,
        785.9000878623859,
        646.3263368286188,
        637.2817428014738,
        1929.2213392056824,
        785.0142887874923,
        639.2570972209716,
        706.106701846149,
        1808.4200253384474,
        340.37572616272195,
        699.124300408907,
        1427.5281757098483,
        528.8206050117258,
        704.1549986670632,
        2134.4644298753255,
        667.2701960135182,
        1817.4955368774893,
        666.4149466931225,
        1317.0456354379803,
        2640.910706174619,
        1916.0734360914125,
        1912.6285709045026,
        562.4195163096447
    ],
    "recent_successes": [
        1,
        1,
        1,
        1,
        1,
        0,
        0,
        1,
        1,
        1,
        0,
        1,
        1,
        0,
        1,
        1,
        0,
        0,
        1,
        1,
        1,
        1,
        1,
        0,
        1,
        1,
        1,
        1,
        0,
        1,
        1,
        0,
        0,
        1,
        1,
        1,
        1,
        1,
        0,
        0,
        1,
        1,
        1,
        1,
        1,
        1,
        0,
        0,
        0,
        1,
        1,
        0,
        0,
        1,
        1,
        1,
        0,
        1,
        1,
        1,
        1,
        1,
        0,
        1,
        1,
        0,
        1,
        0,
        1,
        0,
        1,
        0,
        0,
        1,
        0,
        0,
        1,
        0,
        0,
        0,
        0,
        1,
        1,
        0,
        0,
        1,
        0,
        1,
        1,
        1,
        0,
        1,
        1,
        1,
        0,
        1,
        1,
        1,
        1,
        0
    ],
    "recent_collisions": [
        0,
        0,
        0,
        0,
        0,
        1,
        1,
        0,
        0,
        0,
        1,
        0,
        0,
        1,
        0,
        0,
        1,
        1,
        0,
        0,
        0,
        0,
        0,
        1,
        0,
        0,
        0,
        0,
        1,
        0,
        0,
        1,
        1,
        0,
        0,
        0,
        0,
        0,
        1,
        1,
        0,
        0,
        0,
        0,
        0,
        0,
        1,
        1,
        1,
        0,
        0,
        1,
        1,
        0,
        0,
        0,
        1,
        0,
        0,
        0,
        0,
        0,
        1,
        0,
        0,
        1,
        0,
        1,
        0,
        1,
        0,
        1,
        1,
        0,
        1,
        1,
        0,
        1,
        1,
        1,
        1,
        0,
        0,
        1,
        1,
        0,
        1,
        0,
        0,
        0,
        1,
        0,
        0,
        0,
        1,
        0,
        0,
        0,
        0,
        1
    ],
    "recent_steps": [
        281,
        73,
        12,
        194,
        117,
        105,
        106,
        168,
        154,
        247,
        118,
        1,
        95,
        128,
        48,
        159,
        84,
        88,
        170,
        18,
        53,
        75,
        179,
        122,
        157,
        198,
        100,
        6,
        90,
        247,
        394,
        102,
        87,
        245,
        204,
        92,
        16,
        94,
        88,
        121,
        73,
        94,
        55,
        204,
        100,
        71,
        105,
        106,
        104,
        267,
        159,
        84,
        94,
        234,
        59,
        198,
        127,
        153,
        169,
        120,
        265,
        159,
        115,
        122,
        130,
        56,
        58,
        76,
        29,
        96,
        148,
        129,
        108,
        245,
        109,
        112,
        128,
        84,
        122,
        105,
        92,
        211,
        66,
        105,
        108,
        185,
        97,
        67,
        147,
        42,
        99,
        256,
        55,
        224,
        100,
        131,
        309,
        226,
        223,
        103
    ],
    "params": {
        "max_episodes": 2000,
        "max_steps": 500,
        "batch_size": 64,
        "learning_rate": 5e-05,
        "gamma": 0.99,
        "initial_epsilon": 1.0,
        "epsilon_decay": 0.995,
        "min_epsilon": 0.05,
        "memory_size": 100000,
        "target_update_freq": 10,
        "checkpoint_freq": 100,
        "resource_monitor_freq": 10
    },
    "resource_summary": "Training Time: 6:02:47\nAvg CPU Usage: 42.7%\nAvg Memory Usage: 5.6%\nAvg GPU Usage: 1.9%\nAvg GPU Memory: 189.6MB"
}