{
    "episode": 400,
    "best_reward": 2095.800850028726,
    "best_success_rate": 0.85,
    "recent_rewards": [
        433.9981278316436,
        590.2265793281151,
        1156.2350784348546,
        1335.00830597094,
        236.89805196097723,
        276.39524433644004,
        125.70782695340006,
        467.0848379656794,
        697.0525792758996,
        464.6001012028994,
        598.7989470650693,
        545.1231176933102,
        1894.6497730334877,
        1198.967582074783,
        203.40317095180865,
        1853.2332266010562,
        622.6067461574662,
        1168.9622007288135,
        255.50723730967997,
        693.6596771034888,
        277.7972535973173,
        961.1489220836378,
        432.03065598849355,
        1364.4873395434904,
        1372.6882335649577,
        1539.5937005140593,
        588.8188535516141,
        484.6623914632949,
        746.4808297500226,
        730.5254661398352,
        265.41324227998217,
        302.3800819516801,
        1296.4801510192472,
        1373.8298390095608,
        451.79167783330274,
        402.59083780624394,
        1431.112133251875,
        162.8547560794462,
        1355.8729606907632,
        1047.7599858825133,
        182.79598552707978,
        464.81812196080045,
        785.1601176566525,
        713.4246584938512,
        1600.5353048151744,
        350.44106808395276,
        1613.678692492368,
        351.85268378241693,
        1312.7594935933823,
        459.1886433531248,
        1106.592582037114,
        174.66994187018196,
        1187.1862247953486,
        520.9701641315224,
        1559.6984871526413,
        377.82041102205915,
        2095.052742843237,
        508.87518102996717,
        1634.6299273014122,
        185.05435574377702,
        440.42704030381856,
        243.25863740966378,
        1160.023616244755,
        504.62472577807887,
        422.5831054485558,
        1539.5501221959912,
        1173.449945526047,
        1290.5481829287971,
        1448.4767650579481,
        1766.4339155491427,
        1501.783944300567,
        1428.369812019358,
        420.19041743315984,
        290.6081671101762,
        710.3359445415927,
        830.8724584827505,
        326.66964487615223,
        1254.761462540166,
        1100.714486368859,
        458.6075396007269,
        424.55305378645755,
        265.94176855804875,
        379.05890253654115,
        281.8945237840117,
        299.7728062949549,
        864.1519290596787,
        406.9228425226405,
        410.10468467965813,
        420.5381666762669,
        581.8612365076589,
        399.1094581764088,
        588.1310383932232,
        456.6035277466042,
        535.9609274369184,
        711.6873252292946,
        1413.0362742400498,
        1260.6123382595424,
        1744.368643458912,
        235.86112858909337,
        180.39778984701599
    ],
    "recent_successes": [
        0,
        1,
        1,
        1,
        0,
        0,
        0,
        0,
        1,
        0,
        0,
        1,
        1,
        1,
        0,
        1,
        0,
        1,
        0,
        1,
        0,
        1,
        0,
        1,
        1,
        1,
        0,
        1,
        1,
        1,
        0,
        0,
        1,
        1,
        0,
        0,
        1,
        0,
        1,
        1,
        0,
        1,
        1,
        1,
        1,
        0,
        1,
        0,
        1,
        0,
        1,
        0,
        1,
        0,
        1,
        1,
        1,
        0,
        1,
        0,
        0,
        0,
        1,
        0,
        0,
        1,
        1,
        1,
        1,
        1,
        1,
        1,
        0,
        0,
        1,
        1,
        0,
        1,
        1,
        1,
        0,
        0,
        0,
        0,
        0,
        1,
        0,
        0,
        0,
        0,
        0,
        0,
        0,
        0,
        1,
        1,
        1,
        1,
        0,
        0
    ],
    "recent_collisions": [
        1,
        0,
        0,
        0,
        1,
        1,
        1,
        1,
        0,
        1,
        1,
        0,
        0,
        0,
        1,
        0,
        1,
        0,
        1,
        0,
        1,
        0,
        1,
        0,
        0,
        0,
        1,
        0,
        0,
        0,
        1,
        1,
        0,
        0,
        1,
        1,
        0,
        1,
        0,
        0,
        1,
        0,
        0,
        0,
        0,
        1,
        0,
        1,
        0,
        1,
        0,
        1,
        0,
        1,
        0,
        0,
        0,
        1,
        0,
        1,
        1,
        1,
        0,
        1,
        1,
        0,
        0,
        0,
        0,
        0,
        0,
        0,
        1,
        1,
        0,
        0,
        1,
        0,
        0,
        0,
        1,
        1,
        1,
        1,
        1,
        0,
        1,
        1,
        1,
        1,
        1,
        1,
        1,
        1,
        0,
        0,
        0,
        0,
        1,
        1
    ],
    "recent_steps": [
        79,
        56,
        129,
        151,
        46,
        58,
        37,
        80,
        68,
        82,
        100,
        55,
        221,
        137,
        50,
        218,
        99,
        125,
        47,
        64,
        53,
        97,
        82,
        156,
        153,
        171,
        94,
        41,
        65,
        74,
        52,
        60,
        143,
        149,
        81,
        78,
        160,
        41,
        168,
        119,
        41,
        37,
        73,
        58,
        185,
        67,
        175,
        67,
        141,
        84,
        124,
        45,
        130,
        86,
        176,
        24,
        252,
        97,
        183,
        52,
        87,
        59,
        123,
        88,
        76,
        185,
        123,
        150,
        170,
        217,
        185,
        167,
        79,
        60,
        59,
        78,
        59,
        138,
        123,
        38,
        88,
        70,
        70,
        60,
        60,
        96,
        65,
        68,
        68,
        94,
        79,
        95,
        75,
        92,
        70,
        168,
        146,
        198,
        49,
        47
    ],
    "params": {
        "max_episodes": 2000,
        "max_steps": 500,
        "batch_size": 64,
        "learning_rate": 5e-05,
        "gamma": 0.99,
        "initial_epsilon": 1.0,
        "epsilon_decay": 0.995,
        "min_epsilon": 0.05,
        "memory_size": 100000,
        "target_update_freq": 10,
        "checkpoint_freq": 100,
        "resource_monitor_freq": 10
    },
    "resource_summary": "Training Time: 1:57:56\nAvg CPU Usage: 42.2%\nAvg Memory Usage: 5.4%\nAvg GPU Usage: 1.8%\nAvg GPU Memory: 188.8MB"
}