{
    "episode": 100,
    "best_reward": 2095.800850028726,
    "best_success_rate": 0.65,
    "recent_rewards": [
        37.56276975153665,
        355.42365893903093,
        820.9941474174564,
        978.2372387903431,
        -8.492380615868342,
        250.8599784129106,
        391.95866710191115,
        191.57817902846324,
        187.31314937144356,
        108.89121625675955,
        157.80206481809472,
        37.8740790861479,
        53.270224893212855,
        -33.128101141408564,
        55.198294447591394,
        251.95193536598833,
        167.0675956253686,
        61.65274282350799,
        110.0514880645519,
        -13.80434273295316,
        93.01759523651367,
        132.1191773235194,
        167.36102075456364,
        95.36856028643504,
        27.412806421240504,
        222.63548377077404,
        51.1610440479657,
        36.46628495041375,
        137.8873280573212,
        271.8496366037875,
        81.17220609278752,
        138.25895052112753,
        59.42102548852944,
        289.33735088123467,
        111.69769183383386,
        233.7956083169605,
        493.9831899249732,
        227.62853592911028,
        85.77613793286383,
        590.8432951082826,
        143.18323264604396,
        108.6529378110298,
        1170.7669727089233,
        146.61136096136272,
        1067.1110145541945,
        68.30256774799133,
        100.65425720386776,
        75.25071312566774,
        2095.800850028726,
        1054.2664263816898,
        193.70670473656878,
        158.3468777629405,
        183.8756508731566,
        1786.3582678391822,
        90.40637274529234,
        631.9363658143627,
        491.5742550565975,
        583.6382671012003,
        1556.0157955089219,
        109.48437433528369,
        219.40268943511126,
        551.0263902669186,
        324.136627759679,
        847.117034900224,
        1325.7835374781728,
        803.093393025544,
        396.99145603808824,
        808.4987856216088,
        311.19552371229474,
        1115.9264432765358,
        1634.1304104498442,
        249.07124340901817,
        200,
        641.3901105391863,
        201.0928560245123,
        942.1349641367237,
        230.96121997997375,
        198.48952247197064,
        361.191490183111,
        614.3653135721736,
        1728.582215053903,
        532.1580687654086,
        290.02412859880087,
        873.1614406936789,
        2063.1287802308934,
        284.670892536393,
        402.83484848772144,
        222.70219445025998,
        232.1532220835054,
        893.167612870004,
        393.32239201779646,
        1036.6401818754125,
        1209.5545290853229,
        1220.7152839410126,
        1321.9573020653581,
        273.0443793551731,
        340.4264513108423,
        456.20054368595174,
        250.36546515113412,
        329.26997887843504
    ],
    "recent_successes": [
        0,
        0,
        0,
        0,
        0,
        0,
        0,
        0,
        0,
        0,
        0,
        0,
        0,
        0,
        0,
        0,
        0,
        0,
        0,
        0,
        0,
        0,
        0,
        0,
        0,
        0,
        0,
        0,
        0,
        0,
        0,
        0,
        0,
        0,
        0,
        0,
        0,
        0,
        0,
        0,
        0,
        0,
        0,
        0,
        0,
        0,
        0,
        0,
        1,
        0,
        0,
        0,
        0,
        1,
        0,
        1,
        1,
        0,
        1,
        0,
        0,
        1,
        0,
        1,
        1,
        1,
        0,
        1,
        1,
        1,
        1,
        0,
        1,
        0,
        0,
        1,
        0,
        0,
        0,
        1,
        1,
        0,
        0,
        1,
        1,
        1,
        1,
        0,
        0,
        0,
        1,
        1,
        1,
        1,
        1,
        0,
        0,
        1,
        0,
        0
    ],
    "recent_collisions": [
        1,
        1,
        1,
        1,
        1,
        1,
        1,
        1,
        1,
        1,
        1,
        1,
        1,
        1,
        1,
        1,
        1,
        1,
        1,
        1,
        1,
        1,
        1,
        1,
        1,
        1,
        1,
        1,
        1,
        1,
        1,
        1,
        1,
        1,
        1,
        1,
        1,
        1,
        1,
        1,
        1,
        1,
        1,
        1,
        1,
        1,
        1,
        1,
        0,
        1,
        1,
        1,
        1,
        0,
        1,
        0,
        0,
        1,
        0,
        1,
        1,
        0,
        1,
        0,
        0,
        0,
        1,
        0,
        0,
        0,
        0,
        1,
        0,
        1,
        1,
        0,
        1,
        1,
        1,
        0,
        0,
        1,
        1,
        0,
        0,
        0,
        0,
        1,
        1,
        1,
        0,
        0,
        0,
        0,
        0,
        1,
        1,
        0,
        1,
        1
    ],
    "recent_steps": [
        57,
        73,
        187,
        254,
        60,
        94,
        153,
        96,
        152,
        61,
        128,
        46,
        58,
        38,
        51,
        152,
        69,
        45,
        72,
        59,
        75,
        61,
        66,
        57,
        58,
        86,
        57,
        45,
        54,
        86,
        61,
        113,
        53,
        83,
        50,
        67,
        172,
        74,
        51,
        166,
        60,
        51,
        284,
        54,
        250,
        46,
        55,
        54,
        303,
        193,
        59,
        58,
        52,
        210,
        38,
        79,
        47,
        114,
        175,
        50,
        51,
        49,
        59,
        91,
        134,
        70,
        81,
        73,
        19,
        105,
        202,
        45,
        1,
        117,
        43,
        97,
        53,
        43,
        57,
        65,
        232,
        87,
        62,
        89,
        260,
        13,
        28,
        42,
        44,
        147,
        32,
        103,
        132,
        137,
        160,
        52,
        62,
        39,
        52,
        61
    ],
    "params": {
        "max_episodes": 2000,
        "max_steps": 500,
        "batch_size": 64,
        "learning_rate": 5e-05,
        "gamma": 0.99,
        "initial_epsilon": 1.0,
        "epsilon_decay": 0.995,
        "min_epsilon": 0.05,
        "memory_size": 100000,
        "target_update_freq": 10,
        "checkpoint_freq": 100,
        "resource_monitor_freq": 10
    },
    "resource_summary": "Training Time: 0:26:27\nAvg CPU Usage: 41.9%\nAvg Memory Usage: 5.3%\nAvg GPU Usage: 1.8%\nAvg GPU Memory: 185.6MB"
}