{
    "episode": 200,
    "best_reward": 2095.800850028726,
    "best_success_rate": 0.85,
    "recent_rewards": [
        173.54084530749873,
        304.3494201006751,
        302.08956867945255,
        1647.0419780606892,
        1038.9502729867438,
        1593.8784096111601,
        304.07755953612735,
        297.42725270967895,
        983.5705243524219,
        312.9372163535131,
        169.4388918252813,
        321.25753450911634,
        219.76094041589494,
        562.4847954648294,
        372.4430149819391,
        1655.8867615172526,
        690.932552847672,
        1053.4633396132483,
        1584.7706944113054,
        719.2943102138523,
        1077.364140419044,
        331.33753984957315,
        500.0272825380309,
        945.1638218596426,
        1585.0966284346882,
        549.9364218153328,
        1651.212086271893,
        708.259816418107,
        467.4403061756554,
        396.156102493048,
        1170.098806069716,
        1552.6637593504483,
        601.9203650630762,
        503.5098714590251,
        1540.93354192571,
        383.1855945858441,
        1364.265078288013,
        205.24440682394413,
        1680.6967278901884,
        877.4118026310127,
        1825.9902092419147,
        340.71822685940856,
        353.89784316965586,
        255.58380033043784,
        1073.9098081232032,
        401.7033840365722,
        774.4157407143233,
        249.60572724102758,
        345.3526813302727,
        988.7758215820628,
        1141.0956319738457,
        451.9652872039078,
        481.1720063998084,
        1038.2093653780476,
        1706.9383039086847,
        1578.1072915588131,
        1070.5648149568483,
        1317.7416386870243,
        476.6703033718438,
        1759.413612815646,
        1680.9717464302178,
        934.1556529973216,
        2029.3559868653033,
        1515.1355311198909,
        813.906869487328,
        393.02890609222595,
        389.8646016287173,
        428.9048355067995,
        1818.1424849985374,
        1005.3873689082858,
        434.3292599635156,
        1009.5205975331959,
        318.95881082094013,
        1150.0398516958292,
        202.1970001374649,
        1114.8509426065316,
        908.45599275313,
        1140.9787493542576,
        1551.9288579376096,
        1290.255254017016,
        1219.2266738016992,
        889.171672320765,
        1068.1263828539832,
        1497.178848396632,
        440.6625177639836,
        498.7903862896367,
        1518.4196672239723,
        522.9702963406426,
        1602.929409379806,
        440.51782289971845,
        431.12634076216773,
        200,
        469.4628385846729,
        1318.1296602900654,
        953.8418143446568,
        1577.1379432216272,
        353.2350244972881,
        264.61851731272696,
        325.10228999351693,
        1458.0132231869966
    ],
    "recent_successes": [
        0,
        0,
        0,
        1,
        1,
        1,
        0,
        0,
        1,
        0,
        0,
        0,
        1,
        0,
        0,
        1,
        1,
        1,
        1,
        1,
        1,
        0,
        1,
        1,
        1,
        0,
        1,
        1,
        1,
        1,
        1,
        1,
        0,
        1,
        1,
        0,
        1,
        0,
        1,
        1,
        1,
        0,
        0,
        0,
        1,
        0,
        0,
        0,
        0,
        1,
        1,
        0,
        0,
        1,
        1,
        1,
        1,
        1,
        1,
        1,
        1,
        1,
        1,
        1,
        1,
        0,
        1,
        0,
        1,
        1,
        0,
        1,
        0,
        1,
        0,
        1,
        1,
        1,
        1,
        1,
        1,
        1,
        1,
        1,
        0,
        1,
        1,
        0,
        1,
        0,
        1,
        1,
        1,
        1,
        1,
        1,
        1,
        0,
        0,
        1
    ],
    "recent_collisions": [
        1,
        1,
        1,
        0,
        0,
        0,
        1,
        1,
        0,
        1,
        1,
        1,
        0,
        1,
        1,
        0,
        0,
        0,
        0,
        0,
        0,
        1,
        0,
        0,
        0,
        1,
        0,
        0,
        0,
        0,
        0,
        0,
        1,
        0,
        0,
        1,
        0,
        1,
        0,
        0,
        0,
        1,
        1,
        1,
        0,
        1,
        1,
        1,
        1,
        0,
        0,
        1,
        1,
        0,
        0,
        0,
        0,
        0,
        0,
        0,
        0,
        0,
        0,
        0,
        0,
        1,
        0,
        1,
        0,
        0,
        1,
        0,
        1,
        0,
        1,
        0,
        0,
        0,
        0,
        0,
        0,
        0,
        0,
        0,
        1,
        0,
        0,
        1,
        0,
        1,
        0,
        0,
        0,
        0,
        0,
        0,
        0,
        1,
        1,
        0
    ],
    "recent_steps": [
        47,
        64,
        55,
        222,
        121,
        190,
        66,
        63,
        108,
        69,
        45,
        64,
        4,
        100,
        80,
        217,
        63,
        116,
        194,
        63,
        110,
        59,
        44,
        93,
        186,
        96,
        198,
        67,
        41,
        33,
        128,
        174,
        95,
        38,
        181,
        65,
        147,
        47,
        204,
        92,
        216,
        72,
        66,
        50,
        111,
        73,
        121,
        52,
        73,
        102,
        118,
        76,
        79,
        106,
        203,
        176,
        113,
        146,
        38,
        195,
        201,
        98,
        241,
        166,
        83,
        68,
        24,
        83,
        207,
        98,
        78,
        106,
        59,
        124,
        50,
        116,
        91,
        122,
        174,
        145,
        130,
        86,
        112,
        166,
        76,
        42,
        165,
        91,
        179,
        83,
        36,
        1,
        34,
        146,
        96,
        185,
        20,
        52,
        62,
        166
    ],
    "params": {
        "max_episodes": 2000,
        "max_steps": 500,
        "batch_size": 64,
        "learning_rate": 5e-05,
        "gamma": 0.99,
        "initial_epsilon": 1.0,
        "epsilon_decay": 0.995,
        "min_epsilon": 0.05,
        "memory_size": 100000,
        "target_update_freq": 10,
        "checkpoint_freq": 100,
        "resource_monitor_freq": 10
    },
    "resource_summary": "Training Time: 0:57:06\nAvg CPU Usage: 42.1%\nAvg Memory Usage: 5.3%\nAvg GPU Usage: 1.9%\nAvg GPU Memory: 187.7MB"
}