{
    "episode": 500,
    "best_reward": 2266.556823486413,
    "best_success_rate": 0.85,
    "recent_rewards": [
        362.0700162237947,
        1040.80811869922,
        746.159772646144,
        1348.55493266003,
        1248.6414382867194,
        1445.4816421416538,
        342.3168562745804,
        1185.013834593799,
        354.2550516550571,
        380.34978123617077,
        529.4059622623464,
        2266.556823486413,
        349.2477267892897,
        352.5158587706023,
        498.0621584486522,
        1333.8779406205272,
        353.6867733148407,
        844.6471410906412,
        167.2872360981068,
        627.9884774406219,
        1029.6792039976453,
        336.34967816622606,
        559.935929372579,
        1569.0657264737804,
        503.0095955966822,
        154.22474890359865,
        1171.1918974772298,
        373.5346217967806,
        659.8619215720296,
        1314.3518084788973,
        1503.5292083624502,
        427.61939290742987,
        875.2284839230634,
        402.5825810290339,
        1560.6356196722131,
        558.0511794222483,
        496.1825449480144,
        233.56002470049032,
        303.6607486598591,
        1166.272935793686,
        1486.2191729056406,
        771.5578334435705,
        517.5029395051081,
        598.138485262009,
        403.85557398064884,
        430.56765876600036,
        391.3940782558283,
        289.0059697149589,
        1487.883337388049,
        771.8439639632597,
        1144.2776627760336,
        364.4040983595986,
        619.8324809819138,
        1383.1355033278599,
        1053.396186509001,
        1438.5532844601312,
        431.5585925708507,
        513.613887035227,
        383.9907605900171,
        499.30829988494634,
        768.8289787644068,
        1345.4704397284436,
        382.7570303014494,
        594.9280150175488,
        1425.4449073574417,
        300.0950657197132,
        468.2344429459813,
        551.0199966309493,
        1781.0872563154921,
        1256.882897529966,
        438.51187090369433,
        1332.50674230048,
        371.6557685092528,
        1589.1387951469756,
        902.9062057268584,
        781.4882466590979,
        247.38451965377942,
        354.23599000615445,
        428.79467758692874,
        310.1114703987161,
        419.718603199242,
        951.4170298640882,
        1436.9817863995356,
        751.6433379605309,
        1187.33827309553,
        852.7244809696175,
        449.7618316534036,
        479.9726723548948,
        2057.5847525716345,
        602.8950748606616,
        421.503265055458,
        848.3607215844177,
        1338.7099194102013,
        1574.7356744542715,
        713.7977765382462,
        1844.9553007042646,
        1483.1115556733262,
        1263.4301182369445,
        1017.9674071607305,
        485.20561726472533
    ],
    "recent_successes": [
        0,
        1,
        1,
        1,
        1,
        1,
        0,
        1,
        0,
        0,
        0,
        1,
        0,
        0,
        0,
        1,
        0,
        1,
        0,
        0,
        1,
        1,
        1,
        1,
        0,
        0,
        1,
        0,
        1,
        1,
        1,
        1,
        1,
        0,
        1,
        0,
        1,
        0,
        0,
        1,
        1,
        1,
        1,
        1,
        0,
        0,
        0,
        0,
        1,
        1,
        1,
        0,
        0,
        1,
        1,
        1,
        0,
        0,
        0,
        0,
        0,
        1,
        0,
        0,
        1,
        1,
        0,
        0,
        1,
        1,
        0,
        1,
        1,
        1,
        1,
        1,
        0,
        1,
        0,
        0,
        0,
        1,
        1,
        0,
        1,
        1,
        1,
        1,
        1,
        0,
        0,
        1,
        1,
        1,
        1,
        1,
        1,
        1,
        1,
        0
    ],
    "recent_collisions": [
        1,
        0,
        0,
        0,
        0,
        0,
        1,
        0,
        1,
        1,
        1,
        0,
        1,
        1,
        1,
        0,
        1,
        0,
        1,
        1,
        0,
        0,
        0,
        0,
        1,
        1,
        0,
        1,
        0,
        0,
        0,
        0,
        0,
        1,
        0,
        1,
        0,
        1,
        1,
        0,
        0,
        0,
        0,
        0,
        1,
        1,
        1,
        1,
        0,
        0,
        0,
        1,
        1,
        0,
        0,
        0,
        1,
        1,
        1,
        1,
        1,
        0,
        1,
        1,
        0,
        0,
        1,
        1,
        0,
        0,
        1,
        0,
        0,
        0,
        0,
        0,
        1,
        0,
        1,
        1,
        1,
        0,
        0,
        1,
        0,
        0,
        0,
        0,
        0,
        1,
        1,
        0,
        0,
        0,
        0,
        0,
        0,
        0,
        0,
        1
    ],
    "recent_steps": [
        70,
        108,
        69,
        144,
        139,
        158,
        60,
        120,
        70,
        73,
        85,
        264,
        72,
        60,
        83,
        137,
        66,
        77,
        48,
        105,
        104,
        23,
        54,
        167,
        79,
        44,
        123,
        69,
        59,
        143,
        172,
        30,
        85,
        72,
        166,
        96,
        41,
        58,
        67,
        121,
        164,
        79,
        46,
        57,
        68,
        81,
        78,
        57,
        168,
        66,
        120,
        60,
        91,
        138,
        97,
        153,
        66,
        80,
        64,
        88,
        119,
        157,
        69,
        96,
        154,
        17,
        77,
        93,
        187,
        134,
        71,
        146,
        26,
        176,
        86,
        72,
        56,
        19,
        77,
        52,
        67,
        91,
        162,
        123,
        114,
        73,
        34,
        39,
        226,
        93,
        74,
        95,
        145,
        179,
        71,
        208,
        163,
        146,
        96,
        76
    ],
    "params": {
        "max_episodes": 2000,
        "max_steps": 500,
        "batch_size": 64,
        "learning_rate": 5e-05,
        "gamma": 0.99,
        "initial_epsilon": 1.0,
        "epsilon_decay": 0.995,
        "min_epsilon": 0.05,
        "memory_size": 100000,
        "target_update_freq": 10,
        "checkpoint_freq": 100,
        "resource_monitor_freq": 10
    },
    "resource_summary": "Training Time: 2:26:54\nAvg CPU Usage: 42.2%\nAvg Memory Usage: 5.4%\nAvg GPU Usage: 1.8%\nAvg GPU Memory: 189.1MB"
}