{
    "episode": 700,
    "best_reward": 2408.646262585695,
    "best_success_rate": 0.85,
    "recent_rewards": [
        668.2245842098656,
        1310.832843170109,
        132.91943840673434,
        299.4079631903018,
        713.1804636039523,
        681.7804154196342,
        603.1585140817178,
        433.4506115867074,
        1319.6406652737246,
        436.267126753194,
        381.24915782681023,
        262.798863540075,
        907.0920300471204,
        488.25666106147065,
        817.8864319742606,
        1757.1928339687418,
        471.91937587239147,
        1045.781801077303,
        445.55070553392227,
        1416.8605579723423,
        1336.8870871939182,
        660.9365165889285,
        1485.9332211538704,
        1091.6034109563357,
        1694.9245746161694,
        635.3809742196606,
        362.45655859762314,
        258.16965290799146,
        393.9888645379733,
        305.8111974246599,
        202.95067361142247,
        523.2360950009347,
        1496.6382222652085,
        602.9941561788175,
        552.122983083933,
        1242.212238591446,
        408.22868476338556,
        1048.3802928342068,
        243.4725852263198,
        1632.2433568230974,
        1337.362674394317,
        667.0722417103439,
        346.4454343489375,
        1138.1860591121867,
        1425.8926125297485,
        358.314608552105,
        528.4919339561397,
        1179.639148891058,
        1181.6703062811803,
        1236.515026327503,
        1399.5853658741337,
        1629.9977468894158,
        337.8863797143972,
        1858.213380819911,
        1254.7127748483924,
        515.0513530301017,
        564.8553372546883,
        534.6061113451536,
        575.0608801407906,
        556.6660339058201,
        1448.425053190025,
        655.0472701969645,
        944.7411728369691,
        700.9079496222438,
        448.15306372777377,
        1853.979480516482,
        1589.5087593590617,
        602.271219182868,
        911.42496691116,
        200,
        611.5703431839263,
        1471.7882146470859,
        835.1259514308948,
        665.3889629559701,
        418.70087096092334,
        622.7453676703564,
        1486.8363382631821,
        1299.812330080784,
        814.269968245844,
        1493.8024086125763,
        406.63362235222604,
        1378.9739672487697,
        1126.352838848678,
        1061.912253294688,
        634.4807046523274,
        1186.0229504158292,
        1011.6082387551388,
        1480.9121124284914,
        1318.333274260507,
        1382.2804385300233,
        749.7505590457356,
        1359.788270586714,
        2076.7402680583355,
        1446.8141526601844,
        2408.646262585695,
        500.74440300709364,
        741.5022370952576,
        368.1732722695808,
        1467.365224147271,
        452.13582114292785
    ],
    "recent_successes": [
        0,
        1,
        0,
        0,
        1,
        1,
        0,
        1,
        1,
        0,
        0,
        0,
        1,
        1,
        1,
        1,
        0,
        1,
        0,
        1,
        1,
        0,
        1,
        1,
        1,
        0,
        1,
        0,
        0,
        1,
        0,
        0,
        1,
        0,
        0,
        1,
        0,
        1,
        1,
        1,
        1,
        1,
        0,
        1,
        1,
        0,
        0,
        1,
        1,
        1,
        1,
        1,
        1,
        1,
        1,
        0,
        1,
        0,
        0,
        0,
        1,
        0,
        0,
        0,
        1,
        1,
        1,
        0,
        1,
        1,
        0,
        1,
        0,
        0,
        0,
        0,
        1,
        1,
        0,
        1,
        1,
        1,
        1,
        1,
        0,
        1,
        1,
        1,
        1,
        1,
        1,
        1,
        1,
        1,
        1,
        0,
        0,
        0,
        1,
        1
    ],
    "recent_collisions": [
        1,
        0,
        1,
        1,
        0,
        0,
        1,
        0,
        0,
        1,
        1,
        1,
        0,
        0,
        0,
        0,
        1,
        0,
        1,
        0,
        0,
        1,
        0,
        0,
        0,
        1,
        0,
        1,
        1,
        0,
        1,
        1,
        0,
        1,
        1,
        0,
        1,
        0,
        0,
        0,
        0,
        0,
        1,
        0,
        0,
        1,
        1,
        0,
        0,
        0,
        0,
        0,
        0,
        0,
        0,
        1,
        0,
        1,
        1,
        1,
        0,
        1,
        1,
        1,
        0,
        0,
        0,
        1,
        0,
        0,
        1,
        0,
        1,
        1,
        1,
        1,
        0,
        0,
        1,
        0,
        0,
        0,
        0,
        0,
        1,
        0,
        0,
        0,
        0,
        0,
        0,
        0,
        0,
        0,
        0,
        1,
        1,
        1,
        0,
        0
    ],
    "recent_steps": [
        92,
        143,
        31,
        60,
        62,
        64,
        87,
        32,
        133,
        70,
        67,
        51,
        82,
        33,
        83,
        186,
        77,
        102,
        75,
        138,
        140,
        107,
        154,
        108,
        188,
        95,
        25,
        51,
        68,
        13,
        47,
        78,
        165,
        97,
        86,
        127,
        69,
        98,
        10,
        174,
        144,
        55,
        56,
        122,
        143,
        66,
        90,
        117,
        124,
        128,
        142,
        173,
        18,
        216,
        127,
        80,
        53,
        83,
        82,
        90,
        150,
        103,
        133,
        104,
        31,
        201,
        171,
        97,
        88,
        1,
        85,
        146,
        118,
        103,
        72,
        91,
        149,
        132,
        111,
        162,
        30,
        143,
        114,
        116,
        95,
        119,
        108,
        172,
        130,
        145,
        61,
        162,
        228,
        158,
        262,
        89,
        111,
        64,
        159,
        46
    ],
    "params": {
        "max_episodes": 2000,
        "max_steps": 500,
        "batch_size": 64,
        "learning_rate": 5e-05,
        "gamma": 0.99,
        "initial_epsilon": 1.0,
        "epsilon_decay": 0.995,
        "min_epsilon": 0.05,
        "memory_size": 100000,
        "target_update_freq": 10,
        "checkpoint_freq": 100,
        "resource_monitor_freq": 10
    },
    "resource_summary": "Training Time: 3:21:30\nAvg CPU Usage: 42.6%\nAvg Memory Usage: 5.5%\nAvg GPU Usage: 1.8%\nAvg GPU Memory: 189.3MB"
}