{
    "episode": 300,
    "best_reward": 2095.800850028726,
    "best_success_rate": 0.85,
    "recent_rewards": [
        344.3885657710614,
        1442.8684853253524,
        173.02035240248318,
        885.766242454765,
        1092.7823963845672,
        994.2190926243477,
        1830.570561696366,
        582.3835396389981,
        478.7163787495127,
        294.7722530137117,
        1285.3370274766621,
        1408.7097659734509,
        812.8930240710188,
        1804.2566534320915,
        358.4796055261618,
        485.0427976557233,
        495.4809310719454,
        381.7204588247764,
        200,
        1187.16034756009,
        367.7342613998579,
        352.40881458637,
        177.14112846364623,
        241.14242172577605,
        966.7065022775788,
        757.5181702774491,
        1703.2098630118976,
        192.0683475408443,
        1688.3237850113376,
        1887.1048350462472,
        1279.0480437600463,
        405.3790020237858,
        793.5025497970942,
        1241.0789811350169,
        1476.337444144419,
        816.4951972095821,
        492.24821117603517,
        1388.2398175929825,
        502.0867846059034,
        190.97501116118138,
        915.1922604172823,
        1058.9049762733728,
        361.4609567108936,
        481.93450834511066,
        540.9188010925898,
        1375.8616274981896,
        1501.129511133437,
        1619.2260945019548,
        112.63723082762982,
        1407.1779492138453,
        1506.8094388690256,
        354.4772294499091,
        259.9745696803222,
        360.895250156387,
        483.84658025547924,
        372.097253183592,
        480.9221651266354,
        1013.5661376856023,
        480.3333330216626,
        414.1924779698817,
        1544.3551125496813,
        941.5505024827547,
        1692.0258078558657,
        1229.172394466274,
        819.1889180099543,
        281.64948341930756,
        307.45904371082474,
        490.7640385628813,
        738.8178735775751,
        1547.222459127006,
        1381.1289260269884,
        1277.019579200579,
        1407.495898286361,
        1481.1536385243605,
        195.08888432988238,
        758.6685156786909,
        462.432931101535,
        870.5806637445103,
        719.8170599909326,
        1528.3110731125294,
        478.672519060779,
        1008.2835715033136,
        1293.2164322797707,
        367.6256073231483,
        870.2675305984905,
        1194.7810039676722,
        303.4369105638361,
        1309.6239750669677,
        962.4149203050923,
        1625.4064344057563,
        270.5436722153516,
        918.4747854029825,
        836.83361441816,
        261.3816009418819,
        312.06567333668704,
        221.9154178275043,
        1230.131372269625,
        432.1222551665595,
        436.87643372536127,
        574.9705964251307
    ],
    "recent_successes": [
        0,
        1,
        0,
        1,
        1,
        1,
        1,
        0,
        0,
        0,
        1,
        1,
        1,
        1,
        0,
        1,
        0,
        0,
        1,
        1,
        0,
        0,
        0,
        0,
        1,
        1,
        1,
        0,
        1,
        1,
        1,
        0,
        1,
        1,
        1,
        1,
        0,
        1,
        0,
        0,
        1,
        1,
        0,
        0,
        0,
        1,
        1,
        1,
        0,
        1,
        1,
        0,
        0,
        0,
        0,
        0,
        0,
        1,
        0,
        0,
        1,
        1,
        1,
        1,
        1,
        0,
        0,
        0,
        1,
        1,
        1,
        1,
        1,
        1,
        0,
        1,
        0,
        1,
        1,
        1,
        1,
        1,
        1,
        0,
        1,
        1,
        0,
        1,
        1,
        1,
        0,
        1,
        1,
        0,
        0,
        0,
        1,
        0,
        0,
        1
    ],
    "recent_collisions": [
        1,
        0,
        1,
        0,
        0,
        0,
        0,
        1,
        1,
        1,
        0,
        0,
        0,
        0,
        1,
        0,
        1,
        1,
        0,
        0,
        1,
        1,
        1,
        1,
        0,
        0,
        0,
        1,
        0,
        0,
        0,
        1,
        0,
        0,
        0,
        0,
        1,
        0,
        1,
        1,
        0,
        0,
        1,
        1,
        1,
        0,
        0,
        0,
        1,
        0,
        0,
        1,
        1,
        1,
        1,
        1,
        1,
        0,
        1,
        1,
        0,
        0,
        0,
        0,
        0,
        1,
        1,
        1,
        0,
        0,
        0,
        0,
        0,
        0,
        1,
        0,
        1,
        0,
        0,
        0,
        0,
        0,
        0,
        1,
        0,
        0,
        1,
        0,
        0,
        0,
        1,
        0,
        0,
        1,
        1,
        1,
        0,
        1,
        1,
        0
    ],
    "recent_steps": [
        67,
        161,
        45,
        95,
        118,
        103,
        212,
        92,
        82,
        62,
        146,
        156,
        79,
        206,
        69,
        38,
        88,
        68,
        1,
        136,
        75,
        69,
        38,
        54,
        99,
        78,
        192,
        50,
        191,
        223,
        139,
        72,
        74,
        139,
        169,
        81,
        86,
        158,
        85,
        46,
        95,
        113,
        68,
        82,
        98,
        160,
        168,
        185,
        34,
        155,
        161,
        70,
        53,
        67,
        87,
        69,
        81,
        106,
        83,
        80,
        187,
        97,
        210,
        140,
        89,
        58,
        69,
        80,
        72,
        176,
        155,
        142,
        169,
        171,
        42,
        71,
        78,
        89,
        73,
        182,
        37,
        104,
        143,
        69,
        86,
        122,
        61,
        149,
        99,
        177,
        59,
        94,
        83,
        60,
        63,
        48,
        131,
        75,
        81,
        53
    ],
    "params": {
        "max_episodes": 2000,
        "max_steps": 500,
        "batch_size": 64,
        "learning_rate": 5e-05,
        "gamma": 0.99,
        "initial_epsilon": 1.0,
        "epsilon_decay": 0.995,
        "min_epsilon": 0.05,
        "memory_size": 100000,
        "target_update_freq": 10,
        "checkpoint_freq": 100,
        "resource_monitor_freq": 10
    },
    "resource_summary": "Training Time: 1:27:58\nAvg CPU Usage: 42.2%\nAvg Memory Usage: 5.4%\nAvg GPU Usage: 1.8%\nAvg GPU Memory: 188.5MB"
}