{
    "episode": 1400,
    "best_reward": 2907.846489339092,
    "best_success_rate": 1.0,
    "recent_rewards": [
        846.7834561655465,
        511.0441365607474,
        576.2703022353692,
        872.093720456835,
        505.6407163314831,
        977.9178385958526,
        2010.8038595316789,
        659.5049101675006,
        785.0960551860101,
        863.0965660812737,
        826.1496382116006,
        621.0823814997204,
        738.8124349825648,
        974.4663231366313,
        865.693815555512,
        745.8079993727964,
        787.5607861009482,
        491.4672921658505,
        651.7510486154388,
        816.2104236084291,
        498.07175676111666,
        929.3781836665786,
        756.6332736859748,
        728.0628534046988,
        839.2411008830485,
        803.0661186357295,
        349.5,
        851.6548101690021,
        742.6221548847577,
        177.56142126995263,
        635.8235045549013,
        287.60292316015455,
        970.5425358347709,
        848.8664257264265,
        746.4714050851106,
        455.5404929296209,
        668.4733714504313,
        848.1807628941949,
        49.759390450328425,
        457.07190994325094,
        554.8576571632343,
        664.1783837628094,
        814.846170191754,
        569.5554828086446,
        402.9638674795107,
        829.8922082354131,
        752.1963600310058,
        656.1376759090102,
        484.7927813247801,
        1075.3903887425552,
        705.8532926561588,
        349.5,
        749.2899769769901,
        728.6435511634039,
        565.3425377785893,
        588.1262839397554,
        663.2847165279715,
        27.209115992422824,
        679.7133598990556,
        851.8457524789733,
        883.9024889585011,
        846.4314892883942,
        652.6040588230413,
        420.0757273298533,
        494.3362189834415,
        642.2233501552145,
        691.9342152580814,
        678.9291906420542,
        915.8662501760346,
        779.5618264189775,
        1735.9619044495266,
        450.22688691855666,
        713.93090355538,
        839.8149682799173,
        679.7856940162987,
        761.4598877031531,
        892.3314701555066,
        859.6341895305201,
        637.0488403238866,
        680.2986685525545,
        602.0078815690395,
        575.5644727763604,
        656.9973474282665,
        431.4426123478198,
        795.4917619553884,
        640.1930458653925,
        793.2681606903839,
        507.3492038278813,
        464.8518826771889,
        296.21967730189414,
        140.26641168112894,
        289.7743827026344,
        899.3834904430948,
        594.9170941958653,
        749.753272498036,
        1920.4330398422817,
        467.61512763877556,
        985.9585858224859,
        707.0805880704806,
        665.657800254145
    ],
    "recent_successes": [
        1,
        1,
        1,
        1,
        1,
        1,
        1,
        1,
        1,
        1,
        1,
        1,
        1,
        1,
        1,
        1,
        1,
        1,
        1,
        1,
        1,
        1,
        1,
        1,
        1,
        1,
        1,
        1,
        1,
        1,
        1,
        1,
        1,
        1,
        1,
        1,
        1,
        1,
        0,
        1,
        1,
        1,
        1,
        1,
        1,
        1,
        1,
        1,
        1,
        1,
        1,
        1,
        1,
        1,
        1,
        1,
        1,
        0,
        1,
        1,
        1,
        1,
        1,
        1,
        1,
        1,
        1,
        1,
        1,
        1,
        1,
        1,
        1,
        1,
        1,
        1,
        1,
        1,
        1,
        1,
        1,
        1,
        1,
        1,
        1,
        1,
        1,
        1,
        1,
        1,
        1,
        1,
        1,
        1,
        1,
        1,
        1,
        1,
        1,
        1
    ],
    "recent_collisions": [
        0,
        0,
        0,
        0,
        0,
        0,
        0,
        0,
        0,
        0,
        0,
        0,
        0,
        0,
        0,
        0,
        0,
        0,
        0,
        0,
        0,
        0,
        0,
        0,
        0,
        0,
        0,
        0,
        0,
        0,
        0,
        0,
        0,
        0,
        0,
        0,
        0,
        0,
        0,
        0,
        0,
        0,
        0,
        0,
        0,
        0,
        0,
        0,
        0,
        0,
        0,
        0,
        0,
        0,
        0,
        0,
        0,
        0,
        0,
        0,
        0,
        0,
        0,
        0,
        0,
        0,
        0,
        0,
        0,
        0,
        0,
        0,
        0,
        0,
        0,
        0,
        0,
        0,
        0,
        0,
        0,
        0,
        0,
        0,
        0,
        0,
        0,
        0,
        0,
        0,
        0,
        0,
        0,
        0,
        0,
        0,
        0,
        0,
        0,
        0
    ],
    "recent_steps": [
        153,
        55,
        67,
        165,
        41,
        192,
        277,
        125,
        126,
        146,
        155,
        77,
        136,
        206,
        172,
        143,
        115,
        46,
        112,
        160,
        54,
        174,
        130,
        105,
        161,
        144,
        1,
        146,
        136,
        95,
        88,
        93,
        168,
        158,
        162,
        31,
        96,
        151,
        74,
        34,
        77,
        97,
        165,
        82,
        11,
        133,
        106,
        107,
        180,
        274,
        117,
        1,
        129,
        124,
        65,
        77,
        95,
        55,
        110,
        156,
        156,
        153,
        75,
        35,
        53,
        92,
        115,
        105,
        164,
        142,
        240,
        29,
        148,
        172,
        108,
        145,
        166,
        188,
        95,
        116,
        77,
        65,
        97,
        23,
        134,
        143,
        148,
        58,
        35,
        137,
        54,
        165,
        197,
        90,
        130,
        295,
        52,
        197,
        106,
        121
    ],
    "params": {
        "max_episodes": 2500,
        "max_steps": 500,
        "batch_size": 64,
        "learning_rate": 5e-05,
        "gamma": 0.99,
        "initial_epsilon": 0.2,
        "epsilon_decay": 0.998,
        "min_epsilon": 0.02,
        "memory_size": 100000,
        "target_update_freq": 5
    }
}