{
    "episode": 1600,
    "best_reward": 2907.846489339092,
    "best_success_rate": 1.0,
    "recent_rewards": [
        396.5398791072761,
        478.91612122378547,
        39.7725106635676,
        769.4452929673834,
        860.5084055703117,
        668.845283715835,
        900.220861135921,
        512.5931318147907,
        214.97759145669804,
        506.1699830408856,
        568.8872186158641,
        510.1174199973681,
        745.4671169114322,
        938.1918330191922,
        764.4185932059186,
        26.114929232350818,
        733.2103265791197,
        457.8774721699864,
        768.6803920462975,
        422.6113851865749,
        836.083929557866,
        699.9589439296902,
        763.093103380918,
        943.719641412082,
        813.6890577878156,
        874.0264640450582,
        117.94608262258572,
        349.5,
        95.61510675145533,
        534.7956259151454,
        708.5774530936999,
        798.3523710126402,
        699.6086131888683,
        480.9559368682279,
        644.0113042851013,
        709.2352372119601,
        67.88518598861535,
        783.158388056723,
        495.6096133415359,
        822.5938612944907,
        751.288193342775,
        764.3005356414977,
        614.7729762096989,
        833.5438742952996,
        402.10052687313953,
        719.0183446934619,
        831.0736778367807,
        727.4848810015044,
        722.4190107337445,
        682.0957312274387,
        738.7160047013385,
        654.4354832210289,
        931.6854227086715,
        349.5,
        483.84078253608766,
        616.5198532562989,
        863.2482325325982,
        847.692702760846,
        824.3925068312325,
        880.3188911597332,
        597.9048778255724,
        397.63608960568956,
        473.8127637298342,
        263.1088823968773,
        972.0221766097484,
        676.5755369435238,
        178.11178980149407,
        465.44882889547955,
        712.4102696978491,
        693.8647907076712,
        466.5381336775073,
        685.9684236175777,
        712.528592972774,
        164.56789408575048,
        828.9886184583926,
        521.8003500618745,
        896.1135308828435,
        709.6994514381157,
        685.1241661008212,
        803.5277974543801,
        623.7410564559918,
        762.9267129047803,
        826.32636710571,
        150.74751379016703,
        72.17111895604063,
        628.5727635086582,
        124.64675105095279,
        71.11420680460287,
        759.5666707512635,
        833.1913314742733,
        735.3418076859567,
        455.19891761225296,
        20.184512423385883,
        850.6541007845351,
        724.8988809011624,
        972.5100930141963,
        719.880718839974,
        942.1696307711469,
        85.1246075745837,
        730.7121577406439
    ],
    "recent_successes": [
        1,
        1,
        0,
        1,
        1,
        1,
        1,
        1,
        1,
        1,
        1,
        1,
        1,
        1,
        1,
        0,
        1,
        1,
        1,
        1,
        1,
        1,
        1,
        1,
        1,
        1,
        1,
        1,
        1,
        1,
        1,
        1,
        1,
        1,
        1,
        1,
        1,
        1,
        1,
        1,
        1,
        1,
        1,
        1,
        1,
        1,
        1,
        1,
        1,
        1,
        1,
        1,
        1,
        1,
        1,
        1,
        1,
        1,
        1,
        1,
        1,
        1,
        1,
        1,
        1,
        1,
        1,
        1,
        1,
        1,
        1,
        1,
        1,
        1,
        1,
        1,
        1,
        1,
        1,
        1,
        1,
        1,
        1,
        1,
        1,
        1,
        1,
        1,
        1,
        1,
        1,
        1,
        0,
        1,
        1,
        1,
        1,
        1,
        1,
        1
    ],
    "recent_collisions": [
        0,
        0,
        0,
        0,
        0,
        0,
        0,
        0,
        0,
        0,
        0,
        0,
        0,
        0,
        0,
        0,
        0,
        0,
        0,
        0,
        0,
        0,
        0,
        0,
        0,
        0,
        0,
        0,
        0,
        0,
        0,
        0,
        0,
        0,
        0,
        0,
        0,
        0,
        0,
        0,
        0,
        0,
        0,
        0,
        0,
        0,
        0,
        0,
        0,
        0,
        0,
        0,
        0,
        0,
        0,
        0,
        0,
        0,
        0,
        0,
        0,
        0,
        0,
        0,
        0,
        0,
        0,
        0,
        0,
        0,
        0,
        0,
        0,
        0,
        0,
        0,
        0,
        0,
        0,
        0,
        0,
        0,
        0,
        0,
        0,
        0,
        0,
        0,
        0,
        0,
        0,
        0,
        0,
        0,
        0,
        0,
        0,
        0,
        0,
        0
    ],
    "recent_steps": [
        155,
        54,
        52,
        127,
        146,
        114,
        174,
        65,
        73,
        66,
        62,
        51,
        129,
        175,
        128,
        56,
        117,
        35,
        137,
        37,
        143,
        88,
        119,
        167,
        168,
        174,
        79,
        1,
        81,
        71,
        138,
        133,
        94,
        36,
        93,
        116,
        84,
        135,
        47,
        154,
        131,
        141,
        89,
        158,
        176,
        131,
        201,
        115,
        127,
        116,
        127,
        105,
        188,
        1,
        36,
        78,
        146,
        150,
        162,
        157,
        80,
        37,
        42,
        107,
        194,
        93,
        109,
        42,
        122,
        120,
        52,
        115,
        100,
        66,
        149,
        97,
        153,
        122,
        140,
        160,
        78,
        118,
        175,
        78,
        61,
        86,
        83,
        68,
        141,
        107,
        130,
        36,
        67,
        186,
        105,
        185,
        114,
        180,
        76,
        98
    ],
    "params": {
        "max_episodes": 2500,
        "max_steps": 500,
        "batch_size": 64,
        "learning_rate": 5e-05,
        "gamma": 0.99,
        "initial_epsilon": 0.2,
        "epsilon_decay": 0.998,
        "min_epsilon": 0.02,
        "memory_size": 100000,
        "target_update_freq": 5
    }
}