{
    "episode": 300,
    "best_reward": 2907.846489339092,
    "best_success_rate": 1.0,
    "recent_rewards": [
        700.4976210508353,
        870.8527112900158,
        731.7740849496341,
        808.8533611565973,
        790.0954689062779,
        759.4735067931572,
        887.6117904850411,
        213.4523315740795,
        421.1108519513202,
        419.4680350445697,
        1238.292852007621,
        812.8413305045069,
        985.9323512384794,
        1028.2604477851512,
        283.4999843270499,
        768.0880312390325,
        104.69971424225554,
        91.01806734250184,
        128.2398684258526,
        704.8070244126046,
        1614.631677974849,
        662.4805433970703,
        760.3579673202585,
        759.3801339719791,
        1147.6583985959332,
        583.1941777144025,
        1044.129851675777,
        383.14441703029024,
        642.0378691844694,
        349.5,
        819.4987828071112,
        199.6694309170662,
        189.13212040497,
        740.579997757166,
        825.3471576672475,
        459.8666369523596,
        800.3127198507775,
        934.515075968392,
        407.7164915879626,
        444.1997988075166,
        786.3002857211634,
        665.2174262698477,
        372.93328312095616,
        510.6189518575462,
        837.1944514445167,
        349.5,
        456.89206434746063,
        698.347366367749,
        650.9679985889909,
        549.4820817491724,
        391.32814702543186,
        544.1126351773918,
        908.0968724442629,
        349.5,
        182.46283943639793,
        703.5369547350199,
        786.4045558945568,
        1071.8787000873356,
        912.4499252841824,
        866.1401167041561,
        1102.7439615154278,
        681.9913485287091,
        789.1478603182933,
        72.9635088109826,
        108.75305275313332,
        184.1143661096317,
        349.5,
        786.4629659421769,
        865.5009027685726,
        887.0917883697351,
        606.4434943616943,
        1195.7221845311446,
        1178.7645898086134,
        411.3981839974383,
        772.4777721740204,
        534.5890260410345,
        391.39034738196904,
        1006.9043574625289,
        567.8607424717724,
        1124.2421423328785,
        186.42962520727798,
        140.16950925129933,
        170.7693007204532,
        155.57288061326534,
        243.24785202149752,
        413.2554832418876,
        564.5365593947723,
        117.28836859465821,
        964.2662076300976,
        165.17962126564476,
        92.75311621676934,
        408.3239740960238,
        237.6903193647827,
        270.74472426311814,
        511.74828442415424,
        756.3438155808648,
        422.28954301415854,
        1034.969482760799,
        636.1089537323703,
        615.5628995036366
    ],
    "recent_successes": [
        1,
        1,
        1,
        1,
        1,
        1,
        1,
        1,
        1,
        1,
        1,
        1,
        1,
        1,
        1,
        1,
        1,
        1,
        1,
        1,
        1,
        1,
        1,
        1,
        1,
        1,
        1,
        1,
        1,
        1,
        1,
        1,
        1,
        1,
        1,
        1,
        1,
        1,
        1,
        1,
        1,
        1,
        1,
        1,
        1,
        1,
        1,
        1,
        1,
        1,
        1,
        1,
        1,
        1,
        1,
        1,
        1,
        1,
        1,
        1,
        1,
        1,
        1,
        1,
        1,
        1,
        1,
        1,
        1,
        1,
        1,
        1,
        1,
        1,
        1,
        1,
        1,
        1,
        1,
        1,
        1,
        1,
        1,
        1,
        1,
        1,
        1,
        1,
        1,
        1,
        1,
        1,
        1,
        1,
        1,
        1,
        1,
        1,
        1,
        1
    ],
    "recent_collisions": [
        0,
        0,
        0,
        0,
        0,
        0,
        0,
        0,
        0,
        0,
        0,
        0,
        0,
        0,
        0,
        0,
        0,
        0,
        0,
        0,
        0,
        0,
        0,
        0,
        0,
        0,
        0,
        0,
        0,
        0,
        0,
        0,
        0,
        0,
        0,
        0,
        0,
        0,
        0,
        0,
        0,
        0,
        0,
        0,
        0,
        0,
        0,
        0,
        0,
        0,
        0,
        0,
        0,
        0,
        0,
        0,
        0,
        0,
        0,
        0,
        0,
        0,
        0,
        0,
        0,
        0,
        0,
        0,
        0,
        0,
        0,
        0,
        0,
        0,
        0,
        0,
        0,
        0,
        0,
        0,
        0,
        0,
        0,
        0,
        0,
        0,
        0,
        0,
        0,
        0,
        0,
        0,
        0,
        0,
        0,
        0,
        0,
        0,
        0,
        0
    ],
    "recent_steps": [
        99,
        139,
        121,
        140,
        151,
        122,
        149,
        121,
        50,
        66,
        289,
        150,
        199,
        215,
        145,
        138,
        74,
        85,
        76,
        111,
        471,
        91,
        117,
        154,
        234,
        79,
        203,
        13,
        98,
        1,
        129,
        110,
        112,
        118,
        136,
        32,
        134,
        203,
        12,
        68,
        134,
        116,
        5,
        77,
        155,
        1,
        30,
        99,
        86,
        171,
        14,
        76,
        177,
        1,
        94,
        107,
        126,
        206,
        169,
        155,
        250,
        99,
        142,
        73,
        68,
        114,
        1,
        148,
        150,
        160,
        73,
        262,
        242,
        28,
        138,
        199,
        28,
        192,
        112,
        230,
        110,
        64,
        92,
        92,
        109,
        72,
        66,
        69,
        174,
        96,
        71,
        56,
        107,
        121,
        59,
        129,
        21,
        203,
        102,
        102
    ],
    "params": {
        "max_episodes": 2500,
        "max_steps": 500,
        "batch_size": 64,
        "learning_rate": 5e-05,
        "gamma": 0.99,
        "initial_epsilon": 0.2,
        "epsilon_decay": 0.998,
        "min_epsilon": 0.02,
        "memory_size": 100000,
        "target_update_freq": 5
    }
}