{
    "episode": 600,
    "best_reward": 2907.846489339092,
    "best_success_rate": 1.0,
    "recent_rewards": [
        219.16523331759447,
        819.0543759775821,
        129.4269155619432,
        745.4621428311304,
        532.6888184190425,
        719.3141515436625,
        633.0267932426041,
        647.0201021010182,
        427.88136201526305,
        343.60145968338145,
        662.373477717716,
        399.3281530754009,
        460.39722916309955,
        807.814665199292,
        165.5866980987713,
        575.6467741422131,
        699.9607980808946,
        678.1366627607814,
        920.2958744396994,
        485.29115417833214,
        60.053779413967504,
        820.4747004410012,
        680.294535321969,
        859.7318633255056,
        793.3984307995077,
        735.2277007511547,
        618.9381083072619,
        440.69836190921956,
        667.1127520755118,
        496.65402038618413,
        401.354235903507,
        411.7351949301715,
        708.2050821524862,
        836.6892292040847,
        83.87641175514224,
        78.26321779196357,
        626.3408528750163,
        906.346378772222,
        513.5375606972275,
        104.86590569430498,
        62.718135387435694,
        727.0998499999566,
        813.221011939966,
        151.70341692068686,
        820.4759204732086,
        758.6338829683325,
        866.8783011785295,
        765.4883412589387,
        751.3161995788596,
        738.957675300679,
        693.7939814013337,
        78.60568145947772,
        818.9672979996903,
        898.7269255943646,
        387.2147835310408,
        174.81503221059089,
        794.6605898858227,
        614.9639361450307,
        515.0417908702433,
        64.28950026587594,
        662.7315963100957,
        382.7571174048298,
        681.1687006706808,
        127.10283482969368,
        448.99620292613105,
        656.499868927424,
        746.940471416338,
        56.071831396156796,
        568.1383765500032,
        597.6764872348493,
        831.9968277958267,
        431.7328884432067,
        690.0655703385356,
        72.92128871001592,
        562.2666680563161,
        83.03738587932907,
        989.733531709155,
        736.7520937703664,
        664.1365008264161,
        559.39375226717,
        428.6934512728973,
        489.03875123126056,
        784.1155282410734,
        773.1585480879932,
        116.81139630403536,
        688.5615586881521,
        778.3135201885325,
        818.0433200611999,
        235.93559697410205,
        547.3723595725972,
        884.1006414972094,
        807.0235648746728,
        69.66264170093493,
        702.1887051004828,
        600.2000711442479,
        124.01564750078626,
        933.4265857267287,
        910.1010338535493,
        583.1823080286601,
        799.5526733830537
    ],
    "recent_successes": [
        1,
        1,
        1,
        1,
        1,
        1,
        1,
        1,
        1,
        1,
        1,
        1,
        1,
        1,
        1,
        1,
        1,
        1,
        1,
        1,
        1,
        1,
        1,
        1,
        1,
        1,
        1,
        1,
        1,
        1,
        1,
        1,
        1,
        1,
        1,
        1,
        1,
        1,
        1,
        1,
        1,
        1,
        1,
        1,
        1,
        1,
        1,
        1,
        1,
        1,
        1,
        1,
        1,
        1,
        1,
        1,
        1,
        1,
        1,
        1,
        1,
        1,
        1,
        1,
        1,
        1,
        1,
        1,
        1,
        1,
        1,
        1,
        1,
        1,
        1,
        1,
        1,
        1,
        1,
        1,
        1,
        1,
        1,
        1,
        1,
        1,
        1,
        1,
        1,
        1,
        1,
        1,
        1,
        1,
        1,
        1,
        1,
        1,
        1,
        1
    ],
    "recent_collisions": [
        0,
        0,
        0,
        0,
        0,
        0,
        0,
        0,
        0,
        0,
        0,
        0,
        0,
        0,
        0,
        0,
        0,
        0,
        0,
        0,
        0,
        0,
        0,
        0,
        0,
        0,
        0,
        0,
        0,
        0,
        0,
        0,
        0,
        0,
        0,
        0,
        0,
        0,
        0,
        0,
        0,
        0,
        0,
        0,
        0,
        0,
        0,
        0,
        0,
        0,
        0,
        0,
        0,
        0,
        0,
        0,
        0,
        0,
        0,
        0,
        0,
        0,
        0,
        0,
        0,
        0,
        0,
        0,
        0,
        0,
        0,
        0,
        0,
        0,
        0,
        0,
        0,
        0,
        0,
        0,
        0,
        0,
        0,
        0,
        0,
        0,
        0,
        0,
        0,
        0,
        0,
        0,
        0,
        0,
        0,
        0,
        0,
        0,
        0,
        0
    ],
    "recent_steps": [
        72,
        132,
        78,
        108,
        69,
        106,
        79,
        91,
        29,
        51,
        89,
        16,
        42,
        128,
        73,
        81,
        104,
        104,
        158,
        62,
        63,
        145,
        90,
        131,
        137,
        102,
        82,
        43,
        93,
        46,
        84,
        26,
        152,
        129,
        70,
        71,
        85,
        161,
        52,
        76,
        67,
        112,
        161,
        57,
        173,
        117,
        156,
        117,
        129,
        136,
        91,
        67,
        130,
        172,
        29,
        81,
        124,
        84,
        60,
        55,
        104,
        12,
        102,
        84,
        36,
        107,
        100,
        57,
        80,
        95,
        127,
        46,
        91,
        61,
        67,
        71,
        189,
        120,
        86,
        74,
        42,
        39,
        123,
        114,
        80,
        88,
        154,
        143,
        114,
        61,
        155,
        131,
        60,
        112,
        95,
        87,
        168,
        166,
        79,
        126
    ],
    "params": {
        "max_episodes": 2500,
        "max_steps": 500,
        "batch_size": 64,
        "learning_rate": 5e-05,
        "gamma": 0.99,
        "initial_epsilon": 0.2,
        "epsilon_decay": 0.998,
        "min_epsilon": 0.02,
        "memory_size": 100000,
        "target_update_freq": 5
    }
}