{
    "episode": 2000,
    "best_reward": 2907.846489339092,
    "best_success_rate": 1.0,
    "recent_rewards": [
        485.85566440077616,
        185.28693545002238,
        107.8373115347809,
        740.3362951119798,
        514.8732359731209,
        202.75067502452276,
        728.9948440783066,
        295.5822773529905,
        920.2053810774244,
        787.3718250379538,
        822.7371648618494,
        945.3592471909494,
        159.73619570471215,
        89.52397617771973,
        800.1804575850686,
        708.1830629251887,
        190.88820787212836,
        1085.3989343982737,
        292.7559128429894,
        444.07948171360437,
        942.0032110488788,
        1027.0077908122867,
        546.2507623140914,
        293.2345892251499,
        886.0808887752279,
        911.0229064742382,
        836.5492093814379,
        1085.424695890922,
        140.37596928792993,
        767.7332908683054,
        748.8248115871513,
        665.7616156809141,
        750.279805521391,
        551.6614458443808,
        759.1092738010841,
        1086.4923402109482,
        521.7351142053643,
        441.90187280301683,
        732.21732388496,
        615.8828261277137,
        904.1239597384279,
        642.6799813724414,
        494.1176016765332,
        818.4505974376912,
        730.9817676823161,
        1101.6571701076014,
        280.19108742810863,
        676.4761783478888,
        153.38422981991076,
        21.16328393989562,
        974.4694689325925,
        971.1914055241548,
        834.1114025482054,
        681.1863748751099,
        672.7207392963181,
        788.9456652627912,
        713.204361793747,
        210.72580618482436,
        800.3072648879258,
        448.50902423205287,
        329.6131335451638,
        420.01544020591655,
        375.66025170384245,
        490.25714650857026,
        507.7700406064562,
        55.03985789148413,
        803.338530646108,
        858.4368704699191,
        429.31852694907656,
        922.2056934338241,
        449.3404062149203,
        813.0075868501176,
        845.1502930151935,
        741.2955660795202,
        693.7537282016822,
        426.612997893984,
        773.5986840262711,
        453.31011404778445,
        227.91958886210932,
        913.7629932314073,
        825.7269163407417,
        134.19001240089744,
        999.9944933189713,
        66.51360373146329,
        450.4203931795521,
        223.18738125404235,
        164.57417292670584,
        501.93203552856244,
        207.64414273153977,
        344.1365271327444,
        523.8829443870427,
        709.827390854022,
        236.44665288377354,
        738.2518790974043,
        616.4771471612671,
        767.9338111706767,
        754.0821937974532,
        741.2158693434288,
        404.3179914117832,
        585.9024955331591
    ],
    "recent_successes": [
        1,
        1,
        1,
        1,
        1,
        1,
        1,
        1,
        1,
        1,
        1,
        1,
        1,
        1,
        1,
        1,
        1,
        1,
        1,
        1,
        1,
        1,
        1,
        1,
        1,
        1,
        1,
        1,
        1,
        1,
        1,
        1,
        1,
        1,
        1,
        1,
        1,
        1,
        1,
        1,
        1,
        1,
        1,
        1,
        1,
        1,
        1,
        1,
        1,
        0,
        1,
        1,
        1,
        1,
        1,
        1,
        1,
        1,
        1,
        1,
        1,
        1,
        1,
        1,
        1,
        1,
        1,
        1,
        1,
        1,
        1,
        1,
        1,
        1,
        1,
        1,
        1,
        1,
        1,
        1,
        1,
        1,
        1,
        1,
        1,
        1,
        1,
        1,
        1,
        1,
        1,
        1,
        1,
        1,
        1,
        1,
        1,
        1,
        1,
        1
    ],
    "recent_collisions": [
        0,
        0,
        0,
        0,
        0,
        0,
        0,
        0,
        0,
        0,
        0,
        0,
        0,
        0,
        0,
        0,
        0,
        0,
        0,
        0,
        0,
        0,
        0,
        0,
        0,
        0,
        0,
        0,
        0,
        0,
        0,
        0,
        0,
        0,
        0,
        0,
        0,
        0,
        0,
        0,
        0,
        0,
        0,
        0,
        0,
        0,
        0,
        0,
        0,
        0,
        0,
        0,
        0,
        0,
        0,
        0,
        0,
        0,
        0,
        0,
        0,
        0,
        0,
        0,
        0,
        0,
        0,
        0,
        0,
        0,
        0,
        0,
        0,
        0,
        0,
        0,
        0,
        0,
        0,
        0,
        0,
        0,
        0,
        0,
        0,
        0,
        0,
        0,
        0,
        0,
        0,
        0,
        0,
        0,
        0,
        0,
        0,
        0,
        0,
        0
    ],
    "recent_steps": [
        42,
        105,
        74,
        108,
        61,
        89,
        120,
        145,
        207,
        142,
        146,
        166,
        82,
        79,
        137,
        118,
        121,
        225,
        139,
        34,
        191,
        210,
        61,
        129,
        202,
        156,
        146,
        219,
        84,
        131,
        117,
        98,
        138,
        78,
        140,
        243,
        91,
        19,
        133,
        80,
        157,
        102,
        58,
        145,
        115,
        250,
        136,
        101,
        94,
        76,
        161,
        196,
        158,
        110,
        152,
        141,
        112,
        98,
        126,
        38,
        98,
        156,
        190,
        47,
        68,
        90,
        143,
        171,
        41,
        186,
        51,
        140,
        168,
        126,
        104,
        43,
        193,
        34,
        120,
        189,
        134,
        72,
        195,
        76,
        73,
        97,
        101,
        46,
        126,
        129,
        53,
        139,
        117,
        128,
        135,
        131,
        109,
        118,
        10,
        99
    ],
    "params": {
        "max_episodes": 2500,
        "max_steps": 500,
        "batch_size": 64,
        "learning_rate": 5e-05,
        "gamma": 0.99,
        "initial_epsilon": 0.2,
        "epsilon_decay": 0.998,
        "min_epsilon": 0.02,
        "memory_size": 100000,
        "target_update_freq": 5
    }
}