{
    "episode": 1500,
    "best_reward": 2907.846489339092,
    "best_success_rate": 1.0,
    "recent_rewards": [
        252.10787765002675,
        810.9946292052692,
        820.5072269753942,
        550.6693525486214,
        639.9811619015655,
        974.0414494717554,
        624.0722195498561,
        349.5,
        699.0907162343899,
        778.2631186319159,
        702.6289065166395,
        674.9943729578488,
        499.7211166255307,
        860.9227841117729,
        651.1563357245902,
        779.3833797303371,
        793.347243570176,
        624.184320927156,
        867.1159522981388,
        684.9536120941359,
        874.0279752321671,
        676.7231637702811,
        611.6840446596971,
        619.9272818484376,
        413.08315616310983,
        882.7909254139001,
        732.1472927823148,
        756.7907338494227,
        762.7380266044629,
        415.5783302397608,
        688.7591120223547,
        758.1507826624608,
        1031.2012935072967,
        126.13170300906756,
        871.1503212696904,
        493.9417736906867,
        688.8907722287474,
        487.54071743764996,
        816.7695795578086,
        126.74587710544085,
        958.8745412883836,
        580.8372564558399,
        173.9737709750506,
        328.09150200438825,
        608.8420336265903,
        777.4039541540513,
        88.39290172128668,
        817.294563725147,
        508.5513210363605,
        820.0104675970989,
        778.5769224228222,
        592.8020921534062,
        774.1491913604623,
        143.03810283738767,
        673.2079073502421,
        671.2455381789562,
        124.62008563090086,
        827.7873915798156,
        894.8425330218906,
        769.5971905453633,
        630.8620206080868,
        53.79195735800971,
        809.9163193066221,
        614.4031701433036,
        511.9154685436025,
        883.0295298222886,
        700.2514135794673,
        647.7072944112813,
        719.5631070080256,
        653.7092221977092,
        668.8779740105957,
        94.8412237529648,
        820.3522728694201,
        764.2317813502265,
        876.2973381492703,
        523.600981842135,
        750.2426731295113,
        963.2151252874112,
        142.150695189933,
        876.6361747253391,
        168.47854703250414,
        878.7576266442333,
        657.6896872567795,
        736.8466066895982,
        897.7252981214378,
        696.824186791307,
        628.5029651783138,
        643.118465484476,
        779.8635415638012,
        855.5489839374609,
        788.855236214674,
        535.9271995845658,
        478.9435609465378,
        760.5006808934927,
        119.76300982656934,
        210.07376806178965,
        540.2537956701101,
        530.5634434625231,
        109.78120543980921,
        585.6173210153736
    ],
    "recent_successes": [
        1,
        1,
        1,
        1,
        1,
        1,
        1,
        1,
        1,
        1,
        1,
        1,
        1,
        1,
        1,
        1,
        1,
        1,
        1,
        1,
        1,
        1,
        1,
        1,
        1,
        1,
        1,
        1,
        1,
        1,
        1,
        1,
        1,
        1,
        1,
        1,
        1,
        1,
        1,
        1,
        1,
        1,
        1,
        1,
        1,
        1,
        1,
        1,
        1,
        1,
        1,
        1,
        1,
        1,
        1,
        1,
        1,
        1,
        1,
        1,
        1,
        1,
        1,
        1,
        1,
        1,
        1,
        1,
        1,
        1,
        1,
        1,
        1,
        1,
        1,
        1,
        1,
        1,
        1,
        1,
        1,
        1,
        1,
        1,
        1,
        1,
        1,
        1,
        1,
        1,
        1,
        1,
        1,
        1,
        1,
        1,
        1,
        1,
        1,
        1
    ],
    "recent_collisions": [
        0,
        0,
        0,
        0,
        0,
        0,
        0,
        0,
        0,
        0,
        0,
        0,
        0,
        0,
        0,
        0,
        0,
        0,
        0,
        0,
        0,
        0,
        0,
        0,
        0,
        0,
        0,
        0,
        0,
        0,
        0,
        0,
        0,
        0,
        0,
        0,
        0,
        0,
        0,
        0,
        0,
        0,
        0,
        0,
        0,
        0,
        0,
        0,
        0,
        0,
        0,
        0,
        0,
        0,
        0,
        0,
        0,
        0,
        0,
        0,
        0,
        0,
        0,
        0,
        0,
        0,
        0,
        0,
        0,
        0,
        0,
        0,
        0,
        0,
        0,
        0,
        0,
        0,
        0,
        0,
        0,
        0,
        0,
        0,
        0,
        0,
        0,
        0,
        0,
        0,
        0,
        0,
        0,
        0,
        0,
        0,
        0,
        0,
        0,
        0
    ],
    "recent_steps": [
        106,
        142,
        162,
        55,
        99,
        184,
        81,
        1,
        110,
        140,
        123,
        103,
        83,
        163,
        97,
        145,
        142,
        114,
        200,
        115,
        153,
        94,
        88,
        80,
        28,
        155,
        108,
        132,
        119,
        39,
        128,
        145,
        195,
        78,
        169,
        42,
        100,
        67,
        168,
        80,
        183,
        78,
        60,
        119,
        83,
        158,
        68,
        155,
        50,
        167,
        133,
        67,
        107,
        76,
        95,
        98,
        91,
        153,
        151,
        123,
        80,
        63,
        153,
        89,
        58,
        169,
        119,
        79,
        117,
        92,
        103,
        80,
        168,
        121,
        161,
        47,
        144,
        194,
        86,
        145,
        119,
        174,
        101,
        122,
        159,
        101,
        95,
        84,
        127,
        143,
        120,
        70,
        36,
        134,
        78,
        101,
        58,
        52,
        65,
        78
    ],
    "params": {
        "max_episodes": 2500,
        "max_steps": 500,
        "batch_size": 64,
        "learning_rate": 5e-05,
        "gamma": 0.99,
        "initial_epsilon": 0.2,
        "epsilon_decay": 0.998,
        "min_epsilon": 0.02,
        "memory_size": 100000,
        "target_update_freq": 5
    }
}