{
    "episode": 500,
    "best_reward": 2907.846489339092,
    "best_success_rate": 1.0,
    "recent_rewards": [
        629.9742890941649,
        381.15527378716814,
        742.9669376037127,
        445.73059122946984,
        71.02796946939625,
        725.9254440171765,
        704.456864278304,
        348.71867590591694,
        505.316376461218,
        87.8046527790778,
        621.4866509145378,
        167.46159365226055,
        600.3361035948519,
        1001.7978890671009,
        114.51628054348481,
        608.1431990425135,
        445.96315317263225,
        1026.787386659918,
        670.2534711160527,
        833.4573932158183,
        104.47986752830164,
        699.2300482211703,
        405.72596339209537,
        868.2337541141586,
        364.8419639057637,
        634.5374905113347,
        776.9520424289667,
        732.9633016417083,
        765.7084835659955,
        762.2571362725066,
        187.2099062518065,
        618.9392559263649,
        903.5777433506164,
        946.4523799256478,
        1009.46593405793,
        186.61887444075296,
        855.2007249428411,
        215.94743037553206,
        824.8159586728467,
        713.1668788829613,
        621.3400191088895,
        192.01693950620506,
        513.0954668252261,
        26.62399024809943,
        844.9797367067231,
        742.0608397924269,
        828.6076158049234,
        417.1389084702113,
        674.2997288267629,
        794.0248592104092,
        465.57409573392385,
        824.1642732791357,
        677.2465969277345,
        746.4892954624843,
        619.3524081388761,
        773.982744654976,
        726.0654830882019,
        760.8588088372131,
        573.0617438708621,
        669.551537684971,
        586.1147502674143,
        601.896583697332,
        64.15483929406716,
        938.1502385403876,
        420.74572937448676,
        82.29422859630412,
        613.2274094954987,
        497.0178355924131,
        655.0286081261032,
        700.163230359036,
        417.70340432943385,
        607.588639584232,
        642.629509319503,
        100.3933943750335,
        429.7736173601594,
        136.38235464814952,
        570.983989656226,
        308.5847268442248,
        449.26002283367313,
        635.5532671024735,
        708.0919189743234,
        623.4293873257977,
        403.244456863453,
        688.6176213339877,
        349.5,
        848.8452456754703,
        672.681226411257,
        429.70061428201416,
        140.56559488598225,
        249.03003215229165,
        2.968217647194109,
        677.2019976197103,
        933.4783912069176,
        844.3436948040134,
        767.2774660015741,
        720.414731033303,
        770.1636777120025,
        814.331361075059,
        553.6443800303425,
        783.4617072017844
    ],
    "recent_successes": [
        1,
        1,
        1,
        1,
        1,
        1,
        1,
        1,
        1,
        1,
        1,
        1,
        1,
        1,
        1,
        1,
        1,
        1,
        1,
        1,
        1,
        1,
        1,
        1,
        1,
        1,
        1,
        1,
        1,
        1,
        1,
        1,
        1,
        1,
        1,
        1,
        1,
        1,
        1,
        1,
        1,
        1,
        1,
        0,
        1,
        1,
        1,
        1,
        1,
        1,
        1,
        1,
        1,
        1,
        1,
        1,
        1,
        1,
        1,
        1,
        1,
        1,
        1,
        1,
        1,
        1,
        1,
        1,
        1,
        1,
        1,
        1,
        1,
        1,
        1,
        1,
        1,
        1,
        1,
        1,
        1,
        1,
        1,
        1,
        1,
        1,
        1,
        1,
        1,
        1,
        0,
        1,
        1,
        1,
        1,
        1,
        1,
        1,
        1,
        1
    ],
    "recent_collisions": [
        0,
        0,
        0,
        0,
        0,
        0,
        0,
        0,
        0,
        0,
        0,
        0,
        0,
        0,
        0,
        0,
        0,
        0,
        0,
        0,
        0,
        0,
        0,
        0,
        0,
        0,
        0,
        0,
        0,
        0,
        0,
        0,
        0,
        0,
        0,
        0,
        0,
        0,
        0,
        0,
        0,
        0,
        0,
        0,
        0,
        0,
        0,
        0,
        0,
        0,
        0,
        0,
        0,
        0,
        0,
        0,
        0,
        0,
        0,
        0,
        0,
        0,
        0,
        0,
        0,
        0,
        0,
        0,
        0,
        0,
        0,
        0,
        0,
        0,
        0,
        0,
        0,
        0,
        0,
        0,
        0,
        0,
        0,
        0,
        0,
        0,
        0,
        0,
        0,
        0,
        0,
        0,
        0,
        0,
        0,
        0,
        0,
        0,
        0,
        0
    ],
    "recent_steps": [
        87,
        13,
        117,
        75,
        58,
        116,
        110,
        143,
        56,
        64,
        87,
        80,
        75,
        229,
        76,
        88,
        69,
        217,
        99,
        143,
        66,
        102,
        20,
        154,
        30,
        95,
        132,
        107,
        119,
        117,
        90,
        88,
        164,
        173,
        218,
        90,
        179,
        91,
        162,
        105,
        83,
        100,
        176,
        57,
        141,
        130,
        150,
        19,
        119,
        131,
        31,
        136,
        111,
        132,
        84,
        123,
        122,
        129,
        75,
        97,
        81,
        93,
        69,
        181,
        30,
        66,
        98,
        44,
        83,
        90,
        49,
        80,
        108,
        84,
        17,
        73,
        76,
        165,
        39,
        99,
        121,
        79,
        32,
        102,
        1,
        169,
        105,
        26,
        79,
        144,
        58,
        92,
        168,
        145,
        146,
        113,
        124,
        132,
        93,
        128
    ],
    "params": {
        "max_episodes": 2500,
        "max_steps": 500,
        "batch_size": 64,
        "learning_rate": 5e-05,
        "gamma": 0.99,
        "initial_epsilon": 0.2,
        "epsilon_decay": 0.998,
        "min_epsilon": 0.02,
        "memory_size": 100000,
        "target_update_freq": 5
    }
}