{
    "episode": 400,
    "best_reward": 2907.846489339092,
    "best_success_rate": 1.0,
    "recent_rewards": [
        799.3088094194313,
        1077.976958773063,
        1051.111146378875,
        215.43662662061706,
        901.4386519961479,
        63.486675111409,
        894.1869478317338,
        816.9891501711285,
        161.89089661223534,
        726.5388730447559,
        642.4267908345511,
        766.4371370303836,
        416.16223835347574,
        828.340149468249,
        149.76018459222075,
        622.0828800068481,
        608.6696692403732,
        911.0093578628857,
        677.1275977317671,
        1016.3403898616032,
        916.7589039333925,
        511.0092055792779,
        415.56659731918364,
        144.84395084569383,
        567.5017410386997,
        875.5326182799778,
        771.9858505739452,
        140.9818894577378,
        762.9805911987346,
        659.5695957446642,
        408.23696678837985,
        517.2412637384983,
        912.478857922831,
        624.2567338248982,
        800.8215827845677,
        162.63995339556027,
        989.011932527681,
        88.54287778454506,
        923.4295805605022,
        684.9700849063609,
        779.1565503318454,
        205.14344342210472,
        89.93155632168768,
        798.4920223999112,
        434.276048845833,
        436.3613748965441,
        879.1229545829137,
        779.7481470652112,
        951.4640556021134,
        790.9532921906756,
        738.4502003990592,
        401.4208447556934,
        703.8109406098476,
        703.3923401418359,
        503.31183083220856,
        486.0844299165885,
        201.18656002637914,
        1037.1979648066192,
        879.7947726410954,
        301.2203755413062,
        725.6593113456554,
        780.2581951239491,
        906.4453180280417,
        1023.602266766714,
        707.6654442964398,
        490.9291993673264,
        505.52332389505153,
        728.4770195127079,
        668.4338609334369,
        560.7135727282066,
        100.52540629084046,
        815.3031517207406,
        111.91851623731372,
        889.9793421046262,
        1011.94931970117,
        99.15626516496613,
        747.5031616484774,
        577.1340211423168,
        129.81969114853212,
        -5.378157009673316,
        1086.9127610144017,
        708.3804464657701,
        225.55688672307042,
        795.0279727355039,
        700.2270830057328,
        133.68522613627573,
        1021.1546217446246,
        500.3975627394042,
        443.45388953871804,
        812.2937293802338,
        79.41976150803666,
        420.5766513678831,
        448.08887056324164,
        592.072612704442,
        674.5043023017494,
        532.8489631456084,
        261.45857192206915,
        351.78181106259177,
        812.0673611660123,
        993.5802960779673
    ],
    "recent_successes": [
        1,
        1,
        1,
        1,
        1,
        1,
        1,
        1,
        1,
        1,
        1,
        1,
        1,
        1,
        1,
        1,
        1,
        1,
        1,
        1,
        1,
        1,
        1,
        1,
        1,
        1,
        1,
        1,
        1,
        1,
        1,
        1,
        1,
        1,
        1,
        1,
        1,
        1,
        1,
        1,
        1,
        1,
        1,
        1,
        1,
        1,
        1,
        1,
        1,
        1,
        1,
        1,
        1,
        1,
        1,
        1,
        1,
        1,
        1,
        1,
        1,
        1,
        1,
        1,
        1,
        1,
        1,
        1,
        1,
        1,
        1,
        1,
        1,
        1,
        1,
        1,
        1,
        1,
        1,
        0,
        1,
        1,
        1,
        1,
        1,
        1,
        1,
        1,
        1,
        1,
        1,
        1,
        1,
        1,
        1,
        1,
        1,
        1,
        1,
        1
    ],
    "recent_collisions": [
        0,
        0,
        0,
        0,
        0,
        0,
        0,
        0,
        0,
        0,
        0,
        0,
        0,
        0,
        0,
        0,
        0,
        0,
        0,
        0,
        0,
        0,
        0,
        0,
        0,
        0,
        0,
        0,
        0,
        0,
        0,
        0,
        0,
        0,
        0,
        0,
        0,
        0,
        0,
        0,
        0,
        0,
        0,
        0,
        0,
        0,
        0,
        0,
        0,
        0,
        0,
        0,
        0,
        0,
        0,
        0,
        0,
        0,
        0,
        0,
        0,
        0,
        0,
        0,
        0,
        0,
        0,
        0,
        0,
        0,
        0,
        0,
        0,
        0,
        0,
        0,
        0,
        0,
        0,
        0,
        0,
        0,
        0,
        0,
        0,
        0,
        0,
        0,
        0,
        0,
        0,
        0,
        0,
        0,
        0,
        0,
        0,
        0,
        0,
        0
    ],
    "recent_steps": [
        128,
        214,
        215,
        101,
        167,
        60,
        152,
        131,
        89,
        135,
        95,
        128,
        36,
        141,
        83,
        85,
        86,
        167,
        87,
        200,
        170,
        86,
        13,
        83,
        76,
        139,
        122,
        93,
        136,
        85,
        134,
        71,
        146,
        94,
        140,
        92,
        199,
        66,
        163,
        107,
        125,
        109,
        66,
        127,
        30,
        40,
        160,
        126,
        179,
        136,
        112,
        56,
        137,
        110,
        47,
        42,
        90,
        198,
        166,
        98,
        105,
        121,
        162,
        191,
        108,
        76,
        63,
        134,
        110,
        66,
        84,
        146,
        54,
        163,
        193,
        71,
        104,
        71,
        83,
        58,
        220,
        103,
        79,
        114,
        102,
        83,
        206,
        64,
        30,
        141,
        63,
        14,
        34,
        88,
        99,
        61,
        119,
        130,
        158,
        197
    ],
    "params": {
        "max_episodes": 2500,
        "max_steps": 500,
        "batch_size": 64,
        "learning_rate": 5e-05,
        "gamma": 0.99,
        "initial_epsilon": 0.2,
        "epsilon_decay": 0.998,
        "min_epsilon": 0.02,
        "memory_size": 100000,
        "target_update_freq": 5
    }
}