{
    "episode": 100,
    "best_reward": 2907.846489339092,
    "best_success_rate": 0.94,
    "recent_rewards": [
        50.087048423548225,
        372.4677344225876,
        344.26764253147195,
        79.56545473167952,
        13.834985728935294,
        370.7055529653204,
        54.73829282280076,
        121.19894757400084,
        145.2533067659852,
        -7.4596752876274195,
        221.585376211415,
        4.9506187536432265,
        36.70623379094445,
        308.0930189368012,
        109.01978036352628,
        98.03001553137216,
        349.5,
        66.61311790624717,
        792.6023158116163,
        121.90967002887923,
        742.4299238366199,
        34.74379052355761,
        171.85193523091237,
        423.53719024685927,
        126.42211807090843,
        523.6324081627396,
        317.1772681839801,
        231.96512541333794,
        597.9469724232704,
        82.2554170278679,
        454.39551162321385,
        326.79654352829306,
        579.3517227868629,
        465.0914468552053,
        721.3768967896423,
        163.25484733656054,
        207.51117284217037,
        427.5518438721514,
        565.0763419279126,
        917.0689221679105,
        86.61672353949055,
        37.00827849961948,
        167.8221764581309,
        838.0360824326087,
        673.2335770351959,
        628.2774147339336,
        1042.7001689178398,
        914.3646870022437,
        930.0744141993343,
        619.6210033772666,
        705.2495078291332,
        465.0349484625791,
        645.247227052469,
        878.1544200396643,
        628.4986434020237,
        521.4052864056116,
        225.80872866728913,
        699.6333570526826,
        555.9252321558811,
        506.13181627770956,
        520.5120999887408,
        520.411199036029,
        692.9942670970711,
        2907.846489339092,
        1153.8240929407189,
        1105.0344680442715,
        128.58884590021057,
        1246.2103294575263,
        206.01979294836008,
        1192.514293825261,
        369.04698407084345,
        349.5,
        943.687443929063,
        192.50221507184452,
        180.46729909785677,
        119.592842866463,
        1116.28756292074,
        410.2937681171286,
        1189.1489283464857,
        955.9470093073899,
        585.8189081361137,
        607.4313384260878,
        955.4744982369203,
        520.5852028810525,
        1407.5084580676225,
        788.9633748896875,
        1079.5820270687377,
        664.1737237189718,
        1345.774942297516,
        1342.558751808681,
        959.8967292146715,
        1374.9370011477517,
        1391.5763733560743,
        1335.3742855307885,
        292.37845729752553,
        104.43629815434068,
        647.0526142655801,
        1353.9687470306271,
        481.4477577109277,
        1184.8012968575947
    ],
    "recent_successes": [
        1,
        1,
        1,
        1,
        0,
        1,
        1,
        1,
        1,
        0,
        1,
        0,
        0,
        1,
        1,
        1,
        1,
        1,
        1,
        1,
        1,
        0,
        1,
        1,
        1,
        1,
        1,
        1,
        1,
        1,
        1,
        1,
        1,
        1,
        1,
        1,
        1,
        1,
        1,
        1,
        1,
        0,
        1,
        1,
        1,
        1,
        1,
        1,
        1,
        1,
        1,
        1,
        1,
        1,
        1,
        1,
        1,
        1,
        1,
        1,
        1,
        1,
        1,
        1,
        1,
        1,
        1,
        1,
        1,
        1,
        1,
        1,
        1,
        1,
        1,
        1,
        1,
        1,
        1,
        1,
        1,
        1,
        1,
        1,
        1,
        1,
        1,
        1,
        1,
        1,
        1,
        1,
        1,
        1,
        1,
        1,
        1,
        1,
        1,
        1
    ],
    "recent_collisions": [
        0,
        0,
        0,
        0,
        0,
        0,
        0,
        0,
        0,
        0,
        0,
        0,
        0,
        0,
        0,
        0,
        0,
        0,
        0,
        0,
        0,
        0,
        0,
        0,
        0,
        0,
        0,
        0,
        0,
        0,
        0,
        0,
        0,
        0,
        0,
        0,
        0,
        0,
        0,
        0,
        0,
        0,
        0,
        0,
        0,
        0,
        0,
        0,
        0,
        0,
        0,
        0,
        0,
        0,
        0,
        0,
        0,
        0,
        0,
        0,
        0,
        0,
        0,
        0,
        0,
        0,
        0,
        0,
        0,
        0,
        0,
        0,
        0,
        0,
        0,
        0,
        0,
        0,
        0,
        0,
        0,
        0,
        0,
        0,
        0,
        0,
        0,
        0,
        0,
        0,
        0,
        0,
        0,
        0,
        0,
        0,
        0,
        0,
        0,
        0
    ],
    "recent_steps": [
        100,
        217,
        282,
        58,
        92,
        197,
        87,
        77,
        82,
        78,
        163,
        73,
        86,
        150,
        97,
        63,
        1,
        65,
        140,
        67,
        117,
        71,
        83,
        23,
        92,
        176,
        88,
        130,
        247,
        92,
        39,
        97,
        80,
        203,
        196,
        115,
        109,
        119,
        204,
        211,
        73,
        76,
        75,
        175,
        271,
        113,
        258,
        197,
        199,
        80,
        308,
        169,
        98,
        240,
        154,
        149,
        107,
        126,
        65,
        219,
        168,
        231,
        212,
        195,
        304,
        288,
        111,
        298,
        114,
        474,
        151,
        1,
        288,
        90,
        109,
        104,
        341,
        29,
        338,
        226,
        71,
        95,
        194,
        65,
        83,
        166,
        259,
        90,
        500,
        500,
        220,
        500,
        500,
        500,
        181,
        91,
        76,
        500,
        52,
        500
    ],
    "params": {
        "max_episodes": 2500,
        "max_steps": 500,
        "batch_size": 64,
        "learning_rate": 5e-05,
        "gamma": 0.99,
        "initial_epsilon": 0.2,
        "epsilon_decay": 0.998,
        "min_epsilon": 0.02,
        "memory_size": 100000,
        "target_update_freq": 5
    }
}