{
    "episode": 1800,
    "best_reward": 2907.846489339092,
    "best_success_rate": 1.0,
    "recent_rewards": [
        150.78073243825537,
        711.3215844691863,
        152.41986879695747,
        52.131903510531885,
        674.2071237210919,
        75.68638291489358,
        459.0641529447811,
        655.5089129792925,
        814.1031748538865,
        412.3477471724997,
        411.7539703662487,
        133.64765755581612,
        813.9258200455994,
        484.2902459373835,
        955.7725263614208,
        736.5736536691156,
        866.463469224448,
        538.6805319582414,
        97.03032598136093,
        885.8597432290396,
        529.5164725991735,
        507.8128182512501,
        834.7482387638355,
        562.1482541738546,
        674.0718879227805,
        57.83705793900657,
        1026.574410357185,
        649.7145750584839,
        700.8269134923494,
        725.7354256315294,
        305.76884977778593,
        834.8056231662852,
        925.1861813649218,
        483.4918861331905,
        494.5747669137526,
        773.4872912107887,
        977.0771944485525,
        774.6954900670466,
        719.7224975096543,
        608.0044166849655,
        65.16737729360929,
        778.2018391115085,
        141.05997228027536,
        809.360538038778,
        60.947976393985414,
        440.86426433833094,
        936.0855913609655,
        775.1454264435646,
        54.92416450438938,
        490.9236031232076,
        734.75270101956,
        777.4808460737888,
        -3.3642454207230514,
        682.8265047378175,
        391.0242211983795,
        16.64326827938183,
        667.3785377688348,
        889.740755576039,
        568.4650213221244,
        349.5,
        769.3736779787431,
        828.5270048090877,
        766.1942525134494,
        721.1001459992979,
        733.7503978952811,
        18.3527179544904,
        630.8598005571014,
        421.64124837366325,
        202.9596863508583,
        592.4737060481497,
        166.399900083126,
        143.97851616885913,
        742.8458835333341,
        711.9224825872741,
        731.3676690316398,
        590.9234054612597,
        185.04836512026333,
        844.1928147081528,
        504.2295673346763,
        795.7719881638279,
        761.771799648775,
        639.1659103879728,
        337.4472777703281,
        705.8725364802901,
        468.14113085930046,
        607.7966608422346,
        635.2045119724846,
        536.5240252791855,
        76.20626916298875,
        166.54753649225455,
        69.15044271999255,
        235.686989468349,
        795.7877278282849,
        172.3345372311498,
        736.5862233059792,
        383.559560170997,
        701.9889962279865,
        66.79614108701182,
        415.14307935399796,
        191.34728443914764
    ],
    "recent_successes": [
        1,
        1,
        1,
        1,
        1,
        1,
        1,
        1,
        1,
        1,
        1,
        1,
        1,
        1,
        1,
        1,
        1,
        1,
        1,
        1,
        1,
        1,
        1,
        1,
        1,
        1,
        1,
        1,
        1,
        1,
        1,
        1,
        1,
        1,
        1,
        1,
        1,
        1,
        1,
        1,
        1,
        1,
        1,
        1,
        1,
        1,
        1,
        1,
        1,
        1,
        1,
        1,
        0,
        1,
        1,
        0,
        1,
        1,
        1,
        1,
        1,
        1,
        1,
        1,
        1,
        0,
        1,
        1,
        1,
        1,
        1,
        1,
        1,
        1,
        1,
        1,
        1,
        1,
        1,
        1,
        1,
        1,
        1,
        1,
        1,
        1,
        1,
        1,
        1,
        1,
        1,
        1,
        1,
        1,
        1,
        1,
        1,
        1,
        1,
        1
    ],
    "recent_collisions": [
        0,
        0,
        0,
        0,
        0,
        0,
        0,
        0,
        0,
        0,
        0,
        0,
        0,
        0,
        0,
        0,
        0,
        0,
        0,
        0,
        0,
        0,
        0,
        0,
        0,
        0,
        0,
        0,
        0,
        0,
        0,
        0,
        0,
        0,
        0,
        0,
        0,
        0,
        0,
        0,
        0,
        0,
        0,
        0,
        0,
        0,
        0,
        0,
        0,
        0,
        0,
        0,
        0,
        0,
        0,
        0,
        0,
        0,
        0,
        0,
        0,
        0,
        0,
        0,
        0,
        0,
        0,
        0,
        0,
        0,
        0,
        0,
        0,
        0,
        0,
        0,
        0,
        0,
        0,
        0,
        0,
        0,
        0,
        0,
        0,
        0,
        0,
        0,
        0,
        0,
        0,
        0,
        0,
        0,
        0,
        0,
        0,
        0,
        0,
        0
    ],
    "recent_steps": [
        105,
        126,
        83,
        86,
        87,
        65,
        40,
        110,
        138,
        159,
        47,
        89,
        145,
        44,
        198,
        126,
        148,
        83,
        79,
        159,
        50,
        55,
        150,
        76,
        113,
        61,
        219,
        96,
        108,
        137,
        115,
        142,
        166,
        63,
        66,
        111,
        196,
        129,
        102,
        154,
        91,
        156,
        100,
        230,
        56,
        28,
        162,
        148,
        73,
        51,
        123,
        113,
        48,
        114,
        7,
        62,
        102,
        162,
        200,
        1,
        117,
        147,
        135,
        117,
        136,
        51,
        89,
        15,
        89,
        75,
        85,
        72,
        136,
        126,
        119,
        82,
        113,
        166,
        196,
        126,
        125,
        91,
        78,
        121,
        198,
        83,
        94,
        177,
        74,
        90,
        69,
        108,
        133,
        81,
        117,
        125,
        101,
        64,
        25,
        100
    ],
    "params": {
        "max_episodes": 2500,
        "max_steps": 500,
        "batch_size": 64,
        "learning_rate": 5e-05,
        "gamma": 0.99,
        "initial_epsilon": 0.2,
        "epsilon_decay": 0.998,
        "min_epsilon": 0.02,
        "memory_size": 100000,
        "target_update_freq": 5
    }
}