{
    "episode": 2100,
    "best_reward": 2907.846489339092,
    "best_success_rate": 1.0,
    "recent_rewards": [
        157.0174350104047,
        855.3381212640946,
        690.6765956689507,
        792.7852850854695,
        797.9326149191556,
        147.1582931766469,
        819.7469471298543,
        812.2770387816986,
        561.00604168189,
        792.2694496844628,
        186.0898135307654,
        178.178349670996,
        667.0941312946311,
        855.0109494922926,
        235.91495689221438,
        717.3060970341473,
        830.270910862926,
        798.8330411441706,
        304.1886803225634,
        918.9225125341411,
        565.0869835499748,
        418.6356091306642,
        538.7520536786183,
        256.3218982717378,
        923.9218144850179,
        192.40439355736652,
        469.00787148024045,
        626.7941614060117,
        32.465531096150585,
        119.56588045641126,
        761.3929295293646,
        729.4087741595749,
        448.2738823963105,
        1049.3795179395156,
        925.0196208967398,
        167.06141973287447,
        639.4889153563116,
        665.1161267471896,
        645.5250361013311,
        845.7628860716454,
        912.6635705661984,
        683.8317409023673,
        163.71779154178654,
        603.3076530694658,
        838.9740403919258,
        932.1005124757455,
        695.4257170905998,
        650.4890910563886,
        238.5946924969523,
        136.83612673807806,
        736.4188265195431,
        465.85773667955823,
        821.0482048715066,
        432.1814596642106,
        419.8041004961933,
        1022.3901590527541,
        95.05516092510798,
        399.8083680562479,
        66.39895673611531,
        906.4304320013189,
        442.4231976018244,
        818.4724413323692,
        746.8719122464654,
        807.5700697870827,
        426.49733707883155,
        464.47735129611806,
        807.2045199687134,
        399.56034839239004,
        134.8300390355315,
        736.8217840646339,
        723.2776706143584,
        757.0361597464736,
        742.7526066740306,
        817.2697026429934,
        712.494819590484,
        618.6390949656189,
        932.3474649053201,
        707.2912889967333,
        486.1979707696133,
        878.4534604711714,
        374.82304386709086,
        829.8235867126302,
        754.156690336085,
        400.8441039333731,
        665.0804729576901,
        819.4806363706475,
        498.25883927277215,
        796.2572874326125,
        459.60267744600276,
        883.127530819836,
        464.26628140751177,
        937.2616507678167,
        684.5118699362322,
        734.0086590575418,
        872.6116663068454,
        859.8408592964515,
        770.1892577349394,
        985.5156294768211,
        608.224581312557,
        687.0282017175208
    ],
    "recent_successes": [
        1,
        1,
        1,
        1,
        1,
        1,
        1,
        1,
        1,
        1,
        1,
        1,
        1,
        1,
        1,
        1,
        1,
        1,
        1,
        1,
        1,
        1,
        1,
        1,
        1,
        1,
        1,
        1,
        0,
        1,
        1,
        1,
        1,
        1,
        1,
        1,
        1,
        1,
        1,
        1,
        1,
        1,
        1,
        1,
        1,
        1,
        1,
        1,
        1,
        1,
        1,
        1,
        1,
        1,
        1,
        1,
        1,
        1,
        1,
        1,
        1,
        1,
        1,
        1,
        1,
        1,
        1,
        1,
        1,
        1,
        1,
        1,
        1,
        1,
        1,
        1,
        1,
        1,
        1,
        1,
        1,
        1,
        1,
        1,
        1,
        1,
        1,
        1,
        1,
        1,
        1,
        1,
        1,
        1,
        1,
        1,
        1,
        1,
        1,
        1
    ],
    "recent_collisions": [
        0,
        0,
        0,
        0,
        0,
        0,
        0,
        0,
        0,
        0,
        0,
        0,
        0,
        0,
        0,
        0,
        0,
        0,
        0,
        0,
        0,
        0,
        0,
        0,
        0,
        0,
        0,
        0,
        0,
        0,
        0,
        0,
        0,
        0,
        0,
        0,
        0,
        0,
        0,
        0,
        0,
        0,
        0,
        0,
        0,
        0,
        0,
        0,
        0,
        0,
        0,
        0,
        0,
        0,
        0,
        0,
        0,
        0,
        0,
        0,
        0,
        0,
        0,
        0,
        0,
        0,
        0,
        0,
        0,
        0,
        0,
        0,
        0,
        0,
        0,
        0,
        0,
        0,
        0,
        0,
        0,
        0,
        0,
        0,
        0,
        0,
        0,
        0,
        0,
        0,
        0,
        0,
        0,
        0,
        0,
        0,
        0,
        0,
        0,
        0
    ],
    "recent_steps": [
        101,
        149,
        98,
        138,
        136,
        99,
        140,
        132,
        68,
        141,
        93,
        81,
        98,
        171,
        135,
        134,
        184,
        145,
        129,
        176,
        70,
        27,
        71,
        126,
        164,
        114,
        60,
        100,
        43,
        102,
        149,
        123,
        29,
        214,
        217,
        87,
        80,
        101,
        94,
        144,
        171,
        98,
        102,
        76,
        233,
        218,
        110,
        246,
        131,
        103,
        131,
        156,
        163,
        165,
        72,
        206,
        70,
        17,
        63,
        182,
        28,
        139,
        137,
        152,
        24,
        42,
        135,
        12,
        77,
        108,
        148,
        148,
        113,
        146,
        130,
        106,
        178,
        97,
        67,
        157,
        43,
        170,
        130,
        24,
        94,
        188,
        56,
        124,
        48,
        173,
        55,
        223,
        122,
        110,
        171,
        164,
        162,
        203,
        238,
        109
    ],
    "params": {
        "max_episodes": 2500,
        "max_steps": 500,
        "batch_size": 64,
        "learning_rate": 5e-05,
        "gamma": 0.99,
        "initial_epsilon": 0.2,
        "epsilon_decay": 0.998,
        "min_epsilon": 0.02,
        "memory_size": 100000,
        "target_update_freq": 5
    }
}