{
    "episode": 1000,
    "best_reward": 2907.846489339092,
    "best_success_rate": 1.0,
    "recent_rewards": [
        118.01024249570719,
        222.55017622215468,
        757.0390076459556,
        642.3737698656304,
        126.14294203918035,
        421.56428174014184,
        747.3645337127299,
        867.2731935498009,
        798.0237087491248,
        782.37182281601,
        705.3531051488965,
        191.19524259025724,
        700.1251683569002,
        740.5537780742671,
        574.1117024875615,
        946.1072098683492,
        188.54743704792185,
        935.1549085694212,
        629.2523007142275,
        417.87956138923414,
        917.373801928286,
        911.5549182433477,
        495.06079529203606,
        1020.2039243468504,
        954.5224758634763,
        924.7845943469729,
        489.7848828456788,
        118.80919406903564,
        771.8301699522793,
        771.8622513696738,
        553.0118468970857,
        812.2116692884042,
        887.954006638748,
        621.6832536688605,
        634.179858879203,
        660.0827208265385,
        218.31752209115749,
        648.3026976554419,
        686.2205758098219,
        700.4976012019135,
        800.6436413060034,
        897.1229389219684,
        93.7746163050119,
        921.4502244292362,
        440.7588683166613,
        746.2515561768391,
        679.778481055946,
        279.56488389407554,
        789.8272117404795,
        592.784303106368,
        851.3998775439568,
        467.8161935966103,
        75.0523287115941,
        680.1309001269645,
        594.4187348319495,
        748.1494168840161,
        805.765167412819,
        981.7642078227619,
        741.359523168856,
        842.1337591711282,
        688.4450947053645,
        777.4618226693303,
        689.4794956656236,
        635.7256775140568,
        976.2648074024193,
        816.931977893011,
        800.0072006657731,
        60.914082633906304,
        570.7144778847237,
        783.7872497948358,
        824.9168752119213,
        683.3202095080455,
        677.8923176575302,
        176.33731948292154,
        440.428133848657,
        801.8637708343297,
        907.6555617019728,
        675.427222449055,
        549.6003125466232,
        633.3275325267289,
        882.0979335938446,
        801.7242917502297,
        576.590953701651,
        791.8563275879087,
        17.613481119176186,
        786.8923895858442,
        673.2742030735747,
        608.4548759608324,
        349.5,
        902.7778582644053,
        835.4047190937273,
        270.9228492275678,
        464.59607243078455,
        521.258362800053,
        731.2956080603713,
        433.715880729235,
        68.14703520234733,
        56.70387257921027,
        430.416713920551,
        36.271023793623726
    ],
    "recent_successes": [
        1,
        1,
        1,
        1,
        1,
        1,
        1,
        1,
        1,
        1,
        1,
        1,
        1,
        1,
        1,
        1,
        1,
        1,
        1,
        1,
        1,
        1,
        1,
        1,
        1,
        1,
        1,
        1,
        1,
        1,
        1,
        1,
        1,
        1,
        1,
        1,
        1,
        1,
        1,
        1,
        1,
        1,
        1,
        1,
        1,
        1,
        1,
        1,
        1,
        1,
        1,
        1,
        1,
        1,
        1,
        1,
        1,
        1,
        1,
        1,
        1,
        1,
        1,
        1,
        1,
        1,
        1,
        1,
        1,
        1,
        1,
        1,
        1,
        1,
        1,
        1,
        1,
        1,
        1,
        1,
        1,
        1,
        1,
        1,
        0,
        1,
        1,
        1,
        1,
        1,
        1,
        1,
        1,
        1,
        1,
        1,
        1,
        1,
        1,
        0
    ],
    "recent_collisions": [
        0,
        0,
        0,
        0,
        0,
        0,
        0,
        0,
        0,
        0,
        0,
        0,
        0,
        0,
        0,
        0,
        0,
        0,
        0,
        0,
        0,
        0,
        0,
        0,
        0,
        0,
        0,
        0,
        0,
        0,
        0,
        0,
        0,
        0,
        0,
        0,
        0,
        0,
        0,
        0,
        0,
        0,
        0,
        0,
        0,
        0,
        0,
        0,
        0,
        0,
        0,
        0,
        0,
        0,
        0,
        0,
        0,
        0,
        0,
        0,
        0,
        0,
        0,
        0,
        0,
        0,
        0,
        0,
        0,
        0,
        0,
        0,
        0,
        0,
        0,
        0,
        0,
        0,
        0,
        0,
        0,
        0,
        0,
        0,
        0,
        0,
        0,
        0,
        0,
        0,
        0,
        0,
        0,
        0,
        0,
        0,
        0,
        0,
        0,
        0
    ],
    "recent_steps": [
        66,
        114,
        125,
        110,
        64,
        25,
        132,
        143,
        124,
        160,
        103,
        91,
        108,
        102,
        78,
        172,
        101,
        174,
        73,
        169,
        187,
        187,
        47,
        211,
        191,
        166,
        174,
        81,
        137,
        156,
        65,
        150,
        178,
        94,
        103,
        111,
        119,
        85,
        101,
        123,
        135,
        151,
        77,
        202,
        49,
        106,
        105,
        82,
        175,
        75,
        150,
        36,
        79,
        115,
        63,
        116,
        139,
        196,
        130,
        147,
        104,
        158,
        108,
        96,
        178,
        131,
        124,
        88,
        85,
        127,
        130,
        94,
        124,
        129,
        174,
        139,
        176,
        100,
        58,
        97,
        149,
        149,
        84,
        151,
        49,
        126,
        104,
        88,
        1,
        184,
        157,
        118,
        43,
        69,
        108,
        48,
        72,
        61,
        21,
        56
    ],
    "params": {
        "max_episodes": 2500,
        "max_steps": 500,
        "batch_size": 64,
        "learning_rate": 5e-05,
        "gamma": 0.99,
        "initial_epsilon": 0.2,
        "epsilon_decay": 0.998,
        "min_epsilon": 0.02,
        "memory_size": 100000,
        "target_update_freq": 5
    }
}