{
    "episode": 1100,
    "best_reward": 2907.846489339092,
    "best_success_rate": 1.0,
    "recent_rewards": [
        549.9297428845741,
        672.1562909490194,
        799.9428514156036,
        117.28800006338389,
        944.4414539055359,
        500.684311244666,
        693.1634389633562,
        679.3120658939803,
        828.554206698779,
        687.0063852310502,
        630.3138410032524,
        648.0118716317902,
        429.81039646837223,
        1420.3150882924783,
        709.3541367111386,
        444.27367678726466,
        639.6070294871757,
        67.18423481566956,
        641.2120694500811,
        712.5102567131372,
        853.353924403197,
        687.267155167186,
        598.5342181728431,
        876.6561999666023,
        718.786761225781,
        633.4345856513664,
        454.5335847683441,
        782.1354638731789,
        736.0232124646905,
        434.3997696668893,
        649.0736083481225,
        403.953754830192,
        673.3419299804647,
        832.9332513994327,
        472.325682050469,
        777.4787933175253,
        116.08694939574988,
        413.73118089278813,
        730.3145476986361,
        711.438556229135,
        489.58022064203533,
        638.4047068094854,
        115.78757327237605,
        132.69244689976932,
        66.69332296072074,
        1040.5662374220867,
        379.61626920172466,
        945.0067350068064,
        473.94530760495,
        781.3904792790509,
        483.5069489837602,
        832.281040270914,
        440.4287411106077,
        632.8226306614627,
        684.9300962273146,
        755.4503253952151,
        397.4851068365994,
        871.4044990242533,
        1028.848348932808,
        1085.3516327596362,
        781.5369669094384,
        457.6821746177903,
        730.2919909558797,
        408.2100429213116,
        686.2171961899605,
        845.1137670090682,
        724.2456846263073,
        788.542499608376,
        888.4556514612926,
        458.23810215840604,
        595.4016277842779,
        646.5727441077422,
        1684.122115787583,
        854.202587117236,
        63.03799709864907,
        455.93524998976073,
        795.395876322267,
        767.8640441699728,
        893.0097664229778,
        926.9779668672995,
        866.3042935971388,
        411.7369052928286,
        757.458714737828,
        447.41251066551047,
        153.37038985340178,
        765.4627184883469,
        853.9854403210934,
        556.3894876895888,
        707.6329659395201,
        776.0975034116641,
        690.5122724850173,
        687.0119037094822,
        809.1379504804736,
        577.271762024059,
        502.8801286322033,
        468.17678917469925,
        771.575418253084,
        430.82222597611616,
        726.5075937960028,
        869.4968202126735
    ],
    "recent_successes": [
        1,
        1,
        1,
        1,
        1,
        1,
        1,
        1,
        1,
        1,
        1,
        1,
        1,
        1,
        1,
        1,
        1,
        1,
        1,
        1,
        1,
        1,
        1,
        1,
        1,
        1,
        1,
        1,
        1,
        1,
        1,
        1,
        1,
        1,
        1,
        1,
        1,
        1,
        1,
        1,
        1,
        1,
        1,
        1,
        1,
        1,
        1,
        1,
        1,
        1,
        1,
        1,
        1,
        1,
        1,
        1,
        1,
        1,
        1,
        1,
        1,
        1,
        1,
        1,
        1,
        1,
        1,
        1,
        1,
        1,
        1,
        1,
        1,
        1,
        1,
        1,
        1,
        1,
        1,
        1,
        1,
        1,
        1,
        1,
        1,
        1,
        1,
        1,
        1,
        1,
        1,
        1,
        1,
        1,
        1,
        1,
        1,
        1,
        1,
        1
    ],
    "recent_collisions": [
        0,
        0,
        0,
        0,
        0,
        0,
        0,
        0,
        0,
        0,
        0,
        0,
        0,
        0,
        0,
        0,
        0,
        0,
        0,
        0,
        0,
        0,
        0,
        0,
        0,
        0,
        0,
        0,
        0,
        0,
        0,
        0,
        0,
        0,
        0,
        0,
        0,
        0,
        0,
        0,
        0,
        0,
        0,
        0,
        0,
        0,
        0,
        0,
        0,
        0,
        0,
        0,
        0,
        0,
        0,
        0,
        0,
        0,
        0,
        0,
        0,
        0,
        0,
        0,
        0,
        0,
        0,
        0,
        0,
        0,
        0,
        0,
        0,
        0,
        0,
        0,
        0,
        0,
        0,
        0,
        0,
        0,
        0,
        0,
        0,
        0,
        0,
        0,
        0,
        0,
        0,
        0,
        0,
        0,
        0,
        0,
        0,
        0,
        0,
        0
    ],
    "recent_steps": [
        65,
        98,
        145,
        72,
        179,
        49,
        120,
        107,
        147,
        100,
        88,
        80,
        23,
        58,
        111,
        39,
        87,
        71,
        110,
        110,
        174,
        113,
        87,
        185,
        125,
        88,
        55,
        138,
        119,
        121,
        95,
        33,
        110,
        144,
        41,
        136,
        76,
        25,
        118,
        127,
        38,
        79,
        90,
        83,
        76,
        236,
        8,
        208,
        40,
        169,
        45,
        158,
        26,
        94,
        123,
        131,
        9,
        169,
        245,
        245,
        148,
        26,
        100,
        28,
        117,
        140,
        108,
        135,
        181,
        34,
        75,
        92,
        255,
        150,
        57,
        32,
        144,
        136,
        159,
        167,
        157,
        23,
        131,
        74,
        98,
        132,
        61,
        79,
        121,
        138,
        112,
        99,
        132,
        67,
        52,
        39,
        155,
        22,
        129,
        176
    ],
    "params": {
        "max_episodes": 2500,
        "max_steps": 500,
        "batch_size": 64,
        "learning_rate": 5e-05,
        "gamma": 0.99,
        "initial_epsilon": 0.2,
        "epsilon_decay": 0.998,
        "min_epsilon": 0.02,
        "memory_size": 100000,
        "target_update_freq": 5
    }
}