{
    "episode": 800,
    "best_reward": 2907.846489339092,
    "best_success_rate": 1.0,
    "recent_rewards": [
        881.0758480812661,
        1041.4297602689537,
        1257.4448859821975,
        694.3833549632925,
        525.5210137782645,
        625.6076627106952,
        792.3309016236699,
        59.91757386671483,
        765.1894375137176,
        641.4119739416255,
        762.2455886896978,
        698.4970399856711,
        721.0849835515664,
        443.90256742095346,
        837.5947548781264,
        942.5846077006443,
        888.8224357040166,
        445.8279558852013,
        854.6745452293778,
        685.8150236471499,
        782.4676219122288,
        612.3495539684762,
        409.85013202304236,
        466.5826227035727,
        702.4214449304988,
        815.8494502590052,
        674.6040787486122,
        802.5824506191486,
        707.7784070484042,
        603.3330255673529,
        759.6493593074928,
        857.0380666009936,
        72.18359096764155,
        643.6771974538808,
        637.0542066083697,
        666.0342696423495,
        925.5438537054681,
        619.3746503131367,
        835.4583511306962,
        302.77722339649387,
        825.4394205645954,
        494.31088302451593,
        461.7993845391178,
        46.70020947324204,
        739.0640190591021,
        864.4136987543957,
        659.0305646804035,
        764.9261814864949,
        623.2048774427238,
        886.7603793917993,
        920.864923001308,
        447.5238825290014,
        115.09051879992114,
        745.4982015357973,
        167.76370293423844,
        827.03139327588,
        785.1096962431836,
        894.3503684988275,
        390.0811845970413,
        642.3207472829142,
        682.5718009762936,
        813.4610265583448,
        800.1993880337238,
        898.6258704388506,
        608.8457896802078,
        494.2076483450868,
        781.1004913425186,
        617.1019765930656,
        448.5971771243277,
        861.4107646418188,
        722.4777055996892,
        438.1300257108382,
        730.6383163245064,
        743.2160360359599,
        426.73310372865734,
        445.1473726732311,
        456.8131837444903,
        134.49063399337905,
        708.1300348286658,
        749.1477583216396,
        276.55274255841607,
        513.308303888958,
        270.4494591019816,
        740.1155612038372,
        762.4553560981592,
        754.7312414707319,
        743.6894782957382,
        820.2961833800925,
        950.4395617948646,
        715.9246561021451,
        619.8720846302577,
        688.1220307094729,
        387.29017021923636,
        761.7063437414644,
        999.3684951612629,
        596.0870562127859,
        682.061707350817,
        714.7120271564477,
        764.9176872572505,
        800.4451526058733
    ],
    "recent_successes": [
        1,
        1,
        1,
        1,
        1,
        1,
        1,
        1,
        1,
        1,
        1,
        1,
        1,
        1,
        1,
        1,
        1,
        1,
        1,
        1,
        1,
        1,
        1,
        1,
        1,
        1,
        1,
        1,
        1,
        1,
        1,
        1,
        1,
        1,
        1,
        1,
        1,
        1,
        1,
        1,
        1,
        1,
        1,
        0,
        1,
        1,
        1,
        1,
        1,
        1,
        1,
        1,
        1,
        1,
        1,
        1,
        1,
        1,
        1,
        1,
        1,
        1,
        1,
        1,
        1,
        1,
        1,
        1,
        1,
        1,
        1,
        1,
        1,
        1,
        1,
        1,
        1,
        1,
        1,
        1,
        1,
        1,
        1,
        1,
        1,
        1,
        1,
        1,
        1,
        1,
        1,
        1,
        1,
        1,
        1,
        1,
        1,
        1,
        1,
        1
    ],
    "recent_collisions": [
        0,
        0,
        0,
        0,
        0,
        0,
        0,
        0,
        0,
        0,
        0,
        0,
        0,
        0,
        0,
        0,
        0,
        0,
        0,
        0,
        0,
        0,
        0,
        0,
        0,
        0,
        0,
        0,
        0,
        0,
        0,
        0,
        0,
        0,
        0,
        0,
        0,
        0,
        0,
        0,
        0,
        0,
        0,
        0,
        0,
        0,
        0,
        0,
        0,
        0,
        0,
        0,
        0,
        0,
        0,
        0,
        0,
        0,
        0,
        0,
        0,
        0,
        0,
        0,
        0,
        0,
        0,
        0,
        0,
        0,
        0,
        0,
        0,
        0,
        0,
        0,
        0,
        0,
        0,
        0,
        0,
        0,
        0,
        0,
        0,
        0,
        0,
        0,
        0,
        0,
        0,
        0,
        0,
        0,
        0,
        0,
        0,
        0,
        0,
        0
    ],
    "recent_steps": [
        161,
        195,
        301,
        93,
        77,
        81,
        120,
        65,
        112,
        112,
        131,
        95,
        108,
        26,
        140,
        169,
        159,
        34,
        155,
        94,
        126,
        75,
        39,
        39,
        107,
        135,
        119,
        164,
        105,
        66,
        125,
        161,
        77,
        109,
        92,
        107,
        175,
        75,
        171,
        87,
        133,
        54,
        42,
        55,
        122,
        143,
        92,
        123,
        90,
        143,
        174,
        52,
        63,
        114,
        92,
        130,
        125,
        157,
        35,
        90,
        97,
        140,
        144,
        165,
        76,
        35,
        130,
        80,
        27,
        142,
        115,
        18,
        106,
        122,
        24,
        63,
        46,
        80,
        115,
        113,
        107,
        65,
        104,
        126,
        127,
        125,
        121,
        133,
        178,
        117,
        88,
        96,
        25,
        113,
        208,
        72,
        91,
        115,
        138,
        129
    ],
    "params": {
        "max_episodes": 2500,
        "max_steps": 500,
        "batch_size": 64,
        "learning_rate": 5e-05,
        "gamma": 0.99,
        "initial_epsilon": 0.2,
        "epsilon_decay": 0.998,
        "min_epsilon": 0.02,
        "memory_size": 100000,
        "target_update_freq": 5
    }
}