{
    "episode": 1700,
    "best_reward": 2907.846489339092,
    "best_success_rate": 1.0,
    "recent_rewards": [
        419.218421895046,
        486.0821925822545,
        398.39083450375995,
        725.3966005422238,
        480.14139007125857,
        714.8134135564642,
        454.87359638542455,
        158.2212956946599,
        888.9734452878613,
        461.2752325262678,
        68.2448147263971,
        518.4596422359707,
        852.8570827398069,
        541.1473737095757,
        946.4920045101461,
        801.7179857139649,
        692.9715350380169,
        820.228788893343,
        707.4507037861464,
        952.4294278253199,
        263.1753561744701,
        609.3614261245266,
        598.9958920727486,
        657.3435926345929,
        108.93325353679506,
        97.99510250800876,
        748.6005377281946,
        789.2833258366927,
        802.5018693232569,
        349.5,
        782.4165618484079,
        781.4239622893031,
        170.9691309987616,
        810.4846436102384,
        32.818456576991565,
        971.2414833853795,
        45.49621853172698,
        659.2805838512448,
        754.1201755426782,
        86.34146393249326,
        691.8366464158349,
        613.2909639765693,
        8.471209352200503,
        593.2816437032847,
        841.9218752431129,
        867.2909155506751,
        742.583284105484,
        945.5326280854358,
        903.9762818293746,
        207.16913847071783,
        508.8109165002608,
        812.0979805449693,
        282.09593155414206,
        695.1560670786283,
        721.1001848916159,
        95.32059757097068,
        622.0121943053724,
        729.8427937586005,
        715.7501585152509,
        788.0653349001138,
        118.85241055656758,
        690.896771440295,
        827.2390682967596,
        899.0606104380752,
        811.4468136410892,
        677.6148004666748,
        697.6851164967331,
        1139.787174265083,
        710.1355048423655,
        126.12999664264078,
        714.408934059627,
        731.9785895157331,
        349.5,
        786.1391969214708,
        662.2075807824556,
        857.9471504623507,
        730.8664467836726,
        773.2235785292316,
        766.6836049882802,
        834.7171382173378,
        559.0326669892733,
        786.4940566114769,
        706.5675339663022,
        598.6472405451296,
        494.85897352063785,
        625.166114549023,
        529.2999258695518,
        804.4476079991682,
        100.91439573332079,
        700.7269731072231,
        465.87169241541415,
        4.690787516308291,
        723.1838751338493,
        388.35749068762834,
        742.29127287867,
        163.3636024134822,
        706.7048728212721,
        907.1342533554625,
        714.587625463734,
        671.5628548823781
    ],
    "recent_successes": [
        1,
        1,
        1,
        1,
        1,
        1,
        1,
        1,
        1,
        1,
        1,
        1,
        1,
        1,
        1,
        1,
        1,
        1,
        1,
        1,
        1,
        1,
        1,
        1,
        1,
        1,
        1,
        1,
        1,
        1,
        1,
        1,
        1,
        1,
        0,
        1,
        0,
        1,
        1,
        1,
        1,
        1,
        0,
        1,
        1,
        1,
        1,
        1,
        1,
        1,
        1,
        1,
        1,
        1,
        1,
        1,
        1,
        1,
        1,
        1,
        1,
        1,
        1,
        1,
        1,
        1,
        1,
        1,
        1,
        1,
        1,
        1,
        1,
        1,
        1,
        1,
        1,
        1,
        1,
        1,
        1,
        1,
        1,
        1,
        1,
        1,
        1,
        1,
        1,
        1,
        1,
        0,
        1,
        1,
        1,
        1,
        1,
        1,
        1,
        1
    ],
    "recent_collisions": [
        0,
        0,
        0,
        0,
        0,
        0,
        0,
        0,
        0,
        0,
        0,
        0,
        0,
        0,
        0,
        0,
        0,
        0,
        0,
        0,
        0,
        0,
        0,
        0,
        0,
        0,
        0,
        0,
        0,
        0,
        0,
        0,
        0,
        0,
        0,
        0,
        0,
        0,
        0,
        0,
        0,
        0,
        0,
        0,
        0,
        0,
        0,
        0,
        0,
        0,
        0,
        0,
        0,
        0,
        0,
        0,
        0,
        0,
        0,
        0,
        0,
        0,
        0,
        0,
        0,
        0,
        0,
        0,
        0,
        0,
        0,
        0,
        0,
        0,
        0,
        0,
        0,
        0,
        0,
        0,
        0,
        0,
        0,
        0,
        0,
        0,
        0,
        0,
        0,
        0,
        0,
        0,
        0,
        0,
        0,
        0,
        0,
        0,
        0,
        0
    ],
    "recent_steps": [
        26,
        58,
        14,
        147,
        43,
        110,
        39,
        118,
        159,
        175,
        77,
        68,
        143,
        81,
        189,
        126,
        132,
        154,
        139,
        190,
        131,
        96,
        80,
        98,
        82,
        83,
        124,
        155,
        157,
        1,
        167,
        132,
        117,
        149,
        62,
        165,
        73,
        109,
        129,
        78,
        117,
        88,
        71,
        84,
        141,
        161,
        144,
        167,
        193,
        88,
        74,
        143,
        129,
        105,
        109,
        94,
        91,
        120,
        125,
        135,
        116,
        96,
        133,
        198,
        160,
        170,
        118,
        275,
        118,
        99,
        111,
        132,
        1,
        118,
        85,
        187,
        231,
        130,
        129,
        151,
        75,
        114,
        118,
        95,
        49,
        98,
        73,
        139,
        85,
        120,
        54,
        41,
        114,
        39,
        121,
        87,
        110,
        171,
        109,
        97
    ],
    "params": {
        "max_episodes": 2500,
        "max_steps": 500,
        "batch_size": 64,
        "learning_rate": 5e-05,
        "gamma": 0.99,
        "initial_epsilon": 0.2,
        "epsilon_decay": 0.998,
        "min_epsilon": 0.02,
        "memory_size": 100000,
        "target_update_freq": 5
    }
}