{
    "episode": 200,
    "best_reward": 2907.846489339092,
    "best_success_rate": 1.0,
    "recent_rewards": [
        278.5800185353415,
        994.8704409490783,
        443.5437675363707,
        1048.2927517705364,
        373.4033303667327,
        438.4508065222485,
        425.4412428784317,
        450.2738835147785,
        733.7733725374343,
        729.0172722108482,
        955.821032563495,
        1134.5970652176638,
        116.70642234727958,
        1311.8209429746792,
        1358.689496460689,
        1308.4384982460838,
        1376.4382714588082,
        418.1109097920669,
        1576.7757119352152,
        967.7835834684527,
        775.7862165348083,
        124.7482855022987,
        297.71348241605483,
        867.5929141266716,
        1308.6918379409794,
        1339.3282187040447,
        1341.1683450948235,
        966.9429294638949,
        964.9273773383641,
        618.7973066208303,
        431.0188983488666,
        1017.8599598687777,
        1387.8724057497998,
        579.7439347301344,
        204.38358253851464,
        603.533659062589,
        713.3307250161683,
        671.1859876867054,
        1550.2179395646929,
        984.7528983935961,
        1182.2302913032217,
        407.4134564968492,
        660.1685644737752,
        604.3227273533076,
        410.2462746638106,
        260.46798080673864,
        822.0558627464035,
        622.8757744747256,
        744.9677101455019,
        1071.7693261271202,
        474.1681764115387,
        780.8463259705516,
        76.37469943146942,
        1013.7411698232602,
        688.5939831097476,
        805.353130129757,
        619.8377610788609,
        462.434877410038,
        688.6324558282193,
        1166.1392772065224,
        114.78987344644256,
        845.5352761880561,
        403.236738623837,
        1173.4539087552705,
        1580.9464948961954,
        832.8632182679031,
        510.3314771629706,
        1407.184988646527,
        793.5089927179142,
        168.51691604159504,
        1419.7652331212344,
        884.5060691346948,
        1649.8198205707897,
        573.9296035314567,
        156.2100985673295,
        179.966659888756,
        244.87997425300117,
        828.166650215973,
        491.24792466108363,
        1238.1217310581033,
        943.366076862939,
        427.9159435323719,
        812.7961832033442,
        775.3646503679811,
        792.8418381741193,
        349.5,
        460.32956685419094,
        654.4074035971848,
        937.5283486411679,
        165.37079417314698,
        449.86123690428445,
        603.6838472891674,
        304.2595249750956,
        764.1883590454402,
        161.5679425573332,
        683.9287217837102,
        804.406052326808,
        644.0647955238086,
        478.7210321386474,
        493.8338748528248
    ],
    "recent_successes": [
        1,
        1,
        1,
        1,
        1,
        1,
        1,
        1,
        1,
        1,
        1,
        1,
        1,
        1,
        1,
        1,
        1,
        1,
        1,
        1,
        1,
        1,
        1,
        1,
        1,
        1,
        1,
        1,
        1,
        1,
        1,
        1,
        1,
        1,
        1,
        1,
        1,
        1,
        1,
        1,
        1,
        1,
        1,
        1,
        1,
        1,
        1,
        1,
        1,
        1,
        1,
        1,
        1,
        1,
        1,
        1,
        1,
        1,
        1,
        1,
        1,
        1,
        1,
        1,
        1,
        1,
        1,
        1,
        1,
        1,
        1,
        1,
        1,
        1,
        1,
        1,
        1,
        1,
        1,
        1,
        1,
        1,
        1,
        1,
        1,
        1,
        1,
        1,
        1,
        1,
        1,
        1,
        1,
        1,
        1,
        1,
        1,
        1,
        1,
        1
    ],
    "recent_collisions": [
        0,
        0,
        0,
        0,
        0,
        0,
        0,
        0,
        0,
        0,
        0,
        0,
        0,
        0,
        0,
        0,
        0,
        0,
        0,
        0,
        0,
        0,
        0,
        0,
        0,
        0,
        0,
        0,
        0,
        0,
        0,
        0,
        0,
        0,
        0,
        0,
        0,
        0,
        0,
        0,
        0,
        0,
        0,
        0,
        0,
        0,
        0,
        0,
        0,
        0,
        0,
        0,
        0,
        0,
        0,
        0,
        0,
        0,
        0,
        0,
        0,
        0,
        0,
        0,
        0,
        0,
        0,
        0,
        0,
        0,
        0,
        0,
        0,
        0,
        0,
        0,
        0,
        0,
        0,
        0,
        0,
        0,
        0,
        0,
        0,
        0,
        0,
        0,
        0,
        0,
        0,
        0,
        0,
        0,
        0,
        0,
        0,
        0,
        0,
        0
    ],
    "recent_steps": [
        201,
        241,
        35,
        500,
        34,
        36,
        100,
        31,
        179,
        114,
        214,
        265,
        90,
        500,
        500,
        500,
        500,
        22,
        476,
        500,
        134,
        90,
        98,
        190,
        500,
        500,
        500,
        230,
        195,
        76,
        23,
        222,
        500,
        65,
        116,
        78,
        473,
        91,
        439,
        182,
        500,
        10,
        97,
        69,
        16,
        123,
        166,
        92,
        142,
        500,
        41,
        125,
        78,
        231,
        111,
        124,
        87,
        38,
        85,
        244,
        71,
        148,
        41,
        309,
        451,
        224,
        57,
        500,
        142,
        108,
        398,
        183,
        478,
        88,
        105,
        125,
        129,
        161,
        55,
        326,
        190,
        25,
        142,
        137,
        137,
        1,
        35,
        83,
        167,
        130,
        36,
        97,
        123,
        131,
        102,
        114,
        217,
        97,
        35,
        49
    ],
    "params": {
        "max_episodes": 2500,
        "max_steps": 500,
        "batch_size": 64,
        "learning_rate": 5e-05,
        "gamma": 0.99,
        "initial_epsilon": 0.2,
        "epsilon_decay": 0.998,
        "min_epsilon": 0.02,
        "memory_size": 100000,
        "target_update_freq": 5
    }
}