{
    "episode": 900,
    "best_reward": 2907.846489339092,
    "best_success_rate": 1.0,
    "recent_rewards": [
        883.8313688624062,
        567.0384979323728,
        809.4702596018564,
        838.9008048644154,
        551.8513385878482,
        688.270508282212,
        579.1801373074553,
        572.5790072835919,
        701.8054169019744,
        583.0877409471778,
        676.1370851406855,
        602.4297579783874,
        350.3841594458769,
        550.737342143824,
        753.0071574098807,
        77.65304869083107,
        626.2516518213667,
        599.9053808350585,
        849.7596658542807,
        774.4231503509494,
        286.0312783721837,
        207.30310351778155,
        59.45266968353803,
        948.4965774858231,
        723.5176481447922,
        772.0432318377998,
        662.1072592978007,
        634.7738252587898,
        656.8682064955908,
        416.3197613438365,
        946.2552932284132,
        639.8205257093066,
        822.1051086121454,
        803.3171787726826,
        645.7245234767236,
        1070.21682398384,
        451.5163201499717,
        418.2545009462769,
        601.1332649345778,
        763.769836756079,
        251.36214382375505,
        780.5413904956414,
        349.5,
        714.365458392471,
        796.1527298427116,
        748.2171005344898,
        709.5039573253487,
        737.5770613136316,
        334.2727521270328,
        816.3735392269411,
        645.1385490681789,
        159.5579558306237,
        925.3950010028254,
        881.6533660392477,
        640.3269719351232,
        623.54367708621,
        71.75702685280629,
        708.759956092144,
        486.8663321752109,
        638.9636317293632,
        689.014821407792,
        765.0890655557855,
        782.9743144320247,
        763.6398435381806,
        691.5306132473747,
        737.0074076991028,
        748.4100197553448,
        414.78304582571917,
        412.8797623959276,
        892.805565514216,
        797.9896700269221,
        543.8006875173448,
        624.4504382916627,
        795.2304919201017,
        846.7679748835128,
        699.9189191783394,
        418.8492179115476,
        55.76295877074932,
        889.5547765980482,
        714.3544892325705,
        160.5871507532828,
        689.4560765703822,
        957.5393088088397,
        740.884065850885,
        629.3792629030056,
        609.8806120590926,
        844.0416601931722,
        677.5817996145742,
        739.0955649778118,
        738.9067826028527,
        580.7672033751537,
        1049.697143973206,
        892.0786663567382,
        591.8589075663172,
        766.6534670418825,
        710.9564914894844,
        428.2836309911318,
        828.721154879131,
        723.6614595779633,
        687.7565081237983
    ],
    "recent_successes": [
        1,
        1,
        1,
        1,
        1,
        1,
        1,
        1,
        1,
        1,
        1,
        1,
        1,
        1,
        1,
        1,
        1,
        1,
        1,
        1,
        1,
        1,
        1,
        1,
        1,
        1,
        1,
        1,
        1,
        1,
        1,
        1,
        1,
        1,
        1,
        1,
        1,
        1,
        1,
        1,
        1,
        1,
        1,
        1,
        1,
        1,
        1,
        1,
        1,
        1,
        1,
        1,
        1,
        1,
        1,
        1,
        1,
        1,
        1,
        1,
        1,
        1,
        1,
        1,
        1,
        1,
        1,
        1,
        1,
        1,
        1,
        1,
        1,
        1,
        1,
        1,
        1,
        1,
        1,
        1,
        1,
        1,
        1,
        1,
        1,
        1,
        1,
        1,
        1,
        1,
        1,
        1,
        1,
        1,
        1,
        1,
        1,
        1,
        1,
        1
    ],
    "recent_collisions": [
        0,
        0,
        0,
        0,
        0,
        0,
        0,
        0,
        0,
        0,
        0,
        0,
        0,
        0,
        0,
        0,
        0,
        0,
        0,
        0,
        0,
        0,
        0,
        0,
        0,
        0,
        0,
        0,
        0,
        0,
        0,
        0,
        0,
        0,
        0,
        0,
        0,
        0,
        0,
        0,
        0,
        0,
        0,
        0,
        0,
        0,
        0,
        0,
        0,
        0,
        0,
        0,
        0,
        0,
        0,
        0,
        0,
        0,
        0,
        0,
        0,
        0,
        0,
        0,
        0,
        0,
        0,
        0,
        0,
        0,
        0,
        0,
        0,
        0,
        0,
        0,
        0,
        0,
        0,
        0,
        0,
        0,
        0,
        0,
        0,
        0,
        0,
        0,
        0,
        0,
        0,
        0,
        0,
        0,
        0,
        0,
        0,
        0,
        0,
        0
    ],
    "recent_steps": [
        163,
        77,
        165,
        147,
        57,
        113,
        72,
        59,
        111,
        65,
        111,
        85,
        142,
        70,
        100,
        64,
        99,
        199,
        165,
        118,
        113,
        113,
        54,
        179,
        133,
        124,
        88,
        98,
        88,
        29,
        172,
        109,
        146,
        125,
        104,
        213,
        50,
        41,
        68,
        135,
        120,
        140,
        1,
        153,
        120,
        111,
        160,
        119,
        135,
        133,
        89,
        88,
        174,
        152,
        88,
        92,
        64,
        102,
        58,
        91,
        95,
        120,
        142,
        152,
        114,
        108,
        109,
        21,
        25,
        159,
        121,
        63,
        86,
        151,
        152,
        111,
        26,
        67,
        156,
        99,
        95,
        89,
        189,
        120,
        73,
        92,
        164,
        113,
        113,
        122,
        73,
        224,
        169,
        70,
        164,
        114,
        23,
        136,
        120,
        97
    ],
    "params": {
        "max_episodes": 2500,
        "max_steps": 500,
        "batch_size": 64,
        "learning_rate": 5e-05,
        "gamma": 0.99,
        "initial_epsilon": 0.2,
        "epsilon_decay": 0.998,
        "min_epsilon": 0.02,
        "memory_size": 100000,
        "target_update_freq": 5
    }
}