{
    "episode": 1200,
    "best_reward": 2907.846489339092,
    "best_success_rate": 1.0,
    "recent_rewards": [
        470.32188911624087,
        117.23530395723321,
        901.5485843662891,
        963.8994007059819,
        746.3042601510086,
        771.6613213477419,
        627.454919503632,
        886.2212771148626,
        133.64865840350146,
        614.9436684248366,
        622.0642290575215,
        760.0329651346597,
        486.7211703810161,
        348.9940240720083,
        618.601023548816,
        953.4047768869382,
        397.2003837360876,
        892.4791242729049,
        729.4379977867642,
        625.5918953964509,
        72.60700392631557,
        755.2848094467845,
        983.7157275741115,
        889.9256784202403,
        862.7725029376265,
        780.9505217600585,
        781.431432393711,
        636.4689895093729,
        839.6614084646487,
        726.0941926096484,
        681.3133045577897,
        648.6277713080254,
        957.5170149575715,
        680.2439993472512,
        562.9777169703887,
        747.2858990224923,
        933.5653114548977,
        756.877043644783,
        261.6077801670005,
        230.36596231195074,
        838.660472946742,
        839.1059654159394,
        656.3128476687991,
        727.4526062832396,
        490.94496693821577,
        811.5325480484232,
        1003.0996356754595,
        746.1022706010004,
        813.0526805447794,
        670.563324410051,
        866.5064368143462,
        629.6826061757906,
        404.3448977746593,
        710.0065238873708,
        103.55473157184642,
        531.2373725198499,
        640.2959321538676,
        580.4622632634754,
        721.9646781364742,
        621.6887024690282,
        693.713815943844,
        635.2401297135851,
        487.70982085899107,
        816.4768200931039,
        871.1128300334093,
        693.4664926404208,
        396.9595711442401,
        36.51642285363141,
        788.8710608122124,
        6.625592356753685,
        349.5,
        713.11135566958,
        906.3800750951159,
        788.6269923596265,
        146.89293171130515,
        418.6758322823052,
        840.1492517169913,
        878.4591427765849,
        713.5724935397923,
        1155.6345291015623,
        834.68733269756,
        626.0977267071474,
        1017.2035251503911,
        835.6503950803503,
        737.9803496986206,
        891.3273090516398,
        762.1657552880057,
        826.6373992771294,
        475.08600711390636,
        842.0298290239647,
        532.9139714209458,
        168.1884406064803,
        768.7173706728493,
        203.70291658745253,
        524.8089213594,
        970.4398828599925,
        969.3759427198625,
        672.5034491851777,
        528.9930253146154,
        804.8197847898942
    ],
    "recent_successes": [
        1,
        1,
        1,
        1,
        1,
        1,
        1,
        1,
        1,
        1,
        1,
        1,
        1,
        1,
        1,
        1,
        1,
        1,
        1,
        1,
        1,
        1,
        1,
        1,
        1,
        1,
        1,
        1,
        1,
        1,
        1,
        1,
        1,
        1,
        1,
        1,
        1,
        1,
        1,
        1,
        1,
        1,
        1,
        1,
        1,
        1,
        1,
        1,
        1,
        1,
        1,
        1,
        1,
        1,
        1,
        1,
        1,
        1,
        1,
        1,
        1,
        1,
        1,
        1,
        1,
        1,
        1,
        0,
        1,
        0,
        1,
        1,
        1,
        1,
        1,
        1,
        1,
        1,
        1,
        1,
        1,
        1,
        1,
        1,
        1,
        1,
        1,
        1,
        1,
        1,
        1,
        1,
        1,
        1,
        1,
        1,
        1,
        1,
        1,
        1
    ],
    "recent_collisions": [
        0,
        0,
        0,
        0,
        0,
        0,
        0,
        0,
        0,
        0,
        0,
        0,
        0,
        0,
        0,
        0,
        0,
        0,
        0,
        0,
        0,
        0,
        0,
        0,
        0,
        0,
        0,
        0,
        0,
        0,
        0,
        0,
        0,
        0,
        0,
        0,
        0,
        0,
        0,
        0,
        0,
        0,
        0,
        0,
        0,
        0,
        0,
        0,
        0,
        0,
        0,
        0,
        0,
        0,
        0,
        0,
        0,
        0,
        0,
        0,
        0,
        0,
        0,
        0,
        0,
        0,
        0,
        0,
        0,
        0,
        0,
        0,
        0,
        0,
        0,
        0,
        0,
        0,
        0,
        0,
        0,
        0,
        0,
        0,
        0,
        0,
        0,
        0,
        0,
        0,
        0,
        0,
        0,
        0,
        0,
        0,
        0,
        0,
        0,
        0
    ],
    "recent_steps": [
        51,
        90,
        164,
        191,
        133,
        143,
        205,
        151,
        97,
        95,
        89,
        124,
        48,
        64,
        85,
        211,
        11,
        151,
        107,
        91,
        70,
        124,
        211,
        171,
        128,
        118,
        128,
        88,
        157,
        115,
        103,
        95,
        223,
        100,
        65,
        133,
        168,
        107,
        128,
        98,
        133,
        159,
        92,
        110,
        57,
        138,
        190,
        128,
        144,
        93,
        165,
        82,
        11,
        105,
        75,
        67,
        89,
        68,
        136,
        102,
        94,
        93,
        39,
        161,
        175,
        113,
        30,
        60,
        124,
        58,
        1,
        106,
        167,
        127,
        99,
        19,
        179,
        168,
        113,
        233,
        144,
        99,
        186,
        149,
        117,
        190,
        126,
        149,
        36,
        155,
        54,
        103,
        130,
        117,
        57,
        217,
        184,
        95,
        52,
        130
    ],
    "params": {
        "max_episodes": 2500,
        "max_steps": 500,
        "batch_size": 64,
        "learning_rate": 5e-05,
        "gamma": 0.99,
        "initial_epsilon": 0.2,
        "epsilon_decay": 0.998,
        "min_epsilon": 0.02,
        "memory_size": 100000,
        "target_update_freq": 5
    }
}