{
    "episode": 800,
    "best_reward": 1047.2905492921673,
    "best_success_rate": 1.0,
    "curriculum_level": 3,
    "recent_rewards": [
        46.80033647354696,
        910.8784886784733,
        868.3864338498814,
        64.41415909872748,
        871.646152214844,
        881.6931858212229,
        839.443828674992,
        64.98599436176167,
        843.7232107114198,
        879.1160785063997,
        874.4337896139219,
        88.21831473725695,
        41.222071660813214,
        41.759582475545386,
        26.900491499956473,
        837.1064552537133,
        826.1728487002692,
        874.8324765538089,
        845.7352714249442,
        896.1736257147854,
        71.33859440099243,
        814.5958712230085,
        43.69454296226914,
        884.4905996730613,
        835.8756636188486,
        833.6966706399112,
        863.1297200119484,
        87.85482472047173,
        68.80917810303998,
        827.2804498864339,
        806.876606365121,
        820.3552007699712,
        837.5264132934695,
        939.5653473768439,
        848.7791879306393,
        21.3303222603285,
        854.5139052867039,
        862.3093023595309,
        830.8893881316303,
        823.7532123754202,
        870.8011559441516,
        811.6145145076795,
        853.0184178227876,
        822.6705361156207,
        840.3640239153727,
        858.2652093327176,
        92.36792443829412,
        102.5269409785424,
        831.1356841477444,
        815.8705936958307,
        831.0050738418196,
        853.1413016507369,
        828.7276219924715,
        903.7251440705948,
        882.038234872259,
        812.6751068852557,
        825.6607807327316,
        857.8390037941028,
        776.0031700267162,
        843.8625343487126,
        57.72035036961296,
        851.7961310983605,
        846.0344266867301,
        840.438208117866,
        848.3846087455865,
        841.6468803607343,
        140.72434518065091,
        881.1259702436699,
        907.2221493709284,
        833.6337620312102,
        848.5506606974445,
        880.6178179904957,
        842.0792344796207,
        858.6447315680084,
        844.1998001266634,
        897.7141246382592,
        800.7961724068305,
        869.999169724272,
        840.9069281293171,
        809.0610241490879,
        139.99491941987162,
        67.79616677541372,
        844.1533304438497,
        852.5169843960512,
        828.3859931967853,
        806.5322702460846,
        127.29584780006445,
        890.5162117446142,
        880.4379814524068,
        881.0322779050681,
        826.6349159749946,
        923.6778425165036,
        802.2403281657862,
        784.3449563755431,
        852.8452719058805,
        833.251027578085,
        864.4070937456688,
        834.9091307743722,
        802.2046346205891,
        805.8047999468179
    ],
    "recent_successes": [
        0,
        1,
        1,
        1,
        1,
        1,
        1,
        1,
        1,
        1,
        1,
        1,
        0,
        0,
        0,
        1,
        1,
        1,
        1,
        1,
        1,
        1,
        0,
        1,
        1,
        1,
        1,
        1,
        1,
        1,
        1,
        1,
        1,
        1,
        1,
        0,
        1,
        1,
        1,
        1,
        1,
        1,
        1,
        1,
        1,
        1,
        1,
        1,
        1,
        1,
        1,
        1,
        1,
        1,
        1,
        1,
        1,
        1,
        1,
        1,
        1,
        1,
        1,
        1,
        1,
        1,
        1,
        1,
        1,
        1,
        1,
        1,
        1,
        1,
        1,
        1,
        1,
        1,
        1,
        1,
        1,
        1,
        1,
        1,
        1,
        1,
        1,
        1,
        1,
        1,
        1,
        1,
        1,
        1,
        1,
        1,
        1,
        1,
        1,
        1
    ],
    "recent_collisions": [
        0,
        0,
        0,
        0,
        0,
        0,
        0,
        0,
        0,
        0,
        0,
        0,
        0,
        0,
        0,
        0,
        0,
        0,
        0,
        0,
        0,
        0,
        0,
        0,
        0,
        0,
        0,
        0,
        0,
        0,
        0,
        0,
        0,
        0,
        0,
        0,
        0,
        0,
        0,
        0,
        0,
        0,
        0,
        0,
        0,
        0,
        0,
        0,
        0,
        0,
        0,
        0,
        0,
        0,
        0,
        0,
        0,
        0,
        0,
        0,
        0,
        0,
        0,
        0,
        0,
        0,
        0,
        0,
        0,
        0,
        0,
        0,
        0,
        0,
        0,
        0,
        0,
        0,
        0,
        0,
        0,
        0,
        0,
        0,
        0,
        0,
        0,
        0,
        0,
        0,
        0,
        0,
        0,
        0,
        0,
        0,
        0,
        0,
        0,
        0
    ],
    "recent_steps": [
        53,
        162,
        138,
        59,
        151,
        152,
        140,
        59,
        134,
        157,
        153,
        63,
        178,
        49,
        44,
        148,
        125,
        154,
        138,
        161,
        59,
        137,
        53,
        147,
        131,
        130,
        149,
        63,
        58,
        143,
        122,
        131,
        137,
        195,
        137,
        42,
        135,
        142,
        133,
        125,
        139,
        127,
        138,
        130,
        130,
        147,
        63,
        64,
        129,
        127,
        133,
        143,
        125,
        163,
        167,
        126,
        132,
        142,
        116,
        133,
        52,
        139,
        136,
        137,
        142,
        137,
        76,
        149,
        160,
        140,
        146,
        143,
        134,
        144,
        137,
        157,
        134,
        160,
        148,
        128,
        80,
        57,
        140,
        132,
        139,
        127,
        73,
        156,
        168,
        150,
        134,
        164,
        119,
        122,
        143,
        129,
        142,
        136,
        127,
        124
    ],
    "params": {
        "max_episodes": 3000,
        "max_steps": 500,
        "batch_size": 64,
        "learning_rate": 0.0001,
        "gamma": 0.99,
        "initial_epsilon": 1.0,
        "epsilon_decay": 0.995,
        "min_epsilon": 0.05,
        "memory_size": 100000,
        "target_update_freq": 5,
        "curriculum_stages": 4
    }
}