{
    "episode": 1400,
    "best_reward": 1079.8149613101184,
    "best_success_rate": 1.0,
    "curriculum_level": 3,
    "recent_rewards": [
        156.60018837643815,
        808.5475157121315,
        169.3519183144315,
        804.5996937669008,
        780.6601780184643,
        791.4857726475929,
        76.7498380480231,
        857.9837561682766,
        847.6312269963689,
        856.620959487478,
        70.24175949107203,
        843.8927592727387,
        827.585020601406,
        800.2954442390547,
        56.4718565227067,
        800.4089098338891,
        802.4890359604216,
        835.0087944262473,
        844.5188165502632,
        793.5005249255169,
        798.1043228899823,
        822.928306411118,
        819.5176393974899,
        882.5653272659134,
        821.8836266059762,
        789.3653079805811,
        210.48110434928708,
        738.0507735596792,
        881.6540069065716,
        836.2620538679432,
        866.4659891435366,
        799.2326168515681,
        811.744790181908,
        837.6146127387566,
        845.5999790211283,
        796.7009768720549,
        824.91918053323,
        169.51186413515381,
        883.0989477764193,
        781.0659933551701,
        784.6338322027257,
        95.72251768226377,
        180.94812964032894,
        809.5279988311707,
        788.0439016683937,
        796.259538670036,
        809.9842035314247,
        803.8007724415479,
        81.07462062811686,
        860.1294769051481,
        870.3119879727607,
        146.92947797766897,
        169.11344472927698,
        106.7821065099559,
        155.57013971798494,
        118.15286094526954,
        140.04533720636056,
        1079.8149613101184,
        88.86427155724931,
        828.0119506686403,
        817.3465389523597,
        803.9956254480015,
        835.3035800874518,
        786.9495036071542,
        850.6330323680124,
        136.02420660835173,
        815.9074301263203,
        58.186224042768316,
        832.963521196996,
        824.8341184764356,
        811.7715309789987,
        853.7361517591639,
        815.3194868999482,
        912.8527465705682,
        42.915902192738685,
        800.5575186690537,
        43.590369786059114,
        775.9180285857253,
        771.8422309802027,
        790.3241543976927,
        632.8790100353243,
        865.5962059566045,
        840.4537953392039,
        835.0943074057589,
        80.5856351005576,
        58.94413993391464,
        102.09124627890253,
        873.9650592963922,
        812.7904639700869,
        759.6057431297224,
        785.4592152201915,
        821.357961746643,
        826.2559221722354,
        831.7171955532558,
        94.41285483290554,
        804.9131322105218,
        780.786480461007,
        805.2575908830643,
        788.572681269453,
        65.22626198348175
    ],
    "recent_successes": [
        1,
        1,
        1,
        1,
        1,
        1,
        1,
        1,
        1,
        1,
        1,
        1,
        1,
        1,
        1,
        1,
        1,
        1,
        1,
        1,
        1,
        1,
        1,
        1,
        1,
        1,
        1,
        1,
        1,
        1,
        1,
        1,
        1,
        1,
        1,
        1,
        1,
        1,
        1,
        1,
        1,
        1,
        1,
        1,
        1,
        1,
        1,
        1,
        1,
        1,
        1,
        1,
        1,
        1,
        1,
        1,
        1,
        1,
        1,
        1,
        1,
        1,
        1,
        1,
        1,
        1,
        1,
        1,
        1,
        1,
        1,
        1,
        1,
        1,
        0,
        1,
        0,
        1,
        1,
        1,
        1,
        1,
        1,
        1,
        1,
        1,
        1,
        1,
        1,
        1,
        1,
        1,
        1,
        1,
        1,
        1,
        1,
        1,
        1,
        1
    ],
    "recent_collisions": [
        0,
        0,
        0,
        0,
        0,
        0,
        0,
        0,
        0,
        0,
        0,
        0,
        0,
        0,
        0,
        0,
        0,
        0,
        0,
        0,
        0,
        0,
        0,
        0,
        0,
        0,
        0,
        0,
        0,
        0,
        0,
        0,
        0,
        0,
        0,
        0,
        0,
        0,
        0,
        0,
        0,
        0,
        0,
        0,
        0,
        0,
        0,
        0,
        0,
        0,
        0,
        0,
        0,
        0,
        0,
        0,
        0,
        0,
        0,
        0,
        0,
        0,
        0,
        0,
        0,
        0,
        0,
        0,
        0,
        0,
        0,
        0,
        0,
        0,
        0,
        0,
        0,
        0,
        0,
        0,
        0,
        0,
        0,
        0,
        0,
        0,
        0,
        0,
        0,
        0,
        0,
        0,
        0,
        0,
        0,
        0,
        0,
        0,
        0,
        0
    ],
    "recent_steps": [
        91,
        134,
        86,
        140,
        170,
        127,
        70,
        145,
        139,
        139,
        64,
        149,
        136,
        132,
        61,
        125,
        130,
        152,
        136,
        128,
        123,
        159,
        128,
        183,
        126,
        132,
        108,
        114,
        177,
        135,
        172,
        130,
        141,
        129,
        132,
        122,
        131,
        115,
        168,
        127,
        127,
        74,
        116,
        160,
        120,
        130,
        127,
        146,
        61,
        163,
        161,
        84,
        100,
        76,
        85,
        77,
        89,
        337,
        66,
        128,
        140,
        129,
        157,
        124,
        130,
        84,
        126,
        64,
        129,
        122,
        130,
        144,
        135,
        177,
        53,
        134,
        60,
        116,
        128,
        126,
        156,
        149,
        131,
        137,
        70,
        66,
        65,
        149,
        126,
        130,
        122,
        131,
        135,
        132,
        79,
        123,
        121,
        129,
        128,
        67
    ],
    "params": {
        "max_episodes": 3000,
        "max_steps": 500,
        "batch_size": 64,
        "learning_rate": 0.0001,
        "gamma": 0.99,
        "initial_epsilon": 1.0,
        "epsilon_decay": 0.995,
        "min_epsilon": 0.05,
        "memory_size": 100000,
        "target_update_freq": 5,
        "curriculum_stages": 4
    }
}