{
    "episode": 700,
    "best_reward": 1047.2905492921673,
    "best_success_rate": 1.0,
    "curriculum_level": 3,
    "recent_rewards": [
        50.32725559025812,
        822.3713408609274,
        834.3460354883143,
        857.4343425896144,
        27.069622226593367,
        75.5987658881433,
        817.2074851947399,
        43.613011981822865,
        845.6825468467862,
        879.125379995939,
        880.6851951240603,
        819.8728266342395,
        844.0997536260256,
        789.9369676576905,
        27.297276365343834,
        789.9948694013849,
        819.6646347669491,
        68.15976813396708,
        885.6592425361762,
        56.642097447736745,
        44.541478691571115,
        828.3901894898006,
        823.2696491459378,
        40.643372993437424,
        831.7492446153514,
        815.2483806610397,
        16.11638495968691,
        30.603993887482403,
        820.4685059952453,
        839.1125849549937,
        830.1916658612893,
        784.5421853943865,
        118.76476534594946,
        176.45925715105534,
        862.6951239303758,
        122.98673266610996,
        846.9974492424415,
        848.0399706141709,
        829.8063989885201,
        780.5290441397995,
        838.778990982905,
        48.878864520749346,
        827.0282537189719,
        127.57400148365184,
        34.92023527704097,
        800.1180596877266,
        846.6162941956114,
        68.05793303509617,
        844.6015183662398,
        62.2319329170837,
        838.107134726383,
        145.3910371617393,
        54.644849839064165,
        858.3291003376332,
        144.79562497608663,
        842.969264918625,
        45.377184611192575,
        828.918406311962,
        812.5044526218174,
        841.5211261859877,
        41.12596470392782,
        68.06967088137517,
        834.1821693618624,
        826.1773506101183,
        56.38798391878362,
        819.4272242905254,
        8.77175892372722,
        51.5733165067725,
        823.4675763423083,
        842.587561155527,
        819.9850549587644,
        59.20976727477387,
        866.1296297234924,
        841.6797817406671,
        846.444053263378,
        780.1793543225166,
        726.3874679855379,
        810.4136782892294,
        829.727180998958,
        30.42054772431237,
        43.35259076787963,
        3.2789278596456484,
        30.33000713539559,
        829.9086284572725,
        136.80832239785224,
        43.62816811732583,
        81.58656666103317,
        80.26103255116357,
        833.4782261003093,
        850.4400779865952,
        813.9510075373246,
        821.2333528377649,
        797.0487688406508,
        805.1793246855166,
        792.1190309479664,
        841.2687509073179,
        157.8656830267298,
        877.2511387375862,
        835.6892199040301,
        824.3799038696902
    ],
    "recent_successes": [
        1,
        1,
        1,
        1,
        0,
        1,
        1,
        0,
        1,
        1,
        1,
        1,
        1,
        1,
        0,
        1,
        1,
        1,
        1,
        1,
        0,
        1,
        1,
        0,
        1,
        1,
        0,
        0,
        1,
        1,
        1,
        1,
        1,
        1,
        1,
        1,
        1,
        1,
        1,
        1,
        1,
        0,
        1,
        1,
        0,
        1,
        1,
        1,
        1,
        1,
        1,
        1,
        1,
        1,
        1,
        1,
        0,
        1,
        1,
        1,
        0,
        1,
        1,
        1,
        1,
        1,
        0,
        1,
        1,
        1,
        1,
        1,
        1,
        1,
        1,
        1,
        1,
        1,
        1,
        0,
        0,
        0,
        0,
        1,
        1,
        0,
        1,
        1,
        1,
        1,
        1,
        1,
        1,
        1,
        1,
        1,
        1,
        1,
        1,
        1
    ],
    "recent_collisions": [
        0,
        0,
        0,
        0,
        0,
        0,
        0,
        0,
        0,
        0,
        0,
        0,
        0,
        0,
        0,
        0,
        0,
        0,
        0,
        0,
        0,
        0,
        0,
        0,
        0,
        0,
        0,
        0,
        0,
        0,
        0,
        0,
        0,
        0,
        0,
        0,
        0,
        0,
        0,
        0,
        0,
        0,
        0,
        0,
        0,
        0,
        0,
        0,
        0,
        0,
        0,
        0,
        0,
        0,
        0,
        0,
        0,
        0,
        0,
        0,
        0,
        0,
        0,
        0,
        0,
        0,
        0,
        0,
        0,
        0,
        0,
        0,
        0,
        0,
        0,
        0,
        0,
        0,
        0,
        0,
        0,
        0,
        0,
        0,
        0,
        0,
        0,
        0,
        0,
        0,
        0,
        0,
        0,
        0,
        0,
        0,
        0,
        0,
        0,
        0
    ],
    "recent_steps": [
        47,
        128,
        140,
        138,
        43,
        57,
        130,
        48,
        141,
        152,
        150,
        131,
        134,
        122,
        47,
        140,
        123,
        56,
        158,
        57,
        50,
        135,
        129,
        45,
        131,
        138,
        42,
        52,
        135,
        134,
        134,
        118,
        73,
        84,
        147,
        71,
        147,
        141,
        135,
        126,
        136,
        49,
        136,
        74,
        49,
        132,
        140,
        60,
        131,
        56,
        142,
        79,
        50,
        145,
        80,
        134,
        50,
        123,
        125,
        138,
        45,
        59,
        136,
        124,
        51,
        143,
        38,
        55,
        133,
        138,
        133,
        55,
        137,
        133,
        139,
        122,
        122,
        118,
        137,
        49,
        50,
        39,
        45,
        162,
        76,
        50,
        60,
        59,
        142,
        146,
        133,
        131,
        134,
        132,
        121,
        141,
        90,
        146,
        132,
        136
    ],
    "params": {
        "max_episodes": 3000,
        "max_steps": 500,
        "batch_size": 64,
        "learning_rate": 0.0001,
        "gamma": 0.99,
        "initial_epsilon": 1.0,
        "epsilon_decay": 0.995,
        "min_epsilon": 0.05,
        "memory_size": 100000,
        "target_update_freq": 5,
        "curriculum_stages": 4
    }
}