{
    "episode": 1300,
    "best_reward": 1047.2905492921673,
    "best_success_rate": 1.0,
    "curriculum_level": 3,
    "recent_rewards": [
        783.8848260608407,
        814.7266047792532,
        56.40535056410755,
        34.98922931696069,
        856.5492751978205,
        924.6899047961929,
        141.57908656414696,
        781.0791999933405,
        852.8993194826064,
        815.4432020539361,
        89.21354590099884,
        892.2297263968596,
        836.0233060209606,
        950.5535435484029,
        830.9223359195702,
        813.4856016165857,
        846.0168132457751,
        861.0744715721963,
        818.859010629543,
        878.4407125948537,
        832.7213472553756,
        888.3955912061531,
        842.4381051767366,
        846.2871375488904,
        847.348532339265,
        810.8380635910228,
        836.193872752501,
        893.3097120417452,
        855.5283022929812,
        849.9277293750076,
        836.966018716168,
        857.7745689298902,
        819.3412908394403,
        867.7506883246779,
        771.5967182041209,
        114.93182247027607,
        871.3459824942095,
        889.7279167952883,
        813.6141356864922,
        858.5578007238486,
        48.7948171997748,
        813.7494138794766,
        836.9796086845946,
        840.3173989579252,
        41.81554518982705,
        724.6044078097614,
        877.4176138912251,
        798.6546475580041,
        827.2707199956337,
        896.5282403103331,
        834.4879785414539,
        821.1238991426566,
        835.2215741768514,
        85.73942138455953,
        848.5689403776066,
        128.43228324291613,
        874.7882830625017,
        832.4746477674556,
        107.14679004846084,
        827.7230600347937,
        971.7607965071606,
        858.7684527526967,
        133.9877266235108,
        829.5484850524042,
        179.3562280276833,
        826.2510047226257,
        873.7374692056928,
        839.1412794623914,
        922.127232798641,
        815.4321066801269,
        858.357472991525,
        838.4223828226627,
        855.6266847284946,
        121.23435507434277,
        829.1148412334428,
        855.0002095071338,
        845.647811806014,
        891.008159640051,
        855.9191428229487,
        808.1425826550753,
        837.7695448057641,
        845.9619065363611,
        820.5590841621238,
        826.7428508749571,
        63.94243362176513,
        843.961828659969,
        818.5387727674236,
        826.3585734303952,
        873.4818527803413,
        784.2982352349253,
        812.1794458400125,
        853.8237227412876,
        64.58169550644357,
        813.6683502555043,
        843.1845209905191,
        818.3039904305213,
        73.3274290044746,
        817.540020353412,
        812.9583669609925,
        114.4404003050036
    ],
    "recent_successes": [
        1,
        1,
        1,
        0,
        1,
        1,
        1,
        1,
        1,
        1,
        1,
        1,
        1,
        1,
        1,
        1,
        1,
        1,
        1,
        1,
        1,
        1,
        1,
        1,
        1,
        1,
        1,
        1,
        1,
        1,
        1,
        1,
        1,
        1,
        1,
        1,
        1,
        1,
        1,
        1,
        0,
        1,
        1,
        1,
        0,
        1,
        1,
        1,
        1,
        1,
        1,
        1,
        1,
        1,
        1,
        1,
        1,
        1,
        1,
        1,
        1,
        1,
        1,
        1,
        1,
        1,
        1,
        1,
        1,
        1,
        1,
        1,
        1,
        1,
        1,
        1,
        1,
        1,
        1,
        1,
        1,
        1,
        1,
        1,
        1,
        1,
        1,
        1,
        1,
        1,
        1,
        1,
        1,
        1,
        1,
        1,
        1,
        1,
        1,
        1
    ],
    "recent_collisions": [
        0,
        0,
        0,
        0,
        0,
        0,
        0,
        0,
        0,
        0,
        0,
        0,
        0,
        0,
        0,
        0,
        0,
        0,
        0,
        0,
        0,
        0,
        0,
        0,
        0,
        0,
        0,
        0,
        0,
        0,
        0,
        0,
        0,
        0,
        0,
        0,
        0,
        0,
        0,
        0,
        0,
        0,
        0,
        0,
        0,
        0,
        0,
        0,
        0,
        0,
        0,
        0,
        0,
        0,
        0,
        0,
        0,
        0,
        0,
        0,
        0,
        0,
        0,
        0,
        0,
        0,
        0,
        0,
        0,
        0,
        0,
        0,
        0,
        0,
        0,
        0,
        0,
        0,
        0,
        0,
        0,
        0,
        0,
        0,
        0,
        0,
        0,
        0,
        0,
        0,
        0,
        0,
        0,
        0,
        0,
        0,
        0,
        0,
        0,
        0
    ],
    "recent_steps": [
        132,
        128,
        60,
        87,
        133,
        170,
        89,
        131,
        144,
        127,
        82,
        161,
        137,
        201,
        129,
        128,
        141,
        153,
        130,
        150,
        141,
        152,
        172,
        152,
        136,
        130,
        140,
        154,
        135,
        157,
        147,
        146,
        136,
        148,
        139,
        82,
        139,
        150,
        132,
        147,
        65,
        133,
        134,
        139,
        57,
        104,
        139,
        116,
        138,
        191,
        143,
        127,
        130,
        72,
        136,
        89,
        147,
        131,
        75,
        130,
        189,
        146,
        80,
        128,
        116,
        138,
        157,
        153,
        160,
        130,
        140,
        136,
        138,
        82,
        135,
        142,
        141,
        156,
        136,
        140,
        141,
        140,
        132,
        128,
        68,
        141,
        122,
        139,
        142,
        146,
        126,
        143,
        66,
        137,
        138,
        134,
        63,
        132,
        126,
        73
    ],
    "params": {
        "max_episodes": 3000,
        "max_steps": 500,
        "batch_size": 64,
        "learning_rate": 0.0001,
        "gamma": 0.99,
        "initial_epsilon": 1.0,
        "epsilon_decay": 0.995,
        "min_epsilon": 0.05,
        "memory_size": 100000,
        "target_update_freq": 5,
        "curriculum_stages": 4
    }
}