{
    "episode": 1100,
    "best_reward": 1047.2905492921673,
    "best_success_rate": 1.0,
    "curriculum_level": 3,
    "recent_rewards": [
        849.3747708251849,
        820.4568708381182,
        830.9359088604174,
        15.773768698126645,
        9.87310341859282,
        17.77648966531487,
        66.87617802813068,
        790.1274631288355,
        783.587748164776,
        787.3812639370614,
        95.67017819622933,
        814.889459623012,
        36.459831070356216,
        852.7174779390336,
        840.0672445365366,
        856.9590222128206,
        121.50946005300744,
        780.1403872659357,
        11.641272667044234,
        19.276938191867487,
        848.8624720886589,
        831.3273049591866,
        50.32143204572577,
        73.76413145432593,
        778.6562006025938,
        823.6315727054416,
        806.8387149297216,
        748.0070441269421,
        77.72359324022489,
        758.2187340900903,
        825.2396665770304,
        53.74625917443299,
        112.97828581895027,
        884.1334271062789,
        172.9080548600777,
        86.73034478269233,
        799.282703529913,
        79.77493176310509,
        158.10513975714514,
        39.786875072079255,
        85.87053617308635,
        47.12242105402436,
        790.5879614446146,
        899.9289794852004,
        808.154164500429,
        81.79179156776968,
        98.85140833825503,
        863.2252380497475,
        812.4282700077501,
        813.3325018167432,
        85.63257961139806,
        791.1281348793116,
        69.71058953742488,
        20.619147851818838,
        80.2005861468034,
        132.02231650562487,
        40.90060326969035,
        826.8181517328671,
        61.47450552569407,
        838.6926942751992,
        755.250841380436,
        774.4379297151961,
        41.93407955140674,
        861.0739859090237,
        810.5100071549709,
        141.08360012198392,
        840.6167839296554,
        791.5619504811043,
        815.7335238670803,
        60.16730141847782,
        758.3709563775832,
        85.56369580919937,
        821.0362978907522,
        823.2854218230768,
        822.9952832731828,
        757.9854037623904,
        836.7413268540265,
        89.91264499366244,
        792.7978406444907,
        43.299806848818776,
        92.88557320379593,
        861.7771495776021,
        862.8412927903277,
        32.89035138292343,
        737.7066899279778,
        83.62438309065283,
        101.4112214919567,
        779.807732468285,
        836.6531547609096,
        772.9192003413792,
        768.5418031898025,
        838.8516916875562,
        847.6537095557774,
        851.0794039603676,
        828.7618155839282,
        792.3074047481167,
        868.4547195889244,
        828.8575456960075,
        34.88024392741352,
        817.0415908368813
    ],
    "recent_successes": [
        1,
        1,
        1,
        0,
        0,
        0,
        1,
        1,
        1,
        1,
        1,
        1,
        0,
        1,
        1,
        1,
        1,
        1,
        0,
        0,
        1,
        1,
        1,
        1,
        1,
        1,
        1,
        1,
        1,
        1,
        1,
        1,
        1,
        1,
        1,
        1,
        1,
        1,
        1,
        0,
        1,
        0,
        1,
        1,
        1,
        1,
        1,
        1,
        1,
        1,
        1,
        1,
        1,
        0,
        1,
        1,
        0,
        1,
        1,
        1,
        1,
        1,
        0,
        1,
        1,
        1,
        1,
        1,
        1,
        1,
        1,
        1,
        1,
        1,
        1,
        1,
        1,
        1,
        1,
        0,
        1,
        1,
        1,
        0,
        1,
        1,
        1,
        1,
        1,
        1,
        1,
        1,
        1,
        1,
        1,
        1,
        1,
        1,
        0,
        1
    ],
    "recent_collisions": [
        0,
        0,
        0,
        0,
        0,
        0,
        0,
        0,
        0,
        0,
        0,
        0,
        0,
        0,
        0,
        0,
        0,
        0,
        0,
        0,
        0,
        0,
        0,
        0,
        0,
        0,
        0,
        0,
        0,
        0,
        0,
        0,
        0,
        0,
        0,
        0,
        0,
        0,
        0,
        0,
        0,
        0,
        0,
        0,
        0,
        0,
        0,
        0,
        0,
        0,
        0,
        0,
        0,
        0,
        0,
        0,
        0,
        0,
        0,
        0,
        0,
        0,
        0,
        0,
        0,
        0,
        0,
        0,
        0,
        0,
        0,
        0,
        0,
        0,
        0,
        0,
        0,
        0,
        0,
        0,
        0,
        0,
        0,
        0,
        0,
        0,
        0,
        0,
        0,
        0,
        0,
        0,
        0,
        0,
        0,
        0,
        0,
        0,
        0,
        0
    ],
    "recent_steps": [
        141,
        125,
        135,
        41,
        39,
        53,
        61,
        135,
        136,
        122,
        69,
        142,
        47,
        139,
        129,
        132,
        79,
        127,
        39,
        43,
        139,
        141,
        54,
        60,
        132,
        133,
        134,
        115,
        63,
        111,
        133,
        61,
        73,
        176,
        93,
        65,
        136,
        64,
        91,
        48,
        66,
        54,
        134,
        159,
        128,
        63,
        68,
        147,
        131,
        137,
        65,
        125,
        62,
        45,
        71,
        82,
        50,
        130,
        63,
        148,
        120,
        117,
        57,
        149,
        125,
        83,
        135,
        135,
        126,
        55,
        134,
        69,
        127,
        125,
        137,
        132,
        128,
        67,
        131,
        59,
        71,
        163,
        149,
        52,
        116,
        63,
        73,
        143,
        130,
        148,
        123,
        147,
        153,
        134,
        143,
        124,
        157,
        128,
        48,
        150
    ],
    "params": {
        "max_episodes": 3000,
        "max_steps": 500,
        "batch_size": 64,
        "learning_rate": 0.0001,
        "gamma": 0.99,
        "initial_epsilon": 1.0,
        "epsilon_decay": 0.995,
        "min_epsilon": 0.05,
        "memory_size": 100000,
        "target_update_freq": 5,
        "curriculum_stages": 4
    }
}