{
    "episode": 1000,
    "best_reward": 1047.2905492921673,
    "best_success_rate": 1.0,
    "curriculum_level": 3,
    "recent_rewards": [
        825.4333192199654,
        880.6866750492322,
        859.8496763515026,
        866.8884570056339,
        811.4309107455024,
        838.6274912041392,
        786.3633071963263,
        864.2903786135544,
        799.3890984379262,
        819.9115198204287,
        800.8098571735072,
        742.4681576166897,
        819.8801104202271,
        49.25090590326465,
        930.5793992380441,
        842.3576339132322,
        25.4360449446651,
        866.2458643484924,
        791.0589552001804,
        833.1450707192323,
        800.7975924352205,
        852.9906757820492,
        788.8086150862177,
        82.70383818424474,
        54.536706236042335,
        827.0874107858981,
        833.0458926909729,
        803.9869475900188,
        807.061302682417,
        106.44558326639992,
        787.3452957714283,
        815.5121743839717,
        38.49302172508234,
        859.393897027404,
        102.09536411197362,
        146.22416157605767,
        102.04196955715,
        100.16003894771333,
        797.383632587072,
        844.558970010942,
        812.8712056168453,
        891.0837685371146,
        70.3941490352043,
        788.8538160345657,
        838.7349539819727,
        38.431791216804555,
        106.64031104529363,
        32.00209031687794,
        96.40266866773484,
        805.3974856610678,
        823.3417472837548,
        799.1732008819865,
        804.5563707498873,
        88.15906481793286,
        808.458821916701,
        810.4272190734991,
        765.0149809920407,
        829.007289274419,
        28.594938729358915,
        755.5107162352816,
        133.39185592204882,
        844.9657318757152,
        83.5023432607843,
        73.84293936954379,
        820.9505032578504,
        834.4731213326359,
        81.55182605237431,
        91.99295438398153,
        940.2214655012364,
        72.62491523159409,
        840.9687283834882,
        44.92870153118065,
        56.35180202204111,
        824.5025839373063,
        79.58448382056059,
        849.7690582765503,
        821.3644689221819,
        28.89149313939089,
        24.985531775017392,
        775.911717984859,
        71.6958841075446,
        778.1695138184899,
        807.5708462668975,
        796.8731749400113,
        755.9201327481883,
        805.0927502252866,
        73.15117434282573,
        814.8138028828289,
        853.7873309893791,
        52.26983780534806,
        81.21855190815276,
        120.94593471531647,
        814.1165368754937,
        809.514277813857,
        85.87261012897116,
        63.596126844895025,
        832.1313413762223,
        93.8038814348975,
        846.2873070635777,
        18.592372963167975
    ],
    "recent_successes": [
        1,
        1,
        1,
        1,
        1,
        1,
        1,
        1,
        1,
        1,
        1,
        1,
        1,
        0,
        1,
        1,
        0,
        1,
        1,
        1,
        1,
        1,
        1,
        1,
        1,
        1,
        1,
        1,
        1,
        1,
        1,
        1,
        0,
        1,
        1,
        1,
        1,
        1,
        1,
        1,
        1,
        1,
        1,
        1,
        1,
        0,
        1,
        0,
        1,
        1,
        1,
        1,
        1,
        1,
        1,
        1,
        1,
        1,
        0,
        1,
        1,
        1,
        1,
        1,
        1,
        1,
        1,
        1,
        1,
        1,
        1,
        0,
        1,
        1,
        1,
        1,
        1,
        0,
        0,
        1,
        1,
        1,
        1,
        1,
        1,
        1,
        1,
        1,
        1,
        1,
        1,
        1,
        1,
        1,
        1,
        1,
        1,
        1,
        1,
        0
    ],
    "recent_collisions": [
        0,
        0,
        0,
        0,
        0,
        0,
        0,
        0,
        0,
        0,
        0,
        0,
        0,
        0,
        0,
        0,
        0,
        0,
        0,
        0,
        0,
        0,
        0,
        0,
        0,
        0,
        0,
        0,
        0,
        0,
        0,
        0,
        0,
        0,
        0,
        0,
        0,
        0,
        0,
        0,
        0,
        0,
        0,
        0,
        0,
        0,
        0,
        0,
        0,
        0,
        0,
        0,
        0,
        0,
        0,
        0,
        0,
        0,
        0,
        0,
        0,
        0,
        0,
        0,
        0,
        0,
        0,
        0,
        0,
        0,
        0,
        0,
        0,
        0,
        0,
        0,
        0,
        0,
        0,
        0,
        0,
        0,
        0,
        0,
        0,
        0,
        0,
        0,
        0,
        0,
        0,
        0,
        0,
        0,
        0,
        0,
        0,
        0,
        0,
        0
    ],
    "recent_steps": [
        150,
        152,
        140,
        145,
        128,
        135,
        143,
        145,
        129,
        130,
        147,
        119,
        140,
        56,
        163,
        135,
        47,
        147,
        146,
        134,
        122,
        132,
        134,
        65,
        58,
        132,
        136,
        127,
        130,
        71,
        121,
        140,
        55,
        144,
        68,
        83,
        71,
        66,
        132,
        134,
        135,
        158,
        59,
        138,
        133,
        53,
        74,
        54,
        67,
        126,
        143,
        132,
        129,
        63,
        152,
        122,
        125,
        138,
        45,
        129,
        77,
        144,
        69,
        57,
        132,
        132,
        69,
        69,
        166,
        60,
        139,
        49,
        59,
        125,
        64,
        136,
        132,
        44,
        42,
        127,
        66,
        133,
        128,
        125,
        128,
        130,
        63,
        128,
        145,
        54,
        61,
        72,
        138,
        136,
        75,
        66,
        136,
        71,
        144,
        40
    ],
    "params": {
        "max_episodes": 3000,
        "max_steps": 500,
        "batch_size": 64,
        "learning_rate": 0.0001,
        "gamma": 0.99,
        "initial_epsilon": 1.0,
        "epsilon_decay": 0.995,
        "min_epsilon": 0.05,
        "memory_size": 100000,
        "target_update_freq": 5,
        "curriculum_stages": 4
    }
}