{
    "episode": 300,
    "best_reward": 1046.3797570827041,
    "best_success_rate": 1.0,
    "curriculum_level": 3,
    "recent_rewards": [
        165.61526941107385,
        144.4806801995428,
        148.33155908858603,
        135.54975695344592,
        204.8856510390059,
        160.226378858706,
        146.84171647973363,
        156.53327608539914,
        219.84357413918303,
        17.83524988961119,
        203.38565085782386,
        190.81036763711694,
        340.1771988549443,
        169.19416830317874,
        183.01053193333553,
        201.61801370934876,
        188.0919340984542,
        221.42738993711697,
        29.04224402568326,
        301.62096650868546,
        195.67467945382288,
        161.2510439070125,
        151.86261600688715,
        834.3117552583926,
        251.6337758005517,
        789.5156637417144,
        160.24538554049263,
        298.136132123458,
        786.1685775571902,
        251.74584358341832,
        207.86414292923803,
        245.1681337219078,
        814.4073060356739,
        44.33114564336864,
        858.6650306290304,
        27.371278082175905,
        37.34878157603879,
        973.5098090246449,
        876.8785434481533,
        786.2567765749277,
        813.1931560977569,
        830.5529015767879,
        873.8950655192211,
        24.181791112126263,
        849.2966404346156,
        829.3945521852886,
        858.7295973413279,
        819.2459961853846,
        65.21305282411691,
        4.0830154631246955,
        11.129264813340683,
        786.7271351037905,
        868.5341671389853,
        35.57493165513446,
        844.5819591907904,
        821.4885879258529,
        30.997300085858285,
        35.3693534702243,
        830.7246924969718,
        67.76028338297115,
        44.1939827196361,
        914.2434002808246,
        896.201431691152,
        76.64809318499533,
        68.06241729225238,
        108.90011823910288,
        46.44920352786565,
        25.35610003589582,
        123.18985063972485,
        23.743380980344654,
        78.62484674328891,
        863.2660293410079,
        67.68735698565649,
        46.9033411571242,
        48.77746260083117,
        815.9939730087967,
        112.65518430313062,
        98.34279144083456,
        74.9191802844021,
        110.56382742268545,
        93.35120546849467,
        77.03227547924894,
        92.05424299649928,
        127.60867270202993,
        94.083794091805,
        34.876064503845015,
        26.862913875609166,
        813.0662601362093,
        91.39698643709795,
        40.17598637484954,
        106.38517591401796,
        1007.5081809430105,
        180.2521778799425,
        156.39072444994122,
        205.88981353543045,
        923.7193612178426,
        61.13055009124588,
        65.39937816324698,
        153.50405041364974,
        131.90726110969183
    ],
    "recent_successes": [
        1,
        1,
        1,
        1,
        1,
        1,
        1,
        1,
        1,
        0,
        1,
        1,
        1,
        1,
        1,
        1,
        1,
        1,
        0,
        1,
        1,
        1,
        1,
        1,
        1,
        1,
        1,
        1,
        1,
        1,
        1,
        1,
        1,
        0,
        1,
        0,
        0,
        1,
        1,
        1,
        1,
        1,
        1,
        0,
        1,
        1,
        1,
        1,
        1,
        0,
        0,
        1,
        1,
        0,
        1,
        1,
        0,
        0,
        1,
        1,
        0,
        1,
        1,
        1,
        1,
        1,
        0,
        0,
        1,
        0,
        1,
        1,
        1,
        0,
        0,
        1,
        1,
        1,
        1,
        1,
        1,
        1,
        1,
        1,
        1,
        0,
        0,
        1,
        1,
        0,
        1,
        1,
        1,
        1,
        1,
        1,
        1,
        1,
        1,
        1
    ],
    "recent_collisions": [
        0,
        0,
        0,
        0,
        0,
        0,
        0,
        0,
        0,
        0,
        0,
        0,
        0,
        0,
        0,
        0,
        0,
        0,
        0,
        0,
        0,
        0,
        0,
        0,
        0,
        0,
        0,
        0,
        0,
        0,
        0,
        0,
        0,
        0,
        0,
        0,
        0,
        0,
        0,
        0,
        0,
        0,
        0,
        0,
        0,
        0,
        0,
        0,
        0,
        0,
        0,
        0,
        0,
        0,
        0,
        0,
        0,
        0,
        0,
        0,
        0,
        0,
        0,
        0,
        0,
        0,
        0,
        0,
        0,
        0,
        0,
        0,
        0,
        0,
        0,
        0,
        0,
        0,
        0,
        0,
        0,
        0,
        0,
        0,
        0,
        0,
        0,
        0,
        0,
        0,
        0,
        0,
        0,
        0,
        0,
        0,
        0,
        0,
        0,
        0
    ],
    "recent_steps": [
        107,
        109,
        107,
        103,
        110,
        108,
        103,
        108,
        118,
        45,
        113,
        113,
        143,
        111,
        113,
        114,
        112,
        120,
        47,
        132,
        115,
        114,
        110,
        145,
        131,
        158,
        111,
        144,
        165,
        137,
        118,
        128,
        176,
        50,
        157,
        44,
        46,
        232,
        162,
        133,
        150,
        163,
        178,
        41,
        158,
        157,
        155,
        120,
        56,
        38,
        41,
        137,
        156,
        47,
        136,
        136,
        47,
        49,
        143,
        55,
        53,
        174,
        169,
        57,
        55,
        63,
        45,
        49,
        73,
        46,
        52,
        150,
        59,
        49,
        54,
        145,
        67,
        67,
        55,
        66,
        60,
        56,
        59,
        72,
        63,
        44,
        45,
        154,
        56,
        45,
        63,
        205,
        100,
        84,
        93,
        175,
        55,
        54,
        76,
        75
    ],
    "params": {
        "max_episodes": 3000,
        "max_steps": 500,
        "batch_size": 64,
        "learning_rate": 0.0001,
        "gamma": 0.99,
        "initial_epsilon": 1.0,
        "epsilon_decay": 0.995,
        "min_epsilon": 0.05,
        "memory_size": 100000,
        "target_update_freq": 5,
        "curriculum_stages": 4
    }
}