{
    "episode": 1200,
    "best_reward": 1047.2905492921673,
    "best_success_rate": 1.0,
    "curriculum_level": 3,
    "recent_rewards": [
        831.1827840418222,
        867.994025305786,
        105.08957602554813,
        789.4722852263778,
        877.2598949580174,
        813.5063589490346,
        818.650258739304,
        874.7857832113646,
        794.6399628332223,
        840.4552006127919,
        833.8080556884986,
        833.9376970715505,
        869.4635539974562,
        812.31585965467,
        861.8637879145022,
        888.7175566183206,
        812.6019885848382,
        884.2278049642441,
        768.6393989482893,
        842.3893057434551,
        106.77317658497918,
        846.8985603301339,
        907.5882135432934,
        738.1077205213519,
        796.8964732073114,
        828.9834752743694,
        841.0572317495121,
        875.9136431232846,
        846.7918813309849,
        818.9236354680711,
        830.855463837182,
        969.0806964031583,
        793.2882330336356,
        909.8630921153685,
        885.4095829998967,
        813.838326869005,
        791.0201383440917,
        64.46088577207419,
        47.700135562845844,
        71.45005100744936,
        846.5544313855418,
        832.9859961504171,
        40.41918934332634,
        84.15842464377914,
        115.16192929712685,
        859.8838896127158,
        876.478585239562,
        842.85561243355,
        847.7457457648688,
        845.2112408091641,
        852.8540664454798,
        63.07387078961946,
        80.05036353645508,
        807.0870350603259,
        104.23363357304672,
        849.4720103242598,
        828.8046778082453,
        799.4215657757472,
        849.7431738578194,
        874.405987350155,
        831.6431840297041,
        96.35274802445022,
        802.4889121272795,
        836.9365633427449,
        810.4019753353564,
        876.2572217701155,
        871.9070607164356,
        847.7988796439599,
        831.2760079927139,
        60.97362641641848,
        819.7371447405515,
        866.2788463094406,
        832.0357880476456,
        880.0195874353204,
        136.2277250784446,
        981.5215718100425,
        799.6780283985626,
        815.4268645928299,
        878.1661106502754,
        798.5504719910194,
        49.97289217065784,
        860.7904940055021,
        830.3976817707783,
        842.5155633847534,
        885.9257994038661,
        846.9561212456628,
        913.5189623361498,
        813.2220629269606,
        836.3248720239206,
        715.4500050451354,
        845.4342387004505,
        828.5012777240646,
        866.0200229009845,
        835.0842699392364,
        872.0095209223687,
        859.9698985441931,
        849.2330359594175,
        854.3959875445099,
        839.0441985194292,
        883.68984540739
    ],
    "recent_successes": [
        1,
        1,
        1,
        1,
        1,
        1,
        1,
        1,
        1,
        1,
        1,
        1,
        1,
        1,
        1,
        1,
        1,
        1,
        1,
        1,
        1,
        1,
        1,
        1,
        1,
        1,
        1,
        1,
        1,
        1,
        1,
        1,
        1,
        1,
        1,
        1,
        1,
        1,
        0,
        1,
        1,
        1,
        0,
        1,
        1,
        1,
        1,
        1,
        1,
        1,
        1,
        1,
        1,
        1,
        1,
        1,
        1,
        1,
        1,
        1,
        1,
        1,
        1,
        1,
        1,
        1,
        1,
        1,
        1,
        1,
        1,
        1,
        1,
        1,
        1,
        1,
        1,
        1,
        1,
        1,
        0,
        1,
        1,
        1,
        1,
        1,
        1,
        1,
        1,
        1,
        1,
        1,
        1,
        1,
        1,
        1,
        1,
        1,
        1,
        1
    ],
    "recent_collisions": [
        0,
        0,
        0,
        0,
        0,
        0,
        0,
        0,
        0,
        0,
        0,
        0,
        0,
        0,
        0,
        0,
        0,
        0,
        0,
        0,
        0,
        0,
        0,
        0,
        0,
        0,
        0,
        0,
        0,
        0,
        0,
        0,
        0,
        0,
        0,
        0,
        0,
        0,
        0,
        0,
        0,
        0,
        0,
        0,
        0,
        0,
        0,
        0,
        0,
        0,
        0,
        0,
        0,
        0,
        0,
        0,
        0,
        0,
        0,
        0,
        0,
        0,
        0,
        0,
        0,
        0,
        0,
        0,
        0,
        0,
        0,
        0,
        0,
        0,
        0,
        0,
        0,
        0,
        0,
        0,
        0,
        0,
        0,
        0,
        0,
        0,
        0,
        0,
        0,
        0,
        0,
        0,
        0,
        0,
        0,
        0,
        0,
        0,
        0,
        0
    ],
    "recent_steps": [
        135,
        149,
        75,
        127,
        149,
        125,
        153,
        149,
        126,
        139,
        132,
        138,
        151,
        128,
        142,
        154,
        126,
        167,
        118,
        141,
        78,
        136,
        174,
        116,
        127,
        137,
        134,
        145,
        152,
        128,
        132,
        199,
        130,
        166,
        153,
        141,
        121,
        59,
        62,
        59,
        138,
        138,
        51,
        70,
        87,
        146,
        143,
        141,
        137,
        138,
        139,
        61,
        66,
        135,
        79,
        143,
        141,
        138,
        167,
        151,
        134,
        70,
        123,
        135,
        136,
        144,
        146,
        138,
        133,
        66,
        120,
        146,
        145,
        143,
        106,
        194,
        126,
        125,
        148,
        122,
        62,
        149,
        132,
        145,
        170,
        152,
        167,
        135,
        144,
        111,
        136,
        138,
        140,
        135,
        146,
        142,
        144,
        143,
        139,
        155
    ],
    "params": {
        "max_episodes": 3000,
        "max_steps": 500,
        "batch_size": 64,
        "learning_rate": 0.0001,
        "gamma": 0.99,
        "initial_epsilon": 1.0,
        "epsilon_decay": 0.995,
        "min_epsilon": 0.05,
        "memory_size": 100000,
        "target_update_freq": 5,
        "curriculum_stages": 4
    }
}