{
    "episode": 900,
    "best_reward": 1047.2905492921673,
    "best_success_rate": 1.0,
    "curriculum_level": 3,
    "recent_rewards": [
        82.74938672587089,
        885.8689457587009,
        949.4924411042264,
        846.3586106870298,
        802.5748190313207,
        802.1219322500896,
        135.3917007408054,
        850.1027054858587,
        911.4950780477444,
        859.0160349773344,
        848.1629997932146,
        825.6114516151256,
        895.7530985640079,
        142.42092754076924,
        818.405051706379,
        794.2450982307134,
        835.9669599349412,
        850.6070275480137,
        819.1291836844766,
        825.6226977870662,
        838.8929834166503,
        883.0306858365966,
        42.79122922200895,
        886.7151020542437,
        834.2344355859416,
        819.0523529543523,
        68.04402005699819,
        81.71837757964957,
        825.7339503620847,
        809.3392159883908,
        833.9499148074855,
        64.80228608587382,
        827.2364815964922,
        792.2917300334777,
        869.7725829362545,
        803.5933107080334,
        798.4115756981993,
        807.5304865604679,
        859.1748388773915,
        40.85146664962022,
        790.6817921184276,
        822.7995526801177,
        848.8873120753957,
        874.4540923350306,
        847.3982519122995,
        863.0525990570876,
        110.20536320352136,
        163.2311677029192,
        108.19224944758435,
        867.9139215936299,
        809.200873062646,
        119.58774473173753,
        793.4131645303452,
        879.0273653131301,
        845.7696630974549,
        848.0600641604642,
        889.6837279221328,
        901.5402193731211,
        893.524102888299,
        812.1597018540581,
        859.7593563863394,
        829.9684323412798,
        800.4928380299717,
        869.8404050750103,
        18.815388392894647,
        830.0433900710648,
        858.581051686824,
        866.5544205132771,
        826.8790166160122,
        870.0966201429662,
        842.1579989943067,
        80.43058374827433,
        865.3793967924958,
        825.9091483476825,
        882.2072759368873,
        824.0376253938658,
        848.0816188455149,
        824.7670334399045,
        794.3828464112092,
        89.41765711255945,
        824.0096241178603,
        850.9711201191255,
        824.0432671906524,
        826.1761431998935,
        877.9585604789572,
        146.0874716705422,
        828.3413909305013,
        870.2329410930543,
        788.1587317163087,
        816.0218878076608,
        797.0114498304389,
        803.7036296037505,
        883.7975742426041,
        855.0810961401296,
        791.2273619350342,
        802.6266943500069,
        775.6549309185259,
        826.320239517215,
        819.4392564750249,
        82.94002308134208
    ],
    "recent_successes": [
        1,
        1,
        1,
        1,
        1,
        1,
        1,
        1,
        1,
        1,
        1,
        1,
        1,
        1,
        1,
        1,
        1,
        1,
        1,
        1,
        1,
        1,
        0,
        1,
        1,
        1,
        1,
        1,
        1,
        1,
        1,
        1,
        1,
        1,
        1,
        1,
        1,
        1,
        1,
        0,
        1,
        1,
        1,
        1,
        1,
        1,
        1,
        1,
        1,
        1,
        1,
        1,
        1,
        1,
        1,
        1,
        1,
        1,
        1,
        1,
        1,
        1,
        1,
        1,
        0,
        1,
        1,
        1,
        1,
        1,
        1,
        1,
        1,
        1,
        1,
        1,
        1,
        1,
        1,
        1,
        1,
        1,
        1,
        1,
        1,
        1,
        1,
        1,
        1,
        1,
        1,
        1,
        1,
        1,
        1,
        1,
        1,
        1,
        1,
        1
    ],
    "recent_collisions": [
        0,
        0,
        0,
        0,
        0,
        0,
        0,
        0,
        0,
        0,
        0,
        0,
        0,
        0,
        0,
        0,
        0,
        0,
        0,
        0,
        0,
        0,
        0,
        0,
        0,
        0,
        0,
        0,
        0,
        0,
        0,
        0,
        0,
        0,
        0,
        0,
        0,
        0,
        0,
        0,
        0,
        0,
        0,
        0,
        0,
        0,
        0,
        0,
        0,
        0,
        0,
        0,
        0,
        0,
        0,
        0,
        0,
        0,
        0,
        0,
        0,
        0,
        0,
        0,
        0,
        0,
        0,
        0,
        0,
        0,
        0,
        0,
        0,
        0,
        0,
        0,
        0,
        0,
        0,
        0,
        0,
        0,
        0,
        0,
        0,
        0,
        0,
        0,
        0,
        0,
        0,
        0,
        0,
        0,
        0,
        0,
        0,
        0,
        0,
        0
    ],
    "recent_steps": [
        61,
        150,
        155,
        136,
        133,
        118,
        74,
        136,
        157,
        148,
        141,
        130,
        158,
        81,
        134,
        119,
        132,
        143,
        124,
        132,
        127,
        148,
        50,
        149,
        139,
        147,
        58,
        67,
        133,
        123,
        131,
        56,
        133,
        126,
        141,
        132,
        119,
        127,
        147,
        49,
        141,
        150,
        144,
        150,
        138,
        143,
        69,
        82,
        70,
        137,
        133,
        74,
        131,
        146,
        130,
        152,
        160,
        163,
        157,
        126,
        142,
        124,
        131,
        142,
        47,
        126,
        142,
        147,
        134,
        135,
        136,
        62,
        144,
        142,
        147,
        127,
        135,
        130,
        130,
        64,
        126,
        140,
        127,
        143,
        146,
        90,
        129,
        146,
        126,
        126,
        138,
        130,
        149,
        152,
        125,
        128,
        126,
        126,
        128,
        65
    ],
    "params": {
        "max_episodes": 3000,
        "max_steps": 500,
        "batch_size": 64,
        "learning_rate": 0.0001,
        "gamma": 0.99,
        "initial_epsilon": 1.0,
        "epsilon_decay": 0.995,
        "min_epsilon": 0.05,
        "memory_size": 100000,
        "target_update_freq": 5,
        "curriculum_stages": 4
    }
}