{
    "episode": 600,
    "best_reward": 1047.2905492921673,
    "best_success_rate": 1.0,
    "curriculum_level": 3,
    "recent_rewards": [
        88.41218085041916,
        35.16788091921387,
        91.83768813915819,
        868.9913913053272,
        836.0475458482097,
        869.6377899164833,
        113.43389934692573,
        183.89360354410348,
        831.4568118173668,
        68.35865234882064,
        43.14610819239013,
        936.6092027707659,
        86.9617131754027,
        117.344214767209,
        808.6489654510982,
        849.280291324397,
        878.0672241745064,
        68.61453317578605,
        869.3033973262777,
        944.7116587787184,
        62.78424819142347,
        125.16488201882731,
        836.5363416944878,
        93.07488054743098,
        149.40888515675783,
        18.492045860611995,
        131.77990811989042,
        66.61859815423512,
        127.21854571110157,
        100.60344783988367,
        34.978635318858124,
        163.7173273902893,
        64.93152121721963,
        158.1642518316831,
        68.51027043009339,
        851.9655538715809,
        866.2200108636571,
        54.148319229099855,
        813.162504250467,
        900.5042836550023,
        895.858670033469,
        107.77959657348634,
        897.8412432342013,
        817.4742186344855,
        861.9614877101385,
        844.6074176393149,
        864.4690363557406,
        98.10237959548778,
        98.03557077276074,
        811.8696794157499,
        75.40075212758748,
        852.6505118524053,
        921.3277693374359,
        853.3850168726044,
        880.3352341628499,
        884.4214644466533,
        825.25239475534,
        112.25546934900552,
        873.0894896586631,
        850.1537610398511,
        854.8850821157207,
        826.2859520921079,
        851.5066283458813,
        836.1247754967833,
        875.9474828425186,
        776.7222787237449,
        861.6296313097367,
        842.1399299801375,
        858.5943718141691,
        152.46074066304936,
        834.3901125012084,
        841.689132778675,
        881.9321201453092,
        76.36732952553908,
        87.91572598737275,
        880.0471136926217,
        31.696200086558264,
        836.1864150870874,
        873.5874002693331,
        19.594430656014993,
        835.0577379745532,
        152.6507937050187,
        834.3074497411181,
        884.007059005829,
        841.5043628586543,
        76.75914349177441,
        101.42612132179525,
        33.01866092820126,
        79.11796286572402,
        845.6450848827672,
        852.8739405061676,
        803.581323879271,
        843.5165788188666,
        822.4258604034225,
        59.3813035652592,
        9.995484200061753,
        90.59123557278775,
        883.8671790229865,
        840.6270073966002,
        835.1764826128915
    ],
    "recent_successes": [
        1,
        0,
        1,
        1,
        1,
        1,
        1,
        1,
        1,
        1,
        0,
        1,
        1,
        1,
        1,
        1,
        1,
        1,
        1,
        1,
        1,
        1,
        1,
        1,
        1,
        0,
        1,
        1,
        1,
        1,
        0,
        1,
        1,
        1,
        1,
        1,
        1,
        1,
        1,
        1,
        1,
        1,
        1,
        1,
        1,
        1,
        1,
        1,
        1,
        1,
        1,
        1,
        1,
        1,
        1,
        1,
        1,
        1,
        1,
        1,
        1,
        1,
        1,
        1,
        1,
        1,
        1,
        1,
        1,
        1,
        1,
        1,
        1,
        1,
        1,
        1,
        0,
        1,
        1,
        0,
        1,
        1,
        1,
        1,
        1,
        1,
        1,
        0,
        1,
        1,
        1,
        1,
        1,
        1,
        1,
        0,
        1,
        1,
        1,
        1
    ],
    "recent_collisions": [
        0,
        0,
        0,
        0,
        0,
        0,
        0,
        0,
        0,
        0,
        0,
        0,
        0,
        0,
        0,
        0,
        0,
        0,
        0,
        0,
        0,
        0,
        0,
        0,
        0,
        0,
        0,
        0,
        0,
        0,
        0,
        0,
        0,
        0,
        0,
        0,
        0,
        0,
        0,
        0,
        0,
        0,
        0,
        0,
        0,
        0,
        0,
        0,
        0,
        0,
        0,
        0,
        0,
        0,
        0,
        0,
        0,
        0,
        0,
        0,
        0,
        0,
        0,
        0,
        0,
        0,
        0,
        0,
        0,
        0,
        0,
        0,
        0,
        0,
        0,
        0,
        0,
        0,
        0,
        0,
        0,
        0,
        0,
        0,
        0,
        0,
        0,
        0,
        0,
        0,
        0,
        0,
        0,
        0,
        0,
        0,
        0,
        0,
        0,
        0
    ],
    "recent_steps": [
        66,
        44,
        60,
        155,
        124,
        142,
        68,
        87,
        131,
        54,
        49,
        169,
        62,
        68,
        136,
        142,
        149,
        56,
        152,
        163,
        54,
        73,
        141,
        67,
        75,
        44,
        72,
        55,
        74,
        64,
        50,
        83,
        60,
        83,
        61,
        141,
        141,
        50,
        136,
        169,
        153,
        71,
        159,
        138,
        157,
        134,
        141,
        68,
        65,
        125,
        60,
        144,
        167,
        135,
        150,
        161,
        134,
        72,
        150,
        151,
        147,
        135,
        136,
        135,
        155,
        132,
        145,
        128,
        151,
        78,
        137,
        142,
        148,
        58,
        62,
        179,
        44,
        137,
        144,
        42,
        133,
        79,
        138,
        144,
        138,
        57,
        67,
        47,
        61,
        144,
        140,
        126,
        147,
        133,
        49,
        42,
        62,
        150,
        126,
        128
    ],
    "params": {
        "max_episodes": 3000,
        "max_steps": 500,
        "batch_size": 64,
        "learning_rate": 0.0001,
        "gamma": 0.99,
        "initial_epsilon": 1.0,
        "epsilon_decay": 0.995,
        "min_epsilon": 0.05,
        "memory_size": 100000,
        "target_update_freq": 5,
        "curriculum_stages": 4
    }
}