{
    "episode": 400,
    "best_reward": 1047.2905492921673,
    "best_success_rate": 1.0,
    "curriculum_level": 3,
    "recent_rewards": [
        1047.2905492921673,
        168.33540782305556,
        176.70176033074557,
        135.951537842886,
        42.04430327289728,
        131.48778192050816,
        74.30221955432677,
        136.78164922197215,
        151.0690654775646,
        125.68556154541056,
        210.1442417086639,
        130.788161573063,
        211.05559683859536,
        159.66946384617302,
        210.3542947949647,
        174.68846308153718,
        125.39515983816722,
        124.51859893234365,
        50.68025127903837,
        174.0512113569219,
        128.97866486901785,
        170.96268840858949,
        72.05184051751917,
        174.6543219382924,
        872.9902711922593,
        189.810946019021,
        1021.8987415991262,
        214.2472970704863,
        169.8604639758331,
        154.56448589378732,
        174.62672871663233,
        176.7115194609516,
        102.14847633249718,
        973.420191773905,
        920.5762858269813,
        180.65083182554548,
        232.89963291402643,
        198.83126349695846,
        187.15927559695035,
        169.1532720002624,
        200.81718732404937,
        647.2806113533893,
        153.8373025095584,
        174.0021104994064,
        177.8428863043053,
        829.7071717583227,
        821.1279977702112,
        196.45252445343345,
        166.76578162171313,
        137.72170937216157,
        170.99561447759493,
        116.76249149394147,
        136.35131486773554,
        192.5569273315395,
        178.945317220888,
        143.450867533949,
        176.5009930503058,
        174.34901827541546,
        107.00484085402684,
        108.38268320924277,
        864.117321082589,
        138.20798761655846,
        170.61371410198734,
        135.63653042835074,
        142.04039854600063,
        178.96172257246565,
        128.82321343340658,
        176.2333238260406,
        191.59947385433765,
        136.21688581831705,
        857.7703153190612,
        116.01888908378515,
        181.54813307022994,
        154.79713565954,
        48.4867889562434,
        103.151970768191,
        162.25074434334886,
        93.75990853412688,
        177.4652502826719,
        92.48281134280444,
        79.10385976366001,
        141.33469842340793,
        132.09588992868453,
        109.10735477114173,
        114.04640421896892,
        135.28182328943006,
        894.3958654707641,
        127.74892691166548,
        168.35579261444337,
        171.43795681558515,
        791.5991009462153,
        918.4979664079124,
        94.57931189616221,
        63.94729421105774,
        140.74440978386326,
        100.83089353924618,
        207.51412412465749,
        58.48715853317756,
        77.88343762036237,
        854.5200129567826
    ],
    "recent_successes": [
        1,
        1,
        1,
        1,
        0,
        1,
        1,
        1,
        1,
        1,
        1,
        1,
        1,
        1,
        1,
        1,
        1,
        1,
        1,
        1,
        1,
        1,
        1,
        1,
        1,
        1,
        1,
        1,
        1,
        1,
        1,
        1,
        1,
        1,
        1,
        1,
        1,
        1,
        1,
        1,
        1,
        1,
        1,
        1,
        1,
        1,
        1,
        1,
        1,
        1,
        1,
        1,
        1,
        1,
        1,
        1,
        1,
        1,
        1,
        1,
        1,
        1,
        1,
        1,
        1,
        1,
        1,
        1,
        1,
        1,
        1,
        1,
        1,
        1,
        0,
        1,
        1,
        1,
        1,
        1,
        1,
        1,
        1,
        1,
        1,
        1,
        1,
        1,
        1,
        1,
        1,
        1,
        1,
        1,
        1,
        1,
        1,
        1,
        1,
        1
    ],
    "recent_collisions": [
        0,
        0,
        0,
        0,
        0,
        0,
        0,
        0,
        0,
        0,
        0,
        0,
        0,
        0,
        0,
        0,
        0,
        0,
        0,
        0,
        0,
        0,
        0,
        0,
        0,
        0,
        0,
        0,
        0,
        0,
        0,
        0,
        0,
        0,
        0,
        0,
        0,
        0,
        0,
        0,
        0,
        0,
        0,
        0,
        0,
        0,
        0,
        0,
        0,
        0,
        0,
        0,
        0,
        0,
        0,
        0,
        0,
        0,
        0,
        0,
        0,
        0,
        0,
        0,
        0,
        0,
        0,
        0,
        0,
        0,
        0,
        0,
        0,
        0,
        0,
        0,
        0,
        0,
        0,
        0,
        0,
        0,
        0,
        0,
        0,
        0,
        0,
        0,
        0,
        0,
        0,
        0,
        0,
        0,
        0,
        0,
        0,
        0,
        0,
        0
    ],
    "recent_steps": [
        219,
        82,
        82,
        70,
        47,
        75,
        58,
        75,
        76,
        71,
        97,
        74,
        90,
        80,
        97,
        83,
        70,
        70,
        49,
        85,
        72,
        82,
        55,
        83,
        162,
        94,
        216,
        103,
        88,
        84,
        84,
        88,
        64,
        197,
        158,
        86,
        105,
        91,
        91,
        83,
        94,
        196,
        85,
        82,
        88,
        134,
        139,
        92,
        86,
        80,
        86,
        71,
        76,
        90,
        93,
        76,
        90,
        88,
        72,
        69,
        141,
        79,
        86,
        72,
        76,
        92,
        75,
        86,
        99,
        78,
        158,
        71,
        88,
        82,
        54,
        67,
        86,
        67,
        90,
        62,
        67,
        77,
        75,
        68,
        69,
        73,
        165,
        75,
        87,
        83,
        141,
        156,
        65,
        53,
        80,
        66,
        97,
        55,
        61,
        140
    ],
    "params": {
        "max_episodes": 3000,
        "max_steps": 500,
        "batch_size": 64,
        "learning_rate": 0.0001,
        "gamma": 0.99,
        "initial_epsilon": 1.0,
        "epsilon_decay": 0.995,
        "min_epsilon": 0.05,
        "memory_size": 100000,
        "target_update_freq": 5,
        "curriculum_stages": 4
    }
}