{"episodes": [0, 1, 2, 3, 4, 5, 6, 7, 8, 9, 10, 11, 12, 13, 14, 15, 16, 17, 18, 19, 20, 21, 22, 23, 24, 25, 26, 27, 28, 29, 30, 31, 32, 33, 34, 35, 36, 37, 38, 39, 40, 41, 42, 43, 44, 45, 46, 47, 48, 49, 50, 51, 52, 53, 54, 55, 56, 57, 58, 59, 60, 61, 62, 63, 64, 65, 66, 67, 68, 69, 70, 71, 72, 73, 74], "rewards": [29.038846510543323, 352.69552404595316, 6.010317131799539, 178.35519168781667, 21.74614388080019, 247.76009648821855, 14.887516206190654, 182.53883039442582, 19.35096592650669, 160.87471407354042, 433.47451634204333, 5.52091015876826, 53.08235316049024, 179.35537655248692, 22.99221450754682, 170.52702863573785, -130.57417398818413, 206.48208795787428, 177.28404698294202, -121.25709251087989, -30.10880727768523, -0.250315309351663, -11.71666783900531, -17.58593564798113, 81.45225482035079, -32.19887433576554, -25.72254891327752, 28.454556956298205, -66.70373640155987, -47.77101214125007, 1.6948208079151073, -62.06779195799532, -57.932188921862, 51.852228683716646, -12.554293859606986, -15.684899316679164, 125.2749442795606, -36.64416322945215, -70.31554159554142, -24.100972511064498, -331.5952081705865, 209.2737691414494, -33.2356258238413, 412.59142066010133, -4.285636596082497, 22.85035212086727, -38.45572897384119, 134.81960377874623, -91.20032348195988, -25.37645291362358, 1.111850168310923, 14.477795100849875, -1.7469453658008547, 6.987396541784307, 25.85052112982345, -17.997276097073154, 64.90263848575722, -0.8701566659913027, -34.11231688915507, -42.124509119441754, 44.360737109908, 168.32722310066254, -32.07619551422752, 21.898138893313813, 307.68372300076845, -47.87200889442731, 44.49728379331788, 13.258739177514059, -15.027209164042958, 2178.462187712247, 22.93294588182748, -30.171091410353284, 78.00055204890046, 1207.13628113061, 36.09434271650497], "avg_rewards": [29.038846510543323, 190.86718527824826, 129.248229229432, 141.5249698440282, 117.56920465138259, 139.2676866241886, 121.49909085018888, 129.1290582932185, 116.93149247469495, 121.3258146345795, 149.70296933525805, 137.6877977372172, 131.17968661593054, 134.62080732568455, 127.17890113780871, 129.88815910642927, 114.56684539498143, 119.67324775958657, 122.7053950871316, 110.50727070723103, 103.8112669936636, 99.08119507079927, 94.26389668341645, 89.60348700294156, 89.27743771563793, 84.60527186750703, 80.51905628303354, 78.65960987850727, 73.64708069643599, 69.59981093517978, 67.40932738268738, 63.36316740329103, 59.68755054495306, 59.45709990197552, 57.399631508787444, 55.36950565252449, 57.25884183163357, 54.78771011949973, 51.579934434498675, 49.687911760859606, 40.38832346984873, 44.40940550964875, 42.60370710654433, 51.01251877821608, 49.78367088100944, 49.19816395144113, 47.33318750622236, 49.155821178566605, 46.29141006304565, 44.858052803512265, 44.29951287666761, 37.53515829776556, 37.38001304781355, 33.9526571448929, 34.034744689873364, 28.719597238167527, 29.719899683758864, 26.05171994255052, 24.98245428623728, 20.92246982237764, 13.140194237734931, 16.396320496572816, 14.693149523078462, 11.544004769895002, 17.23783493975943, 12.869854189156133, 16.37128334478617, 12.506816369178967, 8.660591246239267, 54.654976850701814, 55.71581191389207, 55.11739639187204, 56.91174078963016, 81.40618512520197, 80.49902688312505], "steps": [62, 144, 45, 255, 136, 118, 50, 97, 46, 137, 185, 68, 118, 89, 160, 182, 243, 255, 96, 131, 45, 164, 58, 37, 65, 40, 41, 59, 31, 103, 70, 54, 35, 49, 48, 49, 92, 30, 33, 47, 61, 109, 30, 186, 105, 65, 37, 95, 39, 41, 46, 41, 56, 51, 57, 57, 101, 350, 42, 70, 137, 265, 55, 57, 140, 76, 138, 65, 36, 467, 56, 111, 108, 315, 98], "losses": [0, 2.2400357769085812, 2.3271335389879013, 2.012479165021111, 1.8185888484996908, 1.729577045824568, 2.256309356689453, 2.0852780815252325, 2.1895611182503076, 2.309076092974113, 2.304795669220589, 2.7838090412756977, 2.751695449069395, 2.5453569286325006, 2.4301226153969764, 2.486050912312099, 2.782052000854241, 2.596623955520929, 2.5983013721803823, 2.5101273205444103, 2.3893851147757634, 3.0722662726553476, 2.9704554779776213, 2.9606129736513704, 3.052575606566209, 3.103164625167847, 3.619176207519159, 3.4495238207154353, 3.7953971816647436, 3.4093629040764375, 3.6266393968037196, 4.036572769836143, 4.073326792035784, 3.9322070491557217, 3.9267924378315606, 3.883061092727038, 4.460352226443913, 4.595472137133281, 4.4264030528791025, 4.389935554342067, 4.460512849151111, 4.843075699762466, 4.8930620670318605, 4.693581975916381, 4.64986765725272, 4.479318835185125, 4.84561326697066, 4.878210943623593, 5.026941696802775, 4.968901529544738, 5.103225899779278, 5.403970293882416, 5.460287204810551, 5.501460468067842, 5.234556691688404, 5.293820770163285, 5.785405482396041, 5.473069623538426, 5.5816658564976285, 5.436168353898185, 5.475222745951075, 5.713885341500336, 5.573527596213601, 5.79263066408927, 5.5226369449070525, 5.752094560547879, 5.844433280004972, 5.86270992572491, 5.957362506124708, 5.758700973216675, 5.6176786082131525, 5.9341007267032655, 6.004557772918984, 5.83905368305388, 5.781479854972995]}