{
    "episode": 1300,
    "best_reward": 11170.002966300202,
    "best_success_rate": 1.0,
    "recent_rewards": [
        7163.265253895228,
        10013.601040772317,
        5987.685738839166,
        2580.576691047366,
        6378.2725287719495,
        8605.13330973573,
        7636.211200675911,
        8454.183043722469,
        5849.445488909201,
        8596.944916741086,
        6149.614227169184,
        4309.705684629515,
        4829.074563023577,
        7415.9110822869125,
        8672.813263140322,
        7983.160651002081,
        7839.556950598996,
        2014.6392727374682,
        7209.095831555459,
        8121.173878122466,
        7320.041397486711,
        11163.949876264207,
        4922.441214444854,
        7869.532525752073,
        7233.403508533282,
        3529.6268450509606,
        7016.046424705849,
        8640.117241483975,
        9598.49213498555,
        4383.009886689031,
        7473.935126787453,
        421.08035027960926,
        7852.126786259028,
        1226.1420395822608,
        5124.854266099785,
        6472.511263047758,
        5956.8855394508755,
        7855.931175380334,
        5542.460737988871,
        4747.724513931946,
        7074.435332156582,
        7036.781510519483,
        4568.893370821461,
        8827.961794791392,
        3654.5163844628223,
        3563.132361580932,
        7363.419842734123,
        7825.001390327981,
        5779.27307511558,
        7347.1725300294365,
        9734.917203508445,
        7873.421822675688,
        5329.60542953051,
        5289.716642875563,
        8609.11819961107,
        4095.5530602883355,
        8094.895690379237,
        4422.188027401876,
        7257.838204668827,
        3407.7866353344125,
        8395.326002426016,
        4691.754779414258,
        8219.496756533223,
        6094.043633881559,
        8589.999023580942,
        5983.031773329118,
        -321.38951438070353,
        7742.567581384141,
        6026.481239909863,
        2731.751690032993,
        4777.745753316676,
        7354.475984325244,
        9090.983469954523,
        4833.103284271876,
        7221.246545089134,
        7361.003714440007,
        5109.314513659205,
        4932.3808308391435,
        6500.345868901028,
        7377.152670311687,
        6514.18272136051,
        7200.648446861145,
        2818.6185482759606,
        8092.365154289292,
        6223.708388504576,
        8816.417111724337,
        6011.150904490645,
        9215.199372431882,
        4502.942907583389,
        6412.737307654175,
        8168.971281732687,
        5461.582717035461,
        6406.7789610364725,
        7659.987553754376,
        7156.053261113223,
        7511.095208239327,
        5174.610358643254,
        7082.495238832618,
        4320.030852291116,
        4486.176947658665
    ],
    "recent_successes": [
        1,
        1,
        1,
        1,
        1,
        1,
        1,
        1,
        1,
        1,
        1,
        1,
        1,
        1,
        1,
        1,
        1,
        1,
        1,
        1,
        1,
        1,
        1,
        1,
        1,
        1,
        1,
        1,
        1,
        1,
        1,
        0,
        1,
        1,
        1,
        1,
        1,
        1,
        1,
        1,
        1,
        1,
        1,
        1,
        1,
        1,
        1,
        1,
        1,
        1,
        1,
        1,
        1,
        1,
        1,
        1,
        1,
        1,
        1,
        1,
        1,
        1,
        1,
        1,
        1,
        1,
        0,
        1,
        1,
        1,
        1,
        1,
        1,
        1,
        1,
        1,
        1,
        1,
        1,
        1,
        1,
        1,
        1,
        1,
        1,
        1,
        1,
        1,
        1,
        1,
        1,
        1,
        1,
        1,
        1,
        1,
        1,
        1,
        1,
        1
    ],
    "recent_collisions": [
        0,
        0,
        0,
        0,
        0,
        0,
        0,
        0,
        0,
        0,
        0,
        0,
        0,
        0,
        0,
        0,
        0,
        0,
        0,
        0,
        0,
        0,
        0,
        0,
        0,
        0,
        0,
        0,
        0,
        0,
        0,
        1,
        0,
        0,
        0,
        0,
        0,
        0,
        0,
        0,
        0,
        0,
        0,
        0,
        0,
        0,
        0,
        0,
        0,
        0,
        0,
        0,
        0,
        0,
        0,
        0,
        0,
        0,
        0,
        0,
        0,
        0,
        0,
        0,
        0,
        0,
        1,
        0,
        0,
        0,
        0,
        0,
        0,
        0,
        0,
        0,
        0,
        0,
        0,
        0,
        0,
        0,
        0,
        0,
        0,
        0,
        0,
        0,
        0,
        0,
        0,
        0,
        0,
        0,
        0,
        0,
        0,
        0,
        0,
        0
    ],
    "recent_steps": [
        147,
        215,
        85,
        29,
        93,
        102,
        82,
        103,
        90,
        138,
        75,
        91,
        49,
        77,
        89,
        200,
        137,
        24,
        91,
        119,
        89,
        217,
        53,
        91,
        119,
        35,
        130,
        104,
        148,
        94,
        76,
        72,
        103,
        2,
        60,
        97,
        91,
        145,
        94,
        89,
        76,
        152,
        47,
        93,
        35,
        54,
        102,
        104,
        122,
        86,
        137,
        122,
        74,
        79,
        89,
        103,
        365,
        91,
        174,
        36,
        114,
        37,
        183,
        58,
        104,
        57,
        66,
        78,
        75,
        32,
        43,
        83,
        91,
        64,
        101,
        105,
        102,
        47,
        79,
        71,
        68,
        84,
        38,
        86,
        72,
        139,
        93,
        117,
        61,
        63,
        165,
        66,
        82,
        92,
        159,
        77,
        91,
        87,
        53,
        59
    ],
    "params": {
        "max_episodes": 2000,
        "max_steps": 400,
        "batch_size": 64,
        "learning_rate": 5e-05,
        "gamma": 0.99,
        "initial_epsilon": 1.0,
        "epsilon_decay": 0.995,
        "min_epsilon": 0.05,
        "memory_size": 100000,
        "target_update_freq": 10,
        "checkpoint_freq": 100,
        "resource_monitor_freq": 10
    },
    "resource_summary": "Training Time: 5:20:50\nAvg CPU Usage: 41.9%\nAvg Memory Usage: 5.4%\nAvg GPU Usage: 2.6%\nAvg GPU Memory: 961.6MB"
}