{
    "episode": 200,
    "best_reward": 9900.629457423023,
    "best_success_rate": 0.95,
    "recent_rewards": [
        7299.4439052538155,
        3813.252121571658,
        6351.623349499538,
        618.009940100201,
        6426.515571268827,
        317.93725212012026,
        5917.844866066037,
        2349.062367642509,
        3960.384405463917,
        573.7770570491151,
        528.2335047392701,
        4166.317523209646,
        525.323097266349,
        8643.782930771502,
        7518.559732663486,
        8037.510055990811,
        2225.4182540925162,
        763.1636144808914,
        7016.8394339425195,
        7227.666013700439,
        791.4788710600113,
        265.5947515064083,
        9900.629457423023,
        1800.3398563701344,
        1950.649091944997,
        5412.103931083216,
        9037.307432888323,
        2345.6654838561763,
        8544.713568639043,
        5759.240327025265,
        6845.77467597605,
        602.1543828865028,
        799.0691056231577,
        3170.3438555154326,
        2295.3198122744307,
        6138.113016254581,
        1964.2888582320716,
        4747.770140478307,
        6260.5940966043145,
        3922.2232771695103,
        6034.74148437428,
        517.6630152305808,
        346.6491937504926,
        5007.754742110223,
        -115.94654948654511,
        8544.182644129445,
        8495.054209076949,
        125.52750778290527,
        1686.2740379706845,
        2296.5238266872348,
        2234.8514131795237,
        8183.942407373129,
        6127.294628889864,
        8106.959621287155,
        637.288723305864,
        957.1874699219561,
        7532.9817838248,
        7529.622577237251,
        6099.850658104952,
        7309.062603358913,
        6181.35617852894,
        2372.617194442524,
        3507.2691090119047,
        6423.984402904981,
        7483.607053645129,
        8609.990161691774,
        7660.239187559907,
        540.2384476627935,
        6174.262199695204,
        702.6290996248764,
        9620.849508710191,
        5984.584258627633,
        6376.213500565788,
        1164.3239844321022,
        5913.262285571212,
        6516.273420857996,
        6750.248025192005,
        7799.284147314158,
        6161.37438993071,
        7544.447670669013,
        4393.131241258566,
        3659.059690456795,
        8145.35997769222,
        73.39661479391489,
        6551.351440780238,
        6340.287912226902,
        5164.217156011165,
        4114.692034635675,
        7417.663817743538,
        1112.1445708790495,
        6440.664505231642,
        1565.871107765797,
        4020.3883068011005,
        7502.177572702507,
        6620.579971015765,
        2933.901074844787,
        6095.573001763178,
        5413.494469667267,
        7816.027503278796,
        6997.87046476833
    ],
    "recent_successes": [
        1,
        1,
        1,
        0,
        1,
        0,
        1,
        1,
        1,
        0,
        0,
        1,
        0,
        1,
        1,
        1,
        1,
        0,
        1,
        1,
        0,
        0,
        1,
        1,
        1,
        1,
        1,
        1,
        1,
        1,
        1,
        0,
        0,
        1,
        1,
        1,
        1,
        1,
        1,
        1,
        1,
        0,
        0,
        1,
        0,
        1,
        1,
        0,
        1,
        1,
        1,
        1,
        1,
        1,
        0,
        0,
        1,
        1,
        1,
        1,
        1,
        1,
        1,
        1,
        1,
        1,
        1,
        1,
        1,
        0,
        1,
        1,
        1,
        1,
        1,
        1,
        1,
        1,
        1,
        1,
        1,
        1,
        1,
        0,
        1,
        1,
        1,
        1,
        1,
        1,
        1,
        0,
        0,
        1,
        1,
        1,
        1,
        1,
        1,
        1
    ],
    "recent_collisions": [
        0,
        0,
        0,
        1,
        0,
        1,
        0,
        0,
        0,
        1,
        1,
        0,
        1,
        0,
        0,
        0,
        0,
        1,
        0,
        0,
        1,
        1,
        0,
        0,
        0,
        0,
        0,
        0,
        0,
        0,
        0,
        1,
        1,
        0,
        0,
        0,
        0,
        0,
        0,
        0,
        0,
        1,
        1,
        0,
        1,
        0,
        0,
        1,
        0,
        0,
        0,
        0,
        0,
        0,
        1,
        1,
        0,
        0,
        0,
        0,
        0,
        0,
        0,
        0,
        0,
        0,
        0,
        0,
        0,
        1,
        0,
        0,
        0,
        0,
        0,
        0,
        0,
        0,
        0,
        0,
        0,
        0,
        0,
        1,
        0,
        0,
        0,
        0,
        0,
        0,
        0,
        1,
        0,
        0,
        0,
        0,
        0,
        0,
        0,
        0
    ],
    "recent_steps": [
        115,
        62,
        91,
        66,
        120,
        57,
        63,
        53,
        55,
        56,
        88,
        64,
        46,
        205,
        233,
        148,
        74,
        62,
        287,
        204,
        58,
        65,
        222,
        42,
        194,
        76,
        103,
        32,
        109,
        68,
        174,
        62,
        51,
        43,
        38,
        56,
        32,
        47,
        153,
        32,
        116,
        63,
        43,
        49,
        167,
        84,
        98,
        46,
        54,
        41,
        243,
        112,
        57,
        105,
        47,
        52,
        127,
        85,
        97,
        77,
        77,
        20,
        49,
        79,
        73,
        123,
        79,
        1,
        97,
        61,
        129,
        113,
        150,
        6,
        68,
        105,
        145,
        95,
        85,
        86,
        129,
        36,
        166,
        56,
        160,
        145,
        68,
        62,
        188,
        1,
        96,
        146,
        400,
        132,
        100,
        36,
        73,
        73,
        101,
        275
    ],
    "params": {
        "max_episodes": 2000,
        "max_steps": 400,
        "batch_size": 64,
        "learning_rate": 5e-05,
        "gamma": 0.99,
        "initial_epsilon": 1.0,
        "epsilon_decay": 0.995,
        "min_epsilon": 0.05,
        "memory_size": 100000,
        "target_update_freq": 10,
        "checkpoint_freq": 100,
        "resource_monitor_freq": 10
    },
    "resource_summary": "Training Time: 0:58:31\nAvg CPU Usage: 41.6%\nAvg Memory Usage: 5.5%\nAvg GPU Usage: 2.4%\nAvg GPU Memory: 959.6MB"
}