{
    "episode": 800,
    "best_reward": 10503.531679172696,
    "best_success_rate": 0.95,
    "recent_rewards": [
        6790.783524268435,
        485.16518370098885,
        7906.300170553603,
        6225.02439829722,
        6779.268564091427,
        7992.734466657612,
        6139.033835306427,
        2724.381238655299,
        588.3819227728443,
        6739.033720866817,
        8090.106760259995,
        6814.390272346306,
        3158.870338275875,
        4591.555017899135,
        685.8675066226002,
        7522.1818701942775,
        757.3069422212627,
        5432.0898612161545,
        4684.3211533940175,
        2037.2516323736402,
        6993.168690704104,
        7143.746650712146,
        7868.126243918542,
        9809.262967806237,
        6789.644684200999,
        920.239797599114,
        7932.147556750322,
        7542.59579969427,
        5618.022116399904,
        8076.813601752619,
        1206.0828938485417,
        5843.620408074141,
        2845.6165801676007,
        8524.52991991749,
        661.121272065229,
        6561.0690674254565,
        2935.047747911178,
        2912.180566248565,
        456.5721661198921,
        459.901109919764,
        3352.6168904151364,
        5590.56037317323,
        5209.8939335885825,
        4828.0219964499265,
        7209.519270226028,
        659.8137356485433,
        226.61550628572735,
        6477.6366405629105,
        432.3123860416874,
        8675.060856811997,
        7378.615688875557,
        6693.9846482500325,
        4824.930058752165,
        5926.675063225955,
        5573.148411879476,
        5281.385512082105,
        6304.017325395695,
        6974.671481820592,
        686.2162073602135,
        8091.570495741103,
        7063.437248884148,
        481.3521095281675,
        10503.531679172696,
        8249.638820175835,
        3774.3429645604465,
        6242.366499228957,
        5247.117381320659,
        2062.4338915665,
        3772.678113608308,
        6127.617419526756,
        2370.3790245428263,
        8123.307816369634,
        4342.990872727596,
        7688.09939452005,
        -423.5024580409803,
        790.2770242860681,
        8435.647352990574,
        7604.990060694099,
        7988.009923359117,
        972.349783460444,
        573.5726732663577,
        894.2356254289633,
        970.4770978424335,
        7482.129919371099,
        472.38356788362273,
        8986.681475377725,
        8050.59069634801,
        8452.723191184867,
        6071.54737425893,
        6300.435372949541,
        283.7014144245627,
        2429.6011644129726,
        481.7800770151194,
        1247.6481266264743,
        8836.893997166477,
        8141.407470778803,
        916.9713514709155,
        7958.261321818909,
        5313.908662486078,
        5617.22377772598
    ],
    "recent_successes": [
        1,
        0,
        1,
        1,
        1,
        1,
        1,
        1,
        0,
        1,
        1,
        1,
        1,
        1,
        0,
        1,
        0,
        1,
        1,
        1,
        1,
        1,
        1,
        1,
        1,
        0,
        1,
        1,
        1,
        1,
        1,
        1,
        1,
        1,
        0,
        1,
        1,
        1,
        0,
        0,
        1,
        1,
        1,
        1,
        1,
        0,
        0,
        1,
        0,
        1,
        1,
        1,
        1,
        1,
        1,
        1,
        1,
        1,
        0,
        1,
        1,
        0,
        1,
        1,
        1,
        1,
        1,
        1,
        1,
        1,
        1,
        1,
        1,
        1,
        0,
        0,
        1,
        1,
        1,
        0,
        0,
        0,
        0,
        1,
        0,
        1,
        1,
        1,
        1,
        1,
        0,
        1,
        0,
        1,
        1,
        1,
        0,
        1,
        1,
        1
    ],
    "recent_collisions": [
        0,
        1,
        0,
        0,
        0,
        0,
        0,
        0,
        1,
        0,
        0,
        0,
        0,
        0,
        1,
        0,
        1,
        0,
        0,
        0,
        0,
        0,
        0,
        0,
        0,
        1,
        0,
        0,
        0,
        0,
        0,
        0,
        0,
        0,
        1,
        0,
        0,
        0,
        1,
        1,
        0,
        0,
        0,
        0,
        0,
        1,
        1,
        0,
        1,
        0,
        0,
        0,
        0,
        0,
        0,
        0,
        0,
        0,
        1,
        0,
        0,
        1,
        0,
        0,
        0,
        0,
        0,
        0,
        0,
        0,
        0,
        0,
        0,
        0,
        1,
        1,
        0,
        0,
        0,
        1,
        1,
        1,
        1,
        0,
        1,
        0,
        0,
        0,
        0,
        0,
        1,
        0,
        1,
        0,
        0,
        0,
        1,
        0,
        0,
        0
    ],
    "recent_steps": [
        77,
        52,
        84,
        58,
        112,
        105,
        74,
        43,
        62,
        78,
        78,
        72,
        49,
        72,
        69,
        80,
        66,
        93,
        60,
        22,
        94,
        95,
        90,
        115,
        78,
        49,
        78,
        122,
        105,
        95,
        1,
        65,
        47,
        91,
        63,
        71,
        50,
        47,
        44,
        52,
        45,
        104,
        67,
        54,
        69,
        54,
        49,
        113,
        47,
        91,
        98,
        94,
        66,
        65,
        67,
        69,
        104,
        92,
        52,
        114,
        86,
        47,
        123,
        91,
        60,
        73,
        86,
        34,
        46,
        67,
        53,
        115,
        60,
        78,
        62,
        56,
        105,
        82,
        109,
        85,
        64,
        46,
        47,
        90,
        62,
        121,
        114,
        88,
        87,
        93,
        105,
        48,
        65,
        4,
        112,
        114,
        67,
        87,
        46,
        104
    ],
    "params": {
        "max_episodes": 2000,
        "max_steps": 400,
        "batch_size": 64,
        "learning_rate": 5e-05,
        "gamma": 0.99,
        "initial_epsilon": 1.0,
        "epsilon_decay": 0.995,
        "min_epsilon": 0.05,
        "memory_size": 100000,
        "target_update_freq": 10,
        "checkpoint_freq": 100,
        "resource_monitor_freq": 10
    },
    "resource_summary": "Training Time: 3:02:21\nAvg CPU Usage: 41.5%\nAvg Memory Usage: 5.6%\nAvg GPU Usage: 2.6%\nAvg GPU Memory: 961.4MB"
}