{
    "episode": 100,
    "best_reward": 8597.179989221471,
    "best_success_rate": 0.3,
    "recent_rewards": [
        366.8698084089902,
        3158.245427876199,
        1264.383620097331,
        2279.949543633693,
        -451.49144839553514,
        619.2033359891219,
        8597.179989221471,
        1439.3328301651584,
        -310.02997401065375,
        -39.65899059586309,
        2587.08357264043,
        -295.80546245618814,
        -636.8860437008698,
        361.5436666823296,
        7010.016717160378,
        -347.3979456261605,
        -304.37267574642897,
        1067.62618117236,
        540.4141553677508,
        -516.237384417976,
        -26.205130415804327,
        -554.6262084283262,
        -67.32399395048998,
        512.0878709841193,
        -633.6420117336546,
        2307.4837780448643,
        915.5787025958946,
        -755.4583103269573,
        570.9239797991518,
        -485.4322281330818,
        107.38041446867717,
        427.53710156679193,
        706.8659464646645,
        104.36676876342699,
        775.9721131328658,
        1215.9721866928276,
        -231.09033010304023,
        101.79350517099215,
        791.696674484691,
        753.5024145566949,
        997.9478853257342,
        -418.3563071194144,
        541.889740401869,
        -1553.1831074945785,
        -1579.991039588933,
        -71.66758283786857,
        1110.2802095903319,
        158.6905493333109,
        -189.08715173422377,
        6652.687335409609,
        338.73354202875686,
        448.46869597464035,
        5631.260212077285,
        -146.3850603357765,
        -509.2374618540682,
        -94.28468698447156,
        468.4848226539591,
        8355.99346421999,
        31.626575223196653,
        4838.259983823517,
        -306.55473326214997,
        -252.44327647761259,
        -797.2551042425067,
        5960.096220997243,
        1204.323892724113,
        1194.01247451799,
        422.27632891855956,
        395.63914474946057,
        1261.146356364187,
        1019.0620717805631,
        -330.67402649757446,
        205.01794285900144,
        1434.2352719231249,
        -245.95767152617645,
        80.45682846437234,
        5942.877252631157,
        543.4164396517212,
        -256.641489816221,
        366.93818889930594,
        3675.3127829485115,
        282.3807270089966,
        844.3586992476742,
        157.48870555863738,
        1226.0653044366518,
        991.9122465726548,
        566.6722124967388,
        -376.49666668216366,
        -481.95600381675746,
        565.0659150306201,
        2812.057610889604,
        -203.1799541490103,
        5789.948372135,
        6118.711328693118,
        964.2195435851829,
        129.08934613071017,
        -104.30773947520136,
        7374.7041654779405,
        1023.2260368147615,
        6409.892164244014,
        6313.940040586973
    ],
    "recent_successes": [
        0,
        0,
        0,
        0,
        0,
        0,
        1,
        1,
        0,
        0,
        0,
        0,
        0,
        0,
        1,
        0,
        0,
        0,
        0,
        0,
        0,
        0,
        0,
        0,
        0,
        1,
        0,
        0,
        0,
        0,
        0,
        0,
        0,
        0,
        0,
        0,
        0,
        0,
        0,
        0,
        0,
        0,
        0,
        0,
        0,
        0,
        0,
        0,
        0,
        1,
        0,
        0,
        1,
        0,
        0,
        0,
        0,
        1,
        0,
        1,
        0,
        0,
        0,
        1,
        0,
        0,
        0,
        0,
        1,
        0,
        0,
        0,
        0,
        0,
        0,
        1,
        0,
        0,
        0,
        1,
        0,
        0,
        0,
        0,
        0,
        0,
        0,
        0,
        0,
        1,
        0,
        1,
        1,
        0,
        0,
        0,
        1,
        0,
        1,
        1
    ],
    "recent_collisions": [
        1,
        0,
        1,
        0,
        1,
        1,
        0,
        0,
        1,
        1,
        1,
        1,
        1,
        1,
        0,
        1,
        1,
        1,
        1,
        1,
        1,
        1,
        1,
        1,
        1,
        0,
        1,
        1,
        1,
        1,
        1,
        1,
        1,
        1,
        1,
        1,
        1,
        1,
        1,
        1,
        1,
        1,
        1,
        1,
        1,
        1,
        1,
        1,
        1,
        0,
        1,
        1,
        0,
        1,
        1,
        1,
        1,
        0,
        1,
        0,
        1,
        1,
        1,
        0,
        1,
        1,
        1,
        1,
        0,
        1,
        1,
        1,
        1,
        1,
        1,
        0,
        1,
        1,
        1,
        0,
        1,
        1,
        1,
        1,
        1,
        1,
        1,
        1,
        1,
        0,
        1,
        0,
        0,
        1,
        1,
        1,
        0,
        1,
        0,
        0
    ],
    "recent_steps": [
        197,
        400,
        91,
        400,
        50,
        208,
        222,
        5,
        36,
        52,
        316,
        47,
        42,
        181,
        177,
        44,
        39,
        100,
        96,
        76,
        99,
        78,
        39,
        113,
        57,
        16,
        107,
        48,
        107,
        48,
        50,
        113,
        104,
        123,
        138,
        97,
        196,
        57,
        105,
        106,
        58,
        54,
        54,
        253,
        86,
        95,
        302,
        254,
        39,
        61,
        105,
        108,
        48,
        52,
        56,
        129,
        40,
        359,
        44,
        45,
        42,
        157,
        113,
        52,
        107,
        150,
        59,
        38,
        32,
        133,
        39,
        37,
        377,
        42,
        41,
        116,
        48,
        83,
        127,
        53,
        39,
        48,
        206,
        223,
        73,
        68,
        53,
        230,
        164,
        43,
        47,
        77,
        64,
        144,
        71,
        44,
        74,
        72,
        164,
        176
    ],
    "params": {
        "max_episodes": 2000,
        "max_steps": 400,
        "batch_size": 64,
        "learning_rate": 5e-05,
        "gamma": 0.99,
        "initial_epsilon": 1.0,
        "epsilon_decay": 0.995,
        "min_epsilon": 0.05,
        "memory_size": 100000,
        "target_update_freq": 10,
        "checkpoint_freq": 100,
        "resource_monitor_freq": 10
    },
    "resource_summary": "Training Time: 0:30:44\nAvg CPU Usage: 41.6%\nAvg Memory Usage: 5.4%\nAvg GPU Usage: 2.4%\nAvg GPU Memory: 957.5MB"
}