{
    "episode": 500,
    "best_reward": 10053.853625229916,
    "best_success_rate": 0.95,
    "recent_rewards": [
        5787.718347781721,
        7742.514414268957,
        353.8369415712341,
        4107.136397028557,
        3935.0898105474407,
        294.2338700228985,
        233.10263686920638,
        3742.919775434836,
        8056.930286123506,
        5516.622062094391,
        2096.9922872332413,
        5385.687490225852,
        5176.102795661634,
        1687.3727918704676,
        7568.467561084119,
        746.4565773750188,
        388.820050671459,
        583.7418754750964,
        799.2402583016474,
        605.1336074096725,
        4094.1041535925433,
        5962.016394679471,
        8119.346246888769,
        10053.853625229916,
        8064.009524259879,
        6993.0868661150125,
        5480.465047038687,
        5654.1479703165605,
        950.0276436689553,
        3437.1283193351906,
        9563.16739063122,
        7752.463395649462,
        588.4458720446407,
        6093.001260409161,
        394.73479935606366,
        8044.668487488025,
        7049.476905561261,
        6012.4125108667,
        437.09197414239077,
        2500.0361709664962,
        6661.273901469441,
        3141.1403121867693,
        8362.521060782234,
        1570.6738725051632,
        729.1394400071061,
        319.3196809293617,
        5528.749269453006,
        8479.961460863355,
        7695.49133126615,
        5954.454116548081,
        4888.164800694338,
        6839.468606616525,
        5538.117841506497,
        375.70250843145845,
        6368.234334842146,
        5257.271236258576,
        524.531538611783,
        6803.635115994148,
        951.6164159282861,
        687.5819327678424,
        408.9927670579697,
        8009.0309878611815,
        7765.221341696183,
        5430.605307766809,
        8177.176678069252,
        481.37883660931647,
        696.8867145489883,
        8369.855769890193,
        5118.287493147268,
        922.3449989234504,
        579.472513697197,
        7282.0628251161215,
        1327.8049457641496,
        5288.552382336384,
        7604.137647023247,
        5555.95806864571,
        883.342756913733,
        878.0261791748832,
        7487.385084357579,
        7886.832626715923,
        7627.884121536522,
        7498.816916819178,
        7633.19425652097,
        -29.41750646034137,
        7374.37637705806,
        333.8396549313718,
        73.32885300915882,
        6640.032309918246,
        3914.7072193858658,
        5939.716976687795,
        5723.624278551207,
        802.9312061607261,
        7792.669377698222,
        450.14273981249033,
        2350.7324441713045,
        7364.4705484741235,
        7812.3697835524345,
        5243.352661613957,
        3685.724996828694,
        7970.43670196136
    ],
    "recent_successes": [
        1,
        1,
        0,
        1,
        1,
        0,
        0,
        1,
        1,
        1,
        1,
        1,
        1,
        1,
        1,
        0,
        0,
        0,
        0,
        0,
        1,
        1,
        1,
        1,
        1,
        1,
        1,
        1,
        0,
        1,
        1,
        1,
        0,
        1,
        0,
        1,
        1,
        1,
        0,
        1,
        1,
        1,
        1,
        1,
        0,
        0,
        1,
        1,
        1,
        1,
        1,
        1,
        1,
        0,
        1,
        1,
        0,
        1,
        0,
        0,
        0,
        1,
        1,
        1,
        1,
        0,
        0,
        1,
        1,
        0,
        0,
        1,
        1,
        1,
        1,
        1,
        0,
        0,
        1,
        1,
        1,
        1,
        1,
        0,
        1,
        0,
        0,
        1,
        1,
        1,
        1,
        0,
        1,
        0,
        1,
        1,
        1,
        1,
        1,
        1
    ],
    "recent_collisions": [
        0,
        0,
        1,
        0,
        0,
        1,
        1,
        0,
        0,
        0,
        0,
        0,
        0,
        0,
        0,
        1,
        1,
        1,
        1,
        1,
        0,
        0,
        0,
        0,
        0,
        0,
        0,
        0,
        1,
        0,
        0,
        0,
        1,
        0,
        1,
        0,
        0,
        0,
        1,
        0,
        0,
        0,
        0,
        0,
        1,
        1,
        0,
        0,
        0,
        0,
        0,
        0,
        0,
        1,
        0,
        0,
        1,
        0,
        1,
        1,
        1,
        0,
        0,
        0,
        0,
        1,
        1,
        0,
        0,
        1,
        1,
        0,
        0,
        0,
        0,
        0,
        1,
        1,
        0,
        0,
        0,
        0,
        0,
        1,
        0,
        1,
        1,
        0,
        0,
        0,
        0,
        1,
        0,
        1,
        0,
        0,
        0,
        0,
        0,
        0
    ],
    "recent_steps": [
        76,
        113,
        50,
        53,
        56,
        45,
        45,
        60,
        96,
        91,
        39,
        65,
        73,
        16,
        86,
        56,
        44,
        68,
        57,
        65,
        50,
        81,
        93,
        119,
        110,
        68,
        71,
        69,
        63,
        44,
        107,
        86,
        59,
        80,
        52,
        95,
        87,
        71,
        58,
        34,
        78,
        45,
        87,
        19,
        60,
        60,
        60,
        86,
        121,
        62,
        52,
        71,
        62,
        49,
        62,
        68,
        53,
        87,
        56,
        50,
        58,
        79,
        74,
        73,
        75,
        60,
        67,
        85,
        58,
        59,
        65,
        87,
        9,
        57,
        85,
        75,
        48,
        38,
        111,
        87,
        117,
        88,
        82,
        54,
        84,
        49,
        49,
        88,
        42,
        58,
        61,
        50,
        73,
        61,
        33,
        95,
        82,
        68,
        55,
        86
    ],
    "params": {
        "max_episodes": 2000,
        "max_steps": 400,
        "batch_size": 64,
        "learning_rate": 5e-05,
        "gamma": 0.99,
        "initial_epsilon": 1.0,
        "epsilon_decay": 0.995,
        "min_epsilon": 0.05,
        "memory_size": 100000,
        "target_update_freq": 10,
        "checkpoint_freq": 100,
        "resource_monitor_freq": 10
    },
    "resource_summary": "Training Time: 2:04:11\nAvg CPU Usage: 41.5%\nAvg Memory Usage: 5.6%\nAvg GPU Usage: 2.6%\nAvg GPU Memory: 961.0MB"
}