{
    "episode": 1100,
    "best_reward": 11170.002966300202,
    "best_success_rate": 1.0,
    "recent_rewards": [
        5512.410706513937,
        5948.380065849954,
        7363.419893509736,
        2963.358723552972,
        3610.9681998680044,
        7125.903059280784,
        8527.129458112942,
        3031.399249126629,
        7339.292094232681,
        6507.061005347219,
        5470.912339845875,
        7403.617394270294,
        3322.0982850944697,
        8866.603781856182,
        5331.428356462893,
        7514.811162584597,
        1157.966421424122,
        6997.073204294538,
        1051.2361047861054,
        1458.972461319644,
        4578.459699873723,
        7780.836905258363,
        6910.402364615013,
        8196.352527564874,
        4430.315020794418,
        -73.06654845649962,
        6288.780249696815,
        4734.611805015491,
        7605.755238486679,
        7245.837428010166,
        7958.330188787333,
        5472.600116523088,
        7452.459675003504,
        7440.608337700272,
        5811.9421735346905,
        3837.57419606115,
        2208.6151241988764,
        3089.520449853489,
        8113.815629912855,
        6435.277314251887,
        2549.722860356334,
        5074.399749703496,
        7839.618216676673,
        5565.109803973889,
        7273.66298286924,
        8650.024004524563,
        8402.281580743405,
        2810.8929596710313,
        8858.957171302145,
        7659.214933159027,
        6348.00131720155,
        4737.878027012828,
        2413.8072123623524,
        2250.5416570222633,
        1344.351036760298,
        1914.1400448406778,
        5860.140400348878,
        -326.8296585511546,
        2696.4821689571245,
        5874.685991796538,
        9005.291137756883,
        8147.252121484807,
        8648.63368762807,
        3265.2854351142587,
        7389.155334029239,
        3845.711124585362,
        8674.008889468205,
        7585.616581653847,
        4548.481900847967,
        6365.546235866125,
        4774.243867824849,
        9262.458443273164,
        6609.179275152285,
        5741.021309811182,
        8063.8009024365165,
        9883.902956004971,
        7704.7436170511355,
        7487.982255781942,
        5016.192583814085,
        8448.519569555225,
        7565.844728453265,
        6079.514897869526,
        5436.875744270046,
        7183.409866737649,
        7796.962981666154,
        7497.233313700615,
        7072.0911103967055,
        8396.570071497772,
        6664.034278740437,
        1539.0242852173221,
        6197.513978764968,
        7874.331538757602,
        8225.874291712254,
        -1093.5066559356044,
        7583.4655542549335,
        1554.6499347065248,
        7009.807717892246,
        2516.1108462571497,
        6892.688138006794,
        9070.08932421356
    ],
    "recent_successes": [
        1,
        1,
        1,
        1,
        1,
        1,
        1,
        1,
        1,
        1,
        1,
        1,
        1,
        1,
        1,
        1,
        1,
        1,
        0,
        1,
        1,
        1,
        1,
        1,
        1,
        0,
        1,
        1,
        1,
        1,
        1,
        1,
        1,
        1,
        1,
        1,
        1,
        1,
        1,
        1,
        1,
        1,
        1,
        1,
        1,
        1,
        1,
        0,
        1,
        1,
        1,
        1,
        1,
        1,
        1,
        1,
        1,
        0,
        0,
        1,
        1,
        1,
        1,
        1,
        1,
        1,
        1,
        1,
        1,
        1,
        1,
        1,
        1,
        1,
        1,
        1,
        1,
        1,
        1,
        1,
        1,
        1,
        1,
        1,
        1,
        1,
        1,
        1,
        1,
        1,
        1,
        1,
        1,
        0,
        1,
        1,
        1,
        1,
        1,
        1
    ],
    "recent_collisions": [
        0,
        0,
        0,
        0,
        0,
        0,
        0,
        0,
        0,
        0,
        0,
        0,
        0,
        0,
        0,
        0,
        0,
        0,
        0,
        0,
        0,
        0,
        0,
        0,
        0,
        1,
        0,
        0,
        0,
        0,
        0,
        0,
        0,
        0,
        0,
        0,
        0,
        0,
        0,
        0,
        0,
        0,
        0,
        0,
        0,
        0,
        0,
        1,
        0,
        0,
        0,
        0,
        0,
        0,
        0,
        0,
        0,
        1,
        0,
        0,
        0,
        0,
        0,
        0,
        0,
        0,
        0,
        0,
        0,
        0,
        0,
        0,
        0,
        0,
        0,
        0,
        0,
        0,
        0,
        0,
        0,
        0,
        0,
        0,
        0,
        0,
        0,
        0,
        0,
        0,
        0,
        0,
        0,
        1,
        0,
        0,
        0,
        0,
        0,
        0
    ],
    "recent_steps": [
        82,
        83,
        111,
        47,
        52,
        125,
        119,
        35,
        96,
        91,
        80,
        97,
        36,
        89,
        65,
        133,
        1,
        95,
        400,
        12,
        63,
        106,
        94,
        117,
        62,
        83,
        75,
        43,
        115,
        100,
        77,
        140,
        77,
        95,
        71,
        36,
        24,
        39,
        106,
        93,
        37,
        62,
        195,
        131,
        94,
        95,
        107,
        231,
        107,
        108,
        106,
        96,
        24,
        42,
        7,
        19,
        78,
        95,
        400,
        104,
        162,
        102,
        101,
        37,
        100,
        44,
        214,
        65,
        48,
        85,
        59,
        102,
        127,
        58,
        104,
        113,
        101,
        100,
        44,
        162,
        122,
        89,
        68,
        100,
        103,
        135,
        130,
        101,
        68,
        22,
        120,
        132,
        112,
        73,
        80,
        17,
        83,
        22,
        90,
        109
    ],
    "params": {
        "max_episodes": 2000,
        "max_steps": 400,
        "batch_size": 64,
        "learning_rate": 5e-05,
        "gamma": 0.99,
        "initial_epsilon": 1.0,
        "epsilon_decay": 0.995,
        "min_epsilon": 0.05,
        "memory_size": 100000,
        "target_update_freq": 10,
        "checkpoint_freq": 100,
        "resource_monitor_freq": 10
    },
    "resource_summary": "Training Time: 4:22:51\nAvg CPU Usage: 42.0%\nAvg Memory Usage: 5.5%\nAvg GPU Usage: 2.6%\nAvg GPU Memory: 961.5MB"
}