{
    "episode": 1200,
    "best_reward": 11170.002966300202,
    "best_success_rate": 1.0,
    "recent_rewards": [
        7453.516516811811,
        4771.877188718145,
        7568.2293771683235,
        7874.288513582404,
        7274.627765358648,
        2187.1461820453374,
        4994.067164735437,
        -721.4091728614851,
        1956.4839637473806,
        9170.873547804757,
        7456.075233903113,
        6009.486472462239,
        6364.835514144972,
        1689.0787054424807,
        1879.5348096000928,
        6544.163969698501,
        4858.073921820918,
        8169.502710912266,
        3719.4858759512354,
        5165.025728859317,
        -236.37147370515828,
        8651.772672445604,
        5395.241104681576,
        1559.671653840575,
        9530.941582573627,
        7560.726479741591,
        1957.7145424790208,
        2437.556572958653,
        7064.674614258804,
        1902.7262757896601,
        4758.451713531003,
        8628.650271006267,
        6852.988540542632,
        8617.933307574656,
        5580.106609976362,
        8105.292435900143,
        3269.9210462407364,
        5203.8484831333635,
        6749.923968341349,
        1247.036552028345,
        7021.691281770161,
        6393.417262407659,
        6780.730544158427,
        6706.685202408191,
        8277.44821191766,
        7020.838920379056,
        6413.905696235695,
        2222.489746010464,
        414.1621760120122,
        7600.602569510065,
        -388.57177527165754,
        7546.392737352746,
        4418.112493545451,
        5324.370402023744,
        3060.5591020091115,
        6431.188400240831,
        7800.247905706086,
        5835.502175850429,
        9403.320850105323,
        10936.681204310698,
        9152.93940068522,
        5834.387267066091,
        -387.0686469592832,
        6138.248841105849,
        8013.809424688307,
        7248.244953942512,
        5537.684135356649,
        350.3713860950206,
        8241.973942564407,
        3634.810096951418,
        5257.93939938021,
        5930.8058724501,
        5673.251671286993,
        7083.64064027091,
        6173.214889524321,
        -816.4061800899851,
        7168.2895988737755,
        5865.428486942193,
        7002.705792885096,
        9716.582116712088,
        4794.000767619236,
        6614.582772570714,
        7459.7151516568565,
        7176.98385898935,
        6647.036649867171,
        3926.6445440021475,
        3599.7311153218598,
        8297.26393641097,
        3371.691347126638,
        5647.084164131623,
        3292.483513959422,
        7872.281099000649,
        7569.148643628864,
        7217.089336907115,
        6964.116923707511,
        2939.0117290826843,
        5882.8564760573245,
        6075.601604680092,
        5382.148373962333,
        4036.7383967212945
    ],
    "recent_successes": [
        1,
        1,
        1,
        1,
        1,
        1,
        1,
        0,
        1,
        1,
        1,
        1,
        1,
        1,
        1,
        1,
        1,
        1,
        1,
        1,
        0,
        1,
        1,
        0,
        1,
        1,
        0,
        1,
        1,
        1,
        1,
        1,
        1,
        1,
        1,
        1,
        0,
        1,
        1,
        1,
        1,
        1,
        1,
        1,
        1,
        1,
        1,
        1,
        0,
        1,
        0,
        1,
        1,
        1,
        1,
        1,
        1,
        1,
        1,
        1,
        1,
        1,
        0,
        1,
        1,
        1,
        1,
        0,
        1,
        1,
        1,
        1,
        1,
        1,
        1,
        0,
        1,
        1,
        1,
        1,
        1,
        1,
        1,
        1,
        1,
        1,
        1,
        1,
        1,
        1,
        1,
        1,
        1,
        1,
        1,
        1,
        1,
        1,
        1,
        1
    ],
    "recent_collisions": [
        0,
        0,
        0,
        0,
        0,
        0,
        0,
        1,
        0,
        0,
        0,
        0,
        0,
        0,
        0,
        0,
        0,
        0,
        0,
        0,
        1,
        0,
        0,
        1,
        0,
        0,
        1,
        0,
        0,
        0,
        0,
        0,
        0,
        0,
        0,
        0,
        0,
        0,
        0,
        0,
        0,
        0,
        0,
        0,
        0,
        0,
        0,
        0,
        1,
        0,
        1,
        0,
        0,
        0,
        0,
        0,
        0,
        0,
        0,
        0,
        0,
        0,
        1,
        0,
        0,
        0,
        0,
        0,
        0,
        0,
        0,
        0,
        0,
        0,
        0,
        1,
        0,
        0,
        0,
        0,
        0,
        0,
        0,
        0,
        0,
        0,
        0,
        0,
        0,
        0,
        0,
        0,
        0,
        0,
        0,
        0,
        0,
        0,
        0,
        0
    ],
    "recent_steps": [
        119,
        60,
        117,
        75,
        106,
        17,
        89,
        312,
        35,
        217,
        112,
        86,
        109,
        23,
        25,
        100,
        109,
        97,
        38,
        65,
        71,
        191,
        80,
        179,
        106,
        101,
        227,
        42,
        75,
        34,
        67,
        120,
        93,
        116,
        70,
        188,
        400,
        69,
        105,
        34,
        100,
        109,
        94,
        97,
        160,
        104,
        80,
        37,
        137,
        126,
        61,
        73,
        95,
        71,
        28,
        96,
        77,
        79,
        332,
        185,
        109,
        119,
        77,
        92,
        115,
        81,
        49,
        400,
        84,
        40,
        68,
        94,
        87,
        95,
        53,
        107,
        148,
        68,
        78,
        98,
        98,
        68,
        112,
        92,
        75,
        43,
        81,
        123,
        47,
        72,
        52,
        121,
        66,
        120,
        112,
        27,
        71,
        125,
        61,
        65
    ],
    "params": {
        "max_episodes": 2000,
        "max_steps": 400,
        "batch_size": 64,
        "learning_rate": 5e-05,
        "gamma": 0.99,
        "initial_epsilon": 1.0,
        "epsilon_decay": 0.995,
        "min_epsilon": 0.05,
        "memory_size": 100000,
        "target_update_freq": 10,
        "checkpoint_freq": 100,
        "resource_monitor_freq": 10
    },
    "resource_summary": "Training Time: 4:52:51\nAvg CPU Usage: 41.9%\nAvg Memory Usage: 5.5%\nAvg GPU Usage: 2.6%\nAvg GPU Memory: 961.6MB"
}