{
    "episode": 1000,
    "best_reward": 11170.002966300202,
    "best_success_rate": 1.0,
    "recent_rewards": [
        -535.292897021772,
        4888.853354336317,
        4187.573234938939,
        3903.40364526736,
        5500.783127885323,
        5591.045425389746,
        6841.786820303022,
        7766.198894497291,
        3827.2226339935632,
        8637.294198318534,
        4384.930038551078,
        2604.1298310739535,
        308.5971660504797,
        7900.047166951407,
        8777.68328030224,
        6284.774621709995,
        5740.322746579742,
        4838.355104154089,
        8356.920044329707,
        7106.686091121409,
        6320.062132200973,
        8813.903996724206,
        -6.675894973706818,
        5536.994173953766,
        5800.01410267868,
        -69.27003667446169,
        -195.71586217423314,
        5669.667221527704,
        8259.696225133253,
        6624.891184276441,
        7646.959579323375,
        6616.578090789346,
        6565.261109083053,
        6681.318947560953,
        6985.505992816878,
        7249.9543931995495,
        342.3693231591552,
        5400.810544753522,
        7976.998930018646,
        5832.956166249461,
        2973.058852192541,
        7218.946402115424,
        6242.471294179724,
        -209.66805316547763,
        2669.385702645306,
        7801.394194912897,
        7698.207954788462,
        4914.613456333764,
        5389.055185575071,
        7179.75921511629,
        8522.928733383425,
        7151.213054579881,
        7335.913234366562,
        5480.612896894084,
        7599.073151985874,
        8857.509622230244,
        6535.978124029984,
        6805.454487905528,
        7366.346920876592,
        8198.054652143628,
        7475.482671440612,
        2453.7595123175674,
        6209.740462979775,
        8087.680364735526,
        8446.8207390689,
        4240.385003645047,
        5806.20328262579,
        7503.6979579346935,
        8749.164531244951,
        4693.154791389486,
        7399.569119921166,
        6567.333682333974,
        -151.74848075710094,
        5413.9445232718845,
        8517.592103959038,
        4864.892570283735,
        5561.9615720730435,
        7370.588325340107,
        4065.8769875511357,
        7803.755442323529,
        2356.7152706463767,
        6034.901357916637,
        11170.002966300202,
        2002.9243520312953,
        3618.7746065809615,
        5415.081358502347,
        2172.7145526803474,
        5138.877615524777,
        6145.577681971344,
        8244.574230577473,
        8793.993965308826,
        5609.720398709561,
        8674.581512676776,
        8961.7747832067,
        7733.643179819726,
        8477.325219249378,
        7641.060973474629,
        3862.1106009230507,
        3276.6477001914845,
        1870.024198320848
    ],
    "recent_successes": [
        0,
        1,
        1,
        1,
        1,
        1,
        1,
        1,
        1,
        1,
        1,
        1,
        0,
        1,
        1,
        1,
        1,
        1,
        1,
        1,
        1,
        1,
        0,
        1,
        1,
        0,
        0,
        1,
        1,
        1,
        1,
        1,
        1,
        1,
        1,
        1,
        0,
        1,
        1,
        1,
        1,
        1,
        1,
        0,
        1,
        1,
        1,
        1,
        1,
        1,
        1,
        1,
        1,
        1,
        1,
        1,
        1,
        1,
        1,
        1,
        1,
        1,
        1,
        1,
        1,
        1,
        1,
        1,
        1,
        1,
        1,
        1,
        0,
        1,
        1,
        1,
        1,
        1,
        1,
        1,
        1,
        1,
        1,
        1,
        1,
        0,
        1,
        1,
        1,
        1,
        1,
        1,
        1,
        1,
        1,
        1,
        1,
        1,
        1,
        0
    ],
    "recent_collisions": [
        1,
        0,
        0,
        0,
        0,
        0,
        0,
        0,
        0,
        0,
        0,
        0,
        1,
        0,
        0,
        0,
        0,
        0,
        0,
        0,
        0,
        0,
        1,
        0,
        0,
        1,
        0,
        0,
        0,
        0,
        0,
        0,
        0,
        0,
        0,
        0,
        1,
        0,
        0,
        0,
        0,
        0,
        0,
        1,
        0,
        0,
        0,
        0,
        0,
        0,
        0,
        0,
        0,
        0,
        0,
        0,
        0,
        0,
        0,
        0,
        0,
        0,
        0,
        0,
        0,
        0,
        0,
        0,
        0,
        0,
        0,
        0,
        1,
        0,
        0,
        0,
        0,
        0,
        0,
        0,
        0,
        0,
        0,
        0,
        0,
        0,
        0,
        0,
        0,
        0,
        0,
        0,
        0,
        0,
        0,
        0,
        0,
        0,
        0,
        0
    ],
    "recent_steps": [
        103,
        61,
        47,
        46,
        84,
        95,
        105,
        82,
        58,
        91,
        96,
        36,
        61,
        123,
        154,
        105,
        69,
        47,
        108,
        92,
        74,
        118,
        53,
        76,
        89,
        86,
        57,
        99,
        102,
        129,
        117,
        70,
        82,
        103,
        120,
        87,
        75,
        77,
        97,
        55,
        36,
        86,
        92,
        59,
        34,
        91,
        75,
        107,
        72,
        109,
        94,
        110,
        97,
        89,
        93,
        117,
        98,
        109,
        113,
        113,
        80,
        41,
        74,
        116,
        83,
        46,
        63,
        107,
        102,
        75,
        100,
        68,
        56,
        55,
        115,
        74,
        75,
        83,
        62,
        74,
        56,
        113,
        191,
        22,
        45,
        400,
        35,
        62,
        92,
        102,
        101,
        173,
        105,
        92,
        115,
        103,
        98,
        43,
        37,
        400
    ],
    "params": {
        "max_episodes": 2000,
        "max_steps": 400,
        "batch_size": 64,
        "learning_rate": 5e-05,
        "gamma": 0.99,
        "initial_epsilon": 1.0,
        "epsilon_decay": 0.995,
        "min_epsilon": 0.05,
        "memory_size": 100000,
        "target_update_freq": 10,
        "checkpoint_freq": 100,
        "resource_monitor_freq": 10
    },
    "resource_summary": "Training Time: 3:55:04\nAvg CPU Usage: 41.7%\nAvg Memory Usage: 5.6%\nAvg GPU Usage: 2.6%\nAvg GPU Memory: 961.5MB"
}