{
    "episode": 400,
    "best_reward": 9900.629457423023,
    "best_success_rate": 0.95,
    "recent_rewards": [
        3042.654618592651,
        1170.5338158548304,
        8252.646778324974,
        1909.3163826928844,
        2354.859174527727,
        577.7144489211794,
        6745.833791951303,
        829.0711110776062,
        6128.606515884571,
        517.1589501459081,
        6309.906481120223,
        307.4916857058729,
        7481.430712193376,
        8527.535415620285,
        3116.117632224945,
        2353.8245137532253,
        3782.1566061177655,
        6072.609151564526,
        5072.504289055408,
        483.54936865941795,
        5677.877047808603,
        5950.479736720907,
        5357.592747429746,
        3969.377791273445,
        470.5254112996446,
        460.94073739250604,
        5081.823013163068,
        6238.283426589981,
        5138.532106288442,
        461.1980701989067,
        7765.07693771857,
        4761.566277270742,
        1607.1804166940844,
        9609.603415815589,
        6523.310328317928,
        6118.776037047672,
        560.381491804221,
        6815.922667713602,
        5766.459992065165,
        6152.076684379304,
        469.9650508837344,
        665.205295468903,
        7340.441523601021,
        1362.686936214827,
        905.6327182578949,
        354.62305658965954,
        9301.114567964967,
        187.88754705653446,
        2694.990621320356,
        5233.267554946333,
        480.21232090516344,
        3946.512089922222,
        410.89142796266066,
        7990.273061732725,
        5452.91071936849,
        855.152669935999,
        2947.134014739228,
        7449.164695438907,
        5614.875430183691,
        6609.405220779352,
        5318.982404697765,
        396.6682639286539,
        6497.178357020834,
        6739.867816806666,
        428.43866731442574,
        396.330490732,
        3050.854898152017,
        535.8570420958837,
        580.8197414562806,
        5991.781302147527,
        7964.4854265105705,
        366.2292750752052,
        2274.882613043854,
        5553.194588552694,
        144.76628134760466,
        5951.4026711606475,
        7633.869667160929,
        6022.7059069056295,
        6582.3042909012165,
        472.9617439994526,
        1086.7474877839818,
        2635.814343198661,
        6547.303171031634,
        907.4185850239581,
        8142.075973828678,
        3959.7480713745076,
        439.80933305032715,
        1697.0832254213449,
        7816.395368981945,
        597.9930437808489,
        9780.212255503675,
        6856.963793189348,
        8473.260157828545,
        8002.521061132446,
        -280.13396882676875,
        8668.46663645153,
        993.0708488467309,
        3419.77941175663,
        604.4378020621416,
        821.8426466135377
    ],
    "recent_successes": [
        1,
        1,
        1,
        1,
        1,
        0,
        1,
        0,
        1,
        0,
        1,
        0,
        1,
        1,
        1,
        1,
        1,
        1,
        1,
        0,
        1,
        1,
        1,
        1,
        0,
        0,
        1,
        1,
        1,
        0,
        1,
        1,
        1,
        1,
        1,
        1,
        0,
        1,
        1,
        1,
        0,
        0,
        1,
        0,
        0,
        0,
        1,
        0,
        1,
        1,
        0,
        1,
        0,
        1,
        1,
        0,
        1,
        1,
        1,
        1,
        1,
        0,
        1,
        1,
        0,
        0,
        1,
        0,
        0,
        1,
        1,
        0,
        1,
        1,
        0,
        1,
        1,
        1,
        1,
        0,
        0,
        1,
        1,
        0,
        1,
        1,
        0,
        1,
        1,
        0,
        1,
        1,
        1,
        1,
        0,
        1,
        0,
        1,
        0,
        0
    ],
    "recent_collisions": [
        0,
        0,
        0,
        0,
        0,
        1,
        0,
        1,
        0,
        1,
        0,
        1,
        0,
        0,
        0,
        0,
        0,
        0,
        0,
        1,
        0,
        0,
        0,
        0,
        1,
        1,
        0,
        0,
        0,
        1,
        0,
        0,
        0,
        0,
        0,
        0,
        1,
        0,
        0,
        0,
        1,
        1,
        0,
        1,
        1,
        1,
        0,
        1,
        0,
        0,
        1,
        0,
        1,
        0,
        0,
        1,
        0,
        0,
        0,
        0,
        0,
        1,
        0,
        0,
        1,
        1,
        0,
        1,
        1,
        0,
        0,
        1,
        0,
        0,
        1,
        0,
        0,
        0,
        0,
        1,
        1,
        0,
        0,
        1,
        0,
        0,
        1,
        0,
        0,
        1,
        0,
        0,
        0,
        0,
        1,
        0,
        1,
        0,
        1,
        1
    ],
    "recent_steps": [
        52,
        3,
        95,
        25,
        64,
        49,
        84,
        44,
        82,
        46,
        90,
        49,
        84,
        114,
        44,
        32,
        74,
        80,
        69,
        50,
        77,
        79,
        105,
        54,
        52,
        46,
        87,
        73,
        58,
        64,
        108,
        62,
        27,
        174,
        72,
        85,
        58,
        91,
        82,
        82,
        49,
        54,
        110,
        72,
        55,
        34,
        131,
        59,
        66,
        67,
        58,
        55,
        45,
        94,
        77,
        49,
        59,
        113,
        73,
        76,
        75,
        44,
        93,
        101,
        55,
        59,
        63,
        59,
        59,
        70,
        106,
        47,
        44,
        65,
        62,
        78,
        91,
        77,
        89,
        46,
        49,
        51,
        91,
        52,
        101,
        51,
        52,
        24,
        139,
        55,
        150,
        74,
        141,
        110,
        56,
        116,
        61,
        47,
        36,
        53
    ],
    "params": {
        "max_episodes": 2000,
        "max_steps": 400,
        "batch_size": 64,
        "learning_rate": 5e-05,
        "gamma": 0.99,
        "initial_epsilon": 1.0,
        "epsilon_decay": 0.995,
        "min_epsilon": 0.05,
        "memory_size": 100000,
        "target_update_freq": 10,
        "checkpoint_freq": 100,
        "resource_monitor_freq": 10
    },
    "resource_summary": "Training Time: 1:44:28\nAvg CPU Usage: 41.5%\nAvg Memory Usage: 5.6%\nAvg GPU Usage: 2.5%\nAvg GPU Memory: 960.8MB"
}