{
    "episode": 900,
    "best_reward": 10781.462200707776,
    "best_success_rate": 0.95,
    "recent_rewards": [
        7483.356172612444,
        8188.906886531138,
        5775.888187548055,
        3007.157015869978,
        8058.167601133831,
        3783.195678423465,
        6009.406485586238,
        5421.235105530278,
        6719.816002925467,
        2493.676503571774,
        6488.366612398493,
        6368.980032325922,
        6018.652511820661,
        5088.5475225664095,
        5986.989418941392,
        1377.0353486283427,
        966.7383926459249,
        2908.731043059437,
        4993.19352801954,
        6956.614099229084,
        7142.873936008473,
        4131.395475688053,
        2398.0167205679336,
        1314.7049161820078,
        6030.989876551246,
        368.2311288451202,
        6692.89054729242,
        4258.524862841765,
        6352.346271578352,
        6935.795273689748,
        425.9599716575193,
        6068.866720246315,
        1895.2751031252228,
        6062.402874813307,
        3771.9948074647496,
        4173.417398382031,
        2659.6248923972144,
        2023.7000523136928,
        9105.23973683721,
        5888.516166946556,
        4785.676079552585,
        4362.069912292939,
        6995.917869864773,
        5634.397479360543,
        2125.6375875546078,
        -1117.4008273252446,
        7685.562942492066,
        4150.076496551868,
        5058.9062829854,
        4327.039111373246,
        3168.1970627687506,
        5718.350734250432,
        6977.342484761394,
        5835.192999639792,
        7342.426412795576,
        3568.6261246010263,
        6362.703066595082,
        6969.414225235764,
        573.7061339115991,
        7437.439879550854,
        5424.932053605584,
        7973.309031967101,
        6735.009293727996,
        6066.088749323212,
        7424.974033833809,
        5272.741395859318,
        6916.3119061135385,
        4495.487613469773,
        6907.899861825865,
        2093.073295973007,
        9362.739998772782,
        2282.0880881005896,
        4491.093547725914,
        9469.189152324838,
        4333.632432813961,
        10781.462200707776,
        6047.279611326802,
        6140.654534773495,
        5374.850022612341,
        8038.506912990556,
        1280.305331024698,
        7347.5558772058175,
        10392.968048439725,
        4223.492415442868,
        5877.548868846487,
        7245.485337119444,
        4942.070647129838,
        2853.15855655936,
        8114.326994327759,
        10500.126546661793,
        8126.243243852027,
        344.7858018900281,
        2481.3865008138064,
        8742.718492779932,
        6204.658981166865,
        4365.554290120996,
        6639.424521753266,
        3829.146848407352,
        5851.148823221388,
        5679.014399520388
    ],
    "recent_successes": [
        1,
        1,
        1,
        1,
        1,
        1,
        1,
        1,
        1,
        1,
        1,
        1,
        1,
        1,
        1,
        0,
        0,
        1,
        1,
        1,
        1,
        1,
        1,
        1,
        1,
        0,
        1,
        1,
        1,
        1,
        0,
        1,
        1,
        1,
        1,
        1,
        1,
        1,
        1,
        1,
        1,
        1,
        1,
        1,
        1,
        0,
        1,
        1,
        1,
        0,
        1,
        1,
        1,
        1,
        1,
        1,
        1,
        1,
        0,
        1,
        1,
        1,
        1,
        1,
        1,
        1,
        1,
        1,
        1,
        1,
        1,
        1,
        0,
        1,
        1,
        1,
        1,
        1,
        1,
        1,
        1,
        1,
        1,
        1,
        1,
        1,
        1,
        0,
        1,
        1,
        1,
        0,
        1,
        1,
        1,
        1,
        1,
        1,
        1,
        1
    ],
    "recent_collisions": [
        0,
        0,
        0,
        0,
        0,
        0,
        0,
        0,
        0,
        0,
        0,
        0,
        0,
        0,
        0,
        1,
        1,
        0,
        0,
        0,
        0,
        0,
        0,
        0,
        0,
        1,
        0,
        0,
        0,
        0,
        1,
        0,
        0,
        0,
        0,
        0,
        0,
        0,
        0,
        0,
        0,
        0,
        0,
        0,
        0,
        1,
        0,
        0,
        0,
        0,
        0,
        0,
        0,
        0,
        0,
        0,
        0,
        0,
        1,
        0,
        0,
        0,
        0,
        0,
        0,
        0,
        0,
        0,
        0,
        0,
        0,
        0,
        0,
        0,
        0,
        0,
        0,
        0,
        0,
        0,
        0,
        0,
        0,
        0,
        0,
        0,
        0,
        0,
        0,
        0,
        0,
        1,
        0,
        0,
        0,
        0,
        0,
        0,
        0,
        0
    ],
    "recent_steps": [
        74,
        78,
        57,
        41,
        102,
        39,
        61,
        109,
        96,
        60,
        108,
        99,
        82,
        62,
        60,
        213,
        50,
        71,
        61,
        112,
        75,
        81,
        50,
        23,
        102,
        113,
        83,
        39,
        66,
        72,
        65,
        155,
        35,
        111,
        63,
        47,
        33,
        22,
        121,
        56,
        127,
        42,
        101,
        53,
        36,
        157,
        86,
        56,
        57,
        400,
        54,
        70,
        79,
        104,
        74,
        40,
        72,
        126,
        47,
        87,
        56,
        111,
        107,
        72,
        132,
        119,
        87,
        72,
        108,
        23,
        130,
        28,
        400,
        117,
        51,
        252,
        98,
        120,
        71,
        155,
        17,
        65,
        110,
        61,
        86,
        108,
        66,
        400,
        88,
        149,
        97,
        45,
        47,
        124,
        74,
        44,
        90,
        45,
        56,
        133
    ],
    "params": {
        "max_episodes": 2000,
        "max_steps": 400,
        "batch_size": 64,
        "learning_rate": 5e-05,
        "gamma": 0.99,
        "initial_epsilon": 1.0,
        "epsilon_decay": 0.995,
        "min_epsilon": 0.05,
        "memory_size": 100000,
        "target_update_freq": 10,
        "checkpoint_freq": 100,
        "resource_monitor_freq": 10
    },
    "resource_summary": "Training Time: 3:29:13\nAvg CPU Usage: 41.6%\nAvg Memory Usage: 5.6%\nAvg GPU Usage: 2.6%\nAvg GPU Memory: 961.5MB"
}