{
    "episode": 1900,
    "best_reward": 2901.3964671942,
    "best_success_rate": 1.0,
    "curriculum_level": 3,
    "recent_rewards": [
        789.7410722090794,
        824.044459103385,
        781.8154916105623,
        821.3641191055144,
        757.0176333532502,
        848.4327730961122,
        921.3183642429498,
        815.2034362605066,
        846.557154810693,
        876.3482815371119,
        762.2912765741224,
        837.8698878527048,
        854.6364502934046,
        811.5410147601544,
        845.8203055082711,
        802.2882223671107,
        891.3384373569581,
        812.5618712359366,
        783.8020180377421,
        828.6274611839897,
        801.1516145633373,
        840.2823403121168,
        843.7628049886603,
        847.0264740278101,
        782.7989700703988,
        875.7242809474014,
        875.8920329990731,
        765.7976708171309,
        882.9921765218967,
        802.3509721461564,
        903.627972560959,
        860.4011506877275,
        742.5046826383212,
        780.7723789931512,
        838.8584580700029,
        807.3302898806284,
        965.1513221935456,
        837.5863318624241,
        807.2947191184637,
        915.8742589033495,
        864.3721265410138,
        717.6869005367456,
        767.6401461509937,
        883.6118753771693,
        840.2722819321821,
        735.6116961012001,
        796.8484104978212,
        770.5506107291769,
        746.1377065684179,
        861.6436842543245,
        916.2546785389325,
        710.0663594531654,
        859.6817297761686,
        949.0223347958594,
        834.3973103157339,
        911.6569639242937,
        841.8667071791899,
        842.7213344498801,
        767.1282283657301,
        875.3774574302449,
        711.7694320504863,
        830.4522189288106,
        824.5497759849416,
        769.2900688097741,
        918.5537997280815,
        870.8688426924734,
        861.9749192232737,
        847.8289289303684,
        874.3508632076031,
        784.7295804050153,
        846.2405488332242,
        815.7544877932247,
        766.8122760581625,
        872.4460993055176,
        742.7163643653525,
        846.9130815782283,
        897.9542089800977,
        848.6123968989873,
        808.6811943629034,
        755.8821296796684,
        928.0806971077345,
        866.8343535028381,
        831.6395585894323,
        838.9976299553246,
        1079.6390312268618,
        824.1532721035373,
        768.4626102642422,
        846.3824318883179,
        862.9761578580435,
        896.4559484774243,
        854.9664443754955,
        981.7940579743498,
        819.5371906093876,
        839.2156000298837,
        886.2579306054381,
        814.5140484564608,
        935.8536138739174,
        783.3238516775457,
        839.2792571469075,
        895.6484824113942
    ],
    "recent_successes": [
        1,
        1,
        1,
        1,
        1,
        1,
        1,
        1,
        1,
        1,
        1,
        1,
        1,
        1,
        1,
        1,
        1,
        1,
        1,
        1,
        1,
        1,
        1,
        1,
        1,
        1,
        1,
        1,
        1,
        1,
        1,
        1,
        1,
        1,
        1,
        1,
        1,
        1,
        1,
        1,
        1,
        1,
        1,
        1,
        1,
        1,
        1,
        1,
        1,
        1,
        1,
        1,
        1,
        1,
        1,
        1,
        1,
        1,
        1,
        1,
        1,
        1,
        1,
        1,
        1,
        1,
        1,
        1,
        1,
        1,
        1,
        1,
        1,
        1,
        1,
        1,
        1,
        1,
        1,
        1,
        1,
        1,
        1,
        1,
        1,
        1,
        1,
        1,
        1,
        1,
        1,
        1,
        1,
        1,
        1,
        1,
        1,
        1,
        1,
        1
    ],
    "recent_collisions": [
        0,
        0,
        0,
        0,
        0,
        0,
        0,
        0,
        0,
        0,
        0,
        0,
        0,
        0,
        0,
        0,
        0,
        0,
        0,
        0,
        0,
        0,
        0,
        0,
        0,
        0,
        0,
        0,
        0,
        0,
        0,
        0,
        0,
        0,
        0,
        0,
        0,
        0,
        0,
        0,
        0,
        0,
        0,
        0,
        0,
        0,
        0,
        0,
        0,
        0,
        0,
        0,
        0,
        0,
        0,
        0,
        0,
        0,
        0,
        0,
        0,
        0,
        0,
        0,
        0,
        0,
        0,
        0,
        0,
        0,
        0,
        0,
        0,
        0,
        0,
        0,
        0,
        0,
        0,
        0,
        0,
        0,
        0,
        0,
        0,
        0,
        0,
        0,
        0,
        0,
        0,
        0,
        0,
        0,
        0,
        0,
        0,
        0,
        0,
        0
    ],
    "recent_steps": [
        147,
        141,
        138,
        145,
        137,
        153,
        169,
        148,
        149,
        150,
        134,
        145,
        147,
        140,
        143,
        140,
        162,
        141,
        140,
        137,
        143,
        143,
        159,
        147,
        130,
        154,
        157,
        129,
        157,
        133,
        166,
        196,
        129,
        136,
        148,
        137,
        177,
        155,
        135,
        165,
        157,
        120,
        129,
        158,
        148,
        115,
        132,
        136,
        124,
        153,
        173,
        123,
        158,
        178,
        156,
        165,
        150,
        158,
        123,
        153,
        114,
        138,
        152,
        137,
        170,
        155,
        149,
        184,
        157,
        133,
        150,
        138,
        125,
        158,
        133,
        156,
        164,
        152,
        140,
        127,
        175,
        162,
        143,
        148,
        250,
        144,
        133,
        155,
        159,
        165,
        156,
        180,
        139,
        146,
        164,
        139,
        208,
        131,
        142,
        165
    ],
    "params": {
        "max_episodes": 3000,
        "max_steps": 500,
        "batch_size": 64,
        "learning_rate": 0.0001,
        "gamma": 0.99,
        "initial_epsilon": 1.0,
        "epsilon_decay": 0.995,
        "min_epsilon": 0.05,
        "memory_size": 100000,
        "target_update_freq": 5,
        "curriculum_stages": 4
    }
}