{
    "episode": 1700,
    "best_reward": 2901.3964671942,
    "best_success_rate": 1.0,
    "curriculum_level": 3,
    "recent_rewards": [
        719.2667698362675,
        41.56169935712779,
        1006.2445967667591,
        817.2863883120928,
        726.3461256511176,
        778.7724951682014,
        722.3596590498627,
        719.0213578174246,
        711.0763413702925,
        709.9428111309367,
        717.2820137427016,
        785.572144971537,
        711.5456084528166,
        727.2505994766811,
        700.9215580811132,
        752.5550481494265,
        766.7964350099145,
        817.1934975483023,
        713.4008591874444,
        785.9174422749985,
        729.9152599893735,
        741.3594808045839,
        786.4788224730232,
        728.3136749061524,
        779.4859366358985,
        741.5119613644883,
        700.2499385079366,
        768.1623989987175,
        722.8546105669133,
        759.7291390744284,
        673.7350127202767,
        774.5705183872896,
        712.0883678805417,
        693.0074374939833,
        730.0921119302668,
        755.6967330901789,
        787.1819223482966,
        813.5284146596968,
        801.6186877776295,
        710.288408666131,
        787.4977796684019,
        699.4543452006321,
        772.0307895581257,
        703.6001352596311,
        793.9205034944342,
        670.9128634286803,
        797.0322154202358,
        731.7822045136627,
        846.752739086347,
        750.2177116542729,
        793.5794829240509,
        798.7764943214314,
        747.5597472711713,
        763.6141706650121,
        712.7868189938038,
        772.4697872466172,
        824.1046631542099,
        814.289968262384,
        771.8506181141764,
        716.6347041967476,
        761.9733120817959,
        734.4349626882345,
        696.3465095634235,
        722.3424981955388,
        697.3323660192626,
        748.2297876006774,
        784.2685959650539,
        712.413634334966,
        738.8939012195099,
        695.4859906995649,
        854.9636694950347,
        688.011811410003,
        766.5459463124191,
        760.3225239222827,
        741.9176991473746,
        774.6524851762921,
        761.2638351179796,
        749.1233088421355,
        807.1089365775363,
        785.9632263473865,
        740.200930995499,
        663.8394631901679,
        730.7520127777119,
        741.3990338434711,
        769.1541536304013,
        762.6904092094306,
        752.4200951618702,
        727.0281571406271,
        736.7731947634733,
        736.5685306952689,
        12.997804524654157,
        800.5381158414393,
        723.6491522968531,
        751.6562119618585,
        845.9525924333665,
        761.4513757067277,
        802.6028823365666,
        736.895743795129,
        828.9820986600623,
        855.6576575339553
    ],
    "recent_successes": [
        1,
        0,
        1,
        1,
        1,
        1,
        1,
        1,
        1,
        1,
        1,
        1,
        1,
        1,
        1,
        1,
        1,
        1,
        1,
        1,
        1,
        1,
        1,
        1,
        1,
        1,
        1,
        1,
        1,
        1,
        1,
        1,
        1,
        1,
        1,
        1,
        1,
        1,
        1,
        1,
        1,
        1,
        1,
        1,
        1,
        1,
        1,
        1,
        1,
        1,
        1,
        1,
        1,
        1,
        1,
        1,
        1,
        1,
        1,
        1,
        1,
        1,
        1,
        1,
        1,
        1,
        1,
        1,
        1,
        1,
        1,
        1,
        1,
        1,
        1,
        1,
        1,
        1,
        1,
        1,
        1,
        1,
        1,
        1,
        1,
        1,
        1,
        1,
        1,
        1,
        0,
        1,
        1,
        1,
        1,
        1,
        1,
        1,
        1,
        1
    ],
    "recent_collisions": [
        0,
        0,
        0,
        0,
        0,
        0,
        0,
        0,
        0,
        0,
        0,
        0,
        0,
        0,
        0,
        0,
        0,
        0,
        0,
        0,
        0,
        0,
        0,
        0,
        0,
        0,
        0,
        0,
        0,
        0,
        0,
        0,
        0,
        0,
        0,
        0,
        0,
        0,
        0,
        0,
        0,
        0,
        0,
        0,
        0,
        0,
        0,
        0,
        0,
        0,
        0,
        0,
        0,
        0,
        0,
        0,
        0,
        0,
        0,
        0,
        0,
        0,
        0,
        0,
        0,
        0,
        0,
        0,
        0,
        0,
        0,
        0,
        0,
        0,
        0,
        0,
        0,
        0,
        0,
        0,
        0,
        0,
        0,
        0,
        0,
        0,
        0,
        0,
        0,
        0,
        0,
        0,
        0,
        0,
        0,
        0,
        0,
        0,
        0,
        0
    ],
    "recent_steps": [
        119,
        52,
        197,
        146,
        113,
        129,
        113,
        109,
        119,
        111,
        114,
        130,
        113,
        115,
        108,
        125,
        126,
        141,
        118,
        129,
        118,
        115,
        126,
        117,
        132,
        128,
        114,
        125,
        120,
        126,
        102,
        126,
        108,
        109,
        116,
        120,
        127,
        141,
        146,
        123,
        127,
        112,
        127,
        107,
        127,
        102,
        133,
        120,
        144,
        126,
        137,
        136,
        118,
        126,
        120,
        140,
        140,
        140,
        124,
        118,
        123,
        125,
        109,
        122,
        114,
        123,
        126,
        113,
        115,
        114,
        151,
        108,
        125,
        121,
        129,
        129,
        123,
        119,
        134,
        129,
        119,
        101,
        109,
        117,
        123,
        130,
        130,
        114,
        116,
        119,
        47,
        132,
        121,
        122,
        236,
        121,
        136,
        112,
        145,
        146
    ],
    "params": {
        "max_episodes": 3000,
        "max_steps": 500,
        "batch_size": 64,
        "learning_rate": 0.0001,
        "gamma": 0.99,
        "initial_epsilon": 1.0,
        "epsilon_decay": 0.995,
        "min_epsilon": 0.05,
        "memory_size": 100000,
        "target_update_freq": 5,
        "curriculum_stages": 4
    }
}