{
    "episode": 200,
    "best_reward": 2267.9197029591937,
    "best_success_rate": 0.94,
    "curriculum_level": 3,
    "recent_rewards": [
        107.21969035715733,
        118.77666592264501,
        175.71740013145234,
        98.51123309224246,
        48.232188505461096,
        82.10534955539501,
        86.03191769689545,
        43.11569274661164,
        123.95589845258712,
        87.30620617712242,
        703.445532751553,
        28.909474001237953,
        44.410667225123575,
        819.2621196394124,
        106.57582065433189,
        720.5487951743207,
        226.94816345879445,
        38.08473095695942,
        703.669613048237,
        713.1653127983466,
        651.1935384996909,
        86.39322337960525,
        49.27402989906972,
        867.0535668095492,
        733.6822485116937,
        330.7332994072802,
        379.9035779082993,
        420.2354368044228,
        452.267167007683,
        552.1428587712363,
        126.26487386554248,
        95.07422444577935,
        700.142147695088,
        761.475229091751,
        127.87072106696695,
        203.83464134718565,
        727.0009486343967,
        774.957042589521,
        533.4367573810993,
        802.9279260165226,
        724.1972775735112,
        203.58349947384852,
        774.3948371290647,
        522.0191664564315,
        796.1172990444434,
        732.4682012743484,
        720.6809895495264,
        217.15649814254851,
        185.97925842415953,
        449.3687783832475,
        683.735946748608,
        691.6232915254654,
        245.90769318788193,
        173.47833482830612,
        218.87902985255386,
        176.70832545423184,
        745.6141619471771,
        241.53719008283298,
        191.40548626185085,
        537.1439057048698,
        811.4365913186687,
        788.0391846261376,
        211.93248226522792,
        974.3068670347948,
        726.618364423929,
        884.452515775622,
        804.6412575100497,
        665.4145702648457,
        262.29111461459104,
        84.67127188514235,
        612.7498139165787,
        697.0971333226925,
        712.7730974593305,
        474.3096205126151,
        681.8784772887666,
        695.8653632570969,
        814.5565753887279,
        757.5597932145422,
        919.9023126911499,
        863.5273391540373,
        788.9702086817546,
        750.7854607924787,
        712.8974224127951,
        816.9928049881759,
        2267.9197029591937,
        768.8774097439267,
        88.63108071204823,
        498.0439541924127,
        1228.7178180110404,
        856.8165111363422,
        706.6327865023428,
        817.0256352795836,
        854.7961962063807,
        537.6518166125948,
        1006.7712345861127,
        91.9929101438403,
        855.0944394971056,
        125.84964711643806,
        821.4670673002338,
        935.6369206231097
    ],
    "recent_successes": [
        1,
        1,
        1,
        1,
        0,
        1,
        1,
        0,
        1,
        1,
        1,
        0,
        0,
        1,
        1,
        1,
        1,
        0,
        1,
        1,
        1,
        1,
        0,
        1,
        1,
        1,
        1,
        1,
        1,
        1,
        1,
        1,
        1,
        1,
        1,
        1,
        1,
        1,
        1,
        1,
        1,
        1,
        1,
        1,
        1,
        1,
        1,
        1,
        1,
        1,
        1,
        1,
        1,
        1,
        1,
        1,
        1,
        1,
        1,
        1,
        1,
        1,
        1,
        1,
        1,
        1,
        1,
        1,
        1,
        1,
        1,
        1,
        1,
        1,
        1,
        1,
        1,
        1,
        1,
        1,
        1,
        1,
        1,
        1,
        1,
        1,
        1,
        1,
        1,
        1,
        1,
        1,
        1,
        1,
        1,
        1,
        1,
        1,
        1,
        1
    ],
    "recent_collisions": [
        0,
        0,
        0,
        0,
        0,
        0,
        0,
        0,
        0,
        0,
        0,
        0,
        0,
        0,
        0,
        0,
        0,
        0,
        0,
        0,
        0,
        0,
        0,
        0,
        0,
        0,
        0,
        0,
        0,
        0,
        0,
        0,
        0,
        0,
        0,
        0,
        0,
        0,
        0,
        0,
        0,
        0,
        0,
        0,
        0,
        0,
        0,
        0,
        0,
        0,
        0,
        0,
        0,
        0,
        0,
        0,
        0,
        0,
        0,
        0,
        0,
        0,
        0,
        0,
        0,
        0,
        0,
        0,
        0,
        0,
        0,
        0,
        0,
        0,
        0,
        0,
        0,
        0,
        0,
        0,
        0,
        0,
        0,
        0,
        0,
        0,
        0,
        0,
        0,
        0,
        0,
        0,
        0,
        0,
        0,
        0,
        0,
        0,
        0,
        0
    ],
    "recent_steps": [
        66,
        71,
        132,
        66,
        52,
        63,
        89,
        59,
        79,
        64,
        152,
        50,
        52,
        182,
        71,
        142,
        129,
        52,
        148,
        152,
        126,
        66,
        61,
        172,
        127,
        138,
        145,
        185,
        177,
        183,
        87,
        67,
        125,
        153,
        77,
        112,
        135,
        153,
        168,
        184,
        196,
        105,
        154,
        187,
        145,
        131,
        130,
        111,
        111,
        184,
        169,
        188,
        131,
        97,
        107,
        107,
        134,
        115,
        100,
        187,
        210,
        147,
        131,
        239,
        155,
        181,
        148,
        108,
        135,
        62,
        101,
        119,
        128,
        175,
        127,
        189,
        156,
        133,
        214,
        162,
        151,
        137,
        144,
        172,
        351,
        162,
        68,
        201,
        207,
        243,
        215,
        151,
        169,
        202,
        252,
        73,
        175,
        84,
        152,
        226
    ],
    "params": {
        "max_episodes": 3000,
        "max_steps": 500,
        "batch_size": 64,
        "learning_rate": 0.0001,
        "gamma": 0.99,
        "initial_epsilon": 1.0,
        "epsilon_decay": 0.995,
        "min_epsilon": 0.05,
        "memory_size": 100000,
        "target_update_freq": 5,
        "curriculum_stages": 4
    }
}