{
    "episode": 1600,
    "best_reward": 2901.3964671942,
    "best_success_rate": 1.0,
    "curriculum_level": 3,
    "recent_rewards": [
        157.39991096321336,
        653.1550543110336,
        653.4558855995763,
        859.7441387309453,
        727.03195717514,
        672.7893145816336,
        699.237948834255,
        720.8976991084627,
        709.9618725032828,
        767.7720931439567,
        51.22448852632755,
        833.2001410685832,
        758.8727020246986,
        684.3746544371047,
        723.4155594879584,
        733.4339528077794,
        667.0647481446872,
        691.430574491613,
        707.3723407691044,
        748.5349641906021,
        709.5843178036653,
        685.6864950031525,
        744.8321442438878,
        713.3531268160541,
        760.9489143692689,
        724.0031057728993,
        719.2126724226546,
        759.0086053817593,
        768.7880174990604,
        768.9003703815999,
        17.753044263520223,
        700.6743427709055,
        724.140271690464,
        767.525547114042,
        710.8782529392051,
        697.1828409211198,
        639.1847360353754,
        773.6619294970092,
        751.453592124568,
        654.8387666450093,
        740.3858943423927,
        747.2259464624188,
        779.2967933719792,
        694.2957759603237,
        689.3331357171944,
        712.9231902555164,
        776.5840286031488,
        709.4382829602009,
        650.1907523064783,
        681.9989095541335,
        689.8914990064476,
        681.1173028639945,
        750.1642547778682,
        726.9008580592047,
        792.725686492023,
        692.1712252644145,
        758.2450531216481,
        710.7747674810244,
        718.7873680055262,
        734.8077497615227,
        671.3653175578061,
        684.159277808516,
        686.5962879871895,
        764.432988675997,
        807.8310079014084,
        697.5846921606133,
        663.5899375464145,
        685.3657040423572,
        731.6068780135338,
        764.2378870546543,
        754.9963123484501,
        743.9104001187364,
        749.1708752280524,
        697.8989703304746,
        765.4989533512925,
        703.0960538819184,
        698.3495582968098,
        703.0898302425178,
        729.3136588434759,
        717.4105239517825,
        671.0780147493048,
        825.7469939289675,
        788.4322160991153,
        695.0327967157434,
        799.7911145519137,
        817.2103873024698,
        684.7695292366933,
        705.6402836245105,
        700.9168212441919,
        801.5292600404049,
        734.9797896441474,
        698.6557764057706,
        34.33719883145707,
        763.8943993968426,
        723.9443559594367,
        771.9709232105677,
        743.0290600265025,
        754.1982266114622,
        706.5275314130593,
        860.8353671494516
    ],
    "recent_successes": [
        1,
        1,
        1,
        1,
        1,
        1,
        1,
        1,
        1,
        1,
        1,
        1,
        1,
        1,
        1,
        1,
        1,
        1,
        1,
        1,
        1,
        1,
        1,
        1,
        1,
        1,
        1,
        1,
        1,
        1,
        0,
        1,
        1,
        1,
        1,
        1,
        1,
        1,
        1,
        1,
        1,
        1,
        1,
        1,
        1,
        1,
        1,
        1,
        1,
        1,
        1,
        1,
        1,
        1,
        1,
        1,
        1,
        1,
        1,
        1,
        1,
        1,
        1,
        1,
        1,
        1,
        1,
        1,
        1,
        1,
        1,
        1,
        1,
        1,
        1,
        1,
        1,
        1,
        1,
        1,
        1,
        1,
        1,
        1,
        1,
        1,
        1,
        1,
        1,
        1,
        1,
        1,
        0,
        1,
        1,
        1,
        1,
        1,
        1,
        1
    ],
    "recent_collisions": [
        0,
        0,
        0,
        0,
        0,
        0,
        0,
        0,
        0,
        0,
        0,
        0,
        0,
        0,
        0,
        0,
        0,
        0,
        0,
        0,
        0,
        0,
        0,
        0,
        0,
        0,
        0,
        0,
        0,
        0,
        0,
        0,
        0,
        0,
        0,
        0,
        0,
        0,
        0,
        0,
        0,
        0,
        0,
        0,
        0,
        0,
        0,
        0,
        0,
        0,
        0,
        0,
        0,
        0,
        0,
        0,
        0,
        0,
        0,
        0,
        0,
        0,
        0,
        0,
        0,
        0,
        0,
        0,
        0,
        0,
        0,
        0,
        0,
        0,
        0,
        0,
        0,
        0,
        0,
        0,
        0,
        0,
        0,
        0,
        0,
        0,
        0,
        0,
        0,
        0,
        0,
        0,
        0,
        0,
        0,
        0,
        0,
        0,
        0,
        0
    ],
    "recent_steps": [
        86,
        94,
        114,
        207,
        114,
        105,
        109,
        127,
        112,
        131,
        58,
        160,
        125,
        108,
        119,
        123,
        109,
        109,
        109,
        126,
        111,
        105,
        137,
        113,
        198,
        112,
        125,
        122,
        130,
        134,
        47,
        113,
        117,
        134,
        109,
        109,
        100,
        128,
        120,
        98,
        119,
        122,
        142,
        102,
        104,
        122,
        133,
        108,
        105,
        103,
        100,
        104,
        120,
        181,
        131,
        105,
        143,
        114,
        114,
        120,
        101,
        104,
        106,
        124,
        140,
        106,
        100,
        108,
        115,
        119,
        129,
        117,
        122,
        111,
        122,
        110,
        114,
        104,
        114,
        109,
        110,
        136,
        138,
        111,
        129,
        141,
        105,
        109,
        108,
        136,
        112,
        110,
        63,
        122,
        111,
        124,
        118,
        120,
        120,
        177
    ],
    "params": {
        "max_episodes": 3000,
        "max_steps": 500,
        "batch_size": 64,
        "learning_rate": 0.0001,
        "gamma": 0.99,
        "initial_epsilon": 1.0,
        "epsilon_decay": 0.995,
        "min_epsilon": 0.05,
        "memory_size": 100000,
        "target_update_freq": 5,
        "curriculum_stages": 4
    }
}