{
    "episode": 1300,
    "best_reward": 2901.3964671942,
    "best_success_rate": 1.0,
    "curriculum_level": 3,
    "recent_rewards": [
        747.7460296554407,
        661.8902618425553,
        638.1431390679229,
        702.8141730564932,
        709.7743514846362,
        633.4993305939233,
        621.7588801647698,
        616.8716927906823,
        690.0468508916883,
        773.1617886804439,
        627.9620246980605,
        712.2352526016723,
        661.7347137839095,
        733.0843656070956,
        690.0199238950966,
        671.3143977130974,
        680.3871361604441,
        739.4086423444656,
        712.8920380881492,
        682.5047342063782,
        660.0374797978636,
        672.0320108456356,
        689.197185777232,
        681.3150893489039,
        718.5097925590107,
        708.6528049513945,
        729.1992720723358,
        637.7250138022215,
        660.9412843931001,
        728.1116915580496,
        699.2626823824903,
        708.0206372689031,
        677.4220704242108,
        696.2413570271415,
        676.6513305529737,
        701.319104950536,
        675.8509932153208,
        720.4896234593317,
        688.1771140142893,
        720.6262315282928,
        768.6371655735722,
        753.0772958205137,
        655.3598914958361,
        716.2669863561644,
        695.8793038891581,
        709.1936684462584,
        686.8564841165496,
        747.3748942269988,
        690.2700611783941,
        677.7855067779077,
        729.2055115873711,
        649.023910313925,
        718.8401677259766,
        691.808605587613,
        -4.085162085087148,
        612.6615526085915,
        683.4358098145018,
        638.182577340875,
        738.3751611320629,
        633.4029702247799,
        672.5050963369788,
        617.9566070991824,
        643.3714413582347,
        628.859332709781,
        643.2838174233011,
        679.8720383541306,
        674.3008461985075,
        716.3948942979439,
        726.5229613383808,
        700.275223914845,
        706.9583452555819,
        712.8316980060582,
        753.0574044690317,
        824.9471907957741,
        696.2335939777507,
        699.5189172639646,
        691.6723955055809,
        819.21275843352,
        768.580512021576,
        739.6691225330055,
        733.4760420263472,
        662.0879829762775,
        100.50678124488326,
        708.1434276967279,
        679.7489905613136,
        704.8626653635928,
        640.8964859295477,
        724.7429355561462,
        712.4859357943312,
        624.7821406470314,
        688.699960159709,
        93.57408711178857,
        659.5460479538433,
        727.2085995047526,
        700.6614854774512,
        626.3588410117841,
        654.7593188576463,
        695.857439488908,
        621.389362384724,
        784.8307866356515
    ],
    "recent_successes": [
        1,
        1,
        1,
        1,
        1,
        1,
        1,
        1,
        1,
        1,
        1,
        1,
        1,
        1,
        1,
        1,
        1,
        1,
        1,
        1,
        1,
        1,
        1,
        1,
        1,
        1,
        1,
        1,
        1,
        1,
        1,
        1,
        1,
        1,
        1,
        1,
        1,
        1,
        1,
        1,
        1,
        1,
        1,
        1,
        1,
        1,
        1,
        1,
        1,
        1,
        1,
        1,
        1,
        1,
        0,
        1,
        1,
        1,
        1,
        1,
        1,
        1,
        1,
        1,
        1,
        1,
        1,
        1,
        1,
        1,
        1,
        1,
        1,
        1,
        1,
        1,
        1,
        1,
        1,
        1,
        1,
        1,
        1,
        1,
        1,
        1,
        1,
        1,
        1,
        1,
        1,
        1,
        1,
        1,
        1,
        1,
        1,
        1,
        1,
        1
    ],
    "recent_collisions": [
        0,
        0,
        0,
        0,
        0,
        0,
        0,
        0,
        0,
        0,
        0,
        0,
        0,
        0,
        0,
        0,
        0,
        0,
        0,
        0,
        0,
        0,
        0,
        0,
        0,
        0,
        0,
        0,
        0,
        0,
        0,
        0,
        0,
        0,
        0,
        0,
        0,
        0,
        0,
        0,
        0,
        0,
        0,
        0,
        0,
        0,
        0,
        0,
        0,
        0,
        0,
        0,
        0,
        0,
        0,
        0,
        0,
        0,
        0,
        0,
        0,
        0,
        0,
        0,
        0,
        0,
        0,
        0,
        0,
        0,
        0,
        0,
        0,
        0,
        0,
        0,
        0,
        0,
        0,
        0,
        0,
        0,
        0,
        0,
        0,
        0,
        0,
        0,
        0,
        0,
        0,
        0,
        0,
        0,
        0,
        0,
        0,
        0,
        0,
        0
    ],
    "recent_steps": [
        118,
        100,
        89,
        129,
        113,
        91,
        92,
        100,
        109,
        142,
        97,
        112,
        121,
        130,
        109,
        109,
        113,
        119,
        122,
        117,
        95,
        113,
        103,
        116,
        109,
        134,
        115,
        96,
        97,
        142,
        104,
        111,
        107,
        114,
        113,
        105,
        106,
        114,
        122,
        110,
        146,
        128,
        100,
        134,
        107,
        134,
        101,
        115,
        104,
        99,
        112,
        114,
        121,
        113,
        43,
        103,
        101,
        95,
        117,
        98,
        116,
        92,
        109,
        93,
        96,
        95,
        104,
        126,
        138,
        125,
        109,
        117,
        121,
        143,
        107,
        110,
        100,
        150,
        136,
        114,
        114,
        100,
        73,
        113,
        98,
        122,
        94,
        128,
        116,
        99,
        110,
        68,
        98,
        123,
        109,
        91,
        92,
        122,
        96,
        133
    ],
    "params": {
        "max_episodes": 3000,
        "max_steps": 500,
        "batch_size": 64,
        "learning_rate": 0.0001,
        "gamma": 0.99,
        "initial_epsilon": 1.0,
        "epsilon_decay": 0.995,
        "min_epsilon": 0.05,
        "memory_size": 100000,
        "target_update_freq": 5,
        "curriculum_stages": 4
    }
}