{
    "episode": 700,
    "best_reward": 1347.1095999626205,
    "best_success_rate": 1.0,
    "curriculum_level": 3,
    "recent_rewards": [
        812.0667871926046,
        855.1005969365333,
        810.9199996626638,
        825.1259199147835,
        844.6515872089269,
        796.9004428146982,
        857.2431865043307,
        800.5222591003392,
        790.8833480107764,
        848.4894031264231,
        819.4868129475921,
        803.8715399389436,
        807.8417888157562,
        848.6548684603633,
        807.3027726416572,
        788.7199495655107,
        843.457529991513,
        835.413320041343,
        792.1329826779713,
        812.7342531785802,
        854.4508153546356,
        768.5627177525947,
        768.1088475383281,
        841.882774615787,
        862.9614022508647,
        805.9034434752386,
        845.515399940503,
        829.6972604511143,
        789.0271727410084,
        777.1997265789028,
        848.3972728091703,
        865.9804453159111,
        883.1353529257688,
        753.2152512861799,
        815.1538964788144,
        804.7581359084381,
        774.6392034265954,
        869.8400032593391,
        839.1597801909938,
        839.6089400431225,
        803.4724221976492,
        794.5685229593013,
        807.5868322300948,
        832.4593745746846,
        825.8318125892529,
        782.3020640905961,
        844.2171921395676,
        794.1465433745316,
        849.044041928741,
        831.2329145009523,
        823.0667259749123,
        788.521173069427,
        817.1249737833033,
        826.6886362552735,
        848.3239277932885,
        812.7920439928516,
        775.4294636258223,
        831.9816700195383,
        837.725134044582,
        777.1255280823848,
        830.9923971544889,
        843.9238105278932,
        903.341093673078,
        817.3104098293709,
        846.8841494526154,
        813.5607759799752,
        816.5767329666066,
        815.2595877939318,
        785.3528457303133,
        816.9490436784375,
        821.7712649699553,
        783.4984868601031,
        753.515256003892,
        812.8111693024579,
        799.3577482956764,
        828.4909316375488,
        816.7614132751468,
        890.056864213967,
        889.4057191847514,
        828.7224534001945,
        776.2313676133939,
        791.5378838476887,
        808.2951283753329,
        777.7030228569686,
        807.4402522307771,
        772.1295644563002,
        715.5854685216526,
        826.1328771894532,
        774.0689515472606,
        849.2018055803704,
        817.7050935980524,
        831.6307600195961,
        798.9747689730189,
        807.8290187331218,
        818.5222254265766,
        813.3748937336467,
        771.6274414169984,
        816.7461050915547,
        803.9133929812739,
        808.2407168002977
    ],
    "recent_successes": [
        1,
        1,
        1,
        1,
        1,
        1,
        1,
        1,
        1,
        1,
        1,
        1,
        1,
        1,
        1,
        1,
        1,
        1,
        1,
        1,
        1,
        1,
        1,
        1,
        1,
        1,
        1,
        1,
        1,
        1,
        1,
        1,
        1,
        1,
        1,
        1,
        1,
        1,
        1,
        1,
        1,
        1,
        1,
        1,
        1,
        1,
        1,
        1,
        1,
        1,
        1,
        1,
        1,
        1,
        1,
        1,
        1,
        1,
        1,
        1,
        1,
        1,
        1,
        1,
        1,
        1,
        1,
        1,
        1,
        1,
        1,
        1,
        1,
        1,
        1,
        1,
        1,
        1,
        1,
        1,
        1,
        1,
        1,
        1,
        1,
        1,
        1,
        1,
        1,
        1,
        1,
        1,
        1,
        1,
        1,
        1,
        1,
        1,
        1,
        1
    ],
    "recent_collisions": [
        0,
        0,
        0,
        0,
        0,
        0,
        0,
        0,
        0,
        0,
        0,
        0,
        0,
        0,
        0,
        0,
        0,
        0,
        0,
        0,
        0,
        0,
        0,
        0,
        0,
        0,
        0,
        0,
        0,
        0,
        0,
        0,
        0,
        0,
        0,
        0,
        0,
        0,
        0,
        0,
        0,
        0,
        0,
        0,
        0,
        0,
        0,
        0,
        0,
        0,
        0,
        0,
        0,
        0,
        0,
        0,
        0,
        0,
        0,
        0,
        0,
        0,
        0,
        0,
        0,
        0,
        0,
        0,
        0,
        0,
        0,
        0,
        0,
        0,
        0,
        0,
        0,
        0,
        0,
        0,
        0,
        0,
        0,
        0,
        0,
        0,
        0,
        0,
        0,
        0,
        0,
        0,
        0,
        0,
        0,
        0,
        0,
        0,
        0,
        0
    ],
    "recent_steps": [
        129,
        138,
        130,
        141,
        141,
        128,
        153,
        130,
        128,
        136,
        139,
        140,
        126,
        142,
        128,
        144,
        150,
        142,
        127,
        131,
        148,
        133,
        133,
        140,
        152,
        133,
        143,
        150,
        132,
        133,
        138,
        143,
        146,
        127,
        135,
        134,
        120,
        143,
        144,
        143,
        131,
        143,
        135,
        138,
        148,
        135,
        149,
        140,
        144,
        136,
        130,
        135,
        134,
        137,
        139,
        135,
        128,
        130,
        144,
        131,
        143,
        151,
        159,
        136,
        159,
        140,
        134,
        124,
        127,
        141,
        131,
        115,
        122,
        136,
        128,
        142,
        127,
        151,
        148,
        138,
        121,
        129,
        126,
        126,
        126,
        118,
        97,
        128,
        111,
        140,
        130,
        140,
        127,
        130,
        133,
        132,
        113,
        137,
        121,
        133
    ],
    "params": {
        "max_episodes": 3000,
        "max_steps": 500,
        "batch_size": 64,
        "learning_rate": 0.0001,
        "gamma": 0.99,
        "initial_epsilon": 1.0,
        "epsilon_decay": 0.995,
        "min_epsilon": 0.05,
        "memory_size": 100000,
        "target_update_freq": 5,
        "curriculum_stages": 4
    }
}