{
    "episode": 200,
    "best_reward": 1347.1095999626205,
    "best_success_rate": 1.0,
    "curriculum_level": 3,
    "recent_rewards": [
        1347.1095999626205,
        718.0326178544535,
        575.9801098182231,
        516.2059248629183,
        438.86096070996916,
        608.5469972786768,
        1122.4121752724418,
        516.3384991330745,
        740.174063232568,
        824.3535212814286,
        880.7494307672606,
        944.5960300446657,
        537.8489365820092,
        229.620545617615,
        974.194561668882,
        950.3933452085139,
        90.40038311926804,
        879.5638193957379,
        869.4224332588642,
        744.6964169355556,
        175.81061145760498,
        156.46093810283656,
        838.2052766776404,
        152.5677158725269,
        866.7082560354501,
        852.9573122693029,
        129.5929626419968,
        138.7439551367151,
        647.7991490820218,
        131.06284397671772,
        120.59004363044852,
        688.6932666551135,
        67.91389561963345,
        141.06785731777313,
        107.54721356951774,
        166.57448382558835,
        77.21062842118113,
        46.40688717901321,
        53.635246220175134,
        105.2012483065117,
        798.2362980828686,
        686.6877501728432,
        722.735835909936,
        781.2890538381903,
        61.59659959946313,
        95.26617045166208,
        872.8922503554044,
        139.98577618032726,
        -0.528505647868144,
        830.1867629838987,
        863.3297061095867
    ],
    "recent_successes": [
        1,
        1,
        1,
        1,
        1,
        1,
        1,
        1,
        1,
        1,
        1,
        1,
        1,
        1,
        1,
        1,
        1,
        1,
        1,
        1,
        1,
        1,
        1,
        1,
        1,
        1,
        1,
        1,
        1,
        1,
        1,
        1,
        1,
        1,
        1,
        1,
        1,
        0,
        1,
        1,
        1,
        1,
        1,
        1,
        1,
        1,
        1,
        1,
        0,
        1,
        1
    ],
    "recent_collisions": [
        0,
        0,
        0,
        0,
        0,
        0,
        0,
        0,
        0,
        0,
        0,
        0,
        0,
        0,
        0,
        0,
        0,
        0,
        0,
        0,
        0,
        0,
        0,
        0,
        0,
        0,
        0,
        0,
        0,
        0,
        0,
        0,
        0,
        0,
        0,
        0,
        0,
        0,
        0,
        0,
        0,
        0,
        0,
        0,
        0,
        0,
        0,
        0,
        0,
        0,
        0
    ],
    "recent_steps": [
        487,
        250,
        255,
        251,
        201,
        192,
        246,
        238,
        259,
        255,
        261,
        177,
        225,
        112,
        198,
        189,
        68,
        160,
        277,
        221,
        91,
        88,
        150,
        83,
        149,
        161,
        83,
        83,
        201,
        77,
        78,
        238,
        67,
        86,
        76,
        92,
        69,
        56,
        68,
        71,
        231,
        164,
        173,
        119,
        59,
        75,
        155,
        83,
        36,
        147,
        148
    ],
    "params": {
        "max_episodes": 3000,
        "max_steps": 500,
        "batch_size": 64,
        "learning_rate": 0.0001,
        "gamma": 0.99,
        "initial_epsilon": 1.0,
        "epsilon_decay": 0.995,
        "min_epsilon": 0.05,
        "memory_size": 100000,
        "target_update_freq": 5,
        "curriculum_stages": 4
    }
}