{
    "episode": 1400,
    "best_reward": 2901.3964671942,
    "best_success_rate": 1.0,
    "curriculum_level": 3,
    "recent_rewards": [
        684.6240557651234,
        710.3147216532448,
        693.7443788876617,
        759.056416172908,
        724.566794558558,
        648.2925435178022,
        666.6385692496744,
        671.7683880551436,
        676.1820324821704,
        671.5018413516491,
        724.3733300143635,
        675.7401168120094,
        669.4600927003617,
        750.3627330988234,
        645.9536609892311,
        688.3743993307534,
        652.1750795017047,
        618.095168593987,
        682.0570379294738,
        709.0575002794354,
        3.6995399973862675,
        681.7597472890606,
        660.9982892320223,
        668.815417550376,
        726.9173845154603,
        690.9353463669374,
        795.111590114142,
        681.6003072210457,
        719.6759141432021,
        47.66694098173542,
        43.275364587982835,
        722.9261687821489,
        764.2062656060712,
        725.6678932022832,
        563.1715078053954,
        698.314544833453,
        705.7957221968588,
        730.4006196553202,
        77.64078983541492,
        832.5647626329586,
        684.3805949519964,
        681.5646210654734,
        734.1017071403979,
        675.2090025873541,
        646.0496218820412,
        714.9228915100765,
        660.1487586659691,
        664.2934374612057,
        77.85312892273211,
        757.9403892991803,
        718.5830376599874,
        82.7602161253279,
        39.02727724515674,
        667.7229994721602,
        680.6776036375907,
        676.609114716876,
        16.810973950166016,
        687.7682024740955,
        696.7702272026218,
        736.5420154508514,
        682.4276275119455,
        102.51720323698683,
        36.47026331634646,
        686.1657161670817,
        665.286014187971,
        665.7903108365929,
        718.7612439319407,
        693.1717593359328,
        702.9817025706592,
        808.8739327214028,
        78.15489292615234,
        90.58957075105252,
        681.7932811045861,
        667.0526392335801,
        655.515159616736,
        98.86921408138349,
        652.0374063146891,
        53.90994341033357,
        90.72759458344012,
        725.7204020545078,
        38.87674605243603,
        754.5008246776913,
        721.0278873639325,
        711.897357829383,
        23.201361779188346,
        695.4608980266453,
        91.1677194439902,
        72.69026325315753,
        71.73421914981162,
        98.67881822933285,
        666.7218725821729,
        686.8193735111172,
        654.6474672825186,
        97.56251108393667,
        767.9035214924339,
        659.3029819873682,
        41.737548333484824,
        37.975977698192224,
        660.6940501850657,
        675.9382319749163
    ],
    "recent_successes": [
        1,
        1,
        1,
        1,
        1,
        1,
        1,
        1,
        1,
        1,
        1,
        1,
        1,
        1,
        1,
        1,
        1,
        1,
        1,
        1,
        0,
        1,
        1,
        1,
        1,
        1,
        1,
        1,
        1,
        0,
        0,
        1,
        1,
        1,
        1,
        1,
        1,
        1,
        1,
        1,
        1,
        1,
        1,
        1,
        1,
        1,
        1,
        1,
        1,
        1,
        1,
        1,
        0,
        1,
        1,
        1,
        0,
        1,
        1,
        1,
        1,
        1,
        0,
        1,
        1,
        1,
        1,
        1,
        1,
        1,
        1,
        1,
        1,
        1,
        1,
        1,
        1,
        1,
        1,
        1,
        0,
        1,
        1,
        1,
        0,
        1,
        1,
        1,
        1,
        1,
        1,
        1,
        1,
        1,
        1,
        1,
        0,
        0,
        1,
        1
    ],
    "recent_collisions": [
        0,
        0,
        0,
        0,
        0,
        0,
        0,
        0,
        0,
        0,
        0,
        0,
        0,
        0,
        0,
        0,
        0,
        0,
        0,
        0,
        0,
        0,
        0,
        0,
        0,
        0,
        0,
        0,
        0,
        0,
        0,
        0,
        0,
        0,
        0,
        0,
        0,
        0,
        0,
        0,
        0,
        0,
        0,
        0,
        0,
        0,
        0,
        0,
        0,
        0,
        0,
        0,
        0,
        0,
        0,
        0,
        0,
        0,
        0,
        0,
        0,
        0,
        0,
        0,
        0,
        0,
        0,
        0,
        0,
        0,
        0,
        0,
        0,
        0,
        0,
        0,
        0,
        0,
        0,
        0,
        0,
        0,
        0,
        0,
        0,
        0,
        0,
        0,
        0,
        0,
        0,
        0,
        0,
        0,
        0,
        0,
        0,
        0,
        0,
        0
    ],
    "recent_steps": [
        104,
        111,
        108,
        124,
        131,
        98,
        119,
        96,
        106,
        110,
        132,
        99,
        121,
        124,
        92,
        109,
        106,
        112,
        112,
        114,
        44,
        104,
        98,
        109,
        117,
        115,
        151,
        112,
        128,
        59,
        57,
        140,
        130,
        115,
        169,
        129,
        120,
        123,
        63,
        199,
        101,
        98,
        119,
        103,
        93,
        109,
        117,
        105,
        70,
        141,
        123,
        65,
        59,
        108,
        125,
        116,
        49,
        108,
        111,
        127,
        119,
        73,
        53,
        100,
        98,
        100,
        109,
        108,
        106,
        225,
        66,
        73,
        100,
        105,
        113,
        72,
        97,
        59,
        91,
        110,
        53,
        132,
        110,
        127,
        51,
        115,
        72,
        74,
        72,
        71,
        104,
        104,
        100,
        69,
        144,
        103,
        56,
        52,
        99,
        113
    ],
    "params": {
        "max_episodes": 3000,
        "max_steps": 500,
        "batch_size": 64,
        "learning_rate": 0.0001,
        "gamma": 0.99,
        "initial_epsilon": 1.0,
        "epsilon_decay": 0.995,
        "min_epsilon": 0.05,
        "memory_size": 100000,
        "target_update_freq": 5,
        "curriculum_stages": 4
    }
}