{
    "episode": 500,
    "best_reward": 2267.9197029591937,
    "best_success_rate": 1.0,
    "curriculum_level": 3,
    "recent_rewards": [
        777.4943856580362,
        800.0082199898739,
        106.02851657726757,
        66.66255547725706,
        674.3935030844956,
        689.3063212480322,
        713.208152460289,
        100.2986640066508,
        70.9874065920826,
        685.7571855775217,
        858.1080220692295,
        780.3251188543853,
        727.4616488875474,
        751.2396968267068,
        155.06541663589326,
        438.8787152545457,
        687.8570004933838,
        669.1914353029749,
        1041.3858472275713,
        768.2112562229942,
        724.6779772572108,
        726.4773010258587,
        693.8825328142196,
        785.1517353777642,
        643.8011782088302,
        835.4790277064071,
        698.7796824175346,
        723.2848491211453,
        82.79470558847339,
        696.5746531873948,
        624.8230066654664,
        738.3892767502994,
        711.5252054864992,
        750.5700263333076,
        720.9959444869419,
        830.387822324267,
        757.915784000535,
        661.031068768825,
        644.080390070799,
        841.5242792227655,
        95.19672535287555,
        680.0369119752295,
        834.0972130706941,
        651.0189926285798,
        706.3843332914299,
        660.3380983035358,
        728.6796609557532,
        715.4495717394141,
        726.6134429619808,
        717.4638764445419,
        952.9936684999541,
        939.6801814865164,
        678.0488955479512,
        683.6542324861178,
        704.8106607694239,
        821.2633043953622,
        695.383638662751,
        672.529162835748,
        778.717518120087,
        920.5488596641551,
        788.4458513400543,
        961.7163772889767,
        863.424835686332,
        668.0193158240008,
        655.3340835424585,
        776.7127582547466,
        994.8671196205029,
        686.9466602123107,
        712.3086497787607,
        663.2481282985286,
        739.2944863077552,
        1273.7930380409332,
        702.402587249229,
        664.8628393870281,
        627.0343590660939,
        634.6795571243356,
        675.4559617959085,
        746.9162777299283,
        1182.2666505416669,
        691.2568830196603,
        915.7750262313979,
        629.5399374858686,
        907.5175392618049,
        668.8524042763821,
        731.1919802877867,
        1318.0366409298922,
        659.4520902181646,
        915.749651622062,
        795.6483183065237,
        661.2361206751445,
        713.5297167263768,
        719.8548460173054,
        681.3567997619757,
        684.5513013745266,
        726.5225763536363,
        1029.7856344769023,
        712.4611257727709,
        855.5407995639977,
        794.3136257615133,
        682.8890561370797
    ],
    "recent_successes": [
        1,
        1,
        1,
        1,
        1,
        1,
        1,
        1,
        1,
        1,
        1,
        1,
        1,
        1,
        1,
        1,
        1,
        1,
        1,
        1,
        1,
        1,
        1,
        1,
        1,
        1,
        1,
        1,
        1,
        1,
        1,
        1,
        1,
        1,
        1,
        1,
        1,
        1,
        1,
        1,
        1,
        1,
        1,
        1,
        1,
        1,
        1,
        1,
        1,
        1,
        1,
        1,
        1,
        1,
        1,
        1,
        1,
        1,
        1,
        1,
        1,
        1,
        1,
        1,
        1,
        1,
        1,
        1,
        1,
        1,
        1,
        1,
        1,
        1,
        1,
        1,
        1,
        1,
        1,
        1,
        1,
        1,
        1,
        1,
        1,
        1,
        1,
        1,
        1,
        1,
        1,
        1,
        1,
        1,
        1,
        1,
        1,
        1,
        1,
        1
    ],
    "recent_collisions": [
        0,
        0,
        0,
        0,
        0,
        0,
        0,
        0,
        0,
        0,
        0,
        0,
        0,
        0,
        0,
        0,
        0,
        0,
        0,
        0,
        0,
        0,
        0,
        0,
        0,
        0,
        0,
        0,
        0,
        0,
        0,
        0,
        0,
        0,
        0,
        0,
        0,
        0,
        0,
        0,
        0,
        0,
        0,
        0,
        0,
        0,
        0,
        0,
        0,
        0,
        0,
        0,
        0,
        0,
        0,
        0,
        0,
        0,
        0,
        0,
        0,
        0,
        0,
        0,
        0,
        0,
        0,
        0,
        0,
        0,
        0,
        0,
        0,
        0,
        0,
        0,
        0,
        0,
        0,
        0,
        0,
        0,
        0,
        0,
        0,
        0,
        0,
        0,
        0,
        0,
        0,
        0,
        0,
        0,
        0,
        0,
        0,
        0,
        0,
        0
    ],
    "recent_steps": [
        135,
        170,
        75,
        63,
        150,
        177,
        117,
        71,
        68,
        109,
        172,
        158,
        134,
        124,
        89,
        131,
        121,
        109,
        176,
        137,
        122,
        129,
        116,
        161,
        95,
        166,
        110,
        118,
        83,
        107,
        96,
        124,
        114,
        127,
        122,
        146,
        148,
        105,
        102,
        146,
        67,
        113,
        160,
        143,
        120,
        105,
        122,
        114,
        147,
        118,
        154,
        160,
        104,
        111,
        115,
        187,
        104,
        109,
        139,
        156,
        135,
        228,
        231,
        100,
        99,
        129,
        206,
        109,
        131,
        103,
        115,
        348,
        120,
        104,
        97,
        93,
        102,
        120,
        264,
        104,
        203,
        96,
        234,
        96,
        153,
        149,
        101,
        138,
        155,
        109,
        112,
        123,
        101,
        159,
        122,
        191,
        110,
        174,
        157,
        102
    ],
    "params": {
        "max_episodes": 3000,
        "max_steps": 500,
        "batch_size": 64,
        "learning_rate": 0.0001,
        "gamma": 0.99,
        "initial_epsilon": 1.0,
        "epsilon_decay": 0.995,
        "min_epsilon": 0.05,
        "memory_size": 100000,
        "target_update_freq": 5,
        "curriculum_stages": 4
    }
}