{
    "episode": 300,
    "best_reward": 2267.9197029591937,
    "best_success_rate": 1.0,
    "curriculum_level": 3,
    "recent_rewards": [
        422.32501804963573,
        590.5657954428508,
        133.6020101901466,
        898.5355186456029,
        663.7541382877971,
        948.3862210017646,
        753.2786986012909,
        222.65102729436973,
        730.5895619351148,
        1436.6753784018417,
        793.5823921286303,
        825.0418424800479,
        838.0286525922602,
        113.22914776262036,
        763.6132354361239,
        146.20844214869976,
        863.8588214053,
        1049.01016083553,
        1178.333749527338,
        1084.2567711128577,
        994.28891973191,
        886.653388577425,
        1342.0995010798163,
        177.40069421572355,
        747.228202269645,
        1095.4411500267163,
        991.6015608842017,
        989.4048242441188,
        1047.5229989974102,
        1087.155176115411,
        212.64488899884145,
        1027.2672483786484,
        1087.8990769563638,
        147.83991591245763,
        245.42927871666768,
        1228.5934704829206,
        1155.1738226855575,
        496.1071373939693,
        1239.8989027445264,
        967.7507605874296,
        171.27177621981753,
        89.20215971165658,
        977.6177114152919,
        595.3486687045356,
        505.946631514501,
        1041.8830030466002,
        990.3762661405999,
        704.3426471051101,
        154.25439090203537,
        105.79570364170672,
        1258.5670649192193,
        372.9997507550532,
        391.8974495707388,
        438.39783208551006,
        33.77130263716441,
        713.6877354982374,
        600.7074451501211,
        737.3715926480224,
        176.79927310197849,
        767.8437690381209,
        721.985351838737,
        506.591706169674,
        81.36285350600986,
        221.2111025891444,
        712.083440785869,
        191.98324060511447,
        167.91239811196408,
        692.7631588680534,
        146.22506891518822,
        746.8183742139158,
        212.32463741125088,
        607.1026869278467,
        601.4150733220589,
        370.92000723685777,
        164.55936118752572,
        236.73600024806893,
        173.96926399037835,
        751.0178111012417,
        170.03751266463445,
        168.75269084519243,
        188.9981621504699,
        126.52129125809284,
        109.52085246458972,
        167.90131496189963,
        467.3343185376833,
        773.9972480250935,
        836.0014932834536,
        94.79749599088916,
        758.1268952120771,
        619.4757550702784,
        522.6346011454275,
        186.6379320025763,
        89.30733551292272,
        123.66335788222909,
        791.4955028399061,
        117.43024437728553,
        859.3628211505855,
        740.2149454739526,
        131.86540474586215,
        168.5598532362336
    ],
    "recent_successes": [
        1,
        1,
        1,
        1,
        1,
        1,
        1,
        1,
        1,
        1,
        1,
        1,
        1,
        1,
        1,
        1,
        1,
        1,
        1,
        1,
        1,
        1,
        1,
        1,
        1,
        1,
        1,
        1,
        1,
        1,
        1,
        1,
        1,
        1,
        1,
        1,
        1,
        1,
        1,
        1,
        1,
        1,
        1,
        1,
        1,
        1,
        1,
        1,
        1,
        1,
        1,
        1,
        1,
        1,
        0,
        1,
        1,
        1,
        1,
        1,
        1,
        1,
        1,
        1,
        1,
        1,
        1,
        1,
        1,
        1,
        1,
        1,
        1,
        1,
        1,
        1,
        1,
        1,
        1,
        1,
        1,
        1,
        1,
        1,
        1,
        1,
        1,
        1,
        1,
        1,
        1,
        1,
        1,
        1,
        1,
        1,
        1,
        1,
        1,
        1
    ],
    "recent_collisions": [
        0,
        0,
        0,
        0,
        0,
        0,
        0,
        0,
        0,
        0,
        0,
        0,
        0,
        0,
        0,
        0,
        0,
        0,
        0,
        0,
        0,
        0,
        0,
        0,
        0,
        0,
        0,
        0,
        0,
        0,
        0,
        0,
        0,
        0,
        0,
        0,
        0,
        0,
        0,
        0,
        0,
        0,
        0,
        0,
        0,
        0,
        0,
        0,
        0,
        0,
        0,
        0,
        0,
        0,
        0,
        0,
        0,
        0,
        0,
        0,
        0,
        0,
        0,
        0,
        0,
        0,
        0,
        0,
        0,
        0,
        0,
        0,
        0,
        0,
        0,
        0,
        0,
        0,
        0,
        0,
        0,
        0,
        0,
        0,
        0,
        0,
        0,
        0,
        0,
        0,
        0,
        0,
        0,
        0,
        0,
        0,
        0,
        0,
        0,
        0
    ],
    "recent_steps": [
        176,
        221,
        80,
        225,
        116,
        215,
        137,
        105,
        140,
        232,
        140,
        175,
        189,
        77,
        148,
        99,
        184,
        293,
        346,
        346,
        282,
        311,
        387,
        102,
        128,
        388,
        349,
        249,
        288,
        327,
        107,
        328,
        312,
        85,
        120,
        336,
        325,
        200,
        405,
        339,
        99,
        64,
        245,
        214,
        222,
        357,
        447,
        172,
        97,
        74,
        341,
        165,
        144,
        231,
        51,
        114,
        183,
        125,
        102,
        137,
        118,
        188,
        68,
        107,
        176,
        115,
        94,
        224,
        92,
        161,
        113,
        201,
        236,
        148,
        97,
        116,
        105,
        135,
        96,
        103,
        107,
        84,
        78,
        97,
        156,
        160,
        177,
        67,
        144,
        174,
        145,
        100,
        73,
        82,
        150,
        74,
        173,
        147,
        91,
        102
    ],
    "params": {
        "max_episodes": 3000,
        "max_steps": 500,
        "batch_size": 64,
        "learning_rate": 0.0001,
        "gamma": 0.99,
        "initial_epsilon": 1.0,
        "epsilon_decay": 0.995,
        "min_epsilon": 0.05,
        "memory_size": 100000,
        "target_update_freq": 5,
        "curriculum_stages": 4
    }
}