{
    "episode": 900,
    "best_reward": 2901.3964671942,
    "best_success_rate": 1.0,
    "curriculum_level": 3,
    "recent_rewards": [
        683.7849596925114,
        721.280501492328,
        662.908626331377,
        644.0526161590092,
        647.2586102195194,
        643.4506206131737,
        642.2062397512186,
        81.3554784213776,
        670.8648144779471,
        625.0340406620463,
        662.7563387219093,
        666.3605887207767,
        627.6228202512351,
        655.8297661560155,
        678.9585942835005,
        764.7707030537995,
        701.3004493085348,
        655.8074905710964,
        673.769048233271,
        676.1577054844295,
        625.2417111738403,
        676.8630506944735,
        687.7198034285445,
        677.2360291762631,
        682.3261652154829,
        672.0738510744274,
        665.7006552462436,
        627.5425145198009,
        682.6159445773438,
        677.9047662521153,
        692.0109697345947,
        660.0525142480641,
        732.6427610902343,
        724.1914563836551,
        659.4921430539089,
        688.3113355366444,
        45.03218429460895,
        634.955576197408,
        678.8482473590473,
        699.9162280551141,
        638.2495882346267,
        679.2489829628496,
        650.204362135558,
        654.4261937437501,
        697.2482205289099,
        691.1343678372887,
        689.2766731909974,
        685.488038219328,
        669.0299951585547,
        749.3011284656504,
        699.7038673238214,
        744.6515434122954,
        694.5231356323583,
        637.7859582735144,
        674.4085566149025,
        730.8188969667158,
        630.0917098277091,
        746.7177608995883,
        665.5740652163295,
        705.9750550473269,
        663.081183225926,
        730.6423114801507,
        612.724583447681,
        657.2831156091985,
        663.5230280610738,
        674.5036550064833,
        637.2209705164647,
        647.1672615993177,
        665.0397310320816,
        19.056417141299306,
        666.0572820149091,
        645.6409590502749,
        72.65311104300693,
        644.1773649647737,
        651.3476308024811,
        654.7512825978067,
        675.0179004825333,
        688.3609898105248,
        658.3688156239673,
        634.1142739426981,
        638.9347603555676,
        704.4980446703878,
        640.9379157789475,
        672.2755459011981,
        694.5961725063781,
        680.054308295759,
        643.4647912840842,
        667.1435359373384,
        724.5131500350906,
        692.0145387764496,
        713.2380083745647,
        675.51365553322,
        674.2940099424447,
        53.4504997017838,
        679.2008147682284,
        43.27014209879155,
        699.4060818721675,
        650.7671899256095,
        692.1533681822369,
        651.4175225727307
    ],
    "recent_successes": [
        1,
        1,
        1,
        1,
        1,
        1,
        1,
        1,
        1,
        1,
        1,
        1,
        1,
        1,
        1,
        1,
        1,
        1,
        1,
        1,
        1,
        1,
        1,
        1,
        1,
        1,
        1,
        1,
        1,
        1,
        1,
        1,
        1,
        1,
        1,
        1,
        0,
        1,
        1,
        1,
        1,
        1,
        1,
        1,
        1,
        1,
        1,
        1,
        1,
        1,
        1,
        1,
        1,
        1,
        1,
        1,
        1,
        1,
        1,
        1,
        1,
        1,
        1,
        1,
        1,
        1,
        1,
        1,
        1,
        0,
        1,
        1,
        1,
        1,
        1,
        1,
        1,
        1,
        1,
        1,
        1,
        1,
        1,
        1,
        1,
        1,
        1,
        1,
        1,
        1,
        1,
        1,
        1,
        1,
        1,
        0,
        1,
        1,
        1,
        1
    ],
    "recent_collisions": [
        0,
        0,
        0,
        0,
        0,
        0,
        0,
        0,
        0,
        0,
        0,
        0,
        0,
        0,
        0,
        0,
        0,
        0,
        0,
        0,
        0,
        0,
        0,
        0,
        0,
        0,
        0,
        0,
        0,
        0,
        0,
        0,
        0,
        0,
        0,
        0,
        0,
        0,
        0,
        0,
        0,
        0,
        0,
        0,
        0,
        0,
        0,
        0,
        0,
        0,
        0,
        0,
        0,
        0,
        0,
        0,
        0,
        0,
        0,
        0,
        0,
        0,
        0,
        0,
        0,
        0,
        0,
        0,
        0,
        0,
        0,
        0,
        0,
        0,
        0,
        0,
        0,
        0,
        0,
        0,
        0,
        0,
        0,
        0,
        0,
        0,
        0,
        0,
        0,
        0,
        0,
        0,
        0,
        0,
        0,
        0,
        0,
        0,
        0,
        0
    ],
    "recent_steps": [
        102,
        149,
        102,
        104,
        103,
        96,
        95,
        73,
        116,
        106,
        89,
        114,
        96,
        97,
        106,
        168,
        105,
        101,
        100,
        113,
        107,
        103,
        108,
        107,
        106,
        106,
        105,
        92,
        114,
        118,
        112,
        108,
        128,
        115,
        108,
        127,
        59,
        94,
        107,
        122,
        100,
        117,
        101,
        103,
        100,
        118,
        113,
        102,
        106,
        151,
        111,
        121,
        123,
        124,
        110,
        122,
        101,
        119,
        107,
        112,
        110,
        150,
        93,
        96,
        104,
        109,
        103,
        94,
        115,
        66,
        107,
        98,
        67,
        98,
        95,
        98,
        107,
        120,
        106,
        94,
        103,
        156,
        95,
        107,
        107,
        106,
        102,
        102,
        126,
        112,
        124,
        115,
        117,
        72,
        115,
        66,
        122,
        116,
        107,
        106
    ],
    "params": {
        "max_episodes": 3000,
        "max_steps": 500,
        "batch_size": 64,
        "learning_rate": 0.0001,
        "gamma": 0.99,
        "initial_epsilon": 1.0,
        "epsilon_decay": 0.995,
        "min_epsilon": 0.05,
        "memory_size": 100000,
        "target_update_freq": 5,
        "curriculum_stages": 4
    }
}