{
    "episode": 1800,
    "best_reward": 2901.3964671942,
    "best_success_rate": 1.0,
    "curriculum_level": 3,
    "recent_rewards": [
        834.507851869923,
        729.4423260241736,
        867.3185706758505,
        767.3420576629283,
        947.5745249381323,
        794.874602752551,
        761.3346212194589,
        736.8089278987309,
        826.5882961953814,
        888.7326554056267,
        838.5775875646731,
        806.1587391214911,
        780.6120153441193,
        935.1161311554873,
        836.9119559751654,
        829.7246988977163,
        822.9035936248227,
        865.1684941412946,
        832.5355242990879,
        864.9324533319891,
        778.1948632346301,
        861.7584384180483,
        855.6092392883561,
        883.6982125819378,
        769.9618172176156,
        867.0092464662779,
        817.2718399614045,
        846.5568174531037,
        841.5854123670015,
        794.636491698253,
        869.01113705429,
        845.3087595064007,
        915.915564979824,
        833.0752138991849,
        786.5087201635573,
        811.5379989033137,
        869.5773246231605,
        760.5803458372525,
        760.8651755762197,
        816.8771803460704,
        791.7930122899481,
        857.8933565622372,
        805.9866289497918,
        723.3534742932106,
        820.521163692777,
        739.6583303314345,
        753.2162804788162,
        760.7134907662312,
        735.5725429604302,
        779.2473739557055,
        725.7679290037672,
        798.9828564213552,
        740.553755131203,
        879.3144089024726,
        821.2155885270602,
        852.7147218939092,
        784.4990870027345,
        794.6358672748345,
        790.4783971150039,
        801.7308702908983,
        810.0116275756202,
        810.4108684469946,
        844.5377210893081,
        790.5523530918454,
        806.3928985767543,
        811.984897126513,
        816.7500921274988,
        826.9913086238225,
        800.3878243461083,
        829.0843508945073,
        915.2164087749364,
        821.3852407640768,
        813.3416046114255,
        768.519780319088,
        779.689598864377,
        885.445878546033,
        821.6699328676564,
        839.8340857200038,
        788.1069313450377,
        907.6463863999352,
        878.627759532935,
        855.8716380551277,
        861.1271031502781,
        899.0046417861579,
        906.8866381697254,
        853.4866110427395,
        842.5019877704574,
        873.5071331896017,
        875.4521578543062,
        865.7882819655214,
        791.8178521636687,
        792.1580937568791,
        834.9470191243073,
        783.779288024678,
        793.9869650361941,
        824.3944188076423,
        838.202298058216,
        807.7488901196691,
        752.1772638604562,
        751.3785083614134
    ],
    "recent_successes": [
        1,
        1,
        1,
        1,
        1,
        1,
        1,
        1,
        1,
        1,
        1,
        1,
        1,
        1,
        1,
        1,
        1,
        1,
        1,
        1,
        1,
        1,
        1,
        1,
        1,
        1,
        1,
        1,
        1,
        1,
        1,
        1,
        1,
        1,
        1,
        1,
        1,
        1,
        1,
        1,
        1,
        1,
        1,
        1,
        1,
        1,
        1,
        1,
        1,
        1,
        1,
        1,
        1,
        1,
        1,
        1,
        1,
        1,
        1,
        1,
        1,
        1,
        1,
        1,
        1,
        1,
        1,
        1,
        1,
        1,
        1,
        1,
        1,
        1,
        1,
        1,
        1,
        1,
        1,
        1,
        1,
        1,
        1,
        1,
        1,
        1,
        1,
        1,
        1,
        1,
        1,
        1,
        1,
        1,
        1,
        1,
        1,
        1,
        1,
        1
    ],
    "recent_collisions": [
        0,
        0,
        0,
        0,
        0,
        0,
        0,
        0,
        0,
        0,
        0,
        0,
        0,
        0,
        0,
        0,
        0,
        0,
        0,
        0,
        0,
        0,
        0,
        0,
        0,
        0,
        0,
        0,
        0,
        0,
        0,
        0,
        0,
        0,
        0,
        0,
        0,
        0,
        0,
        0,
        0,
        0,
        0,
        0,
        0,
        0,
        0,
        0,
        0,
        0,
        0,
        0,
        0,
        0,
        0,
        0,
        0,
        0,
        0,
        0,
        0,
        0,
        0,
        0,
        0,
        0,
        0,
        0,
        0,
        0,
        0,
        0,
        0,
        0,
        0,
        0,
        0,
        0,
        0,
        0,
        0,
        0,
        0,
        0,
        0,
        0,
        0,
        0,
        0,
        0,
        0,
        0,
        0,
        0,
        0,
        0,
        0,
        0,
        0,
        0
    ],
    "recent_steps": [
        219,
        124,
        152,
        138,
        255,
        133,
        126,
        113,
        139,
        163,
        145,
        130,
        133,
        172,
        141,
        145,
        149,
        154,
        141,
        152,
        139,
        153,
        151,
        159,
        126,
        149,
        141,
        144,
        151,
        132,
        155,
        145,
        187,
        145,
        131,
        146,
        155,
        124,
        123,
        140,
        142,
        148,
        145,
        114,
        140,
        126,
        122,
        125,
        119,
        128,
        120,
        137,
        131,
        162,
        141,
        150,
        125,
        132,
        131,
        142,
        136,
        146,
        149,
        130,
        143,
        134,
        138,
        152,
        127,
        143,
        165,
        144,
        144,
        128,
        126,
        156,
        148,
        139,
        133,
        168,
        152,
        148,
        152,
        166,
        166,
        156,
        147,
        153,
        158,
        156,
        132,
        138,
        139,
        134,
        132,
        140,
        143,
        144,
        126,
        123
    ],
    "params": {
        "max_episodes": 3000,
        "max_steps": 500,
        "batch_size": 64,
        "learning_rate": 0.0001,
        "gamma": 0.99,
        "initial_epsilon": 1.0,
        "epsilon_decay": 0.995,
        "min_epsilon": 0.05,
        "memory_size": 100000,
        "target_update_freq": 5,
        "curriculum_stages": 4
    }
}