{
    "episode": 1100,
    "best_reward": 2901.3964671942,
    "best_success_rate": 1.0,
    "curriculum_level": 3,
    "recent_rewards": [
        684.5593825617075,
        694.846475065707,
        650.9660985184021,
        643.9284508094067,
        671.2640303171919,
        656.7829803658326,
        464.7063361733147,
        725.1598944971676,
        649.703164785348,
        708.4481766639753,
        -33.90212528643002,
        679.5657088972212,
        677.7431425764781,
        651.7151301897652,
        687.3686332621049,
        677.0400219406719,
        630.01299307119,
        656.9194993063803,
        667.9273530613589,
        655.7861999497286,
        650.3537464966945,
        702.0439816600953,
        678.6307458436838,
        672.0763948262265,
        681.0976737965068,
        678.3102956367649,
        604.0626800563668,
        652.4167997231324,
        656.5888226743272,
        742.7028102958641,
        671.7343274675402,
        635.5117098474249,
        686.1534134090947,
        635.8000070964913,
        636.7578421993028,
        673.076883585371,
        662.4286598445037,
        641.5363566057868,
        684.7879997928551,
        657.0136475110303,
        632.6873176179466,
        634.5320066047277,
        642.1613146737847,
        28.539540975999103,
        702.1637410801416,
        732.4561977943938,
        667.4804418581249,
        642.1526676081094,
        645.2926314612603,
        654.468763872816,
        688.0601184103333,
        688.3559158649496,
        698.7473346185295,
        688.979049209683,
        642.3800448188973,
        724.5644222012749,
        657.9421979500272,
        714.7679007159913,
        645.2145042011341,
        692.6553303872405,
        688.0503564546594,
        704.525344950775,
        690.1689358828357,
        671.3837593182967,
        670.6778973391092,
        632.6967132878892,
        657.7227139253763,
        729.7967822410835,
        634.7745397226606,
        711.2730954667651,
        687.6539377182426,
        22.632492767780604,
        702.5641664554521,
        616.9395774989546,
        670.2554704074722,
        704.124886571653,
        660.1504440419142,
        671.4906724593022,
        727.1725448895025,
        672.9433980668507,
        647.6596073290814,
        695.1849269322672,
        632.7463506837336,
        660.0144027260789,
        4.68051226418234,
        675.1623383189192,
        53.7379726501255,
        662.4900572290578,
        770.1333500313165,
        692.6936550510584,
        655.0366556440505,
        619.3834078302218,
        761.0568403926804,
        648.0284978104652,
        35.70251607396136,
        663.7557682499028,
        682.4953178582625,
        688.689999372405,
        639.2379183875668,
        696.9015577416104
    ],
    "recent_successes": [
        1,
        1,
        1,
        1,
        1,
        1,
        1,
        1,
        1,
        1,
        0,
        1,
        1,
        1,
        1,
        1,
        1,
        1,
        1,
        1,
        1,
        1,
        1,
        1,
        1,
        1,
        1,
        1,
        1,
        1,
        1,
        1,
        1,
        1,
        1,
        1,
        1,
        1,
        1,
        1,
        1,
        1,
        1,
        0,
        1,
        1,
        1,
        1,
        1,
        1,
        1,
        1,
        1,
        1,
        1,
        1,
        1,
        1,
        1,
        1,
        1,
        1,
        1,
        1,
        1,
        1,
        1,
        1,
        1,
        1,
        1,
        0,
        1,
        1,
        1,
        1,
        1,
        1,
        1,
        1,
        1,
        1,
        1,
        1,
        0,
        1,
        1,
        1,
        1,
        1,
        1,
        1,
        1,
        1,
        0,
        1,
        1,
        1,
        1,
        1
    ],
    "recent_collisions": [
        0,
        0,
        0,
        0,
        0,
        0,
        0,
        0,
        0,
        0,
        0,
        0,
        0,
        0,
        0,
        0,
        0,
        0,
        0,
        0,
        0,
        0,
        0,
        0,
        0,
        0,
        0,
        0,
        0,
        0,
        0,
        0,
        0,
        0,
        0,
        0,
        0,
        0,
        0,
        0,
        0,
        0,
        0,
        0,
        0,
        0,
        0,
        0,
        0,
        0,
        0,
        0,
        0,
        0,
        0,
        0,
        0,
        0,
        0,
        0,
        0,
        0,
        0,
        0,
        0,
        0,
        0,
        0,
        0,
        0,
        0,
        0,
        0,
        0,
        0,
        0,
        0,
        0,
        0,
        0,
        0,
        0,
        0,
        0,
        0,
        0,
        0,
        0,
        0,
        0,
        0,
        0,
        0,
        0,
        0,
        0,
        0,
        0,
        0,
        0
    ],
    "recent_steps": [
        118,
        117,
        103,
        96,
        107,
        107,
        201,
        119,
        100,
        113,
        77,
        124,
        112,
        95,
        123,
        107,
        104,
        114,
        108,
        102,
        108,
        149,
        108,
        105,
        107,
        106,
        101,
        97,
        107,
        133,
        109,
        105,
        109,
        99,
        95,
        100,
        107,
        100,
        119,
        101,
        102,
        110,
        105,
        50,
        121,
        111,
        104,
        100,
        102,
        95,
        115,
        106,
        117,
        116,
        93,
        133,
        111,
        115,
        99,
        113,
        124,
        126,
        124,
        117,
        106,
        98,
        116,
        134,
        108,
        125,
        115,
        52,
        133,
        102,
        111,
        124,
        124,
        117,
        132,
        110,
        122,
        113,
        104,
        122,
        50,
        117,
        71,
        110,
        145,
        112,
        108,
        95,
        143,
        102,
        53,
        104,
        103,
        122,
        95,
        104
    ],
    "params": {
        "max_episodes": 3000,
        "max_steps": 500,
        "batch_size": 64,
        "learning_rate": 0.0001,
        "gamma": 0.99,
        "initial_epsilon": 1.0,
        "epsilon_decay": 0.995,
        "min_epsilon": 0.05,
        "memory_size": 100000,
        "target_update_freq": 5,
        "curriculum_stages": 4
    }
}