{
    "episode": 700,
    "best_reward": 2901.3964671942,
    "best_success_rate": 1.0,
    "curriculum_level": 3,
    "recent_rewards": [
        710.9400305082833,
        690.0756428025633,
        668.180178234333,
        703.4429735128051,
        717.8394356049519,
        728.3080856875257,
        617.5797581160546,
        627.848795835991,
        39.40579453406801,
        45.30948194812072,
        664.0084130163052,
        678.1573606062947,
        754.1814613064493,
        647.0370190461971,
        863.0181090020933,
        665.315247088186,
        963.3382302249236,
        75.02425537024334,
        809.6454361699621,
        718.2809291969764,
        709.3606740937996,
        734.904077862059,
        705.0985782119378,
        827.4717248903135,
        623.7049828397234,
        731.9725969080185,
        684.8037557872377,
        739.0888495669466,
        643.9053775245009,
        721.506585316782,
        718.43593193004,
        682.0722431730186,
        722.3909935592594,
        680.91209165514,
        731.7965522527966,
        715.6832346442329,
        650.0653212705884,
        679.6723441294748,
        654.3882699493795,
        679.650991227089,
        618.6560602376371,
        705.1131762261984,
        799.9140239876592,
        611.2201188026874,
        661.9713429648316,
        640.5028426063188,
        675.223590597378,
        662.3035672210592,
        687.2960737464639,
        648.1588900076688,
        723.8291372134549,
        703.3855872621469,
        656.1900468547922,
        71.11745212851596,
        672.6871266130444,
        695.713420990742,
        847.4883183304024,
        800.1870403506327,
        672.3795296733111,
        766.4819091887568,
        671.8620803300242,
        666.3590819089513,
        728.7615928101748,
        651.5109602778715,
        675.7901223209848,
        717.7646369365773,
        654.5583160888538,
        919.2371192043897,
        679.2264109298683,
        714.8691839130189,
        720.7012738569384,
        714.7727775535875,
        667.5611642624606,
        696.7764157826443,
        209.03627397415457,
        69.02108216555663,
        659.0161317217951,
        728.9885888251105,
        687.9651064527504,
        725.3018742958432,
        655.3874604003927,
        660.3527436546383,
        684.3051460906954,
        934.6753276146287,
        660.9494394291776,
        698.1151803219991,
        653.3719213313602,
        676.9959173998595,
        614.7826667449091,
        627.0154172815733,
        639.5727919241908,
        674.6906111746865,
        650.2040158034122,
        654.0721124612464,
        709.7411354960468,
        656.6684019267933,
        660.2014695295521,
        712.8430932609884,
        664.9879041733503,
        671.5586000178531
    ],
    "recent_successes": [
        1,
        1,
        1,
        1,
        1,
        1,
        1,
        1,
        0,
        0,
        1,
        1,
        1,
        1,
        1,
        1,
        1,
        1,
        1,
        1,
        1,
        1,
        1,
        1,
        1,
        1,
        1,
        1,
        1,
        1,
        1,
        1,
        1,
        1,
        1,
        1,
        1,
        1,
        1,
        1,
        1,
        1,
        1,
        1,
        1,
        1,
        1,
        1,
        1,
        1,
        1,
        1,
        1,
        1,
        1,
        1,
        1,
        1,
        1,
        1,
        1,
        1,
        1,
        1,
        1,
        1,
        1,
        1,
        1,
        1,
        1,
        1,
        1,
        1,
        1,
        1,
        1,
        1,
        1,
        1,
        1,
        1,
        1,
        1,
        1,
        1,
        1,
        1,
        1,
        1,
        1,
        1,
        1,
        1,
        1,
        1,
        1,
        1,
        1,
        1
    ],
    "recent_collisions": [
        0,
        0,
        0,
        0,
        0,
        0,
        0,
        0,
        0,
        0,
        0,
        0,
        0,
        0,
        0,
        0,
        0,
        0,
        0,
        0,
        0,
        0,
        0,
        0,
        0,
        0,
        0,
        0,
        0,
        0,
        0,
        0,
        0,
        0,
        0,
        0,
        0,
        0,
        0,
        0,
        0,
        0,
        0,
        0,
        0,
        0,
        0,
        0,
        0,
        0,
        0,
        0,
        0,
        0,
        0,
        0,
        0,
        0,
        0,
        0,
        0,
        0,
        0,
        0,
        0,
        0,
        0,
        0,
        0,
        0,
        0,
        0,
        0,
        0,
        0,
        0,
        0,
        0,
        0,
        0,
        0,
        0,
        0,
        0,
        0,
        0,
        0,
        0,
        0,
        0,
        0,
        0,
        0,
        0,
        0,
        0,
        0,
        0,
        0,
        0
    ],
    "recent_steps": [
        112,
        113,
        108,
        119,
        111,
        117,
        98,
        95,
        61,
        57,
        103,
        162,
        128,
        107,
        183,
        98,
        280,
        65,
        216,
        115,
        117,
        156,
        109,
        216,
        101,
        115,
        107,
        126,
        104,
        111,
        113,
        108,
        110,
        120,
        119,
        111,
        105,
        103,
        94,
        98,
        140,
        107,
        154,
        97,
        103,
        96,
        102,
        101,
        111,
        105,
        109,
        113,
        116,
        66,
        106,
        106,
        215,
        187,
        116,
        124,
        100,
        94,
        152,
        107,
        112,
        107,
        99,
        228,
        103,
        122,
        112,
        126,
        103,
        123,
        135,
        72,
        98,
        121,
        109,
        112,
        100,
        97,
        111,
        222,
        105,
        110,
        97,
        102,
        85,
        110,
        101,
        102,
        96,
        101,
        111,
        101,
        96,
        110,
        102,
        113
    ],
    "params": {
        "max_episodes": 3000,
        "max_steps": 500,
        "batch_size": 64,
        "learning_rate": 0.0001,
        "gamma": 0.99,
        "initial_epsilon": 1.0,
        "epsilon_decay": 0.995,
        "min_epsilon": 0.05,
        "memory_size": 100000,
        "target_update_freq": 5,
        "curriculum_stages": 4
    }
}