{
    "episode": 600,
    "best_reward": 2901.3964671942,
    "best_success_rate": 1.0,
    "curriculum_level": 3,
    "recent_rewards": [
        630.7194031687006,
        813.5089310842214,
        942.9011507409293,
        680.6661379620244,
        853.6677565371798,
        652.7548863159569,
        810.6175008306071,
        655.9291084188714,
        694.4739499729226,
        845.9962572984532,
        792.790575457764,
        896.6128490424703,
        757.4342167651072,
        1049.7054741640895,
        935.9351801769637,
        912.4693462514169,
        748.1584637859497,
        662.0500337880067,
        622.1741634917016,
        941.6773635797124,
        1051.2917238680102,
        806.1077299244809,
        874.0085782031742,
        864.4099725464151,
        913.684500362524,
        667.0721931944131,
        680.062062671081,
        704.6065723500299,
        760.3448816656926,
        833.6748982898016,
        693.583078113911,
        690.1935275283845,
        686.4555827093932,
        712.757430905554,
        689.8026348974104,
        78.30221099020662,
        605.2746152231307,
        838.9247783637448,
        826.6474376714572,
        667.5914744519961,
        706.7891749013593,
        714.584581873607,
        697.5508590323647,
        871.6303114420402,
        660.2610905582121,
        717.1196965799843,
        797.1648040470446,
        660.1900702482292,
        761.1248898619909,
        708.4705285950578,
        681.2927617277733,
        720.035923190762,
        739.287885764343,
        722.3398761415863,
        805.2944026010709,
        719.3006053757758,
        710.4288921681615,
        629.471832167266,
        719.5784186138029,
        680.9503142135675,
        876.1149912282593,
        816.4479853949413,
        665.4269053293331,
        672.0860812076086,
        642.7456627930412,
        639.5854455243359,
        820.4817201892386,
        667.7788292077965,
        681.3368825791516,
        765.9964683693644,
        747.868785125311,
        705.6512449841902,
        631.8824524106587,
        2901.3964671942,
        764.6916447042979,
        602.1716579334998,
        668.7941741438495,
        655.5470012549875,
        616.1946010609437,
        774.1550003010861,
        875.3574040469624,
        676.1707830315689,
        654.3123875128518,
        712.5298676337062,
        709.0839460664257,
        77.52578493056615,
        752.3814246566143,
        633.3037117355647,
        800.1871740896325,
        808.9558721777456,
        44.95721126306782,
        714.8396024774851,
        911.2500410458522,
        700.5903269094148,
        729.9171313857846,
        699.6773517501027,
        662.8400568295256,
        662.0388812738332,
        652.357543322124,
        776.7082574772523
    ],
    "recent_successes": [
        1,
        1,
        1,
        1,
        1,
        1,
        1,
        1,
        1,
        1,
        1,
        1,
        1,
        1,
        1,
        1,
        1,
        1,
        1,
        1,
        1,
        1,
        1,
        1,
        1,
        1,
        1,
        1,
        1,
        1,
        1,
        1,
        1,
        1,
        1,
        1,
        1,
        1,
        1,
        1,
        1,
        1,
        1,
        1,
        1,
        1,
        1,
        1,
        1,
        1,
        1,
        1,
        1,
        1,
        1,
        1,
        1,
        1,
        1,
        1,
        1,
        1,
        1,
        1,
        1,
        1,
        1,
        1,
        1,
        1,
        1,
        1,
        1,
        1,
        1,
        1,
        1,
        1,
        1,
        1,
        1,
        1,
        1,
        1,
        1,
        1,
        1,
        1,
        1,
        1,
        0,
        1,
        1,
        1,
        1,
        1,
        1,
        1,
        1,
        1
    ],
    "recent_collisions": [
        0,
        0,
        0,
        0,
        0,
        0,
        0,
        0,
        0,
        0,
        0,
        0,
        0,
        0,
        0,
        0,
        0,
        0,
        0,
        0,
        0,
        0,
        0,
        0,
        0,
        0,
        0,
        0,
        0,
        0,
        0,
        0,
        0,
        0,
        0,
        0,
        0,
        0,
        0,
        0,
        0,
        0,
        0,
        0,
        0,
        0,
        0,
        0,
        0,
        0,
        0,
        0,
        0,
        0,
        0,
        0,
        0,
        0,
        0,
        0,
        0,
        0,
        0,
        0,
        0,
        0,
        0,
        0,
        0,
        0,
        0,
        0,
        0,
        0,
        0,
        0,
        0,
        0,
        0,
        0,
        0,
        0,
        0,
        0,
        0,
        0,
        0,
        0,
        0,
        0,
        0,
        0,
        0,
        0,
        0,
        0,
        0,
        0,
        0,
        0
    ],
    "recent_steps": [
        95,
        173,
        232,
        108,
        215,
        106,
        180,
        107,
        134,
        191,
        174,
        203,
        130,
        285,
        137,
        222,
        150,
        111,
        95,
        172,
        192,
        141,
        235,
        162,
        239,
        151,
        163,
        113,
        132,
        147,
        108,
        108,
        108,
        112,
        112,
        65,
        146,
        157,
        183,
        104,
        113,
        150,
        108,
        209,
        103,
        116,
        143,
        102,
        132,
        142,
        162,
        111,
        124,
        118,
        142,
        114,
        106,
        90,
        134,
        108,
        153,
        146,
        106,
        102,
        98,
        94,
        144,
        94,
        108,
        130,
        124,
        128,
        101,
        334,
        122,
        89,
        97,
        153,
        138,
        135,
        203,
        99,
        104,
        148,
        116,
        66,
        141,
        109,
        139,
        166,
        57,
        116,
        208,
        110,
        116,
        109,
        97,
        92,
        107,
        183
    ],
    "params": {
        "max_episodes": 3000,
        "max_steps": 500,
        "batch_size": 64,
        "learning_rate": 0.0001,
        "gamma": 0.99,
        "initial_epsilon": 1.0,
        "epsilon_decay": 0.995,
        "min_epsilon": 0.05,
        "memory_size": 100000,
        "target_update_freq": 5,
        "curriculum_stages": 4
    }
}