{
    "episode": 500,
    "best_reward": 1347.1095999626205,
    "best_success_rate": 1.0,
    "curriculum_level": 3,
    "recent_rewards": [
        973.6382022789626,
        824.9702418449842,
        800.9832999675195,
        732.4289471547729,
        793.6096122214033,
        775.1105215981515,
        823.4985184655507,
        758.0880241264103,
        825.0176866418437,
        749.0556859979936,
        818.0329658881665,
        820.3562513406841,
        821.0406664307161,
        845.7160669626822,
        801.4109124302365,
        860.3435521592012,
        810.6728008194557,
        800.5095554543175,
        767.5382996098108,
        758.7762599223678,
        833.5603901237912,
        802.8915015107593,
        747.881695420876,
        816.4633429473687,
        763.6788346124637,
        796.921545144897,
        813.2193140886316,
        809.7814541169498,
        754.4326574931487,
        756.3776673161448,
        808.9814851810585,
        771.7685757488391,
        828.5544156482329,
        768.2640495029816,
        16.953216846900915,
        36.42203262560656,
        855.7040951125394,
        804.9804760247295,
        842.9008381315073,
        821.6194853655697,
        875.7769230440933,
        834.2169826248921,
        791.0905666541544,
        783.0477817988984,
        757.8455062819719,
        746.2889121278316,
        787.9103751047854,
        786.8445925205021,
        730.7488948334255,
        834.3617028838567,
        781.2387035685896,
        743.2525533523955,
        17.09404810099977,
        803.433508083869,
        720.4324035695048,
        773.8371380315513,
        724.0838295328051,
        752.7102402520595,
        681.2734638500906,
        794.4654613963216,
        8.447503181739393,
        828.6982495238043,
        782.5246620162807,
        773.5405737588493,
        862.2281693971308,
        778.669664860257,
        872.7934070246956,
        810.4976885785919,
        803.0241096977896,
        832.8897416545984,
        824.446517760929,
        789.1277909865744,
        761.8086447779182,
        822.2132200225773,
        837.3783976634612,
        775.2660933177086,
        814.7448726851287,
        768.9139274492363,
        893.8368095922953,
        934.4540739855419,
        904.5566968365612,
        893.9575339833195,
        839.1767824281352,
        781.0152332460241,
        885.0274059556571,
        755.2581609820118,
        818.7412462089583,
        849.8636580912068,
        843.6896621006413,
        849.9077033236404,
        842.1446261144762,
        762.2357963109589,
        849.3577436987425,
        783.7450838385151,
        862.3872053011382,
        847.7068572950741,
        810.2013259353058,
        831.0582724766106,
        799.494127572794,
        826.7327323071833
    ],
    "recent_successes": [
        1,
        1,
        1,
        1,
        1,
        1,
        1,
        1,
        1,
        1,
        1,
        1,
        1,
        1,
        1,
        1,
        1,
        1,
        1,
        1,
        1,
        1,
        1,
        1,
        1,
        1,
        1,
        1,
        1,
        1,
        1,
        1,
        1,
        1,
        0,
        0,
        1,
        1,
        1,
        1,
        1,
        1,
        1,
        1,
        1,
        1,
        1,
        1,
        1,
        1,
        1,
        1,
        0,
        1,
        1,
        1,
        1,
        1,
        1,
        1,
        0,
        1,
        1,
        1,
        1,
        1,
        1,
        1,
        1,
        1,
        1,
        1,
        1,
        1,
        1,
        1,
        1,
        1,
        1,
        1,
        1,
        1,
        1,
        1,
        1,
        1,
        1,
        1,
        1,
        1,
        1,
        1,
        1,
        1,
        1,
        1,
        1,
        1,
        1,
        1
    ],
    "recent_collisions": [
        0,
        0,
        0,
        0,
        0,
        0,
        0,
        0,
        0,
        0,
        0,
        0,
        0,
        0,
        0,
        0,
        0,
        0,
        0,
        0,
        0,
        0,
        0,
        0,
        0,
        0,
        0,
        0,
        0,
        0,
        0,
        0,
        0,
        0,
        0,
        0,
        0,
        0,
        0,
        0,
        0,
        0,
        0,
        0,
        0,
        0,
        0,
        0,
        0,
        0,
        0,
        0,
        0,
        0,
        0,
        0,
        0,
        0,
        0,
        0,
        0,
        0,
        0,
        0,
        0,
        0,
        0,
        0,
        0,
        0,
        0,
        0,
        0,
        0,
        0,
        0,
        0,
        0,
        0,
        0,
        0,
        0,
        0,
        0,
        0,
        0,
        0,
        0,
        0,
        0,
        0,
        0,
        0,
        0,
        0,
        0,
        0,
        0,
        0,
        0
    ],
    "recent_steps": [
        226,
        155,
        145,
        118,
        140,
        121,
        136,
        128,
        137,
        115,
        144,
        141,
        142,
        168,
        145,
        161,
        144,
        132,
        127,
        130,
        151,
        144,
        118,
        142,
        123,
        148,
        143,
        146,
        110,
        125,
        129,
        136,
        145,
        132,
        43,
        50,
        163,
        129,
        162,
        144,
        155,
        146,
        119,
        131,
        110,
        117,
        122,
        128,
        115,
        146,
        140,
        112,
        43,
        133,
        102,
        129,
        101,
        114,
        107,
        138,
        42,
        138,
        122,
        130,
        150,
        139,
        175,
        150,
        142,
        149,
        129,
        127,
        126,
        136,
        134,
        115,
        125,
        133,
        163,
        171,
        160,
        157,
        134,
        115,
        153,
        133,
        128,
        154,
        142,
        150,
        137,
        118,
        201,
        125,
        152,
        146,
        151,
        143,
        144,
        133
    ],
    "params": {
        "max_episodes": 3000,
        "max_steps": 500,
        "batch_size": 64,
        "learning_rate": 0.0001,
        "gamma": 0.99,
        "initial_epsilon": 1.0,
        "epsilon_decay": 0.995,
        "min_epsilon": 0.05,
        "memory_size": 100000,
        "target_update_freq": 5,
        "curriculum_stages": 4
    }
}