{
    "episode": 1000,
    "best_reward": 2901.3964671942,
    "best_success_rate": 1.0,
    "curriculum_level": 3,
    "recent_rewards": [
        703.4353106645034,
        647.8594016942375,
        82.82710546312876,
        661.508035775414,
        677.8082545368977,
        655.9372626814809,
        687.928989319634,
        688.9787044266631,
        665.1433567605527,
        708.7877126503773,
        655.619472345383,
        723.289105291514,
        671.1381869937125,
        690.5751397315818,
        666.2459386147318,
        657.0929218084938,
        663.8697906190457,
        644.85792905372,
        643.5041420135676,
        693.4402746853389,
        630.7303836976155,
        665.4936944798162,
        722.0521991973907,
        667.0445970868332,
        84.60394678743629,
        686.009170942627,
        762.8287548604635,
        690.2795530331166,
        652.6976997652947,
        694.3156304687493,
        706.2547919170769,
        635.4009424530672,
        659.4268849803199,
        34.268818730285616,
        684.34147135336,
        731.6846954488776,
        730.6080719581263,
        689.673186950391,
        720.6797252808187,
        717.7816075777637,
        699.9180104878085,
        699.5540663678855,
        666.6457376200057,
        685.8745085126639,
        699.6167243839943,
        650.0726120407592,
        638.3881908072799,
        679.1978397090604,
        710.3470921268677,
        659.023470406392,
        677.329242007185,
        708.5363531957604,
        633.430665364057,
        696.700960286889,
        689.9125206420408,
        712.0278563711014,
        56.0180704196741,
        656.8419593981479,
        668.6770566156488,
        729.3046901610105,
        799.5392661711918,
        706.7183040578168,
        717.8925875161776,
        668.3106638112247,
        649.3301476156264,
        692.383523798651,
        739.0623213224223,
        668.5012427234229,
        748.7008763598612,
        672.3981940834062,
        723.95474617625,
        746.0924708639999,
        660.4851743581937,
        683.2244723313543,
        630.2561162193133,
        6.83431475929217,
        687.9888155755809,
        715.1311721403756,
        620.4755551594671,
        5.974756099396359,
        636.6215462461136,
        676.2752708575358,
        38.47423824974817,
        638.0243317821878,
        647.0482570519862,
        641.3504900933355,
        657.0452813637655,
        652.450770907109,
        682.4115986256427,
        630.7309907865771,
        685.3592350795512,
        664.2174016488932,
        658.256097090479,
        666.1778019139665,
        685.3832296683324,
        665.3239065551547,
        672.3792798833645,
        712.7430799602688,
        3.4582230631379502,
        621.9956712755911
    ],
    "recent_successes": [
        1,
        1,
        1,
        1,
        1,
        1,
        1,
        1,
        1,
        1,
        1,
        1,
        1,
        1,
        1,
        1,
        1,
        1,
        1,
        1,
        1,
        1,
        1,
        1,
        1,
        1,
        1,
        1,
        1,
        1,
        1,
        1,
        1,
        0,
        1,
        1,
        1,
        1,
        1,
        1,
        1,
        1,
        1,
        1,
        1,
        1,
        1,
        1,
        1,
        1,
        1,
        1,
        1,
        1,
        1,
        1,
        1,
        1,
        1,
        1,
        1,
        1,
        1,
        1,
        1,
        1,
        1,
        1,
        1,
        1,
        1,
        1,
        1,
        1,
        1,
        0,
        1,
        1,
        1,
        0,
        1,
        1,
        0,
        1,
        1,
        1,
        1,
        1,
        1,
        1,
        1,
        1,
        1,
        1,
        1,
        1,
        1,
        1,
        0,
        1
    ],
    "recent_collisions": [
        0,
        0,
        0,
        0,
        0,
        0,
        0,
        0,
        0,
        0,
        0,
        0,
        0,
        0,
        0,
        0,
        0,
        0,
        0,
        0,
        0,
        0,
        0,
        0,
        0,
        0,
        0,
        0,
        0,
        0,
        0,
        0,
        0,
        0,
        0,
        0,
        0,
        0,
        0,
        0,
        0,
        0,
        0,
        0,
        0,
        0,
        0,
        0,
        0,
        0,
        0,
        0,
        0,
        0,
        0,
        0,
        0,
        0,
        0,
        0,
        0,
        0,
        0,
        0,
        0,
        0,
        0,
        0,
        0,
        0,
        0,
        0,
        0,
        0,
        0,
        0,
        0,
        0,
        0,
        0,
        0,
        0,
        0,
        0,
        0,
        0,
        0,
        0,
        0,
        0,
        0,
        0,
        0,
        0,
        0,
        0,
        0,
        0,
        0,
        0
    ],
    "recent_steps": [
        110,
        113,
        73,
        108,
        118,
        105,
        120,
        120,
        108,
        119,
        104,
        116,
        114,
        110,
        113,
        114,
        119,
        93,
        102,
        111,
        110,
        112,
        111,
        112,
        74,
        112,
        127,
        117,
        96,
        108,
        114,
        102,
        109,
        92,
        113,
        137,
        129,
        124,
        123,
        122,
        114,
        117,
        109,
        115,
        117,
        107,
        207,
        109,
        119,
        108,
        122,
        115,
        96,
        120,
        118,
        130,
        76,
        107,
        112,
        134,
        164,
        116,
        127,
        120,
        96,
        107,
        118,
        103,
        117,
        107,
        123,
        120,
        116,
        125,
        94,
        50,
        106,
        123,
        102,
        45,
        98,
        114,
        56,
        104,
        96,
        94,
        95,
        103,
        115,
        102,
        111,
        97,
        100,
        115,
        110,
        112,
        113,
        110,
        52,
        105
    ],
    "params": {
        "max_episodes": 3000,
        "max_steps": 500,
        "batch_size": 64,
        "learning_rate": 0.0001,
        "gamma": 0.99,
        "initial_epsilon": 1.0,
        "epsilon_decay": 0.995,
        "min_epsilon": 0.05,
        "memory_size": 100000,
        "target_update_freq": 5,
        "curriculum_stages": 4
    }
}