{
    "episode": 2000,
    "best_reward": 2901.3964671942,
    "best_success_rate": 1.0,
    "curriculum_level": 3,
    "recent_rewards": [
        949.01588528546,
        749.3469634645778,
        845.8974276787837,
        909.7869271691228,
        874.7231682696763,
        806.1962463958662,
        849.5195235215401,
        782.8896598859361,
        858.8659636623048,
        860.0354009319562,
        890.7519523108591,
        879.4083601265211,
        828.9415756494991,
        833.1481141172035,
        865.6681417990878,
        888.5219581750331,
        882.7706283186587,
        891.7427613613642,
        852.8407453331678,
        925.8685203845101,
        899.1056272877413,
        818.2294509968535,
        838.6699016607866,
        739.6217890040898,
        852.5600132134357,
        817.4521816923253,
        911.4975061415882,
        828.9453208281723,
        856.0483191838565,
        820.4335167271323,
        873.2281192003568,
        1252.3255474586992,
        962.8473315180896,
        816.5892786286602,
        850.1442452717513,
        898.1602170592236,
        873.5419869666871,
        779.8674089762197,
        803.3834436630265,
        855.7666045887989,
        845.5247371063823,
        785.5813873166496,
        775.2928620451383,
        821.7645972042615,
        825.9023508642089,
        841.7139240259924,
        925.3465799867699,
        823.5827969472505,
        772.1520417786976,
        737.2903411912451,
        926.5610730176453,
        1109.6865793751697,
        806.2065411362192,
        819.0454588446491,
        846.3231154539469,
        849.3965208104557,
        854.6857733436777,
        822.3668607882503,
        778.9851857607717,
        890.5314375110402,
        895.4705692972491,
        811.654351418581,
        843.6370984691287,
        814.7228206319214,
        917.8165023505242,
        844.1440745238061,
        884.2335982345478,
        937.6327011311109,
        836.2608535465567,
        832.43774288174,
        967.6374358964493,
        872.1024137420607,
        845.5887078883409,
        851.0113980137291,
        716.3723716430645,
        846.0288929840161,
        870.9110471972058,
        731.0369991072955,
        813.1131270778798,
        906.9109820147113,
        862.9749206466881,
        901.7754359514097,
        738.6395920183267,
        755.2273371255571,
        882.1556804913369,
        805.5724545077055,
        837.9877089632208,
        851.7523993353091,
        812.1155126110217,
        780.6554689155298,
        897.9232928500073,
        889.9555345914289,
        19.764475658865763,
        916.06755257003,
        949.5412984851533,
        882.5352928415114,
        838.9015920763744,
        874.9493912072063,
        816.0491960587062,
        816.5303114738488
    ],
    "recent_successes": [
        1,
        1,
        1,
        1,
        1,
        1,
        1,
        1,
        1,
        1,
        1,
        1,
        1,
        1,
        1,
        1,
        1,
        1,
        1,
        1,
        1,
        1,
        1,
        1,
        1,
        1,
        1,
        1,
        1,
        1,
        1,
        1,
        1,
        1,
        1,
        1,
        1,
        1,
        1,
        1,
        1,
        1,
        1,
        1,
        1,
        1,
        1,
        1,
        1,
        1,
        1,
        1,
        1,
        1,
        1,
        1,
        1,
        1,
        1,
        1,
        1,
        1,
        1,
        1,
        1,
        1,
        1,
        1,
        1,
        1,
        1,
        1,
        1,
        1,
        1,
        1,
        1,
        1,
        1,
        1,
        1,
        1,
        1,
        1,
        1,
        1,
        1,
        1,
        1,
        1,
        1,
        1,
        0,
        1,
        1,
        1,
        1,
        1,
        1,
        1
    ],
    "recent_collisions": [
        0,
        0,
        0,
        0,
        0,
        0,
        0,
        0,
        0,
        0,
        0,
        0,
        0,
        0,
        0,
        0,
        0,
        0,
        0,
        0,
        0,
        0,
        0,
        0,
        0,
        0,
        0,
        0,
        0,
        0,
        0,
        0,
        0,
        0,
        0,
        0,
        0,
        0,
        0,
        0,
        0,
        0,
        0,
        0,
        0,
        0,
        0,
        0,
        0,
        0,
        0,
        0,
        0,
        0,
        0,
        0,
        0,
        0,
        0,
        0,
        0,
        0,
        0,
        0,
        0,
        0,
        0,
        0,
        0,
        0,
        0,
        0,
        0,
        0,
        0,
        0,
        0,
        0,
        0,
        0,
        0,
        0,
        0,
        0,
        0,
        0,
        0,
        0,
        0,
        0,
        0,
        0,
        0,
        0,
        0,
        0,
        0,
        0,
        0,
        0
    ],
    "recent_steps": [
        176,
        127,
        147,
        216,
        155,
        139,
        155,
        128,
        146,
        152,
        163,
        161,
        146,
        150,
        157,
        163,
        168,
        156,
        160,
        179,
        164,
        150,
        153,
        124,
        153,
        145,
        171,
        148,
        153,
        141,
        164,
        316,
        216,
        143,
        150,
        162,
        158,
        133,
        134,
        153,
        154,
        140,
        139,
        139,
        141,
        154,
        173,
        151,
        138,
        120,
        168,
        234,
        144,
        147,
        152,
        149,
        152,
        140,
        138,
        171,
        166,
        147,
        154,
        147,
        161,
        151,
        161,
        180,
        152,
        154,
        189,
        164,
        149,
        151,
        122,
        148,
        153,
        122,
        147,
        172,
        150,
        162,
        132,
        125,
        164,
        143,
        151,
        153,
        139,
        134,
        172,
        159,
        108,
        171,
        179,
        162,
        146,
        148,
        142,
        147
    ],
    "params": {
        "max_episodes": 3000,
        "max_steps": 500,
        "batch_size": 64,
        "learning_rate": 0.0001,
        "gamma": 0.99,
        "initial_epsilon": 1.0,
        "epsilon_decay": 0.995,
        "min_epsilon": 0.05,
        "memory_size": 100000,
        "target_update_freq": 5,
        "curriculum_stages": 4
    }
}