{
    "episode": 1500,
    "best_reward": 2901.3964671942,
    "best_success_rate": 1.0,
    "curriculum_level": 3,
    "recent_rewards": [
        657.1176167970555,
        675.7510726875017,
        655.3844054533531,
        700.5687706190238,
        717.0644851308457,
        651.0381018247988,
        697.1747095133268,
        727.9401077281958,
        769.1343860682349,
        654.0919809904238,
        672.1643306333722,
        696.2396420016669,
        674.2177702519581,
        70.26666547404929,
        677.6638763041882,
        629.9891739220066,
        684.9631867764949,
        711.9908805618693,
        667.8996325084896,
        806.380946620812,
        707.8185264167712,
        690.2842381491164,
        682.1271005026083,
        686.2928055438334,
        67.63988799998248,
        772.3422838898357,
        682.632193548096,
        871.1137529190614,
        668.8360376071632,
        681.5822091942782,
        827.7132529778403,
        681.2316643706756,
        90.69086882110281,
        704.578833844449,
        665.3673767488347,
        694.3506917398363,
        669.6414068967763,
        33.10063034248563,
        717.5026713243668,
        660.2911616367039,
        745.9420655905833,
        701.2266820962436,
        703.0942365196537,
        692.2026660327526,
        660.031325044649,
        725.3447475318836,
        693.0215732229483,
        679.3064256801305,
        751.6509473136643,
        746.0266790305085,
        770.6756618836998,
        88.43973187532617,
        676.6611503880237,
        704.9405370329873,
        710.3775061329624,
        669.3774606576587,
        733.1161686887895,
        91.22468267668143,
        56.22486162066801,
        61.3880867168852,
        47.77039182006709,
        696.9016597760861,
        666.5024162104025,
        745.0437451734659,
        658.7809161159637,
        665.9967797908623,
        708.538212878158,
        687.8983001186912,
        754.622643252239,
        676.4058772513262,
        100.50697613641145,
        647.0534308132744,
        753.3401912410845,
        690.4942837638908,
        780.3377891743985,
        683.8718377505763,
        777.9303624114762,
        742.5375819007725,
        695.5680134922546,
        717.9229533388848,
        766.8622882676378,
        815.9561425440879,
        737.7682329547731,
        41.498159296465815,
        676.3586780241649,
        768.948330115885,
        740.5549930623366,
        735.926528165743,
        701.9956728104019,
        656.1821499935706,
        633.971147816133,
        652.7815290541295,
        63.65628662442276,
        818.9256820479012,
        776.2583366325521,
        731.8489822531747,
        690.8873671727883,
        712.4656359511265,
        800.5670258737513,
        864.7319836649034
    ],
    "recent_successes": [
        1,
        1,
        1,
        1,
        1,
        1,
        1,
        1,
        1,
        1,
        1,
        1,
        1,
        1,
        1,
        1,
        1,
        1,
        1,
        1,
        1,
        1,
        1,
        1,
        1,
        1,
        1,
        1,
        1,
        1,
        1,
        1,
        1,
        1,
        1,
        1,
        1,
        0,
        1,
        1,
        1,
        1,
        1,
        1,
        1,
        1,
        1,
        1,
        1,
        1,
        1,
        1,
        1,
        1,
        1,
        1,
        1,
        1,
        1,
        1,
        0,
        1,
        1,
        1,
        1,
        1,
        1,
        1,
        1,
        1,
        1,
        1,
        1,
        1,
        1,
        1,
        1,
        1,
        1,
        1,
        1,
        1,
        1,
        0,
        1,
        1,
        1,
        1,
        1,
        1,
        1,
        1,
        1,
        1,
        1,
        1,
        1,
        1,
        1,
        1
    ],
    "recent_collisions": [
        0,
        0,
        0,
        0,
        0,
        0,
        0,
        0,
        0,
        0,
        0,
        0,
        0,
        0,
        0,
        0,
        0,
        0,
        0,
        0,
        0,
        0,
        0,
        0,
        0,
        0,
        0,
        0,
        0,
        0,
        0,
        0,
        0,
        0,
        0,
        0,
        0,
        0,
        0,
        0,
        0,
        0,
        0,
        0,
        0,
        0,
        0,
        0,
        0,
        0,
        0,
        0,
        0,
        0,
        0,
        0,
        0,
        0,
        0,
        0,
        0,
        0,
        0,
        0,
        0,
        0,
        0,
        0,
        0,
        0,
        0,
        0,
        0,
        0,
        0,
        0,
        0,
        0,
        0,
        0,
        0,
        0,
        0,
        0,
        0,
        0,
        0,
        0,
        0,
        0,
        0,
        0,
        0,
        0,
        0,
        0,
        0,
        0,
        0,
        0
    ],
    "recent_steps": [
        114,
        103,
        92,
        113,
        115,
        111,
        104,
        115,
        132,
        96,
        102,
        112,
        103,
        58,
        119,
        91,
        107,
        113,
        97,
        140,
        105,
        107,
        108,
        117,
        58,
        127,
        101,
        156,
        104,
        102,
        149,
        125,
        70,
        106,
        100,
        104,
        99,
        52,
        116,
        95,
        118,
        114,
        117,
        105,
        98,
        109,
        112,
        96,
        138,
        118,
        135,
        62,
        112,
        113,
        109,
        100,
        114,
        66,
        57,
        59,
        61,
        129,
        99,
        120,
        100,
        95,
        117,
        116,
        123,
        111,
        68,
        96,
        131,
        111,
        138,
        107,
        139,
        124,
        105,
        113,
        125,
        146,
        114,
        54,
        96,
        125,
        113,
        121,
        111,
        101,
        100,
        96,
        59,
        139,
        128,
        111,
        107,
        110,
        136,
        151
    ],
    "params": {
        "max_episodes": 3000,
        "max_steps": 500,
        "batch_size": 64,
        "learning_rate": 0.0001,
        "gamma": 0.99,
        "initial_epsilon": 1.0,
        "epsilon_decay": 0.995,
        "min_epsilon": 0.05,
        "memory_size": 100000,
        "target_update_freq": 5,
        "curriculum_stages": 4
    }
}