{
    "episode": 400,
    "best_reward": 2267.9197029591937,
    "best_success_rate": 1.0,
    "curriculum_level": 3,
    "recent_rewards": [
        134.35396789021735,
        785.1813231881906,
        786.7715319137282,
        725.573061970359,
        739.5337535468867,
        736.1694949476278,
        731.6070853095308,
        70.37062970397636,
        439.2426177864383,
        734.7296215248053,
        757.6310781348691,
        782.946820030966,
        592.3744060608166,
        710.5371711712264,
        823.4405019057053,
        721.6613421376073,
        704.6701624514469,
        64.16647203650462,
        101.86634281697914,
        480.64385335881127,
        566.7438293723424,
        736.2655292145375,
        762.1745843766422,
        723.7836396214232,
        123.28882245960887,
        60.87722547228026,
        683.2683348640239,
        788.689357646657,
        719.9320770039948,
        42.653664072253775,
        691.0943928563686,
        687.2891696136935,
        888.749790351183,
        130.3206683626713,
        616.9035416753825,
        748.0499208199742,
        47.55837034960996,
        785.7937130767481,
        744.8095636712952,
        762.2369086221769,
        460.39452857215923,
        947.8605724274737,
        319.5893239079245,
        103.39062461785957,
        784.2607319836161,
        767.4865982990159,
        134.02391515802972,
        602.8431827658376,
        104.68695133723256,
        161.99303279018145,
        807.2106788306689,
        798.7857587083031,
        767.6144605433013,
        659.7944743865247,
        757.4278378680644,
        826.1587379046291,
        706.0783648533877,
        727.9255860837235,
        432.0083289329612,
        69.77875997037421,
        783.765677351689,
        785.7430532868755,
        859.3623017564098,
        832.7837906779282,
        695.3316001855825,
        715.415198053529,
        167.7388370046536,
        738.7129793065487,
        145.62034157453786,
        775.6548619186956,
        590.7152031537083,
        703.3955415751534,
        758.0515193833975,
        109.37529038662137,
        110.1685489271693,
        822.9014480927606,
        501.570547159669,
        635.5758507686605,
        742.6131832452957,
        999.1959731225365,
        728.7206850026848,
        679.9737633274307,
        784.484649901785,
        568.2614023085465,
        801.8648706069205,
        681.7329159528026,
        668.6814325368745,
        675.6381407187579,
        786.2805687092118,
        810.1930416479249,
        817.7862318675027,
        768.1509917271919,
        683.9161924878548,
        861.7839983540154,
        494.8393765898582,
        163.59587289079593,
        667.4770551718005,
        642.9326241721038,
        484.72093035549096,
        724.2126837635775
    ],
    "recent_successes": [
        1,
        1,
        1,
        1,
        1,
        1,
        1,
        1,
        1,
        1,
        1,
        1,
        1,
        1,
        1,
        1,
        1,
        1,
        1,
        1,
        1,
        1,
        1,
        1,
        1,
        1,
        1,
        1,
        1,
        0,
        1,
        1,
        1,
        1,
        1,
        1,
        0,
        1,
        1,
        1,
        1,
        1,
        1,
        1,
        1,
        1,
        1,
        1,
        1,
        1,
        1,
        1,
        1,
        1,
        1,
        1,
        1,
        1,
        1,
        1,
        1,
        1,
        1,
        1,
        1,
        1,
        1,
        1,
        1,
        1,
        1,
        1,
        1,
        1,
        1,
        1,
        1,
        1,
        1,
        1,
        1,
        1,
        1,
        1,
        1,
        1,
        1,
        1,
        1,
        1,
        1,
        1,
        1,
        1,
        1,
        1,
        1,
        1,
        1,
        1
    ],
    "recent_collisions": [
        0,
        0,
        0,
        0,
        0,
        0,
        0,
        0,
        0,
        0,
        0,
        0,
        0,
        0,
        0,
        0,
        0,
        0,
        0,
        0,
        0,
        0,
        0,
        0,
        0,
        0,
        0,
        0,
        0,
        0,
        0,
        0,
        0,
        0,
        0,
        0,
        0,
        0,
        0,
        0,
        0,
        0,
        0,
        0,
        0,
        0,
        0,
        0,
        0,
        0,
        0,
        0,
        0,
        0,
        0,
        0,
        0,
        0,
        0,
        0,
        0,
        0,
        0,
        0,
        0,
        0,
        0,
        0,
        0,
        0,
        0,
        0,
        0,
        0,
        0,
        0,
        0,
        0,
        0,
        0,
        0,
        0,
        0,
        0,
        0,
        0,
        0,
        0,
        0,
        0,
        0,
        0,
        0,
        0,
        0,
        0,
        0,
        0,
        0,
        0
    ],
    "recent_steps": [
        86,
        180,
        159,
        153,
        137,
        122,
        145,
        66,
        179,
        151,
        135,
        151,
        171,
        120,
        181,
        147,
        161,
        63,
        84,
        165,
        176,
        140,
        142,
        141,
        86,
        66,
        118,
        163,
        120,
        60,
        128,
        107,
        157,
        88,
        163,
        144,
        72,
        150,
        121,
        129,
        185,
        175,
        153,
        76,
        177,
        155,
        83,
        186,
        77,
        140,
        168,
        161,
        131,
        120,
        131,
        195,
        143,
        147,
        171,
        66,
        138,
        164,
        161,
        204,
        138,
        143,
        95,
        213,
        90,
        145,
        171,
        110,
        199,
        80,
        79,
        168,
        158,
        160,
        135,
        156,
        146,
        109,
        177,
        188,
        146,
        145,
        108,
        167,
        131,
        165,
        156,
        146,
        133,
        153,
        136,
        97,
        110,
        157,
        156,
        119
    ],
    "params": {
        "max_episodes": 3000,
        "max_steps": 500,
        "batch_size": 64,
        "learning_rate": 0.0001,
        "gamma": 0.99,
        "initial_epsilon": 1.0,
        "epsilon_decay": 0.995,
        "min_epsilon": 0.05,
        "memory_size": 100000,
        "target_update_freq": 5,
        "curriculum_stages": 4
    }
}