{
    "episode": 400,
    "best_reward": 1347.1095999626205,
    "best_success_rate": 1.0,
    "curriculum_level": 3,
    "recent_rewards": [
        803.0360589753603,
        806.8423938209038,
        849.5535770467148,
        812.1892812812895,
        867.9147615789334,
        869.6237904550579,
        930.7682508568136,
        856.4327234953726,
        940.4872398481125,
        979.5824673839066,
        897.1466367632963,
        952.3659975169514,
        1017.0441574483344,
        859.5369877517738,
        917.2688952724786,
        954.3359622636299,
        949.9235732402669,
        879.114827741356,
        886.0204142258901,
        838.0896728094704,
        951.2283258387961,
        897.4079927843786,
        923.7551274856565,
        988.5601245872713,
        895.7363912313284,
        919.5354436118765,
        922.4874579578108,
        917.3948593708787,
        919.8157388993033,
        856.326363498343,
        932.7153949661974,
        921.7254147357859,
        925.3156048137062,
        877.5598046816053,
        946.6999996284375,
        824.0965983459175,
        938.6703981881085,
        888.279970578099,
        956.5863684908172,
        866.6780462035972,
        914.2785955559555,
        904.5688858614537,
        947.0785509208041,
        904.2878030749112,
        889.6929578818367,
        838.0927321371843,
        862.0507097516106,
        983.5177945384252,
        837.3978511157894,
        852.6645681645432,
        892.1745994327862,
        907.4407469194575,
        960.386809371616,
        835.2409602952785,
        906.3169052759011,
        954.0667092796305,
        863.9403276605121,
        859.7251030833647,
        880.7490819979257,
        842.7592288430942,
        845.3617065032571,
        796.4338267684145,
        894.258593524828,
        778.9792617473661,
        752.5247599090997,
        941.9763473051553,
        828.2930147662914,
        799.9695360819338,
        823.2366119980874,
        845.2967943897169,
        777.1382799920701,
        850.8534604268162,
        813.750238380718,
        86.72775720202026,
        744.4685368612512,
        816.1047329690722,
        811.1815387962074,
        840.0791878576438,
        37.81609378513966,
        804.473370262424,
        733.0600488975028,
        745.3815765037372,
        28.177156984167112,
        825.1183469492755,
        832.9498885653298,
        807.8930022143246,
        1209.2847647525384,
        792.7233748412636,
        843.2003373706092,
        781.2971610210093,
        954.6391903135448,
        791.1566139126182,
        799.276189434258,
        758.8511833327016,
        871.3158142791167,
        797.1039165877787,
        819.7563333131556,
        826.4315232992253,
        836.4623812029804,
        787.4854199181793
    ],
    "recent_successes": [
        1,
        1,
        1,
        1,
        1,
        1,
        1,
        1,
        1,
        1,
        1,
        1,
        1,
        1,
        1,
        1,
        1,
        1,
        1,
        1,
        1,
        1,
        1,
        1,
        1,
        1,
        1,
        1,
        1,
        1,
        1,
        1,
        1,
        1,
        1,
        1,
        1,
        1,
        1,
        1,
        1,
        1,
        1,
        1,
        1,
        1,
        1,
        1,
        1,
        1,
        1,
        1,
        1,
        1,
        1,
        1,
        1,
        1,
        1,
        1,
        1,
        1,
        1,
        1,
        1,
        1,
        1,
        1,
        1,
        1,
        1,
        1,
        1,
        1,
        1,
        1,
        1,
        1,
        0,
        1,
        1,
        1,
        0,
        1,
        1,
        1,
        1,
        1,
        1,
        1,
        1,
        1,
        1,
        1,
        1,
        1,
        1,
        1,
        1,
        1
    ],
    "recent_collisions": [
        0,
        0,
        0,
        0,
        0,
        0,
        0,
        0,
        0,
        0,
        0,
        0,
        0,
        0,
        0,
        0,
        0,
        0,
        0,
        0,
        0,
        0,
        0,
        0,
        0,
        0,
        0,
        0,
        0,
        0,
        0,
        0,
        0,
        0,
        0,
        0,
        0,
        0,
        0,
        0,
        0,
        0,
        0,
        0,
        0,
        0,
        0,
        0,
        0,
        0,
        0,
        0,
        0,
        0,
        0,
        0,
        0,
        0,
        0,
        0,
        0,
        0,
        0,
        0,
        0,
        0,
        0,
        0,
        0,
        0,
        0,
        0,
        0,
        0,
        0,
        0,
        0,
        0,
        0,
        0,
        0,
        0,
        0,
        0,
        0,
        0,
        0,
        0,
        0,
        0,
        0,
        0,
        0,
        0,
        0,
        0,
        0,
        0,
        0,
        0
    ],
    "recent_steps": [
        132,
        139,
        154,
        149,
        166,
        152,
        179,
        151,
        184,
        192,
        169,
        192,
        210,
        155,
        171,
        190,
        187,
        165,
        183,
        161,
        188,
        169,
        172,
        203,
        165,
        170,
        175,
        178,
        170,
        160,
        184,
        180,
        174,
        171,
        185,
        143,
        190,
        163,
        194,
        157,
        157,
        177,
        191,
        172,
        172,
        143,
        151,
        195,
        146,
        150,
        172,
        177,
        187,
        159,
        183,
        183,
        149,
        156,
        161,
        132,
        150,
        136,
        162,
        135,
        115,
        181,
        140,
        142,
        150,
        148,
        124,
        156,
        136,
        63,
        122,
        142,
        135,
        146,
        52,
        136,
        108,
        118,
        46,
        147,
        163,
        135,
        308,
        134,
        146,
        125,
        255,
        134,
        133,
        123,
        164,
        135,
        142,
        144,
        144,
        134
    ],
    "params": {
        "max_episodes": 3000,
        "max_steps": 500,
        "batch_size": 64,
        "learning_rate": 0.0001,
        "gamma": 0.99,
        "initial_epsilon": 1.0,
        "epsilon_decay": 0.995,
        "min_epsilon": 0.05,
        "memory_size": 100000,
        "target_update_freq": 5,
        "curriculum_stages": 4
    }
}