{
    "episode": 400,
    "best_reward": 2561.334527919292,
    "best_success_rate": 0.99,
    "recent_rewards": [
        668.6177452645435,
        692.5623923973808,
        803.3828476401402,
        759.5216521592979,
        690.0764841235145,
        385.5486871757415,
        45.41645543196552,
        124.2447238377232,
        606.8924740755091,
        526.3197525879327,
        706.933318701531,
        735.7843247472196,
        668.8935250873753,
        738.643664323885,
        105.57707157257934,
        438.5472557516153,
        614.7063493440749,
        473.2369910111292,
        664.0251223297066,
        775.0528480426409,
        692.487096945898,
        684.0831740891621,
        727.484167573192,
        629.7533493129738,
        546.2305460654422,
        384.16047617387494,
        622.1507778585814,
        956.5861243293502,
        619.0867702262062,
        349.5,
        440.79855175096566,
        666.7906008697371,
        649.8463999885267,
        583.5604240616661,
        904.0481388211001,
        821.9191877192447,
        692.2979119028772,
        875.111595123193,
        739.275130173841,
        665.5016839014097,
        470.4934924961198,
        622.8526609924553,
        635.9472553455048,
        679.1191610038804,
        667.3352347459781,
        631.566365714761,
        610.289645910967,
        610.7773286688421,
        643.2876655773482,
        13.496059521181621,
        684.4147970272218,
        269.6420593842214,
        602.3690106801346,
        667.8685032988608,
        684.5009845613167,
        445.2766145245443,
        646.7028200662754,
        639.4804194861566,
        659.0171755942647,
        -13.477475546582497,
        786.674678251264,
        787.5581055186544,
        613.7206059071314,
        671.4950079626083,
        640.595737282511,
        446.9924996024372,
        542.9278406443063,
        631.5738355799565,
        279.2323015370509,
        681.9745978215918,
        115.84910900983834,
        535.8007872690025,
        488.094932288338,
        425.89731702014035,
        680.0189515984312,
        349.5,
        349.5,
        465.7233799988833,
        771.3568036216885,
        220.0434379592254,
        731.975744209058,
        688.399926855731,
        666.7348889254878,
        496.1642022288619,
        425.9922750922741,
        502.4764634243428,
        532.9424493867036,
        918.241071620156,
        424.4378682598857,
        509.7727008682049,
        992.1041946348734,
        5.373297247326576,
        687.9987040639987,
        692.2104095414526,
        296.11596487753394,
        29.520593551019857,
        786.8185389153083,
        413.717337556511,
        928.0201303667684,
        796.2622975859681
    ],
    "recent_successes": [
        1,
        1,
        1,
        1,
        1,
        1,
        0,
        1,
        1,
        1,
        1,
        1,
        1,
        1,
        1,
        1,
        1,
        1,
        1,
        1,
        1,
        1,
        1,
        1,
        1,
        1,
        1,
        1,
        1,
        1,
        1,
        1,
        1,
        1,
        1,
        1,
        1,
        1,
        1,
        1,
        1,
        1,
        1,
        1,
        1,
        1,
        1,
        1,
        1,
        0,
        1,
        1,
        1,
        1,
        1,
        1,
        1,
        1,
        1,
        0,
        1,
        1,
        1,
        1,
        1,
        1,
        1,
        1,
        1,
        1,
        1,
        1,
        1,
        1,
        1,
        1,
        1,
        1,
        1,
        1,
        1,
        1,
        1,
        1,
        1,
        1,
        1,
        1,
        1,
        1,
        1,
        0,
        1,
        1,
        1,
        0,
        1,
        1,
        1,
        1
    ],
    "recent_collisions": [
        0,
        0,
        0,
        0,
        0,
        0,
        0,
        0,
        0,
        0,
        0,
        0,
        0,
        0,
        0,
        0,
        0,
        0,
        0,
        0,
        0,
        0,
        0,
        0,
        0,
        0,
        0,
        0,
        0,
        0,
        0,
        0,
        0,
        0,
        0,
        0,
        0,
        0,
        0,
        0,
        0,
        0,
        0,
        0,
        0,
        0,
        0,
        0,
        0,
        0,
        0,
        0,
        0,
        0,
        0,
        0,
        0,
        0,
        0,
        0,
        0,
        0,
        0,
        0,
        0,
        0,
        0,
        0,
        0,
        0,
        0,
        0,
        0,
        0,
        0,
        0,
        0,
        0,
        0,
        0,
        0,
        0,
        0,
        0,
        0,
        0,
        0,
        0,
        0,
        0,
        0,
        0,
        0,
        0,
        0,
        0,
        0,
        0,
        0,
        0
    ],
    "recent_steps": [
        88,
        106,
        187,
        137,
        96,
        14,
        68,
        107,
        74,
        60,
        135,
        173,
        91,
        110,
        111,
        34,
        98,
        30,
        108,
        127,
        139,
        113,
        128,
        85,
        75,
        140,
        83,
        180,
        88,
        1,
        50,
        118,
        100,
        80,
        163,
        225,
        93,
        160,
        147,
        96,
        37,
        85,
        92,
        95,
        85,
        91,
        90,
        77,
        108,
        47,
        123,
        106,
        182,
        114,
        100,
        40,
        86,
        92,
        101,
        42,
        142,
        149,
        83,
        95,
        97,
        31,
        71,
        91,
        105,
        94,
        82,
        67,
        48,
        17,
        101,
        1,
        1,
        33,
        246,
        118,
        111,
        92,
        217,
        51,
        30,
        45,
        56,
        210,
        25,
        53,
        197,
        51,
        99,
        95,
        177,
        54,
        135,
        35,
        96,
        150
    ],
    "params": {
        "max_episodes": 1500,
        "max_steps": 500,
        "batch_size": 64,
        "learning_rate": 5e-05,
        "gamma": 0.99,
        "initial_epsilon": 0.2,
        "epsilon_decay": 0.998,
        "min_epsilon": 0.02,
        "memory_size": 100000,
        "target_update_freq": 5
    }
}