{
    "episode": 1400,
    "best_reward": 2561.334527919292,
    "best_success_rate": 1.0,
    "recent_rewards": [
        706.64178838714,
        564.8157689351287,
        854.4414913397059,
        604.8815429450067,
        257.97507219020434,
        795.8296817864237,
        115.97195625559348,
        657.3294953820571,
        638.5922408529722,
        707.3063387345617,
        69.69146776899964,
        109.67482062172552,
        112.29273924974261,
        167.14361999472987,
        797.6752121213444,
        522.5404535546071,
        284.4513460673168,
        670.0056710594971,
        886.9709845256701,
        759.3853614317941,
        921.9952614290735,
        698.2996163070893,
        120.29722635196754,
        527.7915464229189,
        584.1869937980165,
        696.91074578471,
        664.6009633354378,
        614.5754934081615,
        677.0888158486262,
        745.5856995708494,
        687.3306473129261,
        160.05195341715174,
        537.2864038289885,
        848.1629381798311,
        547.1208304887955,
        304.11968324306514,
        785.1179788976511,
        737.405840968265,
        496.3106078017491,
        662.635880769,
        410.4127775837934,
        746.5350567655977,
        266.90734568597054,
        681.29874656097,
        512.3013507068879,
        788.2481235095183,
        710.8398968488493,
        101.15169738158946,
        452.6283199991259,
        808.6361683339554,
        754.3387291539458,
        753.1250695728124,
        463.4138371030839,
        70.40555384559266,
        769.7399915691143,
        731.9155831333649,
        468.6019313475826,
        470.29257355313734,
        660.2249785590834,
        526.8611439043598,
        412.65683788771656,
        577.0373826480517,
        478.22623129350893,
        605.057512121578,
        687.5690720884908,
        821.272398305243,
        560.4089808652237,
        738.8496228123265,
        424.40550050984405,
        726.2895905335398,
        569.3743868912927,
        803.4188162337153,
        365.4545576420912,
        157.43595824280604,
        400.947505806554,
        407.84983923844374,
        90.1775480903683,
        485.21345129781974,
        631.1616626336676,
        718.9072819894521,
        713.7253181515792,
        717.9672019934853,
        714.3034706865557,
        723.7365668031599,
        506.3968980906303,
        110.92630211460511,
        762.220981035509,
        407.9902661795834,
        731.1181836033138,
        628.171799274945,
        748.1581730525418,
        621.807999112178,
        765.589796203889,
        502.4111465199127,
        775.6449115200533,
        407.613974040877,
        763.062969005937,
        752.6558131608078,
        199.91249646712316,
        894.7903929610598
    ],
    "recent_successes": [
        1,
        1,
        1,
        1,
        1,
        1,
        1,
        1,
        1,
        1,
        1,
        1,
        1,
        1,
        1,
        1,
        1,
        1,
        1,
        1,
        1,
        1,
        1,
        1,
        1,
        1,
        1,
        1,
        1,
        1,
        1,
        1,
        1,
        1,
        1,
        1,
        1,
        1,
        1,
        1,
        1,
        1,
        1,
        1,
        1,
        1,
        1,
        1,
        1,
        1,
        1,
        1,
        1,
        1,
        1,
        1,
        1,
        1,
        1,
        1,
        1,
        1,
        1,
        1,
        1,
        1,
        1,
        1,
        1,
        1,
        1,
        1,
        1,
        1,
        1,
        1,
        1,
        1,
        1,
        1,
        1,
        1,
        1,
        1,
        1,
        1,
        1,
        1,
        1,
        1,
        1,
        1,
        1,
        1,
        1,
        1,
        1,
        1,
        1,
        1
    ],
    "recent_collisions": [
        0,
        0,
        0,
        0,
        0,
        0,
        0,
        0,
        0,
        0,
        0,
        0,
        0,
        0,
        0,
        0,
        0,
        0,
        0,
        0,
        0,
        0,
        0,
        0,
        0,
        0,
        0,
        0,
        0,
        0,
        0,
        0,
        0,
        0,
        0,
        0,
        0,
        0,
        0,
        0,
        0,
        0,
        0,
        0,
        0,
        0,
        0,
        0,
        0,
        0,
        0,
        0,
        0,
        0,
        0,
        0,
        0,
        0,
        0,
        0,
        0,
        0,
        0,
        0,
        0,
        0,
        0,
        0,
        0,
        0,
        0,
        0,
        0,
        0,
        0,
        0,
        0,
        0,
        0,
        0,
        0,
        0,
        0,
        0,
        0,
        0,
        0,
        0,
        0,
        0,
        0,
        0,
        0,
        0,
        0,
        0,
        0,
        0,
        0,
        0
    ],
    "recent_steps": [
        95,
        70,
        144,
        93,
        113,
        132,
        96,
        92,
        101,
        127,
        69,
        74,
        82,
        97,
        124,
        59,
        129,
        106,
        179,
        126,
        171,
        93,
        91,
        63,
        100,
        103,
        84,
        81,
        104,
        110,
        91,
        73,
        61,
        145,
        72,
        117,
        138,
        108,
        54,
        106,
        28,
        116,
        132,
        117,
        62,
        141,
        107,
        69,
        57,
        137,
        121,
        122,
        45,
        68,
        129,
        131,
        49,
        50,
        118,
        150,
        15,
        75,
        53,
        75,
        100,
        187,
        82,
        115,
        43,
        111,
        77,
        129,
        139,
        74,
        161,
        25,
        85,
        45,
        81,
        116,
        106,
        134,
        197,
        124,
        50,
        85,
        131,
        24,
        105,
        97,
        121,
        86,
        136,
        48,
        170,
        19,
        113,
        125,
        89,
        185
    ],
    "params": {
        "max_episodes": 1500,
        "max_steps": 500,
        "batch_size": 64,
        "learning_rate": 5e-05,
        "gamma": 0.99,
        "initial_epsilon": 0.2,
        "epsilon_decay": 0.998,
        "min_epsilon": 0.02,
        "memory_size": 100000,
        "target_update_freq": 5
    }
}