{
    "episode": 100,
    "best_reward": 1678.4650457767339,
    "best_success_rate": 0.85,
    "recent_rewards": [
        -14.880743963769106,
        96.48636156886155,
        105.25093981174783,
        512.5526744808465,
        116.43988948844726,
        55.62230546995153,
        449.245427928926,
        983.969396746475,
        558.2665930754632,
        50.275383714827825,
        1089.9430427302477,
        -20.343668918614853,
        66.25943285104843,
        171.92375880604789,
        190.67479510306623,
        12.770143859606733,
        132.70678827951622,
        1288.8144699532425,
        477.30088932555833,
        11.358453968800745,
        349.5,
        696.7754209675988,
        -1.4498193316859158,
        37.56967250344431,
        16.019918284216402,
        148.6648170142601,
        736.863327164642,
        19.419995813647887,
        696.6532968507631,
        -32.03204210778402,
        654.6770075964312,
        834.9351892645614,
        236.32126592683608,
        41.60627358532497,
        123.5041965937562,
        43.89422797731825,
        -36.44803427712053,
        416.14330682974406,
        744.2797336548645,
        24.40402365811596,
        708.440374897496,
        250.06658073075283,
        749.5242190771849,
        1126.7198876930113,
        33.774917665475854,
        24.226641157631946,
        235.88318807527958,
        751.4031328135493,
        654.1197968029189,
        449.9359546379917,
        404.3037098889207,
        415.22424435410926,
        555.6121812046753,
        208.51674484499247,
        780.8767127253582,
        93.96645352231215,
        349.5,
        78.30454659974733,
        596.7469250276283,
        349.5,
        46.52304170427786,
        730.3114081476889,
        444.3685483574302,
        400.1740085810426,
        -20.63140518555727,
        365.86996307757244,
        665.368974712978,
        46.89564388188032,
        740.4298197694217,
        673.2733155351366,
        57.35268320689593,
        1678.4650457767339,
        269.8293003358538,
        435.25427612979087,
        922.3790450408349,
        -24.950318720144253,
        60.17248747165954,
        817.2688161741507,
        -0.30064661466623477,
        41.57672776838166,
        -1.9693099406710246,
        434.68160834486014,
        624.0711289376237,
        818.7849447795429,
        104.57127961831088,
        740.4051674772002,
        -36.30444093054136,
        -14.96196900051173,
        134.19151842398713,
        263.7146285078227,
        784.7086475890184,
        814.569598966671,
        676.2197389373193,
        23.629053071568173,
        441.36667550328605,
        380.89057006016196,
        474.6759229762981,
        295.2339374868102,
        537.0555358246182,
        165.7442754984617
    ],
    "recent_successes": [
        0,
        1,
        1,
        1,
        1,
        1,
        1,
        1,
        1,
        1,
        1,
        0,
        1,
        1,
        1,
        0,
        1,
        1,
        1,
        0,
        1,
        1,
        0,
        0,
        0,
        1,
        1,
        0,
        1,
        0,
        1,
        1,
        1,
        0,
        1,
        0,
        0,
        1,
        1,
        0,
        1,
        1,
        1,
        1,
        0,
        0,
        1,
        1,
        1,
        1,
        1,
        1,
        1,
        1,
        1,
        1,
        1,
        1,
        1,
        1,
        0,
        1,
        1,
        1,
        0,
        1,
        1,
        0,
        1,
        1,
        1,
        1,
        1,
        1,
        1,
        0,
        1,
        1,
        0,
        0,
        0,
        1,
        1,
        1,
        1,
        1,
        0,
        0,
        1,
        1,
        1,
        1,
        1,
        0,
        1,
        1,
        1,
        1,
        1,
        1
    ],
    "recent_collisions": [
        0,
        0,
        0,
        0,
        0,
        0,
        0,
        0,
        0,
        0,
        0,
        0,
        0,
        0,
        0,
        0,
        0,
        0,
        0,
        0,
        0,
        0,
        0,
        0,
        0,
        0,
        0,
        0,
        0,
        0,
        0,
        0,
        0,
        0,
        0,
        0,
        0,
        0,
        0,
        0,
        0,
        0,
        0,
        0,
        0,
        0,
        0,
        0,
        0,
        0,
        0,
        0,
        0,
        0,
        0,
        0,
        0,
        0,
        0,
        0,
        0,
        0,
        0,
        0,
        0,
        0,
        0,
        0,
        0,
        0,
        0,
        0,
        0,
        0,
        0,
        0,
        0,
        0,
        0,
        0,
        0,
        0,
        0,
        0,
        0,
        0,
        0,
        0,
        0,
        0,
        0,
        0,
        0,
        0,
        0,
        0,
        0,
        0,
        0,
        0
    ],
    "recent_steps": [
        61,
        65,
        80,
        64,
        141,
        57,
        25,
        243,
        124,
        58,
        319,
        56,
        62,
        108,
        126,
        70,
        121,
        457,
        223,
        58,
        1,
        195,
        93,
        86,
        56,
        125,
        147,
        59,
        170,
        103,
        100,
        140,
        84,
        69,
        78,
        73,
        50,
        25,
        160,
        114,
        181,
        130,
        199,
        300,
        78,
        58,
        106,
        151,
        122,
        46,
        47,
        38,
        79,
        69,
        292,
        67,
        1,
        71,
        84,
        1,
        52,
        121,
        35,
        14,
        39,
        143,
        105,
        64,
        135,
        98,
        49,
        356,
        85,
        22,
        277,
        42,
        87,
        179,
        67,
        62,
        55,
        46,
        81,
        164,
        62,
        143,
        45,
        52,
        76,
        121,
        163,
        221,
        191,
        107,
        27,
        210,
        142,
        147,
        62,
        83
    ],
    "params": {
        "max_episodes": 1500,
        "max_steps": 500,
        "batch_size": 64,
        "learning_rate": 5e-05,
        "gamma": 0.99,
        "initial_epsilon": 0.2,
        "epsilon_decay": 0.998,
        "min_epsilon": 0.02,
        "memory_size": 100000,
        "target_update_freq": 5
    }
}