{
    "episode": 1300,
    "best_reward": 2561.334527919292,
    "best_success_rate": 1.0,
    "recent_rewards": [
        389.73714871579216,
        600.3089441158766,
        716.5055532013657,
        45.93105588442384,
        660.8638680353149,
        682.0012680493837,
        568.0951803809728,
        10.620132344004134,
        220.75435394850874,
        734.5427580285177,
        633.147043829413,
        863.1198074474917,
        543.4109537879782,
        740.4628210967253,
        663.1036570449395,
        579.118355989866,
        734.384654394918,
        656.357171294534,
        707.2746526544138,
        124.47981966522684,
        811.4190139677057,
        628.1757776906661,
        509.479202562626,
        125.01071802882916,
        775.5746641715779,
        493.55556013309604,
        320.44847525116955,
        317.03552460416313,
        728.1578114534132,
        349.5,
        543.3511673070666,
        774.8699777834432,
        392.6109729434047,
        775.4478877202178,
        363.48410892302104,
        662.0418554516773,
        754.2845611172056,
        755.0282749969674,
        551.2779782972636,
        712.7898932544248,
        422.27113775955786,
        769.1362299500965,
        247.83561266370643,
        834.3041668528024,
        150.998321000631,
        684.89539753902,
        718.4416201478291,
        768.182865195963,
        129.53515893209732,
        696.9818049512511,
        607.3844000352678,
        607.3155310454359,
        73.9958700348327,
        713.6448705130368,
        809.5441855308064,
        728.3920609002715,
        684.1127444959301,
        542.8850984051351,
        626.9124178427572,
        585.5543991073152,
        669.9613868072339,
        731.2157221726475,
        704.1463274140417,
        630.5926695944999,
        479.07975408043427,
        435.2818873694494,
        640.7773328713931,
        692.8906893029442,
        738.0502040911158,
        590.0973765012446,
        478.58865889240997,
        708.9264572128382,
        587.8501963525465,
        634.6340325340768,
        697.1843890669328,
        869.4099518208241,
        687.3979689600183,
        516.8192406337032,
        792.5617433206874,
        685.5108836535318,
        755.581063232562,
        709.7344762438947,
        560.8947865108084,
        704.7501920849438,
        800.0361611130687,
        804.1999968938408,
        638.3421511699498,
        798.2293580763832,
        671.4483273791371,
        798.7125063464389,
        654.0687742865397,
        794.8179395667362,
        743.7874699574259,
        346.39538689858273,
        474.92544950229717,
        717.3434009689221,
        857.0441590391548,
        664.633972386775,
        757.2083626763977,
        653.157137271473
    ],
    "recent_successes": [
        1,
        1,
        1,
        0,
        1,
        1,
        1,
        0,
        1,
        1,
        1,
        1,
        1,
        1,
        1,
        1,
        1,
        1,
        1,
        1,
        1,
        1,
        1,
        1,
        1,
        1,
        1,
        1,
        1,
        1,
        1,
        1,
        1,
        1,
        1,
        1,
        1,
        1,
        1,
        1,
        1,
        1,
        1,
        1,
        1,
        1,
        1,
        1,
        1,
        1,
        1,
        1,
        1,
        1,
        1,
        1,
        1,
        1,
        1,
        1,
        1,
        1,
        1,
        1,
        1,
        1,
        1,
        1,
        1,
        1,
        1,
        1,
        1,
        1,
        1,
        1,
        1,
        1,
        1,
        1,
        1,
        1,
        1,
        1,
        1,
        1,
        1,
        1,
        1,
        1,
        1,
        1,
        1,
        1,
        1,
        1,
        1,
        1,
        1,
        1
    ],
    "recent_collisions": [
        0,
        0,
        0,
        0,
        0,
        0,
        0,
        0,
        0,
        0,
        0,
        0,
        0,
        0,
        0,
        0,
        0,
        0,
        0,
        0,
        0,
        0,
        0,
        0,
        0,
        0,
        0,
        0,
        0,
        0,
        0,
        0,
        0,
        0,
        0,
        0,
        0,
        0,
        0,
        0,
        0,
        0,
        0,
        0,
        0,
        0,
        0,
        0,
        0,
        0,
        0,
        0,
        0,
        0,
        0,
        0,
        0,
        0,
        0,
        0,
        0,
        0,
        0,
        0,
        0,
        0,
        0,
        0,
        0,
        0,
        0,
        0,
        0,
        0,
        0,
        0,
        0,
        0,
        0,
        0,
        0,
        0,
        0,
        0,
        0,
        0,
        0,
        0,
        0,
        0,
        0,
        0,
        0,
        0,
        0,
        0,
        0,
        0,
        0,
        0
    ],
    "recent_steps": [
        19,
        78,
        136,
        65,
        80,
        127,
        71,
        64,
        102,
        123,
        89,
        145,
        55,
        108,
        110,
        71,
        105,
        98,
        105,
        75,
        129,
        96,
        57,
        64,
        147,
        43,
        127,
        130,
        123,
        1,
        59,
        141,
        10,
        123,
        5,
        100,
        121,
        156,
        62,
        103,
        17,
        123,
        109,
        160,
        72,
        97,
        121,
        129,
        71,
        106,
        79,
        77,
        56,
        102,
        136,
        127,
        104,
        65,
        104,
        71,
        114,
        102,
        128,
        81,
        39,
        84,
        76,
        104,
        120,
        76,
        50,
        97,
        77,
        83,
        95,
        159,
        104,
        224,
        143,
        96,
        114,
        103,
        93,
        109,
        138,
        125,
        89,
        176,
        101,
        135,
        89,
        142,
        109,
        133,
        65,
        104,
        208,
        89,
        128,
        122
    ],
    "params": {
        "max_episodes": 1500,
        "max_steps": 500,
        "batch_size": 64,
        "learning_rate": 5e-05,
        "gamma": 0.99,
        "initial_epsilon": 0.2,
        "epsilon_decay": 0.998,
        "min_epsilon": 0.02,
        "memory_size": 100000,
        "target_update_freq": 5
    }
}