{
    "episode": 500,
    "best_reward": 2561.334527919292,
    "best_success_rate": 0.99,
    "recent_rewards": [
        617.5434087322113,
        515.6299745960644,
        696.5574174746457,
        575.5480031642135,
        759.6731280675781,
        762.8244452342832,
        624.3173245972729,
        861.8666556177996,
        741.302524541499,
        515.561244686704,
        569.8127936738063,
        611.8177272707993,
        778.8688831239699,
        551.2425582098999,
        691.2636268564218,
        552.2005460299793,
        813.0912201012767,
        416.3157209659089,
        419.7988294671092,
        826.4061351730606,
        1168.3837108621917,
        588.6441261871829,
        705.4497662153819,
        676.2013085759503,
        824.5026653226464,
        629.3728766257335,
        63.42820156064809,
        816.3011639879845,
        758.5527307020293,
        703.2745857282993,
        636.8485331037673,
        811.1337542062465,
        533.5498811628385,
        820.0022265134153,
        701.1912640213917,
        432.1375942566295,
        548.9143030099962,
        184.30819260944241,
        822.7609705371174,
        619.8584496182252,
        629.6643933729275,
        600.2839367108063,
        762.2687704476577,
        777.1635010099175,
        791.5514841973045,
        529.21303676804,
        661.3071069189517,
        767.3975536656865,
        797.5477574884384,
        217.20451410681352,
        640.475585421611,
        581.1905710349549,
        422.5781698414925,
        733.0362618134117,
        709.7189560192069,
        723.3869820500797,
        628.1612697603773,
        772.8763003036463,
        69.21529460329643,
        663.2455513516741,
        657.5017660453507,
        675.5370695077489,
        487.7464322081529,
        587.0302735625072,
        854.4563148197253,
        752.4976151181355,
        720.5814195113635,
        555.0713092329685,
        96.80761903117582,
        361.69012637063145,
        349.5,
        292.16831523342563,
        490.82229094799834,
        577.7316853334837,
        753.2384552276181,
        735.3988190836287,
        593.0249124238844,
        532.727499755556,
        685.4267347974834,
        607.9969622172329,
        642.8208295947136,
        441.04624913215594,
        733.1396708938194,
        672.3850804981271,
        442.3601372455424,
        665.54672483164,
        26.967535730512836,
        637.768401000214,
        571.3868422674974,
        28.970785175767247,
        836.0152495188687,
        704.6696556827453,
        135.91620654808918,
        438.4904400626333,
        610.7156152333853,
        485.87648801048226,
        715.4149887604108,
        903.1018045419578,
        540.568096374333,
        427.75108991755314
    ],
    "recent_successes": [
        1,
        1,
        1,
        1,
        1,
        1,
        1,
        1,
        1,
        1,
        1,
        1,
        1,
        1,
        1,
        1,
        1,
        1,
        1,
        1,
        1,
        1,
        1,
        1,
        1,
        1,
        1,
        1,
        1,
        1,
        1,
        1,
        1,
        1,
        1,
        1,
        1,
        1,
        1,
        1,
        1,
        1,
        1,
        1,
        1,
        1,
        1,
        1,
        1,
        1,
        1,
        1,
        1,
        1,
        1,
        1,
        1,
        1,
        1,
        1,
        1,
        1,
        1,
        1,
        1,
        1,
        1,
        1,
        1,
        1,
        1,
        1,
        1,
        1,
        1,
        1,
        1,
        1,
        1,
        1,
        1,
        1,
        1,
        1,
        1,
        1,
        0,
        1,
        1,
        0,
        1,
        1,
        1,
        1,
        1,
        1,
        1,
        1,
        1,
        1
    ],
    "recent_collisions": [
        0,
        0,
        0,
        0,
        0,
        0,
        0,
        0,
        0,
        0,
        0,
        0,
        0,
        0,
        0,
        0,
        0,
        0,
        0,
        0,
        0,
        0,
        0,
        0,
        0,
        0,
        0,
        0,
        0,
        0,
        0,
        0,
        0,
        0,
        0,
        0,
        0,
        0,
        0,
        0,
        0,
        0,
        0,
        0,
        0,
        0,
        0,
        0,
        0,
        0,
        0,
        0,
        0,
        0,
        0,
        0,
        0,
        0,
        0,
        0,
        0,
        0,
        0,
        0,
        0,
        0,
        0,
        0,
        0,
        0,
        0,
        0,
        0,
        0,
        0,
        0,
        0,
        0,
        0,
        0,
        0,
        0,
        0,
        0,
        0,
        0,
        0,
        0,
        0,
        0,
        0,
        0,
        0,
        0,
        0,
        0,
        0,
        0,
        0,
        0
    ],
    "recent_steps": [
        77,
        56,
        104,
        73,
        123,
        122,
        106,
        207,
        108,
        50,
        72,
        96,
        121,
        58,
        97,
        71,
        141,
        146,
        17,
        151,
        493,
        88,
        108,
        94,
        144,
        78,
        73,
        140,
        109,
        101,
        94,
        146,
        81,
        141,
        96,
        27,
        71,
        85,
        137,
        96,
        97,
        85,
        121,
        118,
        124,
        64,
        97,
        120,
        142,
        190,
        105,
        78,
        164,
        105,
        117,
        117,
        88,
        116,
        66,
        91,
        80,
        116,
        43,
        81,
        138,
        122,
        117,
        65,
        79,
        26,
        1,
        124,
        43,
        66,
        118,
        130,
        68,
        52,
        103,
        72,
        93,
        29,
        111,
        98,
        23,
        97,
        77,
        83,
        62,
        52,
        152,
        141,
        99,
        45,
        85,
        53,
        104,
        168,
        59,
        32
    ],
    "params": {
        "max_episodes": 1500,
        "max_steps": 500,
        "batch_size": 64,
        "learning_rate": 5e-05,
        "gamma": 0.99,
        "initial_epsilon": 0.2,
        "epsilon_decay": 0.998,
        "min_epsilon": 0.02,
        "memory_size": 100000,
        "target_update_freq": 5
    }
}