{
    "episode": 1000,
    "best_reward": 2561.334527919292,
    "best_success_rate": 1.0,
    "recent_rewards": [
        310.7745270182976,
        328.00857593796246,
        573.7078606221784,
        749.5925622044649,
        617.9162159447307,
        403.9946876999058,
        968.9065194686599,
        729.6044058294157,
        694.5647741055853,
        605.3598991912947,
        768.3741981791941,
        588.511601994755,
        180.20003601739728,
        612.8177399116206,
        684.1503682591303,
        659.6757856883348,
        719.6434872174185,
        625.4887934550229,
        294.07076202320985,
        713.7078854329483,
        644.317664183096,
        123.09353003854659,
        994.4333141529492,
        864.5732429145476,
        645.004426884539,
        648.5169588209264,
        759.6149268575944,
        751.836726131072,
        349.5,
        877.5185087490527,
        687.1480324626955,
        739.7773130580074,
        811.343276493795,
        822.3749065510109,
        479.10448187750814,
        407.08622882328257,
        783.7052401657962,
        522.8629527920685,
        677.8597866789383,
        479.1523471266322,
        654.725843774147,
        764.325704692207,
        695.0871144083916,
        525.7266624266983,
        732.4790938498676,
        430.55102872220755,
        732.9937338634118,
        563.2620776661746,
        551.162570159637,
        706.8996051294661,
        681.0512570695698,
        810.4264204332271,
        861.3645350104796,
        763.5711726592023,
        305.21400702982714,
        736.4982544107801,
        537.8328502584616,
        939.129028707529,
        80.85955947379122,
        457.18552491866745,
        749.822806428903,
        751.4948357278361,
        658.4695637481075,
        235.5442029633459,
        726.6915227824669,
        669.9512376696691,
        598.0548198639167,
        573.4497817399694,
        428.02044150066337,
        541.6120363708977,
        92.4329652354275,
        596.5815751568786,
        507.9637298816491,
        517.0393419756415,
        911.428118152661,
        691.9048215008688,
        830.5229348443731,
        693.8148414595466,
        715.5275047227341,
        148.6650226519386,
        672.7568669916283,
        310.8808293022283,
        425.0780413527482,
        721.3351894616702,
        595.2278014226661,
        691.8058524695206,
        655.2345799425651,
        576.8673034096548,
        745.7757199080415,
        629.5549877041249,
        640.5648932712987,
        565.9797227335005,
        641.1705149916259,
        248.74318904877202,
        23.540335870660215,
        747.8031077396055,
        96.15419258461478,
        784.7053522096179,
        721.0898574072521,
        587.1159550736539
    ],
    "recent_successes": [
        1,
        1,
        1,
        1,
        1,
        1,
        1,
        1,
        1,
        1,
        1,
        1,
        1,
        1,
        1,
        1,
        1,
        1,
        1,
        1,
        1,
        1,
        1,
        1,
        1,
        1,
        1,
        1,
        1,
        1,
        1,
        1,
        1,
        1,
        1,
        1,
        1,
        1,
        1,
        1,
        1,
        1,
        1,
        1,
        1,
        1,
        1,
        1,
        1,
        1,
        1,
        1,
        1,
        1,
        1,
        1,
        1,
        1,
        1,
        1,
        1,
        1,
        1,
        1,
        1,
        1,
        1,
        1,
        1,
        1,
        1,
        1,
        1,
        1,
        1,
        1,
        1,
        1,
        1,
        1,
        1,
        1,
        1,
        1,
        1,
        1,
        1,
        1,
        1,
        1,
        1,
        1,
        1,
        1,
        0,
        1,
        1,
        1,
        1,
        1
    ],
    "recent_collisions": [
        0,
        0,
        0,
        0,
        0,
        0,
        0,
        0,
        0,
        0,
        0,
        0,
        0,
        0,
        0,
        0,
        0,
        0,
        0,
        0,
        0,
        0,
        0,
        0,
        0,
        0,
        0,
        0,
        0,
        0,
        0,
        0,
        0,
        0,
        0,
        0,
        0,
        0,
        0,
        0,
        0,
        0,
        0,
        0,
        0,
        0,
        0,
        0,
        0,
        0,
        0,
        0,
        0,
        0,
        0,
        0,
        0,
        0,
        0,
        0,
        0,
        0,
        0,
        0,
        0,
        0,
        0,
        0,
        0,
        0,
        0,
        0,
        0,
        0,
        0,
        0,
        0,
        0,
        0,
        0,
        0,
        0,
        0,
        0,
        0,
        0,
        0,
        0,
        0,
        0,
        0,
        0,
        0,
        0,
        0,
        0,
        0,
        0,
        0,
        0
    ],
    "recent_steps": [
        149,
        115,
        73,
        116,
        84,
        16,
        180,
        113,
        104,
        84,
        154,
        115,
        102,
        101,
        119,
        87,
        123,
        77,
        133,
        107,
        101,
        72,
        79,
        147,
        87,
        102,
        136,
        103,
        1,
        156,
        110,
        105,
        134,
        141,
        204,
        38,
        122,
        90,
        102,
        49,
        95,
        117,
        105,
        57,
        117,
        43,
        109,
        55,
        58,
        98,
        116,
        171,
        152,
        123,
        127,
        122,
        60,
        252,
        68,
        65,
        110,
        150,
        89,
        122,
        120,
        96,
        76,
        70,
        43,
        75,
        67,
        128,
        53,
        55,
        178,
        101,
        141,
        112,
        137,
        96,
        92,
        132,
        30,
        157,
        75,
        112,
        125,
        60,
        117,
        84,
        89,
        68,
        104,
        109,
        51,
        122,
        67,
        186,
        97,
        70
    ],
    "params": {
        "max_episodes": 1500,
        "max_steps": 500,
        "batch_size": 64,
        "learning_rate": 5e-05,
        "gamma": 0.99,
        "initial_epsilon": 0.2,
        "epsilon_decay": 0.998,
        "min_epsilon": 0.02,
        "memory_size": 100000,
        "target_update_freq": 5
    }
}