{
    "episode": 900,
    "best_reward": 2561.334527919292,
    "best_success_rate": 1.0,
    "recent_rewards": [
        658.0000105310394,
        455.3799547631673,
        745.0755669580271,
        764.7830593113473,
        673.8892325000866,
        793.3665817662927,
        209.56827559749172,
        250.5042405921758,
        548.9161315290237,
        455.27741958302886,
        622.926898524489,
        726.3426154146031,
        682.142875796228,
        643.9464348428467,
        484.62697280518273,
        736.4579433580157,
        537.5956571581376,
        670.0025088367208,
        744.8370832839604,
        676.7137934662362,
        51.52726291318375,
        875.6365824428909,
        671.8193555866717,
        95.66934849537802,
        349.5,
        716.534440967383,
        359.6818472384487,
        413.47162219991696,
        280.35347549173713,
        26.811233914541305,
        591.7834419206584,
        651.5275592629173,
        617.9854848372487,
        569.579484980322,
        590.992361769183,
        107.66570643414082,
        571.4955797092441,
        693.6774400176548,
        628.2634040722286,
        778.0235651110938,
        502.1482245059394,
        776.1597352811646,
        635.9923415958436,
        699.1569423498329,
        730.2099988285001,
        621.9960820452532,
        727.8262895148256,
        453.0388929150025,
        514.1474768061589,
        592.0208664522454,
        779.4789896118093,
        869.6444016274901,
        854.5197730824716,
        419.0926711532838,
        622.0512781102601,
        684.6137317459127,
        62.717134464986,
        655.9123130051246,
        584.9351447370777,
        146.55507985387533,
        688.2616332825899,
        493.98432786381767,
        768.3849225191848,
        245.0402268042538,
        443.40225983470714,
        455.5598553239113,
        561.0043821508111,
        813.5674647075464,
        543.7418056268502,
        731.3439446971978,
        507.2534799282906,
        772.4567435786574,
        692.0286560278957,
        838.1335800763001,
        663.697379467131,
        657.7403518320414,
        418.84908634032547,
        754.6327222777109,
        730.0767556684438,
        426.4531695009805,
        626.1615280479729,
        672.7247038585635,
        522.3074274896078,
        523.8629424189261,
        835.344108953841,
        606.8289089876737,
        471.39811651324186,
        794.4188910365783,
        676.1729236153504,
        789.455891135959,
        649.6485265163838,
        723.2367434827995,
        407.56002295771884,
        265.47074040538,
        845.6990864903808,
        672.2490034173455,
        36.24936184373044,
        401.8550729908213,
        322.29758381196746,
        615.5124422753053
    ],
    "recent_successes": [
        1,
        1,
        1,
        1,
        1,
        1,
        1,
        1,
        1,
        1,
        1,
        1,
        1,
        1,
        1,
        1,
        1,
        1,
        1,
        1,
        1,
        1,
        1,
        1,
        1,
        1,
        1,
        1,
        1,
        0,
        1,
        1,
        1,
        1,
        1,
        1,
        1,
        1,
        1,
        1,
        1,
        1,
        1,
        1,
        1,
        1,
        1,
        1,
        1,
        1,
        1,
        1,
        1,
        1,
        1,
        1,
        1,
        1,
        1,
        1,
        1,
        1,
        1,
        1,
        1,
        1,
        1,
        1,
        1,
        1,
        1,
        1,
        1,
        1,
        1,
        1,
        1,
        1,
        1,
        1,
        1,
        1,
        1,
        1,
        1,
        1,
        1,
        1,
        1,
        1,
        1,
        1,
        1,
        1,
        1,
        1,
        0,
        1,
        1,
        1
    ],
    "recent_collisions": [
        0,
        0,
        0,
        0,
        0,
        0,
        0,
        0,
        0,
        0,
        0,
        0,
        0,
        0,
        0,
        0,
        0,
        0,
        0,
        0,
        0,
        0,
        0,
        0,
        0,
        0,
        0,
        0,
        0,
        0,
        0,
        0,
        0,
        0,
        0,
        0,
        0,
        0,
        0,
        0,
        0,
        0,
        0,
        0,
        0,
        0,
        0,
        0,
        0,
        0,
        0,
        0,
        0,
        0,
        0,
        0,
        0,
        0,
        0,
        0,
        0,
        0,
        0,
        0,
        0,
        0,
        0,
        0,
        0,
        0,
        0,
        0,
        0,
        0,
        0,
        0,
        0,
        0,
        0,
        0,
        0,
        0,
        0,
        0,
        0,
        0,
        0,
        0,
        0,
        0,
        0,
        0,
        0,
        0,
        0,
        0,
        0,
        0,
        0,
        0
    ],
    "recent_steps": [
        81,
        81,
        124,
        138,
        91,
        134,
        80,
        115,
        64,
        32,
        79,
        115,
        90,
        72,
        44,
        117,
        68,
        113,
        116,
        98,
        71,
        164,
        91,
        79,
        1,
        96,
        163,
        155,
        111,
        60,
        71,
        79,
        75,
        72,
        81,
        84,
        73,
        97,
        75,
        133,
        60,
        130,
        78,
        109,
        95,
        86,
        118,
        37,
        52,
        69,
        177,
        148,
        148,
        25,
        88,
        104,
        60,
        123,
        63,
        76,
        96,
        52,
        114,
        93,
        47,
        55,
        61,
        145,
        60,
        109,
        154,
        118,
        97,
        138,
        101,
        110,
        15,
        112,
        106,
        22,
        79,
        99,
        54,
        163,
        54,
        93,
        52,
        134,
        102,
        139,
        96,
        120,
        115,
        150,
        160,
        83,
        47,
        25,
        114,
        85
    ],
    "params": {
        "max_episodes": 1500,
        "max_steps": 500,
        "batch_size": 64,
        "learning_rate": 5e-05,
        "gamma": 0.99,
        "initial_epsilon": 0.2,
        "epsilon_decay": 0.998,
        "min_epsilon": 0.02,
        "memory_size": 100000,
        "target_update_freq": 5
    }
}