{
    "episode": 1500,
    "best_reward": 2561.334527919292,
    "best_success_rate": 1.0,
    "recent_rewards": [
        894.7903929610598,
        537.4761141837763,
        616.3729897320429,
        688.1554341685247,
        635.4515762873466,
        748.4672676646941,
        578.8166942456188,
        707.475244595126,
        685.4474121052585,
        587.246202067981,
        703.5571279031092,
        710.9656882135885,
        361.8982208649191,
        496.3251319125636,
        613.626647603136,
        615.4433387998665,
        827.0604152408434,
        567.2591060288828,
        729.1185449082644,
        558.349655144908,
        85.63157389050915,
        74.95478245135789,
        607.97231442309,
        596.7347525103146,
        721.6682324536157,
        526.4760286218359,
        655.9704378749939,
        87.62358041071073,
        64.79391969504363,
        745.6363922336698,
        104.85545898110146,
        802.6104032724268,
        709.8951422786558,
        410.31154480337216,
        340.012453768484,
        890.7325580363735,
        519.6816791123935,
        104.7146260225272,
        246.58420172436084,
        791.7537469719741,
        754.5122008734381,
        767.9689793536081,
        732.4647348415249,
        720.9778198559176,
        699.4370934578799,
        737.5006223976845,
        420.7892687153305,
        401.566215133741,
        43.14273696908958,
        642.4850357241444,
        428.68284166553826,
        532.5495803638837,
        846.335400649543,
        714.6540990435576,
        738.8393955034002,
        729.0479972443463,
        81.70848384005544,
        69.32795659984433,
        701.3444974427616,
        614.0246981955295,
        702.9812003011865,
        751.6725885325066,
        713.9161394569119,
        779.9989791361534,
        604.8876245134375,
        796.3908685832636,
        679.4334477464897,
        105.11860334173453,
        620.0429228421817,
        96.37764290176142,
        106.14679181590878,
        606.7475815310421,
        236.15631458961258,
        629.3956569633167,
        756.628727822987,
        676.4897318713008,
        673.0290162707468,
        687.7671303363716,
        692.237420316697,
        759.6087814289987,
        72.36653064102217,
        712.308310697267,
        536.0317248089182,
        432.3500471948612,
        127.15126920388622,
        709.6743263421181,
        182.2991153261957,
        700.9176493361989,
        725.4475705825074,
        835.1144502384577,
        508.7546527120608,
        39.48202221092609,
        806.0846771840766,
        701.8145438531312,
        812.2447066964875,
        573.6939724108711,
        645.9601979710975,
        127.22082172425525,
        552.5493418742917,
        137.0562846786978
    ],
    "recent_successes": [
        1,
        1,
        1,
        1,
        1,
        1,
        1,
        1,
        1,
        1,
        1,
        1,
        1,
        1,
        1,
        1,
        1,
        1,
        1,
        1,
        1,
        1,
        1,
        1,
        1,
        1,
        1,
        1,
        1,
        1,
        1,
        1,
        1,
        1,
        1,
        1,
        1,
        1,
        1,
        1,
        1,
        1,
        1,
        1,
        1,
        1,
        1,
        1,
        0,
        1,
        1,
        1,
        1,
        1,
        1,
        1,
        1,
        1,
        1,
        1,
        1,
        1,
        1,
        1,
        1,
        1,
        1,
        1,
        1,
        1,
        1,
        1,
        1,
        1,
        1,
        1,
        1,
        1,
        1,
        1,
        1,
        1,
        1,
        1,
        1,
        1,
        1,
        1,
        1,
        1,
        1,
        0,
        1,
        1,
        1,
        1,
        1,
        1,
        1,
        1
    ],
    "recent_collisions": [
        0,
        0,
        0,
        0,
        0,
        0,
        0,
        0,
        0,
        0,
        0,
        0,
        0,
        0,
        0,
        0,
        0,
        0,
        0,
        0,
        0,
        0,
        0,
        0,
        0,
        0,
        0,
        0,
        0,
        0,
        0,
        0,
        0,
        0,
        0,
        0,
        0,
        0,
        0,
        0,
        0,
        0,
        0,
        0,
        0,
        0,
        0,
        0,
        0,
        0,
        0,
        0,
        0,
        0,
        0,
        0,
        0,
        0,
        0,
        0,
        0,
        0,
        0,
        0,
        0,
        0,
        0,
        0,
        0,
        0,
        0,
        0,
        0,
        0,
        0,
        0,
        0,
        0,
        0,
        0,
        0,
        0,
        0,
        0,
        0,
        0,
        0,
        0,
        0,
        0,
        0,
        0,
        0,
        0,
        0,
        0,
        0,
        0,
        0,
        0
    ],
    "recent_steps": [
        185,
        66,
        67,
        92,
        79,
        118,
        76,
        141,
        95,
        174,
        130,
        102,
        20,
        65,
        82,
        85,
        138,
        68,
        104,
        66,
        69,
        70,
        103,
        78,
        121,
        51,
        92,
        79,
        79,
        109,
        78,
        144,
        119,
        51,
        129,
        159,
        60,
        79,
        73,
        136,
        129,
        149,
        117,
        122,
        99,
        111,
        40,
        9,
        71,
        79,
        39,
        66,
        142,
        114,
        109,
        112,
        83,
        62,
        107,
        82,
        129,
        115,
        101,
        122,
        70,
        161,
        101,
        94,
        89,
        79,
        88,
        131,
        124,
        96,
        131,
        101,
        118,
        142,
        115,
        127,
        60,
        124,
        56,
        39,
        68,
        115,
        100,
        120,
        115,
        153,
        56,
        58,
        126,
        111,
        135,
        64,
        89,
        96,
        70,
        76
    ],
    "params": {
        "max_episodes": 1500,
        "max_steps": 500,
        "batch_size": 64,
        "learning_rate": 5e-05,
        "gamma": 0.99,
        "initial_epsilon": 0.2,
        "epsilon_decay": 0.998,
        "min_epsilon": 0.02,
        "memory_size": 100000,
        "target_update_freq": 5
    }
}