{
    "episode": 600,
    "best_reward": 2561.334527919292,
    "best_success_rate": 0.99,
    "recent_rewards": [
        726.6159270071166,
        744.8085078111637,
        669.0189916557115,
        498.77715749408475,
        2.514160329019006,
        608.0432571798758,
        680.8098846652489,
        656.1353202972323,
        428.0804953135819,
        740.4121173951478,
        623.9520054059742,
        692.7631135425814,
        488.3208923138339,
        699.3660664559827,
        675.9846027613899,
        491.90257167772086,
        41.15276858605344,
        349.5,
        283.2939547556993,
        651.875677390528,
        822.8291980426969,
        675.4186963396296,
        563.9743215376934,
        37.846862289901196,
        730.3332691859256,
        360.02644631888614,
        527.227941001618,
        6.835632215932208,
        623.9933330178419,
        492.37576586074454,
        764.6707909580306,
        605.8725060163224,
        728.3256437463094,
        658.3279547018332,
        409.0085917218586,
        645.5883031604236,
        691.4930197832177,
        649.8736928060019,
        590.4813101995748,
        689.9435992715406,
        407.5231511509237,
        244.1966032877677,
        373.238218491481,
        687.0903138280062,
        671.0301603069321,
        444.2837297174318,
        539.7132886912303,
        750.5132565468692,
        814.1276258727271,
        735.64457004912,
        769.8189879897673,
        916.5430241175839,
        723.848044768394,
        457.22521760083225,
        125.14240350251268,
        204.2487916293921,
        72.31702884755353,
        622.9668708427711,
        681.3119154065989,
        410.154573521027,
        711.8905275836848,
        680.4393771575908,
        757.8297509090639,
        784.0259578834224,
        679.453430177742,
        -4.236685151625323,
        710.2816676895242,
        679.2503752639318,
        513.0084045872117,
        699.0448846188035,
        742.3031266048675,
        749.1617326371567,
        284.4870018174906,
        765.9434539069341,
        587.1787804070705,
        530.8814699258369,
        428.52971995948644,
        762.4630550288035,
        294.9999710445995,
        478.8237945426279,
        156.73389976632396,
        603.9103456795607,
        594.4580812445201,
        703.4550750793813,
        792.9405515296514,
        699.8759208987886,
        376.8180157252425,
        766.954022053013,
        759.4987038640512,
        545.5832711560793,
        596.7764975941814,
        381.62180499651845,
        573.9140790820084,
        601.3143853759668,
        220.75484531010608,
        713.5208465327458,
        499.6332698222539,
        657.5495427448608,
        730.8977039509753,
        804.8531914543781
    ],
    "recent_successes": [
        1,
        1,
        1,
        1,
        0,
        1,
        1,
        1,
        1,
        1,
        1,
        1,
        1,
        1,
        1,
        1,
        0,
        1,
        1,
        1,
        1,
        1,
        1,
        0,
        1,
        1,
        1,
        0,
        1,
        1,
        1,
        1,
        1,
        1,
        1,
        1,
        1,
        1,
        1,
        1,
        1,
        1,
        1,
        1,
        1,
        1,
        1,
        1,
        1,
        1,
        1,
        1,
        1,
        1,
        1,
        1,
        1,
        1,
        1,
        1,
        1,
        1,
        1,
        1,
        1,
        0,
        1,
        1,
        1,
        1,
        1,
        1,
        1,
        1,
        1,
        1,
        1,
        1,
        1,
        1,
        1,
        1,
        1,
        1,
        1,
        1,
        1,
        1,
        1,
        1,
        1,
        1,
        1,
        1,
        1,
        1,
        1,
        1,
        1,
        1
    ],
    "recent_collisions": [
        0,
        0,
        0,
        0,
        0,
        0,
        0,
        0,
        0,
        0,
        0,
        0,
        0,
        0,
        0,
        0,
        0,
        0,
        0,
        0,
        0,
        0,
        0,
        0,
        0,
        0,
        0,
        0,
        0,
        0,
        0,
        0,
        0,
        0,
        0,
        0,
        0,
        0,
        0,
        0,
        0,
        0,
        0,
        0,
        0,
        0,
        0,
        0,
        0,
        0,
        0,
        0,
        0,
        0,
        0,
        0,
        0,
        0,
        0,
        0,
        0,
        0,
        0,
        0,
        0,
        0,
        0,
        0,
        0,
        0,
        0,
        0,
        0,
        0,
        0,
        0,
        0,
        0,
        0,
        0,
        0,
        0,
        0,
        0,
        0,
        0,
        0,
        0,
        0,
        0,
        0,
        0,
        0,
        0,
        0,
        0,
        0,
        0,
        0,
        0
    ],
    "recent_steps": [
        119,
        129,
        110,
        53,
        52,
        79,
        124,
        93,
        25,
        121,
        81,
        104,
        52,
        104,
        108,
        56,
        54,
        1,
        109,
        93,
        137,
        106,
        74,
        49,
        114,
        147,
        63,
        50,
        97,
        174,
        131,
        81,
        119,
        105,
        22,
        75,
        107,
        100,
        75,
        108,
        23,
        106,
        131,
        108,
        87,
        35,
        70,
        109,
        141,
        103,
        125,
        150,
        130,
        40,
        115,
        96,
        95,
        124,
        104,
        13,
        107,
        94,
        127,
        131,
        90,
        50,
        121,
        92,
        60,
        98,
        112,
        126,
        136,
        111,
        83,
        105,
        42,
        196,
        112,
        42,
        85,
        75,
        69,
        106,
        143,
        116,
        25,
        143,
        83,
        63,
        77,
        160,
        74,
        80,
        138,
        158,
        47,
        87,
        110,
        135
    ],
    "params": {
        "max_episodes": 1500,
        "max_steps": 500,
        "batch_size": 64,
        "learning_rate": 5e-05,
        "gamma": 0.99,
        "initial_epsilon": 0.2,
        "epsilon_decay": 0.998,
        "min_epsilon": 0.02,
        "memory_size": 100000,
        "target_update_freq": 5
    }
}