{
    "episode": 1200,
    "best_reward": 2561.334527919292,
    "best_success_rate": 1.0,
    "recent_rewards": [
        849.7638486338453,
        233.46394994640298,
        757.1156640304672,
        668.5100445404008,
        750.7341978412143,
        908.1740802701632,
        731.2690823127218,
        675.7972736013897,
        528.2867148288638,
        725.0304222451605,
        62.569227010259624,
        116.87566089200982,
        472.3946289547608,
        782.0923175101001,
        726.2057523888686,
        454.29986870111617,
        740.4902851002396,
        529.8650188454533,
        703.9172673551471,
        530.9180233497659,
        679.8956357043238,
        93.37266365561732,
        638.408478694633,
        625.25144606366,
        89.31457696160902,
        348.47327341371033,
        821.6280023546176,
        710.4250246458963,
        714.9906876587324,
        672.7834936001295,
        759.1569192477981,
        670.3492763452175,
        443.4984509827978,
        538.2866461876185,
        751.6894454819794,
        813.6499454837623,
        728.9362204780176,
        385.2869947276445,
        688.5952828536683,
        655.9449472515638,
        403.74340902319796,
        350.4178732870713,
        118.74008329431302,
        54.854180960987975,
        619.0491313276515,
        781.3760968206053,
        414.2437198648499,
        637.8704444224051,
        87.69128073059986,
        173.56637056417242,
        581.6962692563551,
        213.8753001904544,
        562.6527089521214,
        675.0928021079628,
        406.44578506430076,
        648.1265859443668,
        739.0004861865873,
        496.4128901522637,
        92.20594497740629,
        618.2603773466733,
        727.251992378852,
        913.790910964723,
        376.7938873524312,
        716.2757369961159,
        690.9600853393241,
        703.1982385131072,
        398.8674252621987,
        704.3589195328865,
        264.3426704297735,
        708.8311885234651,
        741.1943170277077,
        720.9971028307962,
        745.3468089684186,
        751.911893805084,
        256.4401781647836,
        705.8894312820619,
        1066.2349972253921,
        838.9537681867654,
        714.5978918715732,
        787.2532954193811,
        696.9486057476663,
        751.0665093027571,
        612.7527216279809,
        773.3425293409231,
        239.44129931281975,
        281.8742048011944,
        567.5324553760181,
        757.3641785810132,
        794.4049053222221,
        164.66598869483352,
        686.1389186207462,
        763.5382691478377,
        598.926490792197,
        603.071530550687,
        419.37124693974005,
        783.5379094078579,
        606.3648990975801,
        771.7141099322879,
        818.4264853964248,
        496.60037554339414
    ],
    "recent_successes": [
        1,
        1,
        1,
        1,
        1,
        1,
        1,
        1,
        1,
        1,
        1,
        1,
        1,
        1,
        1,
        1,
        1,
        1,
        1,
        1,
        1,
        1,
        1,
        1,
        1,
        1,
        1,
        1,
        1,
        1,
        1,
        1,
        1,
        1,
        1,
        1,
        1,
        1,
        1,
        1,
        1,
        1,
        1,
        1,
        1,
        1,
        1,
        1,
        1,
        1,
        1,
        1,
        1,
        1,
        1,
        1,
        1,
        1,
        1,
        1,
        1,
        1,
        1,
        1,
        1,
        1,
        1,
        1,
        1,
        1,
        1,
        1,
        1,
        1,
        1,
        1,
        1,
        1,
        1,
        1,
        1,
        1,
        1,
        1,
        1,
        1,
        1,
        1,
        1,
        1,
        1,
        1,
        1,
        1,
        1,
        1,
        1,
        1,
        1,
        1
    ],
    "recent_collisions": [
        0,
        0,
        0,
        0,
        0,
        0,
        0,
        0,
        0,
        0,
        0,
        0,
        0,
        0,
        0,
        0,
        0,
        0,
        0,
        0,
        0,
        0,
        0,
        0,
        0,
        0,
        0,
        0,
        0,
        0,
        0,
        0,
        0,
        0,
        0,
        0,
        0,
        0,
        0,
        0,
        0,
        0,
        0,
        0,
        0,
        0,
        0,
        0,
        0,
        0,
        0,
        0,
        0,
        0,
        0,
        0,
        0,
        0,
        0,
        0,
        0,
        0,
        0,
        0,
        0,
        0,
        0,
        0,
        0,
        0,
        0,
        0,
        0,
        0,
        0,
        0,
        0,
        0,
        0,
        0,
        0,
        0,
        0,
        0,
        0,
        0,
        0,
        0,
        0,
        0,
        0,
        0,
        0,
        0,
        0,
        0,
        0,
        0,
        0,
        0
    ],
    "recent_steps": [
        160,
        107,
        156,
        86,
        108,
        156,
        116,
        107,
        64,
        101,
        67,
        79,
        44,
        124,
        155,
        42,
        115,
        72,
        142,
        52,
        92,
        71,
        164,
        94,
        72,
        126,
        149,
        130,
        123,
        97,
        173,
        95,
        42,
        51,
        113,
        139,
        122,
        13,
        101,
        92,
        21,
        136,
        82,
        74,
        88,
        155,
        22,
        82,
        68,
        96,
        73,
        128,
        74,
        96,
        23,
        93,
        105,
        55,
        68,
        111,
        118,
        165,
        187,
        99,
        118,
        130,
        20,
        98,
        106,
        101,
        117,
        116,
        112,
        147,
        106,
        108,
        337,
        140,
        142,
        162,
        148,
        111,
        81,
        141,
        106,
        115,
        73,
        116,
        158,
        74,
        101,
        106,
        114,
        102,
        133,
        127,
        80,
        119,
        143,
        171
    ],
    "params": {
        "max_episodes": 1500,
        "max_steps": 500,
        "batch_size": 64,
        "learning_rate": 5e-05,
        "gamma": 0.99,
        "initial_epsilon": 0.2,
        "epsilon_decay": 0.998,
        "min_epsilon": 0.02,
        "memory_size": 100000,
        "target_update_freq": 5
    }
}