{
    "episode": 200,
    "best_reward": 2561.334527919292,
    "best_success_rate": 0.97,
    "recent_rewards": [
        1183.0634467070718,
        513.5576062573889,
        768.8375187111075,
        790.010209837142,
        670.87332038038,
        734.4998019930422,
        349.5,
        1072.7585085238761,
        623.1143462351401,
        1071.75948973001,
        653.5199042295706,
        61.065241804721694,
        295.35017742118737,
        1080.9105542521672,
        405.23607327437406,
        5.074814087748308,
        494.42807923071194,
        443.0312570034413,
        629.904761230406,
        747.6280202106013,
        709.1470345255727,
        100.3391009085856,
        582.2828436370514,
        762.3702637882404,
        34.4435845788756,
        638.3727149240702,
        297.0177137324512,
        877.7484283017806,
        570.4090544089754,
        475.4730339702246,
        733.2773536945538,
        706.2270348030813,
        406.756193078013,
        128.444626342066,
        572.1168370779066,
        452.8783683341553,
        647.8762505904197,
        493.61053472776916,
        623.6805754491107,
        742.0019488994338,
        266.6465925110463,
        355.2121471101905,
        581.967815196836,
        633.2074805004513,
        87.28574676600647,
        560.4958938675568,
        252.09441051424335,
        2561.334527919292,
        123.78120031307975,
        697.5472869393491,
        710.5889743008267,
        307.4907437246969,
        948.9310789928414,
        247.19745633498195,
        140.95344720379052,
        942.0614847525899,
        627.2802562661436,
        451.64645571811366,
        658.7318300527016,
        398.51052225179455,
        810.0953464979659,
        832.98217022373,
        800.3983981701437,
        461.16070965124095,
        756.7763468568355,
        744.841553881713,
        978.0153362644558,
        424.18272732361964,
        1169.4842574207155,
        398.27023716910594,
        656.3096250298399,
        787.2376077972368,
        567.6891793554569,
        743.5222587995563,
        684.7535555579799,
        652.557723264892,
        51.617506994513036,
        783.879271793378,
        757.6274612755954,
        792.0907175267364,
        772.1670694961674,
        1021.4876844501912,
        -3.725099509605627,
        77.10732576160495,
        1044.8504237058892,
        96.21766456853439,
        761.078869786927,
        125.16687772503684,
        820.266420043271,
        148.860636906072,
        754.3175050062002,
        524.5960004585427,
        598.6702508136568,
        515.1396093359226,
        714.4594356987434,
        811.2102711861012,
        592.6357627500597,
        931.3044680841539,
        538.6763732042022,
        783.2574614783948
    ],
    "recent_successes": [
        1,
        1,
        1,
        1,
        1,
        1,
        1,
        1,
        1,
        1,
        1,
        1,
        1,
        1,
        1,
        0,
        1,
        1,
        1,
        1,
        1,
        1,
        1,
        1,
        0,
        1,
        1,
        1,
        1,
        1,
        1,
        1,
        1,
        1,
        1,
        1,
        1,
        1,
        1,
        1,
        1,
        1,
        1,
        1,
        1,
        1,
        1,
        1,
        1,
        1,
        1,
        1,
        1,
        1,
        1,
        1,
        1,
        1,
        1,
        1,
        1,
        1,
        1,
        1,
        1,
        1,
        1,
        1,
        1,
        1,
        1,
        1,
        1,
        1,
        1,
        1,
        1,
        1,
        1,
        1,
        1,
        1,
        0,
        1,
        1,
        1,
        1,
        1,
        1,
        1,
        1,
        1,
        1,
        1,
        1,
        1,
        1,
        1,
        1,
        1
    ],
    "recent_collisions": [
        0,
        0,
        0,
        0,
        0,
        0,
        0,
        0,
        0,
        0,
        0,
        0,
        0,
        0,
        0,
        0,
        0,
        0,
        0,
        0,
        0,
        0,
        0,
        0,
        0,
        0,
        0,
        0,
        0,
        0,
        0,
        0,
        0,
        0,
        0,
        0,
        0,
        0,
        0,
        0,
        0,
        0,
        0,
        0,
        0,
        0,
        0,
        0,
        0,
        0,
        0,
        0,
        0,
        0,
        0,
        0,
        0,
        0,
        0,
        0,
        0,
        0,
        0,
        0,
        0,
        0,
        0,
        0,
        0,
        0,
        0,
        0,
        0,
        0,
        0,
        0,
        0,
        0,
        0,
        0,
        0,
        0,
        0,
        0,
        0,
        0,
        0,
        0,
        0,
        0,
        0,
        0,
        0,
        0,
        0,
        0,
        0,
        0,
        0,
        0
    ],
    "recent_steps": [
        242,
        131,
        150,
        136,
        97,
        140,
        1,
        276,
        95,
        301,
        86,
        59,
        138,
        240,
        155,
        62,
        161,
        47,
        91,
        116,
        124,
        72,
        103,
        125,
        66,
        97,
        128,
        221,
        77,
        190,
        151,
        107,
        12,
        75,
        72,
        26,
        108,
        49,
        88,
        120,
        194,
        155,
        175,
        247,
        62,
        65,
        130,
        377,
        113,
        99,
        111,
        136,
        211,
        163,
        75,
        208,
        93,
        27,
        105,
        11,
        134,
        281,
        234,
        37,
        133,
        117,
        246,
        17,
        500,
        14,
        112,
        153,
        95,
        126,
        130,
        92,
        67,
        128,
        124,
        162,
        139,
        232,
        45,
        53,
        392,
        67,
        118,
        72,
        152,
        84,
        125,
        57,
        97,
        52,
        117,
        162,
        95,
        189,
        62,
        132
    ],
    "params": {
        "max_episodes": 1500,
        "max_steps": 500,
        "batch_size": 64,
        "learning_rate": 5e-05,
        "gamma": 0.99,
        "initial_epsilon": 0.2,
        "epsilon_decay": 0.998,
        "min_epsilon": 0.02,
        "memory_size": 100000,
        "target_update_freq": 5
    }
}