{
    "episode": 1100,
    "best_reward": 2561.334527919292,
    "best_success_rate": 1.0,
    "recent_rewards": [
        760.0589737933161,
        729.0913893764202,
        835.9533349388777,
        214.75065942100554,
        638.5091289829174,
        464.59287660383967,
        1145.0382011257427,
        492.4169356063579,
        734.6916188492107,
        447.60069993486235,
        600.5438471759318,
        659.2085475472909,
        418.2055261740028,
        479.4620383916475,
        728.1202392420986,
        562.8404203280429,
        753.3359255111366,
        493.94496431052994,
        108.27624144396708,
        775.4955448898675,
        470.53424361541,
        397.0330341839197,
        444.04736729959,
        495.861596549914,
        668.7439483594089,
        602.7771517511045,
        679.4982148136594,
        87.03270529020827,
        810.6420765307366,
        802.8623256358364,
        826.3830463298806,
        615.5526465770515,
        650.3823771915189,
        428.7929453274453,
        649.9398986741263,
        688.2812385687128,
        688.2249340415135,
        704.2290109039168,
        598.1263905415059,
        716.0904742116711,
        751.0319414378853,
        702.523910612164,
        510.50911290440047,
        627.7447993537312,
        683.877044191878,
        408.0283168378818,
        710.1213791500113,
        910.3411541908791,
        349.5,
        673.8104760041596,
        444.956756517708,
        318.18296703905463,
        698.2581162260827,
        654.9200217323256,
        681.2463528032554,
        782.9845996966004,
        655.4032431960094,
        503.8081301067628,
        102.82275470662253,
        748.5394107302947,
        694.4994245397706,
        469.6775504090828,
        36.10597477773942,
        789.7500996714479,
        697.8768196732303,
        522.9048178633225,
        509.589309901416,
        755.6982501747132,
        767.4823527287543,
        559.6639161229343,
        610.5104179854279,
        757.7586321535672,
        232.92462979417002,
        728.5631751663586,
        640.4423438992574,
        622.2421446696993,
        299.17051278735215,
        710.8260277030786,
        779.9236397762799,
        730.1742030957128,
        707.8705011319872,
        692.8685437448814,
        791.5111114907114,
        764.4134067765398,
        727.2485461151122,
        704.2179530858267,
        808.0476429603168,
        505.12184785612646,
        541.9980114215267,
        717.7262886449344,
        549.0928293644918,
        609.3850330120428,
        640.6847724406198,
        730.5886800764406,
        516.0464688346581,
        490.4110707554254,
        793.2152897834271,
        737.5554828776899,
        215.28262446374964,
        621.4120711739672
    ],
    "recent_successes": [
        1,
        1,
        1,
        1,
        1,
        1,
        1,
        1,
        1,
        1,
        1,
        1,
        1,
        1,
        1,
        1,
        1,
        1,
        1,
        1,
        1,
        1,
        1,
        1,
        1,
        1,
        1,
        1,
        1,
        1,
        1,
        1,
        1,
        1,
        1,
        1,
        1,
        1,
        1,
        1,
        1,
        1,
        1,
        1,
        1,
        1,
        1,
        1,
        1,
        1,
        1,
        1,
        1,
        1,
        1,
        1,
        1,
        1,
        1,
        1,
        1,
        1,
        0,
        1,
        1,
        1,
        1,
        1,
        1,
        1,
        1,
        1,
        1,
        1,
        1,
        1,
        1,
        1,
        1,
        1,
        1,
        1,
        1,
        1,
        1,
        1,
        1,
        1,
        1,
        1,
        1,
        1,
        1,
        1,
        1,
        1,
        1,
        1,
        1,
        1
    ],
    "recent_collisions": [
        0,
        0,
        0,
        0,
        0,
        0,
        0,
        0,
        0,
        0,
        0,
        0,
        0,
        0,
        0,
        0,
        0,
        0,
        0,
        0,
        0,
        0,
        0,
        0,
        0,
        0,
        0,
        0,
        0,
        0,
        0,
        0,
        0,
        0,
        0,
        0,
        0,
        0,
        0,
        0,
        0,
        0,
        0,
        0,
        0,
        0,
        0,
        0,
        0,
        0,
        0,
        0,
        0,
        0,
        0,
        0,
        0,
        0,
        0,
        0,
        0,
        0,
        0,
        0,
        0,
        0,
        0,
        0,
        0,
        0,
        0,
        0,
        0,
        0,
        0,
        0,
        0,
        0,
        0,
        0,
        0,
        0,
        0,
        0,
        0,
        0,
        0,
        0,
        0,
        0,
        0,
        0,
        0,
        0,
        0,
        0,
        0,
        0,
        0,
        0
    ],
    "recent_steps": [
        146,
        141,
        167,
        99,
        88,
        44,
        298,
        153,
        118,
        26,
        86,
        101,
        37,
        190,
        100,
        62,
        108,
        53,
        74,
        137,
        40,
        31,
        137,
        77,
        94,
        74,
        99,
        78,
        147,
        133,
        163,
        83,
        106,
        33,
        88,
        102,
        100,
        113,
        87,
        97,
        134,
        101,
        61,
        90,
        95,
        30,
        108,
        181,
        1,
        100,
        39,
        63,
        105,
        92,
        100,
        123,
        97,
        58,
        79,
        106,
        125,
        45,
        67,
        140,
        104,
        162,
        54,
        128,
        131,
        57,
        77,
        113,
        124,
        108,
        83,
        78,
        126,
        106,
        149,
        107,
        100,
        99,
        131,
        117,
        112,
        112,
        145,
        57,
        55,
        107,
        58,
        85,
        85,
        101,
        64,
        141,
        130,
        108,
        107,
        70
    ],
    "params": {
        "max_episodes": 1500,
        "max_steps": 500,
        "batch_size": 64,
        "learning_rate": 5e-05,
        "gamma": 0.99,
        "initial_epsilon": 0.2,
        "epsilon_decay": 0.998,
        "min_epsilon": 0.02,
        "memory_size": 100000,
        "target_update_freq": 5
    }
}