{
    "episode": 800,
    "best_reward": 2561.334527919292,
    "best_success_rate": 0.99,
    "recent_rewards": [
        569.9265314288556,
        586.4353173094647,
        104.33902101772512,
        558.1178024980313,
        533.3088214307256,
        725.2129701804483,
        487.68337304169904,
        520.8855315866964,
        651.3531738432287,
        274.2699451822057,
        60.41526569910178,
        710.2938696445505,
        506.9751617810149,
        648.7986590156565,
        141.32170343428845,
        68.7681438581698,
        46.051262162006765,
        834.7712683940767,
        728.4488686172682,
        691.6376912542501,
        815.0291774777056,
        104.26908718066366,
        159.37132861594543,
        720.1034473091793,
        831.0278832403355,
        660.1005053145129,
        659.9041143448092,
        653.6706015638247,
        727.2618980794341,
        603.3891953869568,
        713.7179734658274,
        553.7567090567943,
        761.0347117024529,
        717.0302034301874,
        619.5109061304986,
        755.3873479516301,
        742.147485414795,
        932.049074722689,
        302.85895002434796,
        90.048719583239,
        85.49554891780352,
        537.533361120229,
        756.5091278198021,
        752.7577052764133,
        765.2291045040363,
        522.32215249784,
        97.47069087258654,
        834.963778389832,
        757.168882224124,
        810.8460591585753,
        744.07180208247,
        920.8529670985071,
        791.3916059827415,
        689.117623101652,
        783.0219323987852,
        831.6091600573677,
        210.1271757643362,
        272.2733955419982,
        498.38412102196867,
        739.3578978558352,
        478.5049035892076,
        867.3486269381726,
        523.3097289148142,
        562.991908156855,
        607.7711413750235,
        650.5183763391034,
        754.597530709852,
        1017.285299370958,
        246.0079454462163,
        680.299689779304,
        657.0445297071792,
        666.2163589479585,
        704.5234341619067,
        546.653708824217,
        635.2608770090203,
        616.3633404210916,
        454.2729696216078,
        494.47481586021297,
        872.5260039589292,
        349.5,
        888.1443723955454,
        743.5329939982743,
        690.4606942354187,
        652.9043386932726,
        849.499455276784,
        498.0524452666322,
        439.93309060356205,
        713.2983281663043,
        704.3564485508471,
        676.5753319687176,
        737.9790955782489,
        755.8633728959117,
        485.7917826149714,
        616.4908044668545,
        738.7437800418868,
        746.2440856323456,
        275.2737287198119,
        434.77771365126887,
        470.00103928735734,
        538.6650170136916
    ],
    "recent_successes": [
        1,
        1,
        1,
        1,
        1,
        1,
        1,
        1,
        1,
        1,
        1,
        1,
        1,
        1,
        1,
        1,
        0,
        1,
        1,
        1,
        1,
        1,
        1,
        1,
        1,
        1,
        1,
        1,
        1,
        1,
        1,
        1,
        1,
        1,
        1,
        1,
        1,
        1,
        1,
        1,
        1,
        1,
        1,
        1,
        1,
        1,
        1,
        1,
        1,
        1,
        1,
        1,
        1,
        1,
        1,
        1,
        1,
        1,
        1,
        1,
        1,
        1,
        1,
        1,
        1,
        1,
        1,
        1,
        1,
        1,
        1,
        1,
        1,
        1,
        1,
        1,
        1,
        1,
        1,
        1,
        1,
        1,
        1,
        1,
        1,
        1,
        1,
        1,
        1,
        1,
        1,
        1,
        1,
        1,
        1,
        1,
        1,
        1,
        1,
        1
    ],
    "recent_collisions": [
        0,
        0,
        0,
        0,
        0,
        0,
        0,
        0,
        0,
        0,
        0,
        0,
        0,
        0,
        0,
        0,
        0,
        0,
        0,
        0,
        0,
        0,
        0,
        0,
        0,
        0,
        0,
        0,
        0,
        0,
        0,
        0,
        0,
        0,
        0,
        0,
        0,
        0,
        0,
        0,
        0,
        0,
        0,
        0,
        0,
        0,
        0,
        0,
        0,
        0,
        0,
        0,
        0,
        0,
        0,
        0,
        0,
        0,
        0,
        0,
        0,
        0,
        0,
        0,
        0,
        0,
        0,
        0,
        0,
        0,
        0,
        0,
        0,
        0,
        0,
        0,
        0,
        0,
        0,
        0,
        0,
        0,
        0,
        0,
        0,
        0,
        0,
        0,
        0,
        0,
        0,
        0,
        0,
        0,
        0,
        0,
        0,
        0,
        0,
        0
    ],
    "recent_steps": [
        68,
        66,
        82,
        70,
        57,
        121,
        75,
        55,
        100,
        116,
        73,
        115,
        67,
        112,
        87,
        56,
        56,
        138,
        115,
        105,
        143,
        86,
        67,
        112,
        152,
        118,
        86,
        81,
        147,
        72,
        110,
        64,
        167,
        115,
        112,
        122,
        111,
        208,
        91,
        79,
        66,
        64,
        118,
        160,
        120,
        74,
        75,
        150,
        114,
        141,
        109,
        160,
        127,
        98,
        150,
        147,
        97,
        120,
        49,
        116,
        151,
        151,
        157,
        62,
        83,
        109,
        104,
        184,
        102,
        103,
        94,
        106,
        107,
        61,
        83,
        75,
        36,
        58,
        164,
        1,
        150,
        119,
        108,
        102,
        198,
        47,
        30,
        141,
        105,
        90,
        111,
        139,
        47,
        75,
        245,
        105,
        111,
        44,
        42,
        57
    ],
    "params": {
        "max_episodes": 1500,
        "max_steps": 500,
        "batch_size": 64,
        "learning_rate": 5e-05,
        "gamma": 0.99,
        "initial_epsilon": 0.2,
        "epsilon_decay": 0.998,
        "min_epsilon": 0.02,
        "memory_size": 100000,
        "target_update_freq": 5
    }
}