{
    "episode": 700,
    "best_reward": 2561.334527919292,
    "best_success_rate": 0.99,
    "recent_rewards": [
        596.1788843749517,
        871.5638441858946,
        714.8299055801938,
        663.8685224723405,
        794.6506073521919,
        725.9584923623947,
        512.0611376958301,
        761.2739898119337,
        153.79946491489466,
        783.9022628044534,
        672.6896749602994,
        532.8658986648354,
        808.5261483908944,
        709.3914189488346,
        615.131659207852,
        686.6446330066856,
        700.3884175137425,
        276.6952170052319,
        730.9789128041548,
        391.9947682271451,
        26.386647479998175,
        37.90126366193172,
        558.4240279590326,
        837.0217739582256,
        766.5618213521265,
        257.19853933185874,
        735.8963367601535,
        240.38040245774746,
        590.4623048127612,
        694.8730981749001,
        685.1588348707346,
        587.9778397320902,
        845.662588952416,
        536.1581537559344,
        751.3984082768718,
        433.20018222269385,
        572.0756349760386,
        634.8941879978038,
        377.0427286845976,
        661.8629074082587,
        812.7571300640163,
        665.4518163870665,
        103.83741089108167,
        328.56746432764317,
        522.3207566542021,
        621.9798135016907,
        438.69125794815574,
        835.997640957156,
        575.4587425101419,
        746.1780848761837,
        868.8326069812626,
        658.9006484541062,
        675.5822063034539,
        762.0797265507997,
        513.8043355403048,
        623.7449096767505,
        172.61507843885056,
        466.43402998533827,
        642.421679713859,
        714.5141902580845,
        512.0877383010734,
        258.1284144848569,
        672.8492246735834,
        588.6440665386492,
        574.3448785373862,
        101.42902450183013,
        505.90772946825484,
        686.0116038617774,
        424.276438809202,
        419.5073497923961,
        651.828887784869,
        266.5211920752488,
        241.46084003517586,
        525.9440127186654,
        685.6252209033728,
        848.7110586176716,
        905.4440021809986,
        541.9975962456662,
        663.863401399298,
        684.179013663298,
        136.0266328168288,
        649.4691885926579,
        752.8721482424554,
        245.87025316511273,
        725.794306743941,
        637.7380148778813,
        647.6822278892084,
        733.6332069492939,
        356.78950618440996,
        771.5838350761793,
        799.2784500659691,
        641.130547050127,
        466.4086895508781,
        636.180064289633,
        679.8204632060427,
        135.32173281405022,
        679.5834381815682,
        555.8782344567576,
        777.3324072454499,
        706.2828901760278
    ],
    "recent_successes": [
        1,
        1,
        1,
        1,
        1,
        1,
        1,
        1,
        1,
        1,
        1,
        1,
        1,
        1,
        1,
        1,
        1,
        1,
        1,
        1,
        0,
        0,
        1,
        1,
        1,
        1,
        1,
        1,
        1,
        1,
        1,
        1,
        1,
        1,
        1,
        1,
        1,
        1,
        1,
        1,
        1,
        1,
        1,
        1,
        1,
        1,
        1,
        1,
        1,
        1,
        1,
        1,
        1,
        1,
        1,
        1,
        1,
        1,
        1,
        1,
        1,
        1,
        1,
        1,
        1,
        1,
        1,
        1,
        1,
        1,
        1,
        1,
        1,
        1,
        1,
        1,
        1,
        1,
        1,
        1,
        1,
        1,
        1,
        1,
        1,
        1,
        1,
        1,
        1,
        1,
        1,
        1,
        1,
        1,
        1,
        1,
        1,
        1,
        1,
        1
    ],
    "recent_collisions": [
        0,
        0,
        0,
        0,
        0,
        0,
        0,
        0,
        0,
        0,
        0,
        0,
        0,
        0,
        0,
        0,
        0,
        0,
        0,
        0,
        0,
        0,
        0,
        0,
        0,
        0,
        0,
        0,
        0,
        0,
        0,
        0,
        0,
        0,
        0,
        0,
        0,
        0,
        0,
        0,
        0,
        0,
        0,
        0,
        0,
        0,
        0,
        0,
        0,
        0,
        0,
        0,
        0,
        0,
        0,
        0,
        0,
        0,
        0,
        0,
        0,
        0,
        0,
        0,
        0,
        0,
        0,
        0,
        0,
        0,
        0,
        0,
        0,
        0,
        0,
        0,
        0,
        0,
        0,
        0,
        0,
        0,
        0,
        0,
        0,
        0,
        0,
        0,
        0,
        0,
        0,
        0,
        0,
        0,
        0,
        0,
        0,
        0,
        0,
        0
    ],
    "recent_steps": [
        76,
        226,
        116,
        124,
        141,
        117,
        53,
        129,
        78,
        140,
        98,
        55,
        152,
        107,
        71,
        108,
        128,
        73,
        117,
        63,
        48,
        54,
        65,
        159,
        127,
        107,
        124,
        57,
        70,
        111,
        100,
        66,
        214,
        159,
        120,
        16,
        67,
        80,
        25,
        100,
        133,
        87,
        86,
        87,
        57,
        104,
        36,
        142,
        60,
        110,
        226,
        95,
        89,
        129,
        181,
        74,
        96,
        49,
        84,
        114,
        53,
        134,
        99,
        88,
        77,
        93,
        71,
        126,
        36,
        143,
        103,
        110,
        112,
        59,
        107,
        180,
        190,
        72,
        93,
        85,
        88,
        97,
        116,
        128,
        111,
        102,
        95,
        103,
        137,
        125,
        195,
        94,
        37,
        94,
        91,
        89,
        105,
        79,
        119,
        91
    ],
    "params": {
        "max_episodes": 1500,
        "max_steps": 500,
        "batch_size": 64,
        "learning_rate": 5e-05,
        "gamma": 0.99,
        "initial_epsilon": 0.2,
        "epsilon_decay": 0.998,
        "min_epsilon": 0.02,
        "memory_size": 100000,
        "target_update_freq": 5
    }
}