{
    "episode": 300,
    "best_reward": 2561.334527919292,
    "best_success_rate": 0.99,
    "recent_rewards": [
        954.6939085738182,
        90.92839213271355,
        361.29500909907813,
        756.7186839159303,
        230.3311362720039,
        450.59530679802594,
        42.40384348419482,
        741.2444097834364,
        407.3874315932444,
        637.898035475467,
        804.6618111387794,
        68.06442256020281,
        335.2521733681369,
        625.4155098848281,
        479.7161024072042,
        790.9465668676612,
        646.4478889238785,
        644.5686526695027,
        1198.095724026297,
        656.8058380829357,
        201.04858388883972,
        128.92317892158258,
        1255.760031798188,
        120.99221027865133,
        585.8029394786395,
        666.7592668324843,
        724.6238224997643,
        592.0816318550949,
        493.3758211776318,
        113.42357387269482,
        1040.2550754567674,
        742.9183685970793,
        680.4884838008643,
        694.6293961033098,
        764.123827776242,
        834.7883957911412,
        776.5804098026791,
        976.2422167912343,
        734.75892648541,
        542.7496375271975,
        239.81763896672533,
        563.2957499926251,
        502.03896791403827,
        793.4295389734823,
        682.8491772904321,
        547.0416558715023,
        831.7003704203319,
        284.84334571022276,
        898.5921526955917,
        559.3810041880649,
        369.5891844146614,
        508.9224050288964,
        272.0161582104805,
        853.3776496602909,
        98.11575205106351,
        619.5427613418312,
        544.5826172588538,
        269.56140311464713,
        460.63219271444234,
        793.3483871647182,
        722.3055384249166,
        811.1149942983636,
        806.2159198443486,
        661.0546233750248,
        866.2858201755903,
        628.6593601607897,
        686.7984992554263,
        699.8284910228857,
        583.3209482134731,
        839.1065752777897,
        191.24776748852048,
        793.0167951014871,
        1763.0051663945378,
        287.7221586651943,
        995.1461817486459,
        1022.4497852954215,
        112.96677784429363,
        1159.9508492940486,
        607.0531202029254,
        675.4777046756692,
        569.5046535119135,
        673.278846964462,
        523.9282570299468,
        671.862978470077,
        733.1946350892033,
        737.1491048520861,
        417.89446425280977,
        162.45197925579,
        47.246834640171386,
        889.5510628908577,
        872.3829408612911,
        873.2562054900034,
        814.7252478246145,
        612.1493675490892,
        456.68212230961177,
        635.8427552634968,
        190.04432542322877,
        707.8568344248395,
        899.3732375491056,
        606.5783491141628
    ],
    "recent_successes": [
        1,
        1,
        1,
        1,
        1,
        1,
        0,
        1,
        1,
        1,
        1,
        1,
        1,
        1,
        1,
        1,
        1,
        1,
        1,
        1,
        1,
        1,
        1,
        1,
        1,
        1,
        1,
        1,
        1,
        1,
        1,
        1,
        1,
        1,
        1,
        1,
        1,
        1,
        1,
        1,
        1,
        1,
        1,
        1,
        1,
        1,
        1,
        1,
        1,
        1,
        1,
        1,
        1,
        1,
        1,
        1,
        1,
        1,
        1,
        1,
        1,
        1,
        1,
        1,
        1,
        1,
        1,
        1,
        1,
        1,
        1,
        1,
        1,
        1,
        1,
        1,
        1,
        1,
        1,
        1,
        1,
        1,
        1,
        1,
        1,
        1,
        1,
        1,
        0,
        1,
        1,
        1,
        1,
        1,
        1,
        1,
        1,
        1,
        1,
        1
    ],
    "recent_collisions": [
        0,
        0,
        0,
        0,
        0,
        0,
        0,
        0,
        0,
        0,
        0,
        0,
        0,
        0,
        0,
        0,
        0,
        0,
        0,
        0,
        0,
        0,
        0,
        0,
        0,
        0,
        0,
        0,
        0,
        0,
        0,
        0,
        0,
        0,
        0,
        0,
        0,
        0,
        0,
        0,
        0,
        0,
        0,
        0,
        0,
        0,
        0,
        0,
        0,
        0,
        0,
        0,
        0,
        0,
        0,
        0,
        0,
        0,
        0,
        0,
        0,
        0,
        0,
        0,
        0,
        0,
        0,
        0,
        0,
        0,
        0,
        0,
        0,
        0,
        0,
        0,
        0,
        0,
        0,
        0,
        0,
        0,
        0,
        0,
        0,
        0,
        0,
        0,
        0,
        0,
        0,
        0,
        0,
        0,
        0,
        0,
        0,
        0,
        0,
        0
    ],
    "recent_steps": [
        195,
        70,
        183,
        244,
        137,
        30,
        51,
        118,
        20,
        119,
        143,
        53,
        115,
        92,
        155,
        134,
        85,
        96,
        500,
        105,
        98,
        78,
        500,
        69,
        97,
        102,
        130,
        78,
        67,
        69,
        219,
        115,
        109,
        113,
        143,
        169,
        126,
        200,
        129,
        55,
        105,
        62,
        59,
        133,
        90,
        61,
        139,
        110,
        196,
        71,
        64,
        55,
        127,
        145,
        73,
        101,
        72,
        128,
        53,
        126,
        124,
        142,
        152,
        88,
        163,
        80,
        122,
        99,
        164,
        163,
        105,
        123,
        207,
        135,
        192,
        44,
        129,
        306,
        67,
        91,
        82,
        122,
        166,
        151,
        108,
        122,
        29,
        102,
        72,
        149,
        195,
        171,
        201,
        83,
        155,
        100,
        86,
        122,
        182,
        76
    ],
    "params": {
        "max_episodes": 1500,
        "max_steps": 500,
        "batch_size": 64,
        "learning_rate": 5e-05,
        "gamma": 0.99,
        "initial_epsilon": 0.2,
        "epsilon_decay": 0.998,
        "min_epsilon": 0.02,
        "memory_size": 100000,
        "target_update_freq": 5
    }
}