{
    "episode": 1900,
    "best_reward": 11402.41232431879,
    "best_success_rate": 1.0,
    "recent_rewards": [
        3518.3100234548715,
        5626.422420581177,
        6557.307676116679,
        7911.856431739954,
        7040.908543695328,
        6276.492976568257,
        6881.76842016232,
        5810.95216645095,
        9392.820805889627,
        -2185.915922458197,
        2750.006825004658,
        5898.48617435511,
        31.621072983294106,
        1206.3403850496813,
        -645.7647626179539,
        10142.496673554087,
        6186.038261298867,
        -84.20817734946785,
        7946.546617220603,
        6615.132836053,
        5583.569164658729,
        5355.613335498558,
        -382.9491794514064,
        5995.419024005388,
        7431.481545634366,
        4610.558362516757,
        6417.352310970607,
        4150.915995441136,
        5143.656616429801,
        7271.1772230147435,
        7350.419175714815,
        4497.652920303391,
        7610.018259707099,
        2770.227644907157,
        6575.074418244065,
        3619.235836502179,
        -355.19168459636745,
        6401.504194789706,
        4962.581751178625,
        7044.272195319363,
        6961.911043368149,
        7941.410910442049,
        10039.363453658478,
        4439.6466879599375,
        8284.48279137137,
        2003.1384165638326,
        6048.317279116469,
        8913.23628226362,
        7227.78290910932,
        5930.596765201608,
        6936.520622182599,
        7985.061700749631,
        8178.90327101283,
        8009.061938595449,
        6029.232612900696,
        4274.911358337293,
        8655.114724643216,
        7674.211968390488,
        6654.931510173125,
        6217.957416352674,
        7679.700914452531,
        7634.20491177432,
        172.1754955322096,
        7481.090714073276,
        8847.859714253014,
        2647.13472138292,
        9017.691414788178,
        6380.46004147393,
        7823.55708797142,
        6249.371969413671,
        6150.474026446762,
        7629.449650117905,
        3038.8563206461963,
        7269.064585245827,
        7182.490986243663,
        2525.442508468652,
        3392.54436046386,
        8027.961264229904,
        7828.531512463343,
        7288.303100572059,
        7415.490806491933,
        4888.803505418067,
        4920.458941054394,
        7067.492647893775,
        1742.6394578390114,
        5283.471846306275,
        8878.086818581793,
        7625.951866372588,
        7891.318360116635,
        4614.405555329454,
        5414.2676480647815,
        8636.068822499768,
        6976.643151712675,
        8246.854775691621,
        5680.275519545392,
        8087.067659953299,
        2882.984074902046,
        8571.338178196216,
        7105.680426555637,
        5163.117074838732
    ],
    "recent_successes": [
        1,
        1,
        1,
        1,
        1,
        1,
        1,
        1,
        1,
        0,
        1,
        1,
        0,
        1,
        0,
        1,
        1,
        0,
        1,
        1,
        1,
        1,
        0,
        1,
        1,
        1,
        1,
        1,
        1,
        1,
        1,
        1,
        1,
        1,
        1,
        1,
        0,
        1,
        1,
        1,
        1,
        1,
        1,
        1,
        1,
        0,
        1,
        1,
        1,
        1,
        1,
        1,
        1,
        1,
        1,
        1,
        1,
        1,
        1,
        1,
        1,
        1,
        0,
        1,
        1,
        1,
        1,
        1,
        1,
        1,
        1,
        1,
        1,
        1,
        1,
        1,
        1,
        1,
        1,
        1,
        1,
        1,
        1,
        1,
        1,
        1,
        1,
        1,
        1,
        1,
        1,
        1,
        1,
        1,
        1,
        1,
        1,
        1,
        1,
        1
    ],
    "recent_collisions": [
        0,
        0,
        0,
        0,
        0,
        0,
        0,
        0,
        0,
        1,
        0,
        0,
        1,
        0,
        1,
        0,
        0,
        1,
        0,
        0,
        0,
        0,
        1,
        0,
        0,
        0,
        0,
        0,
        0,
        0,
        0,
        0,
        0,
        0,
        0,
        0,
        1,
        0,
        0,
        0,
        0,
        0,
        0,
        0,
        0,
        0,
        0,
        0,
        0,
        0,
        0,
        0,
        0,
        0,
        0,
        0,
        0,
        0,
        0,
        0,
        0,
        0,
        0,
        0,
        0,
        0,
        0,
        0,
        0,
        0,
        0,
        0,
        0,
        0,
        0,
        0,
        0,
        0,
        0,
        0,
        0,
        0,
        0,
        0,
        0,
        0,
        0,
        0,
        0,
        0,
        0,
        0,
        0,
        0,
        0,
        0,
        0,
        0,
        0,
        0
    ],
    "recent_steps": [
        42,
        76,
        80,
        130,
        86,
        80,
        78,
        57,
        111,
        99,
        238,
        75,
        85,
        8,
        102,
        132,
        85,
        90,
        118,
        82,
        72,
        85,
        57,
        59,
        130,
        66,
        90,
        45,
        82,
        90,
        77,
        43,
        96,
        45,
        96,
        44,
        70,
        82,
        38,
        90,
        90,
        129,
        185,
        244,
        124,
        400,
        190,
        97,
        98,
        163,
        76,
        116,
        138,
        79,
        56,
        234,
        156,
        131,
        62,
        88,
        81,
        79,
        400,
        136,
        131,
        32,
        126,
        65,
        95,
        70,
        91,
        85,
        27,
        72,
        86,
        40,
        54,
        90,
        84,
        69,
        89,
        83,
        43,
        114,
        78,
        57,
        104,
        101,
        93,
        37,
        134,
        113,
        134,
        107,
        91,
        77,
        21,
        115,
        86,
        69
    ],
    "params": {
        "max_episodes": 2000,
        "max_steps": 400,
        "batch_size": 64,
        "learning_rate": 5e-05,
        "gamma": 0.99,
        "initial_epsilon": 1.0,
        "epsilon_decay": 0.995,
        "min_epsilon": 0.05,
        "memory_size": 100000,
        "target_update_freq": 10,
        "checkpoint_freq": 100,
        "resource_monitor_freq": 10
    },
    "resource_summary": "Training Time: 8:07:40\nAvg CPU Usage: 41.9%\nAvg Memory Usage: 5.2%\nAvg GPU Usage: 2.6%\nAvg GPU Memory: 961.7MB"
}