{
    "episode": 1400,
    "best_reward": 11402.41232431879,
    "best_success_rate": 1.0,
    "recent_rewards": [
        5606.525665044925,
        6569.387566347874,
        6985.136198900942,
        7852.328262646606,
        8353.643877236456,
        1216.935817993669,
        2672.6863358834976,
        11402.41232431879,
        4976.950463023371,
        4140.11344482683,
        7114.116840767773,
        5652.913395403437,
        8298.488502385468,
        7403.649341731487,
        8568.722678892342,
        6563.83074885864,
        5603.057891155686,
        2442.8711902536356,
        2326.4863139684476,
        6755.670073722175,
        5645.431214068325,
        3217.599365691849,
        6340.2028990687795,
        6701.32690718384,
        8413.6898120796,
        8059.601259841419,
        5921.261234429913,
        5179.074096189707,
        7535.398173990322,
        9471.84130588092,
        2391.9281361371723,
        6962.1219546990305,
        3253.747842994558,
        6207.816038427915,
        5316.463136045875,
        10022.728996890088,
        5546.321143881289,
        5449.828868800645,
        2541.584393741579,
        9509.889878704886,
        4892.1172170941345,
        8450.02332387014,
        8426.40666509584,
        7435.3844127963985,
        6690.341408529285,
        6886.1052618068215,
        6582.808392814317,
        1468.5148593856636,
        6803.321867908217,
        3877.730005472249,
        1409.8286966023938,
        6843.8409645841275,
        6742.988818979414,
        3497.836560299537,
        2204.926944049236,
        7065.33989035314,
        10208.010718638057,
        9354.555771070834,
        5969.4303165622005,
        8057.803530949337,
        5296.177830378686,
        2356.487736981814,
        7066.292415335183,
        2096.247935167578,
        5744.867465003764,
        6854.4499615866025,
        6787.318009736641,
        8381.535557937023,
        7139.070003699224,
        6437.705753524303,
        7621.558858477967,
        4946.140194931549,
        9154.569354021347,
        5681.942383755235,
        7308.6333965375925,
        7984.339406243498,
        7173.572192000311,
        8300.600731415298,
        8985.44055512552,
        4237.48694776374,
        9447.15702338429,
        6400.404533895102,
        6957.194479658237,
        8234.148619837812,
        9995.482341136398,
        5497.573152287596,
        6233.925246425951,
        5798.1639097481475,
        5407.9360821996615,
        1148.0002388258042,
        7003.464378689887,
        1235.730943093311,
        7107.111644668591,
        7218.504726674104,
        8325.226373933157,
        2749.1180298602158,
        8300.486460266711,
        6078.182349644855,
        6727.850545558441,
        3084.1774010673234
    ],
    "recent_successes": [
        1,
        1,
        1,
        1,
        1,
        1,
        1,
        1,
        1,
        1,
        1,
        1,
        1,
        1,
        1,
        1,
        1,
        1,
        1,
        1,
        1,
        1,
        1,
        1,
        1,
        1,
        1,
        1,
        1,
        1,
        1,
        1,
        1,
        1,
        1,
        1,
        1,
        1,
        1,
        1,
        1,
        1,
        1,
        1,
        1,
        1,
        1,
        1,
        1,
        1,
        1,
        1,
        1,
        1,
        1,
        1,
        1,
        1,
        1,
        1,
        1,
        1,
        1,
        1,
        1,
        1,
        1,
        1,
        1,
        1,
        1,
        1,
        1,
        1,
        1,
        1,
        1,
        1,
        1,
        1,
        1,
        1,
        1,
        1,
        1,
        1,
        1,
        1,
        1,
        1,
        1,
        1,
        1,
        1,
        1,
        1,
        1,
        1,
        1,
        1
    ],
    "recent_collisions": [
        0,
        0,
        0,
        0,
        0,
        0,
        0,
        0,
        0,
        0,
        0,
        0,
        0,
        0,
        0,
        0,
        0,
        0,
        0,
        0,
        0,
        0,
        0,
        0,
        0,
        0,
        0,
        0,
        0,
        0,
        0,
        0,
        0,
        0,
        0,
        0,
        0,
        0,
        0,
        0,
        0,
        0,
        0,
        0,
        0,
        0,
        0,
        0,
        0,
        0,
        0,
        0,
        0,
        0,
        0,
        0,
        0,
        0,
        0,
        0,
        0,
        0,
        0,
        0,
        0,
        0,
        0,
        0,
        0,
        0,
        0,
        0,
        0,
        0,
        0,
        0,
        0,
        0,
        0,
        0,
        0,
        0,
        0,
        0,
        0,
        0,
        0,
        0,
        0,
        0,
        0,
        0,
        0,
        0,
        0,
        0,
        0,
        0,
        0,
        0
    ],
    "recent_steps": [
        86,
        68,
        89,
        88,
        199,
        1,
        241,
        318,
        58,
        39,
        63,
        73,
        117,
        74,
        147,
        90,
        54,
        250,
        20,
        90,
        48,
        49,
        80,
        93,
        133,
        139,
        57,
        51,
        86,
        105,
        31,
        83,
        32,
        93,
        52,
        133,
        74,
        71,
        28,
        192,
        65,
        122,
        205,
        81,
        84,
        118,
        66,
        11,
        121,
        38,
        9,
        98,
        98,
        45,
        35,
        149,
        226,
        97,
        95,
        83,
        76,
        39,
        153,
        241,
        84,
        109,
        156,
        148,
        80,
        120,
        78,
        65,
        253,
        58,
        91,
        157,
        72,
        83,
        87,
        40,
        114,
        134,
        82,
        182,
        155,
        57,
        81,
        77,
        69,
        4,
        151,
        8,
        85,
        91,
        190,
        231,
        97,
        86,
        76,
        29
    ],
    "params": {
        "max_episodes": 2000,
        "max_steps": 400,
        "batch_size": 64,
        "learning_rate": 5e-05,
        "gamma": 0.99,
        "initial_epsilon": 1.0,
        "epsilon_decay": 0.995,
        "min_epsilon": 0.05,
        "memory_size": 100000,
        "target_update_freq": 10,
        "checkpoint_freq": 100,
        "resource_monitor_freq": 10
    },
    "resource_summary": "Training Time: 5:49:51\nAvg CPU Usage: 41.9%\nAvg Memory Usage: 5.4%\nAvg GPU Usage: 2.6%\nAvg GPU Memory: 961.6MB"
}