{
    "episode": 1800,
    "best_reward": 11402.41232431879,
    "best_success_rate": 1.0,
    "recent_rewards": [
        7950.873660833166,
        5934.347098416427,
        8664.393370464146,
        8039.095916288444,
        1658.829174733713,
        6117.385749144129,
        7261.896623831633,
        6676.514929822872,
        8253.212319233706,
        2489.9677671539157,
        6390.300944044083,
        6085.607131376424,
        4202.783261229034,
        6987.034430948778,
        49.795068223684666,
        912.3997850720907,
        6358.843212505119,
        4987.995203966029,
        5081.153416574032,
        1400.9942781390619,
        6787.444044090404,
        5898.071410054452,
        3625.0426994863064,
        8496.953647592465,
        6733.334148825836,
        850.4548718062563,
        5144.505529790983,
        1317.5539580691943,
        6078.153347200929,
        5909.158464766678,
        6376.684335757161,
        9485.647751182925,
        7163.181472814696,
        6651.620197848008,
        7850.325991426086,
        1709.2435897387688,
        6549.555014656701,
        6986.996345582791,
        1958.1338252546172,
        7964.829694475742,
        7957.997095841484,
        8709.782209840181,
        4615.298325110605,
        7022.904351411869,
        8527.446139684314,
        7338.0214993547215,
        6466.480898409471,
        7665.452108863103,
        6948.310687524972,
        4622.632531519276,
        7691.3034422630835,
        9870.355914580701,
        9940.23919959193,
        1721.0997904823057,
        6961.396417154636,
        8520.293301186643,
        7867.844339626035,
        4152.609551226821,
        7496.873202089823,
        7092.484521973747,
        6687.47664173675,
        7224.5309371867625,
        8068.33548909211,
        7190.878542665915,
        8155.270910195311,
        6913.270706427398,
        5348.311676954261,
        1260.452099460846,
        6231.159605941808,
        5682.275083701485,
        7289.406105172134,
        6898.335857598093,
        7615.573012664755,
        7158.694955334705,
        -867.3155120060663,
        6398.753458767407,
        7362.112732735282,
        -1845.2918320381355,
        3556.1678258088214,
        3861.673259302506,
        6641.117126726269,
        6798.778978952864,
        6672.199315607025,
        2965.3664695757448,
        3184.116773436706,
        3709.1311163117307,
        7489.014178805002,
        7875.01815737192,
        4924.820452667426,
        6144.184719008896,
        4841.948174774844,
        7077.765651776847,
        7257.395964006719,
        7328.00089119967,
        5912.916611819721,
        6183.311860736144,
        1497.3229022020428,
        5640.431196880403,
        7137.729848348176,
        6774.311151095172
    ],
    "recent_successes": [
        1,
        1,
        1,
        1,
        1,
        1,
        1,
        1,
        1,
        1,
        1,
        1,
        1,
        1,
        1,
        1,
        1,
        1,
        1,
        1,
        1,
        1,
        1,
        1,
        1,
        1,
        1,
        1,
        1,
        1,
        1,
        1,
        1,
        1,
        1,
        1,
        1,
        1,
        1,
        1,
        1,
        1,
        1,
        1,
        1,
        1,
        1,
        1,
        1,
        1,
        1,
        1,
        1,
        1,
        1,
        1,
        1,
        1,
        1,
        1,
        1,
        1,
        1,
        1,
        1,
        1,
        1,
        1,
        1,
        1,
        1,
        1,
        1,
        1,
        0,
        1,
        1,
        0,
        1,
        1,
        1,
        1,
        1,
        1,
        1,
        1,
        1,
        1,
        1,
        1,
        1,
        1,
        1,
        1,
        1,
        1,
        1,
        1,
        1,
        1
    ],
    "recent_collisions": [
        0,
        0,
        0,
        0,
        0,
        0,
        0,
        0,
        0,
        0,
        0,
        0,
        0,
        0,
        0,
        0,
        0,
        0,
        0,
        0,
        0,
        0,
        0,
        0,
        0,
        0,
        0,
        0,
        0,
        0,
        0,
        0,
        0,
        0,
        0,
        0,
        0,
        0,
        0,
        0,
        0,
        0,
        0,
        0,
        0,
        0,
        0,
        0,
        0,
        0,
        0,
        0,
        0,
        0,
        0,
        0,
        0,
        0,
        0,
        0,
        0,
        0,
        0,
        0,
        0,
        0,
        0,
        0,
        0,
        0,
        0,
        0,
        0,
        0,
        0,
        0,
        0,
        0,
        0,
        0,
        0,
        0,
        0,
        0,
        0,
        0,
        0,
        0,
        0,
        0,
        0,
        0,
        0,
        0,
        0,
        0,
        0,
        0,
        0,
        0
    ],
    "recent_steps": [
        94,
        70,
        106,
        88,
        52,
        114,
        84,
        90,
        106,
        27,
        131,
        76,
        42,
        96,
        129,
        1,
        90,
        53,
        68,
        22,
        99,
        66,
        264,
        106,
        129,
        1,
        50,
        8,
        81,
        74,
        118,
        189,
        122,
        103,
        93,
        41,
        138,
        82,
        208,
        92,
        81,
        107,
        82,
        133,
        113,
        123,
        88,
        113,
        99,
        61,
        123,
        160,
        131,
        54,
        117,
        116,
        149,
        49,
        121,
        73,
        81,
        134,
        116,
        76,
        93,
        82,
        57,
        222,
        70,
        77,
        100,
        85,
        84,
        93,
        400,
        99,
        143,
        400,
        46,
        45,
        127,
        71,
        101,
        68,
        25,
        39,
        90,
        87,
        149,
        101,
        91,
        95,
        90,
        86,
        83,
        75,
        16,
        61,
        118,
        115
    ],
    "params": {
        "max_episodes": 2000,
        "max_steps": 400,
        "batch_size": 64,
        "learning_rate": 5e-05,
        "gamma": 0.99,
        "initial_epsilon": 1.0,
        "epsilon_decay": 0.995,
        "min_epsilon": 0.05,
        "memory_size": 100000,
        "target_update_freq": 10,
        "checkpoint_freq": 100,
        "resource_monitor_freq": 10
    },
    "resource_summary": "Training Time: 7:38:22\nAvg CPU Usage: 41.9%\nAvg Memory Usage: 5.2%\nAvg GPU Usage: 2.6%\nAvg GPU Memory: 961.7MB"
}