{
    "episode": 1500,
    "best_reward": 11402.41232431879,
    "best_success_rate": 1.0,
    "recent_rewards": [
        1206.4448520324163,
        6933.861377608374,
        7591.122792038492,
        5132.536510643018,
        5245.7885160856695,
        4775.572840967455,
        5797.462162244503,
        5653.215475308112,
        6047.827204795405,
        8434.906318383328,
        8500.17835489649,
        7855.295982664913,
        8817.571978517555,
        6268.293626320635,
        5663.819040687199,
        1533.7269664589405,
        6885.679327705483,
        6233.594239989716,
        7115.516187244353,
        6467.645955926346,
        6501.939523996959,
        7521.832501000724,
        8558.709987336244,
        5025.459010653703,
        3840.0365641722437,
        9711.991017676784,
        5814.465354914633,
        7779.687270358978,
        2841.043534928901,
        5026.609446338146,
        3123.126055834344,
        7089.165697722739,
        9052.320964483195,
        7202.028467539845,
        6150.14039883079,
        7300.655718650636,
        8483.398521178555,
        2744.943759889976,
        7612.980766271226,
        7098.416337777232,
        6246.7211882608335,
        5165.848508603402,
        6621.387005789584,
        5943.033369385888,
        8326.030724683016,
        6585.170915235518,
        8415.876117532964,
        8023.383324571433,
        8820.337842767382,
        5690.143212548767,
        8221.555609520277,
        7467.05535834685,
        6172.389563143479,
        2956.6519466845293,
        10763.202289226203,
        4863.335962123427,
        7614.4326740965935,
        7555.987071337786,
        7684.4105044411535,
        750.38497708574,
        3538.0967629062698,
        7345.386841594896,
        7965.818598484375,
        9072.312000663083,
        5887.051767432977,
        6437.338347004636,
        7275.073291001925,
        9200.296616117274,
        8488.723111548301,
        7770.449126975673,
        5947.2193290083005,
        9366.817925434374,
        6196.609134443382,
        1759.8564822437106,
        6420.136286723474,
        1040.4701654455575,
        4489.373228163635,
        8411.226019626567,
        3483.8449138348597,
        7478.468084095574,
        7070.688892226277,
        9838.085072504904,
        7052.6993305654705,
        5208.578724623942,
        9668.199902642378,
        -354.82284086260324,
        9350.854175631517,
        7502.7226574161505,
        11315.912197707934,
        4878.312312406472,
        8013.670630132649,
        6285.077989150186,
        6484.067787202937,
        10648.835210583055,
        1180.536676201812,
        1607.9542010167957,
        9174.767889507082,
        2556.041115619446,
        7682.742527163688,
        3675.9086988249137
    ],
    "recent_successes": [
        1,
        1,
        1,
        1,
        1,
        1,
        1,
        1,
        1,
        1,
        1,
        1,
        1,
        1,
        1,
        1,
        1,
        1,
        1,
        1,
        1,
        1,
        1,
        1,
        1,
        1,
        1,
        1,
        1,
        1,
        1,
        1,
        1,
        1,
        1,
        1,
        1,
        1,
        1,
        1,
        1,
        1,
        1,
        1,
        1,
        1,
        1,
        1,
        1,
        1,
        1,
        1,
        1,
        1,
        1,
        1,
        1,
        1,
        1,
        1,
        1,
        1,
        1,
        1,
        1,
        1,
        1,
        1,
        1,
        1,
        1,
        1,
        1,
        1,
        1,
        1,
        1,
        1,
        1,
        1,
        1,
        1,
        1,
        1,
        1,
        0,
        1,
        1,
        1,
        1,
        1,
        1,
        1,
        1,
        1,
        1,
        1,
        1,
        1,
        1
    ],
    "recent_collisions": [
        0,
        0,
        0,
        0,
        0,
        0,
        0,
        0,
        0,
        0,
        0,
        0,
        0,
        0,
        0,
        0,
        0,
        0,
        0,
        0,
        0,
        0,
        0,
        0,
        0,
        0,
        0,
        0,
        0,
        0,
        0,
        0,
        0,
        0,
        0,
        0,
        0,
        0,
        0,
        0,
        0,
        0,
        0,
        0,
        0,
        0,
        0,
        0,
        0,
        0,
        0,
        0,
        0,
        0,
        0,
        0,
        0,
        0,
        0,
        0,
        0,
        0,
        0,
        0,
        0,
        0,
        0,
        0,
        0,
        0,
        0,
        0,
        0,
        0,
        0,
        0,
        0,
        0,
        0,
        0,
        0,
        0,
        0,
        0,
        0,
        0,
        0,
        0,
        0,
        0,
        0,
        0,
        0,
        0,
        0,
        0,
        0,
        0,
        0,
        0
    ],
    "recent_steps": [
        3,
        75,
        95,
        60,
        43,
        52,
        82,
        173,
        83,
        106,
        112,
        88,
        108,
        80,
        55,
        37,
        165,
        91,
        97,
        81,
        105,
        153,
        110,
        65,
        53,
        191,
        74,
        92,
        35,
        64,
        29,
        71,
        94,
        98,
        153,
        72,
        105,
        30,
        142,
        82,
        58,
        65,
        125,
        85,
        134,
        81,
        91,
        85,
        128,
        71,
        109,
        83,
        80,
        43,
        214,
        48,
        101,
        85,
        86,
        208,
        34,
        115,
        97,
        106,
        63,
        83,
        152,
        150,
        106,
        144,
        100,
        151,
        68,
        14,
        82,
        1,
        35,
        137,
        36,
        145,
        93,
        193,
        82,
        64,
        127,
        173,
        140,
        73,
        220,
        44,
        121,
        106,
        105,
        169,
        4,
        14,
        101,
        39,
        108,
        29
    ],
    "params": {
        "max_episodes": 2000,
        "max_steps": 400,
        "batch_size": 64,
        "learning_rate": 5e-05,
        "gamma": 0.99,
        "initial_epsilon": 1.0,
        "epsilon_decay": 0.995,
        "min_epsilon": 0.05,
        "memory_size": 100000,
        "target_update_freq": 10,
        "checkpoint_freq": 100,
        "resource_monitor_freq": 10
    },
    "resource_summary": "Training Time: 6:17:38\nAvg CPU Usage: 41.9%\nAvg Memory Usage: 5.3%\nAvg GPU Usage: 2.6%\nAvg GPU Memory: 961.7MB"
}