{
    "episode": 1600,
    "best_reward": 11402.41232431879,
    "best_success_rate": 1.0,
    "recent_rewards": [
        8421.943769028101,
        7234.270574801663,
        7395.039913391391,
        4092.7684194182466,
        7771.929390787698,
        1320.466243662893,
        8238.787683128972,
        2506.80346351447,
        10076.673479870602,
        7567.933156513316,
        2173.0096066732162,
        6235.98535500003,
        8768.820599724702,
        845.5688519113587,
        8258.829759143982,
        6069.983467275121,
        2217.2821387386625,
        3157.8036914981562,
        7912.0460719981,
        8597.81179647792,
        1219.493460208766,
        7780.982957650452,
        6675.910215978032,
        5548.301280741849,
        6148.708563200306,
        5773.116991602601,
        6952.700229893042,
        6472.664816582262,
        4498.70758297592,
        7511.446525501661,
        4822.037331051491,
        2829.9001904034217,
        5743.54537560017,
        3220.656101435177,
        7620.61967802607,
        7248.397513739064,
        9451.181405807185,
        6890.914823894822,
        7691.132808719145,
        2133.863914330876,
        7325.619464752794,
        6457.722732265231,
        2762.06096572374,
        7177.705524550679,
        7744.248152185819,
        5617.987437324541,
        6470.7600062423735,
        5967.276587502511,
        6514.929368322859,
        7380.122821663133,
        2415.168849338311,
        6764.272777271801,
        6252.319521452203,
        5340.130979144582,
        7832.901423050407,
        7043.4377356699515,
        4997.5082554051605,
        5813.074305513296,
        7358.887477295221,
        2661.100479726129,
        3148.482537070385,
        7012.753830342328,
        8175.8331409187085,
        1463.807695969254,
        7624.968443029839,
        4871.995331751352,
        9280.11019555629,
        7715.390999485786,
        5363.126252497654,
        8012.372661048309,
        6746.587323535052,
        9058.521442556284,
        6712.636577194018,
        4058.704542329683,
        8876.126930701399,
        9504.909296043077,
        4106.183442369054,
        6851.548761499087,
        4483.173899613788,
        6859.397199191119,
        8647.888772087515,
        1442.344357489673,
        8948.021689657002,
        7288.681169185019,
        5593.713623289262,
        7485.669734233444,
        6710.665226332491,
        4848.985718384764,
        7696.164859841922,
        2437.8274241948293,
        5329.658736006013,
        2327.027662250018,
        8647.208598497293,
        5478.830330153252,
        5405.664826169228,
        7253.5586623003755,
        5696.7511007514295,
        4758.230558323281,
        6439.9988520401885,
        5184.986197894414
    ],
    "recent_successes": [
        1,
        1,
        1,
        1,
        1,
        1,
        1,
        1,
        1,
        1,
        1,
        1,
        1,
        1,
        1,
        1,
        1,
        1,
        1,
        1,
        1,
        1,
        1,
        1,
        1,
        1,
        1,
        1,
        1,
        1,
        1,
        1,
        1,
        1,
        1,
        1,
        1,
        1,
        1,
        1,
        1,
        1,
        1,
        1,
        1,
        1,
        1,
        1,
        1,
        1,
        1,
        1,
        1,
        1,
        1,
        1,
        1,
        1,
        1,
        1,
        1,
        1,
        1,
        1,
        1,
        1,
        1,
        1,
        1,
        1,
        1,
        1,
        1,
        1,
        1,
        1,
        1,
        1,
        1,
        1,
        1,
        1,
        1,
        1,
        1,
        1,
        1,
        1,
        1,
        1,
        1,
        1,
        1,
        1,
        1,
        1,
        1,
        1,
        1,
        1
    ],
    "recent_collisions": [
        0,
        0,
        0,
        0,
        0,
        0,
        0,
        0,
        0,
        0,
        0,
        0,
        0,
        0,
        0,
        0,
        0,
        0,
        0,
        0,
        0,
        0,
        0,
        0,
        0,
        0,
        0,
        0,
        0,
        0,
        0,
        0,
        0,
        0,
        0,
        0,
        0,
        0,
        0,
        0,
        0,
        0,
        0,
        0,
        0,
        0,
        0,
        0,
        0,
        0,
        0,
        0,
        0,
        0,
        0,
        0,
        0,
        0,
        0,
        0,
        0,
        0,
        0,
        0,
        0,
        0,
        0,
        0,
        0,
        0,
        0,
        0,
        0,
        0,
        0,
        0,
        0,
        0,
        0,
        0,
        0,
        0,
        0,
        0,
        0,
        0,
        0,
        0,
        0,
        0,
        0,
        0,
        0,
        0,
        0,
        0,
        0,
        0,
        0,
        0
    ],
    "recent_steps": [
        90,
        146,
        84,
        53,
        95,
        12,
        117,
        39,
        108,
        82,
        39,
        74,
        109,
        1,
        122,
        169,
        27,
        43,
        79,
        122,
        5,
        96,
        132,
        99,
        81,
        161,
        200,
        86,
        53,
        142,
        58,
        33,
        73,
        49,
        91,
        75,
        110,
        103,
        93,
        27,
        74,
        110,
        35,
        97,
        138,
        87,
        171,
        74,
        61,
        82,
        27,
        100,
        77,
        68,
        122,
        101,
        64,
        50,
        116,
        26,
        52,
        101,
        130,
        16,
        99,
        59,
        114,
        73,
        61,
        108,
        105,
        123,
        72,
        40,
        98,
        119,
        37,
        92,
        46,
        122,
        128,
        38,
        108,
        112,
        84,
        107,
        74,
        41,
        130,
        79,
        69,
        17,
        135,
        62,
        85,
        104,
        75,
        47,
        124,
        56
    ],
    "params": {
        "max_episodes": 2000,
        "max_steps": 400,
        "batch_size": 64,
        "learning_rate": 5e-05,
        "gamma": 0.99,
        "initial_epsilon": 1.0,
        "epsilon_decay": 0.995,
        "min_epsilon": 0.05,
        "memory_size": 100000,
        "target_update_freq": 10,
        "checkpoint_freq": 100,
        "resource_monitor_freq": 10
    },
    "resource_summary": "Training Time: 6:42:33\nAvg CPU Usage: 41.9%\nAvg Memory Usage: 5.3%\nAvg GPU Usage: 2.6%\nAvg GPU Memory: 961.7MB"
}