{
    "training_time": [
        2.0187156200408936
    ],
    "cpu_usage": [
        57.9
    ],
    "memory_usage": [
        3.568520440216363
    ],
    "gpu_usage": [
        1.0
    ],
    "gpu_memory": [
        454.0
    ]
}