{
    "training_time": [
        4.0134618282318115
    ],
    "cpu_usage": [
        39.3
    ],
    "memory_usage": [
        3.560670507309912
    ],
    "gpu_usage": [
        0.0
    ],
    "gpu_memory": [
        820.0
    ]
}