{
    "training_time": [
        3.9741547107696533
    ],
    "cpu_usage": [
        40.3
    ],
    "memory_usage": [
        3.553804892009285
    ],
    "gpu_usage": [
        0.0
    ],
    "gpu_memory": [
        912.0
    ]
}