{
    "training_time": [
        1.7297699451446533
    ],
    "cpu_usage": [
        41.3
    ],
    "memory_usage": [
        3.5610888422923868
    ],
    "gpu_usage": [
        1.0
    ],
    "gpu_memory": [
        728.0
    ]
}