{
    "training_time": [
        1.6723546981811523
    ],
    "cpu_usage": [
        50.0
    ],
    "memory_usage": [
        3.5552813684180222
    ],
    "gpu_usage": [
        1.0
    ],
    "gpu_memory": [
        454.0
    ]
}