{"episode_rewards": [], "losses": [0.3647136092185974, 0.34686794877052307, 0.3578316271305084, 0.3363246023654938, 0.2881896495819092, 0.2675892114639282, 0.2794075608253479, 0.2908779978752136, 0.28253811597824097, 0.277394562959671, 0.27644848823547363, 0.24392658472061157, 0.2791185975074768, 0.25941747426986694, 0.2393374890089035, 0.2630528211593628, 0.28063011169433594, 0.24993616342544556, 0.21383772790431976, 0.2702558636665344, 0.22378988564014435, 0.2116435170173645, 0.24809695780277252, 0.24707333743572235, 0.22545784711837769, 0.20225366950035095, 0.22382307052612305, 0.19199343025684357, 0.19154278934001923, 0.23838511109352112, 0.231007918715477, 0.19303691387176514, 0.1823737770318985, 0.24615541100502014, 0.21083931624889374, 0.21631190180778503, 0.20225010812282562, 0.17707502841949463, 0.14663498103618622, 0.18574124574661255, 0.17630521953105927, 0.2668919265270233, 0.17064934968948364, 0.20227769017219543, 0.16166818141937256, 0.17806300520896912, 0.22424647212028503, 0.21176666021347046, 0.17612019181251526, 0.2128722369670868, 0.23530545830726624, 0.2681322991847992, 0.24697449803352356, 0.23838132619857788, 0.2660492956638336, 0.25366470217704773, 0.22850914299488068, 0.2447018027305603, 0.2121596336364746, 0.21331149339675903, 0.20064817368984222, 0.19990310072898865, 0.1929970532655716, 0.16990703344345093, 0.20713186264038086, 0.22976040840148926, 0.1755402684211731, 0.12377796322107315, 0.15952293574810028, 0.15731696784496307, 0.18885307013988495, 0.23014432191848755, 0.1652388870716095, 0.18048851191997528, 0.149036705493927, 0.12221646308898926, 0.1840415894985199, 0.16230538487434387, 0.17311033606529236, 0.1303594410419464, 0.17018862068653107, 0.13192912936210632, 0.14451748132705688, 0.1622028946876526, 0.17045608162879944, 0.13720382750034332, 0.1748306304216385, 0.12250551581382751, 0.15690279006958008, 0.1531486213207245, 0.12605459988117218, 3.259761095046997], "avg_q_values": [0.3729930818080902, 0.362653911113739, 0.3515321910381317, 0.3050725758075714, 0.34529200196266174, 0.333596408367157, 0.36790961027145386, 0.40926283597946167, 0.37282007932662964, 0.3575133979320526, 0.31514620780944824, 0.31682610511779785, 0.26550737023353577, 0.22876247763633728, 0.20833909511566162, 0.21565690636634827, 0.226386159658432, 0.2567383348941803, 0.308714359998703, 0.291270911693573, 0.3261711895465851, 0.3505600094795227, 0.325620174407959, 0.3028591573238373, 0.2822590470314026, 0.20117023587226868, 0.23561230301856995, 0.20338992774486542, 0.1822265088558197, 0.2120935618877411, 0.15667724609375, 0.23249170184135437, 0.28022095561027527, 0.3020673990249634, 0.32982686161994934, 0.40619388222694397, 0.4104349911212921, 0.39153724908828735, 0.3224479556083679, 0.30348503589630127, 0.3020770847797394, 0.2825033664703369, 0.30048978328704834, 0.1692599207162857, 0.15333637595176697, 0.20245741307735443, 0.18269082903862, 0.16440966725349426, 0.2232578545808792, 0.2123497724533081, 0.28090900182724, 0.3148041367530823, 0.24547186493873596, 0.3936954140663147, 0.38607728481292725, 0.35260260105133057, 0.43088966608047485, 0.390068382024765, 0.2863541841506958, 0.29585009813308716, 0.2223137617111206, 0.1265372335910797, 0.10204298794269562, 0.08529017865657806, -0.013187522068619728, 0.01448577456176281, 0.1120062842965126, 0.1056174784898758, 0.1931561976671219, 0.2773139178752899, 0.3129020631313324, 0.3563688397407532, 0.37657493352890015, 0.48653972148895264, 0.44049811363220215, 0.49187371134757996, 0.34228405356407166, 0.3168841302394867, 0.28464484214782715, 0.2251676321029663, 0.27120769023895264, 0.2354196310043335, 0.3653936982154846, 0.2807459235191345, 0.4125121235847473, 0.516032338142395, 0.4708836078643799, 0.35936200618743896, 0.4372662901878357, 0.4830222725868225, 0.4549744725227356, 0.33458343148231506]}