{
    "training_time": [
        1.6874942779541016
    ],
    "cpu_usage": [
        36.8
    ],
    "memory_usage": [
        3.559216887141398
    ],
    "gpu_usage": [
        2.0
    ],
    "gpu_memory": [
        51.0
    ]
}