{
    "training_time": [
        1.1890268325805664
    ],
    "cpu_usage": [
        39.6
    ],
    "memory_usage": [
        3.5589954157890866
    ],
    "gpu_usage": [
        0.0
    ],
    "gpu_memory": [
        51.0
    ]
}