{
    "training_time": [
        1.6874942779541016,
        413.4353234767914,
        669.4393019676208,
        976.1330652236938,
        1345.1388239860535,
        1591.8457362651825,
        1792.8461337089539,
        1994.0080347061157,
        2146.1849308013916,
        2320.592195034027,
        2498.0169069767,
        2623.1150131225586,
        2739.6245391368866,
        2892.9649879932404,
        3089.4842236042023,
        3251.1535019874573,
        3403.313953638077,
        3564.781910419464,
        3698.4216635227203,
        3824.137504339218,
        3960.7499692440033,
        4140.387226104736,
        4365.892431735992,
        4565.769931554794,
        4790.101479053497,
        4978.662361383438,
        5154.867231369019,
        5346.605787038803,
        5542.983872890472,
        5788.466353178024,
        5995.516456604004,
        6177.4884741306305,
        6360.939402103424,
        6610.737326622009,
        6778.259680747986,
        6958.2052845954895,
        7121.19024515152,
        7388.820948839188,
        7617.42284488678,
        7850.369894742966,
        8003.991978883743
    ],
    "cpu_usage": [
        36.8,
        43.1,
        44.0,
        42.6,
        43.9,
        44.5,
        45.0,
        45.3,
        41.5,
        43.5,
        44.1,
        41.6,
        41.2,
        43.3,
        45.4,
        42.8,
        43.3,
        43.0,
        45.1,
        43.4,
        43.1,
        44.0,
        44.8,
        42.1,
        43.0,
        42.8,
        43.7,
        42.2,
        43.1,
        44.1,
        43.1,
        44.6,
        43.6,
        43.5,
        43.1,
        43.1,
        44.4,
        44.5,
        42.9,
        44.1,
        41.5
    ],
    "memory_usage": [
        3.559216887141398,
        5.418345850155928,
        5.424399400452441,
        5.431904818502996,
        5.439336412769447,
        5.444331822160472,
        5.448564385782425,
        5.452600085980101,
        5.4558237245526335,
        5.459859424750309,
        5.4635506139555,
        5.4682015123540415,
        5.469136613619356,
        5.471671230206921,
        5.475534674908354,
        5.478905961049095,
        5.481981952053421,
        5.485304022338093,
        5.4879616785658305,
        5.490496295153395,
        5.4933262068773745,
        5.4983462241964345,
        5.501446823128794,
        5.5055563471105735,
        5.510158029653046,
        5.514046082282513,
        5.517368152567185,
        5.521502284476999,
        5.525562592602709,
        5.530582609921769,
        5.534987429039964,
        5.5433787324997645,
        5.544929031965944,
        5.547291393057266,
        5.550736502982112,
        5.554403084259269,
        5.557552899047698,
        5.563065074927449,
        5.567568325757782,
        5.572342263796496,
        5.575467470656891
    ],
    "gpu_usage": [
        2.0,
        2.0,
        2.0,
        2.0,
        2.0,
        2.0,
        1.0,
        2.0,
        2.0,
        1.0,
        2.0,
        2.0,
        1.0,
        1.0,
        2.0,
        2.0,
        2.0,
        2.0,
        2.0,
        2.0,
        2.0,
        2.0,
        2.0,
        2.0,
        2.0,
        2.0,
        2.0,
        2.0,
        2.0,
        2.0,
        2.0,
        2.0,
        2.0,
        2.0,
        2.0,
        2.0,
        2.0,
        1.0,
        1.0,
        2.0,
        2.0
    ],
    "gpu_memory": [
        51.0,
        99.0,
        99.0,
        99.0,
        99.0,
        99.0,
        99.0,
        99.0,
        99.0,
        99.0,
        99.0,
        99.0,
        99.0,
        99.0,
        99.0,
        99.0,
        99.0,
        99.0,
        99.0,
        99.0,
        99.0,
        99.0,
        99.0,
        99.0,
        99.0,
        99.0,
        99.0,
        99.0,
        99.0,
        99.0,
        99.0,
        99.0,
        99.0,
        99.0,
        99.0,
        99.0,
        99.0,
        99.0,
        99.0,
        99.0,
        99.0
    ]
}