{
    "training_time": [
        1.7816126346588135
    ],
    "cpu_usage": [
        43.6
    ],
    "memory_usage": [
        3.564632385673356
    ],
    "gpu_usage": [
        1.0
    ],
    "gpu_memory": [
        232.0
    ]
}