{
    "training_time": [
        1.367450475692749,
        456.42202401161194
    ],
    "cpu_usage": [
        43.0,
        41.1
    ],
    "memory_usage": [
        3.5030141035487357,
        5.122044309549185
    ],
    "gpu_usage": [
        1.0,
        2.0
    ],
    "gpu_memory": [
        1580.0,
        1636.0
    ]
}