{
    "training_time": [
        1.8618617057800293
    ],
    "cpu_usage": [
        53.3
    ],
    "memory_usage": [
        3.554961465196129
    ],
    "gpu_usage": [
        1.0
    ],
    "gpu_memory": [
        232.0
    ]
}