{
    "training_time": [
        1.1957218647003174
    ],
    "cpu_usage": [
        32.2
    ],
    "memory_usage": [
        3.5660104303215103
    ],
    "gpu_usage": [
        1.0
    ],
    "gpu_memory": [
        232.0
    ]
}