{
    "training_time": [
        1.2664964199066162,
        193.31995511054993,
        425.2501745223999,
        654.221931219101,
        890.4468333721161,
        1135.6300015449524,
        1308.1041977405548,
        1512.1011281013489,
        1730.9184629917145,
        1900.4724707603455,
        2222.5536303520203
    ],
    "cpu_usage": [
        28.6,
        44.7,
        42.0,
        41.6,
        42.7,
        42.2,
        43.2,
        42.5,
        41.6,
        41.5,
        43.1
    ],
    "memory_usage": [
        3.5655182715185982,
        5.423688439854134,
        5.428585419943111,
        5.431070821897818,
        5.434023774715293,
        5.439117618325435,
        5.4427595934669855,
        5.447016767112177,
        5.451790707500426,
        5.455432682641978,
        5.462249082062312
    ],
    "gpu_usage": [
        1.0,
        2.0,
        1.0,
        2.0,
        2.0,
        2.0,
        2.0,
        2.0,
        2.0,
        2.0,
        2.0
    ],
    "gpu_memory": [
        322.0,
        370.0,
        370.0,
        370.0,
        370.0,
        370.0,
        370.0,
        370.0,
        370.0,
        370.0,
        370.0
    ]
}