{
    "training_time": [
        8.084920883178711
    ],
    "cpu_usage": [
        43.6
    ],
    "memory_usage": [
        3.5567807022659723
    ],
    "gpu_usage": [
        0.0
    ],
    "gpu_memory": [
        51.0
    ]
}