{
    "training_time": [
        1.2664964199066162
    ],
    "cpu_usage": [
        28.6
    ],
    "memory_usage": [
        3.5655182715185982
    ],
    "gpu_usage": [
        1.0
    ],
    "gpu_memory": [
        322.0
    ]
}