{
    "training_time": [
        1.581082820892334,
        243.5101671218872,
        365.9832558631897,
        468.3433048725128,
        603.3384749889374,
        836.7637193202972,
        1021.5638167858124,
        1137.35111951828,
        1266.8471994400024,
        1426.7603125572205,
        1587.0288574695587,
        1766.3820407390594,
        1935.1285946369171,
        2103.066018342972,
        2301.865834712982,
        2465.4563689231873,
        2669.19003200531,
        2909.0860488414764,
        3088.0451366901398,
        3296.986647605896,
        3426.1899700164795
    ],
    "cpu_usage": [
        32.4,
        43.4,
        44.3,
        43.8,
        42.2,
        43.3,
        44.3,
        43.2,
        40.5,
        42.2,
        41.4,
        43.4,
        42.2,
        42.3,
        42.9,
        42.1,
        41.9,
        41.8,
        41.5,
        41.4,
        43.2
    ],
    "memory_usage": [
        3.5551583287172934,
        5.410941526858705,
        5.4141405590776355,
        5.416429097511177,
        5.419455874149088,
        5.423491576332969,
        5.426789040312482,
        5.429052970805878,
        5.4314399410000025,
        5.434368285877331,
        5.437247414874368,
        5.442415082304947,
        5.443670087252373,
        5.446253920967663,
        5.449551384947175,
        5.452504337764649,
        5.456047881145618,
        5.460157407149936,
        5.46333183142872,
        5.4669984145104165,
        5.469163913243231
    ],
    "gpu_usage": [
        0.0,
        2.0,
        2.0,
        2.0,
        2.0,
        2.0,
        2.0,
        2.0,
        2.0,
        2.0,
        2.0,
        2.0,
        2.0,
        1.0,
        2.0,
        2.0,
        2.0,
        2.0,
        2.0,
        2.0,
        2.0
    ],
    "gpu_memory": [
        142.0,
        190.0,
        190.0,
        190.0,
        190.0,
        190.0,
        190.0,
        190.0,
        190.0,
        190.0,
        190.0,
        190.0,
        190.0,
        190.0,
        190.0,
        190.0,
        190.0,
        190.0,
        190.0,
        190.0,
        190.0
    ]
}