{
    "training_time": [
        1.581082820892334,
        243.5101671218872,
        365.9832558631897,
        468.3433048725128,
        603.3384749889374,
        836.7637193202972,
        1021.5638167858124,
        1137.35111951828,
        1266.8471994400024,
        1426.7603125572205,
        1587.0288574695587,
        1766.3820407390594,
        1935.1285946369171,
        2103.066018342972,
        2301.865834712982,
        2465.4563689231873,
        2669.19003200531,
        2909.0860488414764,
        3088.0451366901398,
        3296.986647605896,
        3426.1899700164795,
        3628.7545590400696,
        3792.3478486537933,
        3964.7170560359955,
        4183.316711902618,
        4369.492081403732,
        4536.080304861069,
        4725.890513181686,
        4931.243278503418,
        5120.0109832286835,
        5278.793829679489,
        5415.705340862274,
        5622.904392719269,
        5793.163210630417,
        5970.497008800507,
        6143.880665063858,
        6357.421664237976,
        6558.347434520721,
        6763.813925981522,
        6886.600204467773,
        7076.363089084625,
        7253.393689393997,
        7425.822441101074,
        7574.19543504715,
        7739.136072874069,
        7902.971609354019,
        8069.92533993721,
        8258.106377124786,
        8411.815007925034,
        8589.152633428574,
        8814.02253317833
    ],
    "cpu_usage": [
        32.4,
        43.4,
        44.3,
        43.8,
        42.2,
        43.3,
        44.3,
        43.2,
        40.5,
        42.2,
        41.4,
        43.4,
        42.2,
        42.3,
        42.9,
        42.1,
        41.9,
        41.8,
        41.5,
        41.4,
        43.2,
        42.0,
        42.8,
        41.7,
        42.6,
        41.9,
        42.6,
        41.7,
        41.9,
        42.9,
        43.9,
        43.0,
        44.1,
        40.9,
        41.4,
        42.6,
        42.1,
        43.2,
        41.0,
        42.8,
        42.2,
        42.2,
        42.4,
        42.9,
        41.7,
        41.9,
        42.0,
        41.9,
        42.2,
        42.8,
        41.9
    ],
    "memory_usage": [
        3.5551583287172934,
        5.410941526858705,
        5.4141405590776355,
        5.416429097511177,
        5.419455874149088,
        5.423491576332969,
        5.426789040312482,
        5.429052970805878,
        5.4314399410000025,
        5.434368285877331,
        5.437247414874368,
        5.442415082304947,
        5.443670087252373,
        5.446253920967663,
        5.449551384947175,
        5.452504337764649,
        5.456047881145618,
        5.460157407149936,
        5.46333183142872,
        5.4669984145104165,
        5.469163913243231,
        5.474306972733664,
        5.475586585621236,
        5.478441106678127,
        5.482255337400697,
        5.485503585499918,
        5.48835810655681,
        5.49133566731443,
        5.495248329797583,
        5.49852118583695,
        5.501252667193112,
        5.506100431401799,
        5.507503083990098,
        5.510013093884951,
        5.513138302283445,
        5.5160912551009185,
        5.519585582601596,
        5.52298147834169,
        5.526721885243823,
        5.528739736335765,
        5.531569649452511,
        5.536934180404255,
        5.538386048872845,
        5.539837917341437,
        5.5431599892610945,
        5.546186765899005,
        5.548278440811383,
        5.55137904126973,
        5.555193271992301,
        5.558195440690065,
        5.56215731905351
    ],
    "gpu_usage": [
        0.0,
        2.0,
        2.0,
        2.0,
        2.0,
        2.0,
        2.0,
        2.0,
        2.0,
        2.0,
        2.0,
        2.0,
        2.0,
        1.0,
        2.0,
        2.0,
        2.0,
        2.0,
        2.0,
        2.0,
        2.0,
        2.0,
        1.0,
        2.0,
        2.0,
        2.0,
        2.0,
        2.0,
        2.0,
        1.0,
        2.0,
        2.0,
        2.0,
        2.0,
        2.0,
        1.0,
        1.0,
        1.0,
        2.0,
        2.0,
        2.0,
        2.0,
        2.0,
        2.0,
        2.0,
        2.0,
        2.0,
        2.0,
        2.0,
        1.0,
        1.0
    ],
    "gpu_memory": [
        142.0,
        190.0,
        190.0,
        190.0,
        190.0,
        190.0,
        190.0,
        190.0,
        190.0,
        190.0,
        190.0,
        190.0,
        190.0,
        190.0,
        190.0,
        190.0,
        190.0,
        190.0,
        190.0,
        190.0,
        190.0,
        190.0,
        190.0,
        190.0,
        190.0,
        190.0,
        190.0,
        190.0,
        190.0,
        190.0,
        190.0,
        190.0,
        190.0,
        190.0,
        190.0,
        190.0,
        190.0,
        190.0,
        190.0,
        190.0,
        190.0,
        190.0,
        190.0,
        190.0,
        190.0,
        190.0,
        190.0,
        190.0,
        190.0,
        190.0,
        190.0
    ]
}