{
    "training_time": [
        1.581082820892334
    ],
    "cpu_usage": [
        32.4
    ],
    "memory_usage": [
        3.5551583287172934
    ],
    "gpu_usage": [
        0.0
    ],
    "gpu_memory": [
        142.0
    ]
}