{
    "episode": 1500,
    "best_reward": 865.7527370928552,
    "best_success_rate": 1.0,
    "recent_rewards": [
        -69.66990025534298,
        202.27417822830188,
        369.22150027885607,
        790.4191237863502,
        807.7770507748601,
        668.4615226208284,
        772.7890757500571,
        -89.72596953999306,
        770.4734302315179,
        740.6406686364076,
        -38.619123442986535,
        746.4109324804554,
        766.0546245986502,
        707.0796678629781,
        363.38810976312334,
        257.8721310529718,
        757.387366056056,
        251.80033667356076,
        720.003536141671,
        61.33730125279641,
        -53.97145008669119,
        765.1391382769856,
        807.1752896410899,
        805.8515889681024,
        475.5340619740864,
        303.60680576531973,
        730.0920425161988,
        698.812600617582,
        107.7057830029305,
        184.29520368816077,
        -66.08347623671418,
        17.410288978596547,
        681.1365466535012,
        740.103348139892,
        865.7527370928552,
        728.6162554870882,
        780.2991036266144,
        298.8534486078222,
        -181.30728698817666,
        765.5391175899806,
        739.5585411842135,
        747.6619342459101,
        806.7926965719545,
        -6.76927608352095,
        -83.42732424066182,
        631.0700043544549,
        43.75673610788276,
        727.9185019525609,
        270.23828775374096,
        735.9890085205782,
        705.7708406645717,
        14.598586851570886,
        -95.7314038888261,
        812.3202492755313,
        308.0952210810567,
        358.16882410819983,
        788.123737337416,
        62.369504479113246,
        279.55069703522855,
        683.0338710424153,
        -50.17147725468912,
        192.74011695169352,
        365.52327634497885,
        651.8069299881947,
        -107.06881836666095,
        -9.362270231170328,
        679.9138736687079,
        -89.97359744587018,
        674.7095835472878,
        -29.61914569049725,
        -32.813626896044994,
        55.77808471299187,
        843.413356604704,
        666.3011725664785,
        731.5767730699458,
        -110.03987721993444,
        344.34705733031007,
        271.3271183482308,
        -84.259804839577,
        -52.22712330767466,
        705.4720217591516,
        704.0891648370143,
        -8.300295997667206,
        810.7793844745931,
        438.5129711052099,
        793.913636142528,
        575.8107370394115,
        752.0504242422276,
        398.42524361148327,
        649.7357126560169,
        -109.28118708791042,
        791.1183185082036,
        774.7797774132881,
        739.7057882197205,
        42.25258622643297,
        809.6585682701811,
        130.56975041784744,
        264.95221158305486,
        645.4038843897771,
        253.94371228614926
    ],
    "recent_successes": [
        0,
        1,
        1,
        1,
        1,
        1,
        1,
        0,
        1,
        1,
        0,
        1,
        1,
        1,
        1,
        1,
        1,
        1,
        1,
        1,
        0,
        1,
        1,
        1,
        1,
        1,
        1,
        1,
        1,
        1,
        0,
        0,
        1,
        1,
        1,
        1,
        1,
        1,
        0,
        1,
        1,
        1,
        1,
        0,
        0,
        1,
        0,
        1,
        1,
        1,
        1,
        0,
        0,
        1,
        1,
        1,
        1,
        1,
        1,
        1,
        0,
        1,
        1,
        1,
        0,
        0,
        1,
        0,
        1,
        0,
        0,
        1,
        1,
        1,
        1,
        0,
        1,
        1,
        0,
        0,
        1,
        1,
        0,
        1,
        1,
        1,
        1,
        1,
        1,
        1,
        0,
        1,
        1,
        1,
        0,
        1,
        1,
        1,
        1,
        1
    ],
    "recent_collisions": [
        1,
        0,
        0,
        0,
        0,
        0,
        0,
        1,
        0,
        0,
        0,
        0,
        0,
        0,
        0,
        0,
        0,
        0,
        0,
        0,
        1,
        0,
        0,
        0,
        0,
        0,
        0,
        0,
        0,
        0,
        1,
        0,
        0,
        0,
        0,
        0,
        0,
        0,
        1,
        0,
        0,
        0,
        0,
        0,
        1,
        0,
        0,
        0,
        0,
        0,
        0,
        0,
        1,
        0,
        0,
        0,
        0,
        0,
        0,
        0,
        1,
        0,
        0,
        0,
        1,
        0,
        0,
        1,
        0,
        0,
        0,
        0,
        0,
        0,
        0,
        1,
        0,
        0,
        1,
        1,
        0,
        0,
        0,
        0,
        0,
        0,
        0,
        0,
        0,
        0,
        1,
        0,
        0,
        0,
        0,
        0,
        0,
        0,
        0,
        0
    ],
    "recent_steps": [
        43,
        77,
        184,
        154,
        131,
        350,
        133,
        44,
        160,
        169,
        45,
        168,
        161,
        155,
        179,
        113,
        157,
        87,
        169,
        97,
        36,
        169,
        126,
        133,
        250,
        106,
        130,
        167,
        75,
        84,
        35,
        203,
        165,
        153,
        179,
        174,
        134,
        86,
        42,
        157,
        147,
        134,
        135,
        35,
        47,
        172,
        93,
        153,
        131,
        217,
        150,
        35,
        55,
        146,
        97,
        165,
        141,
        175,
        130,
        164,
        44,
        116,
        242,
        176,
        35,
        54,
        191,
        34,
        145,
        59,
        72,
        156,
        126,
        168,
        148,
        52,
        111,
        122,
        49,
        35,
        158,
        172,
        37,
        125,
        164,
        162,
        159,
        160,
        225,
        173,
        37,
        129,
        161,
        145,
        59,
        159,
        135,
        104,
        169,
        124
    ],
    "params": {
        "max_episodes": 3000,
        "max_steps": 600,
        "batch_size": 64,
        "learning_rate": 3e-05,
        "gamma": 0.99,
        "initial_epsilon": 0.15,
        "epsilon_decay": 0.999,
        "min_epsilon": 0.02,
        "memory_size": 150000,
        "target_update_freq": 5,
        "checkpoint_freq": 100,
        "resource_monitor_freq": 10
    },
    "resource_summary": "Training Time: 10:11:21\nAvg CPU Usage: 56.9%\nAvg Memory Usage: 3.2%"
}