{
    "training_time": [
        1.3135271072387695
    ],
    "cpu_usage": [
        37.0
    ],
    "memory_usage": [
        2.694125177084802
    ],
    "gpu_usage": [],
    "gpu_memory": []
}