{
    "training_time": [
        2.0505237579345703
    ],
    "cpu_usage": [
        52.6
    ],
    "memory_usage": [
        2.6934607630278675
    ],
    "gpu_usage": [],
    "gpu_memory": []
}