{
    "training_time": [
        1.4008657932281494
    ],
    "cpu_usage": [
        49.6
    ],
    "memory_usage": [
        2.7373859145696406
    ],
    "gpu_usage": [],
    "gpu_memory": []
}