{
    "training_time": [
        2.0505237579345703,
        132.14239597320557,
        348.59160447120667,
        588.6224935054779,
        751.7920882701874,
        1000.3004553318024,
        1338.330616235733,
        1606.3427648544312,
        1802.1392993927002,
        2055.597939014435,
        2304.988148212433,
        2582.5827288627625,
        2815.0823662281036,
        3014.4129905700684,
        3258.4079093933105,
        3617.389897108078,
        3914.623964071274,
        4190.271428346634,
        4460.941907405853,
        4706.6880576610565,
        4889.515802145004,
        5100.877915620804,
        5327.87472486496,
        5509.589767932892,
        5915.266464948654,
        6073.9367208480835,
        6236.867857217789,
        6419.841134309769,
        6628.320212364197,
        6905.671183586121,
        7146.1690175533295,
        7369.600865840912,
        7604.416635513306,
        7847.927593231201,
        8080.838212966919,
        8346.082754611969,
        8557.158296346664,
        8793.974566936493,
        9037.240025281906,
        9252.024286270142,
        9500.88864850998,
        9746.161286354065,
        9944.18936085701,
        10157.278039216995,
        10389.049009561539,
        10648.105948925018,
        10891.809705734253,
        11098.52310848236,
        11345.841532230377,
        11593.12449669838,
        11865.28397512436
    ],
    "cpu_usage": [
        52.6,
        57.7,
        56.0,
        55.4,
        56.7,
        57.6,
        57.7,
        57.8,
        57.8,
        55.6,
        56.1,
        56.5,
        57.3,
        56.1,
        56.9,
        56.6,
        57.0,
        57.0,
        56.7,
        57.1,
        54.8,
        54.4,
        55.0,
        55.3,
        55.5,
        55.1,
        55.5,
        54.8,
        54.8,
        54.5,
        54.7,
        54.8,
        55.4,
        55.1,
        55.5,
        54.8,
        54.8,
        55.1,
        54.9,
        60.8,
        68.1,
        68.4,
        59.6,
        55.8,
        55.8,
        55.7,
        55.2,
        57.8,
        57.9,
        58.0,
        57.8
    ],
    "memory_usage": [
        2.6934607630278675,
        2.8189119801482923,
        2.82156963637603,
        2.8231691516982793,
        2.8338243845372637,
        2.8397302872655694,
        2.852034251282873,
        2.8576940747308326,
        2.8662330257588406,
        2.869185977122994,
        2.8731724614645997,
        2.8816129807804702,
        2.8844675004324842,
        2.8872728042284295,
        2.893006451460493,
        2.8990353938289712,
        2.9073528735046685,
        2.919533797881799,
        2.934347770558632,
        2.932822079020486,
        2.9355535590323276,
        2.9411641666242176,
        2.9467255583600394,
        2.953714209921867,
        2.969364852151877,
        2.9669778831325204,
        2.9748524201035944,
        2.97359741577383,
        2.9877715823217628,
        2.986590401776102,
        2.98764854268159,
        2.9963105333497717,
        2.9960644540694257,
        3.0032499690555303,
        3.0097710699847013,
        3.015775404425145,
        3.024609650589569,
        3.0296296679086288,
        3.033173209545612,
        3.035314099284623,
        3.0424750063426935,
        3.050571014666079,
        3.0527857281891935,
        3.0498081688970062,
        3.055763287481381,
        3.069026960692034,
        3.066836855096954,
        3.0683871545631343,
        3.0670583264492657,
        3.0862279023882238,
        3.0860802548200166
    ],
    "gpu_usage": [],
    "gpu_memory": []
}