{
    "training_time": [
        1.1692121028900146
    ],
    "cpu_usage": [
        37.2
    ],
    "memory_usage": [
        2.7054202160526866
    ],
    "gpu_usage": [],
    "gpu_memory": []
}