{
    "training_time": [
        2.0505237579345703,
        132.14239597320557,
        348.59160447120667,
        588.6224935054779,
        751.7920882701874,
        1000.3004553318024,
        1338.330616235733,
        1606.3427648544312,
        1802.1392993927002,
        2055.597939014435,
        2304.988148212433,
        2582.5827288627625,
        2815.0823662281036,
        3014.4129905700684,
        3258.4079093933105,
        3617.389897108078,
        3914.623964071274,
        4190.271428346634,
        4460.941907405853,
        4706.6880576610565,
        4889.515802145004
    ],
    "cpu_usage": [
        52.6,
        57.7,
        56.0,
        55.4,
        56.7,
        57.6,
        57.7,
        57.8,
        57.8,
        55.6,
        56.1,
        56.5,
        57.3,
        56.1,
        56.9,
        56.6,
        57.0,
        57.0,
        56.7,
        57.1,
        54.8
    ],
    "memory_usage": [
        2.6934607630278675,
        2.8189119801482923,
        2.82156963637603,
        2.8231691516982793,
        2.8338243845372637,
        2.8397302872655694,
        2.852034251282873,
        2.8576940747308326,
        2.8662330257588406,
        2.869185977122994,
        2.8731724614645997,
        2.8816129807804702,
        2.8844675004324842,
        2.8872728042284295,
        2.893006451460493,
        2.8990353938289712,
        2.9073528735046685,
        2.919533797881799,
        2.934347770558632,
        2.932822079020486,
        2.9355535590323276
    ],
    "gpu_usage": [],
    "gpu_memory": []
}