{
    "training_time": [
        2.0505237579345703,
        132.14239597320557,
        348.59160447120667,
        588.6224935054779,
        751.7920882701874,
        1000.3004553318024,
        1338.330616235733,
        1606.3427648544312,
        1802.1392993927002,
        2055.597939014435,
        2304.988148212433
    ],
    "cpu_usage": [
        52.6,
        57.7,
        56.0,
        55.4,
        56.7,
        57.6,
        57.7,
        57.8,
        57.8,
        55.6,
        56.1
    ],
    "memory_usage": [
        2.6934607630278675,
        2.8189119801482923,
        2.82156963637603,
        2.8231691516982793,
        2.8338243845372637,
        2.8397302872655694,
        2.852034251282873,
        2.8576940747308326,
        2.8662330257588406,
        2.869185977122994,
        2.8731724614645997
    ],
    "gpu_usage": [],
    "gpu_memory": []
}