{
    "training_time": [
        1.8215456008911133,
        147.79866218566895,
        432.75525403022766,
        664.7781445980072,
        915.8321957588196,
        1130.6509358882904,
        1321.5135695934296,
        1532.8876376152039,
        1696.0329399108887,
        1928.157474040985,
        2132.2770912647247
    ],
    "cpu_usage": [
        48.6,
        60.7,
        61.6,
        54.9,
        62.4,
        64.0,
        56.1,
        56.4,
        56.6,
        53.3,
        58.5
    ],
    "memory_usage": [
        2.7014583396391147,
        2.8141380421095787,
        2.807395469828096,
        2.815442262295413,
        2.8170171696896276,
        2.815171575087032,
        2.8199701210537804,
        2.827992305593062,
        2.8307976093890073,
        2.8323479088551875,
        2.8278938738809236
    ],
    "gpu_usage": [],
    "gpu_memory": []
}