{
    "training_time": [
        2.3209776878356934
    ],
    "cpu_usage": [
        34.0
    ],
    "memory_usage": [
        3.5764688048833966
    ],
    "gpu_usage": [
        0.0
    ],
    "gpu_memory": [
        233.0
    ]
}