{
    "training_time": [
        3.034475564956665
    ],
    "cpu_usage": [
        36.1
    ],
    "memory_usage": [
        3.5809474499898983
    ],
    "gpu_usage": [
        0.0
    ],
    "gpu_memory": [
        53.0
    ]
}