{
    "training_time": [
        1.8215456008911133
    ],
    "cpu_usage": [
        48.6
    ],
    "memory_usage": [
        2.7014583396391147
    ],
    "gpu_usage": [],
    "gpu_memory": []
}