{
    "training_time": [
        1.8215456008911133,
        147.79866218566895,
        432.75525403022766,
        664.7781445980072,
        915.8321957588196,
        1130.6509358882904,
        1321.5135695934296,
        1532.8876376152039,
        1696.0329399108887,
        1928.157474040985,
        2132.2770912647247,
        2427.501491546631,
        2676.167465209961,
        2940.0898916721344,
        3156.63622879982,
        3438.1235616207123,
        3721.530300617218,
        3986.4536547660828,
        4198.667502164841,
        4440.460033416748,
        4630.058089494705,
        4925.852675676346,
        5113.210135936737,
        5344.682407617569,
        5580.032611608505,
        5797.760384559631,
        6028.832492589951,
        6248.611851930618,
        6480.4247851371765,
        6728.742975234985,
        6954.433982372284
    ],
    "cpu_usage": [
        48.6,
        60.7,
        61.6,
        54.9,
        62.4,
        64.0,
        56.1,
        56.4,
        56.6,
        53.3,
        58.5,
        60.0,
        60.0,
        61.5,
        63.2,
        59.9,
        61.2,
        58.6,
        59.8,
        62.1,
        64.3,
        63.9,
        65.2,
        64.2,
        55.9,
        59.9,
        63.2,
        64.7,
        60.9,
        61.5,
        63.0
    ],
    "memory_usage": [
        2.7014583396391147,
        2.8141380421095787,
        2.807395469828096,
        2.815442262295413,
        2.8170171696896276,
        2.815171575087032,
        2.8199701210537804,
        2.827992305593062,
        2.8307976093890073,
        2.8323479088551875,
        2.8278938738809236,
        2.833209186336399,
        2.842092648356892,
        2.8518619957866305,
        2.855134850215233,
        2.867094303240052,
        2.86569165134208,
        2.87723276959031,
        2.8788815007686286,
        2.878561597704179,
        2.878807676984525,
        2.883433967455031,
        2.886731429811668,
        2.743660936218465,
        2.752692045807166,
        2.730790989856366,
        2.7360570864557716,
        2.7423321081045966,
        2.738099544482644,
        2.745063588116438,
        2.745457314964992
    ],
    "gpu_usage": [],
    "gpu_memory": []
}