{
    "training_time": [
        2.840942621231079
    ],
    "cpu_usage": [
        47.2
    ],
    "memory_usage": [
        3.5836051075256248
    ],
    "gpu_usage": [
        0.0
    ],
    "gpu_memory": [
        143.0
    ]
}