{
    "training_time": [
        2.375417947769165
    ],
    "cpu_usage": [
        37.9
    ],
    "memory_usage": [
        3.573294380604612
    ],
    "gpu_usage": [
        0.0
    ],
    "gpu_memory": [
        233.0
    ]
}