{
    "training_time": [
        1.728410243988037
    ],
    "cpu_usage": [
        48.2
    ],
    "memory_usage": [
        2.680935327658253
    ],
    "gpu_usage": [],
    "gpu_memory": []
}