{
    "training_time": [
        5.75246000289917
    ],
    "cpu_usage": [
        46.2
    ],
    "memory_usage": [
        2.699637352964554
    ],
    "gpu_usage": [],
    "gpu_memory": []
}