{
    "training_time": [
        1.728410243988037,
        133.9781789779663,
        412.82064056396484,
        699.0239548683167,
        986.3282668590546,
        1262.713189125061,
        1519.1404721736908,
        1877.1764209270477,
        2147.0303149223328,
        2444.0458261966705,
        2751.678100824356
    ],
    "cpu_usage": [
        48.2,
        54.6,
        60.4,
        59.6,
        55.0,
        60.7,
        62.2,
        56.0,
        52.2,
        50.8,
        51.6
    ],
    "memory_usage": [
        2.680935327658253,
        2.7867986340631306,
        2.789160995154453,
        2.8029414348538326,
        2.8077399808205805,
        2.810742148040803,
        2.827475539104335,
        2.831019080741319,
        2.8391643049207738,
        2.8366542962612438,
        2.8545688678704373
    ],
    "gpu_usage": [],
    "gpu_memory": []
}