{
    "training_time": [
        1.728410243988037,
        133.9781789779663,
        412.82064056396484,
        699.0239548683167,
        986.3282668590546,
        1262.713189125061,
        1519.1404721736908,
        1877.1764209270477,
        2147.0303149223328,
        2444.0458261966705,
        2751.678100824356,
        3034.095178127289,
        3306.597346305847,
        3645.3835299015045,
        3962.2280008792877,
        4239.99060177803,
        4500.585200309753,
        4798.7169942855835,
        5091.177613019943,
        5359.112074375153,
        5619.02264881134,
        5893.850315332413,
        6163.2778878211975,
        6410.816122293472,
        6720.789551973343,
        6958.840200185776,
        7203.753420829773,
        7444.521583080292,
        7682.6495797634125,
        7912.749085187912,
        8173.860588312149,
        8404.209462881088,
        8633.240604639053,
        8864.503157138824,
        9090.693353652954,
        9325.495964288712,
        9546.361060380936,
        9759.144341468811,
        9969.399705410004,
        10184.31825041771,
        10376.683574438095,
        10595.133687019348,
        10807.154439210892,
        11015.258402347565,
        11222.250725507736,
        11461.046396017075,
        11666.43616104126,
        11883.382279157639,
        12096.421452999115,
        12316.482871294022,
        12531.911397218704,
        12764.567675828934,
        12988.14127087593,
        13212.979353427887,
        13408.928291082382,
        13633.30768918991,
        13857.479352235794,
        14074.472069740295,
        14283.397706747055,
        14487.101682662964,
        14722.479080200195,
        14937.10091137886,
        15159.615358829498,
        15388.03904390335,
        15622.560573101044,
        15853.730934619904,
        16073.454427957535,
        16303.910910129547,
        16526.24719786644,
        16744.05422592163,
        16960.13111925125,
        17152.504459381104,
        17369.782124996185,
        17574.10425925255,
        17800.602561950684,
        18023.01496219635,
        18223.932399511337,
        18425.127928495407,
        18643.752988815308,
        18865.04593849182,
        19077.629248857498
    ],
    "cpu_usage": [
        48.2,
        54.6,
        60.4,
        59.6,
        55.0,
        60.7,
        62.2,
        56.0,
        52.2,
        50.8,
        51.6,
        56.2,
        55.5,
        54.8,
        58.2,
        61.4,
        58.2,
        53.2,
        50.3,
        49.5,
        49.7,
        49.7,
        49.4,
        49.6,
        49.9,
        50.8,
        52.7,
        53.3,
        53.1,
        53.7,
        53.5,
        53.2,
        53.6,
        51.5,
        53.4,
        52.5,
        51.0,
        50.4,
        50.9,
        50.3,
        50.3,
        50.6,
        50.1,
        51.2,
        51.0,
        51.3,
        51.8,
        50.4,
        51.2,
        50.9,
        50.2,
        50.6,
        50.4,
        50.6,
        50.4,
        50.4,
        50.7,
        50.3,
        51.4,
        50.8,
        51.3,
        51.4,
        51.9,
        50.6,
        51.2,
        50.8,
        51.1,
        50.8,
        50.7,
        51.9,
        50.1,
        51.4,
        51.2,
        50.5,
        50.7,
        50.2,
        52.0,
        52.7,
        52.9,
        53.0,
        52.3
    ],
    "memory_usage": [
        2.680935327658253,
        2.7867986340631306,
        2.789160995154453,
        2.8029414348538326,
        2.8077399808205805,
        2.810742148040803,
        2.827475539104335,
        2.831019080741319,
        2.8391643049207738,
        2.8366542962612438,
        2.8545688678704373,
        2.816697266625178,
        2.6046999666070416,
        2.606225658145187,
        2.615133728093715,
        2.6175945208971756,
        2.620375216765086,
        2.633712713759843,
        2.6377484139575182,
        2.6401107750488406,
        2.650667576175687,
        2.656598086832027,
        2.661913399287502,
        2.6620118309996403,
        2.6699601917548184,
        2.6758414865550892,
        2.6826086667646063,
        2.6891543756218117,
        2.6933131154596603,
        2.6945927277174597,
        2.6984315644908583,
        2.7033777580258143,
        2.713220929239657,
        2.7211446820668,
        2.724073025502918,
        2.7300773599433623,
        2.73428531563728,
        2.7338423729326573,
        2.7430211300895655,
        2.745383491180888,
        2.7441530947791573,
        2.7501820371476358,
        2.75025586093174,
        2.7543653849135192,
        2.760984917554828,
        2.7650452256805385,
        2.770089850927633,
        2.770409753992083,
        2.777004678705357,
        2.7812372423273097,
        2.7884227573134144,
        2.801489567099791,
        2.8033105537743515,
        2.8070509588356116,
        2.812415487147156,
        2.809930086415661,
        2.8137935311170943,
        2.8237105261150406,
        2.8273771073921967,
        2.829567212987277,
        2.833455265616745,
        2.8379093005910088,
        2.844085890527695,
        2.8461775644106364,
        2.854002885525641,
        2.8624926206975805,
        2.8697765673958244,
        2.8688906819865783,
        2.8768144348137215,
        2.8774296330145868,
        2.8855256413379724,
        2.8900288921683055,
        2.8935232179492196,
        2.8957625394003688,
        2.903956979435893,
        2.9042276666442732,
        2.9071067942243225,
        2.9174667319268917,
        2.9191154631052103,
        2.920567330859252,
        2.921822335189017
    ],
    "gpu_usage": [],
    "gpu_memory": []
}