{
    "training_time": [
        1.728410243988037,
        133.9781789779663,
        412.82064056396484,
        699.0239548683167,
        986.3282668590546,
        1262.713189125061,
        1519.1404721736908,
        1877.1764209270477,
        2147.0303149223328,
        2444.0458261966705,
        2751.678100824356,
        3034.095178127289,
        3306.597346305847,
        3645.3835299015045,
        3962.2280008792877,
        4239.99060177803,
        4500.585200309753,
        4798.7169942855835,
        5091.177613019943,
        5359.112074375153,
        5619.02264881134
    ],
    "cpu_usage": [
        48.2,
        54.6,
        60.4,
        59.6,
        55.0,
        60.7,
        62.2,
        56.0,
        52.2,
        50.8,
        51.6,
        56.2,
        55.5,
        54.8,
        58.2,
        61.4,
        58.2,
        53.2,
        50.3,
        49.5,
        49.7
    ],
    "memory_usage": [
        2.680935327658253,
        2.7867986340631306,
        2.789160995154453,
        2.8029414348538326,
        2.8077399808205805,
        2.810742148040803,
        2.827475539104335,
        2.831019080741319,
        2.8391643049207738,
        2.8366542962612438,
        2.8545688678704373,
        2.816697266625178,
        2.6046999666070416,
        2.606225658145187,
        2.615133728093715,
        2.6175945208971756,
        2.620375216765086,
        2.633712713759843,
        2.6377484139575182,
        2.6401107750488406,
        2.650667576175687
    ],
    "gpu_usage": [],
    "gpu_memory": []
}