{
    "training_time": [
        2.011200428009033
    ],
    "cpu_usage": [
        52.4
    ],
    "memory_usage": [
        2.7188069289035126
    ],
    "gpu_usage": [],
    "gpu_memory": []
}