{
    "episode": 1400,
    "best_reward": 13273.619611589216,
    "best_success_rate": 1.0,
    "recent_rewards": [
        6531.557406336942,
        4556.857041198158,
        8406.097620464985,
        7183.552215749259,
        8476.975370988177,
        7796.968662680831,
        7793.416644632798,
        1121.430717169097,
        1775.999999788814,
        4694.182734591324,
        7568.417897316645,
        1358.828901101916,
        3353.239748181749,
        9293.006663538506,
        8434.90536734353,
        5029.17314846248,
        5520.362989162948,
        6200.291584515289,
        3413.956334016358,
        7670.470077248845,
        2224.205259175856,
        6207.832141232957,
        9422.365423142977,
        5301.406343832881,
        6653.719738950207,
        6834.49109208244,
        7324.815467044598,
        2144.234146694645,
        10693.641362814462,
        8544.444891578023,
        8919.735854517814,
        9837.962976648898,
        8351.394667208635,
        6897.829481885477,
        6175.205480390157,
        2834.5091571479447,
        2246.0827683332623,
        1700.5604960813823,
        9550.731173040052,
        8041.337772062989,
        6413.645972063601,
        6849.825845226107,
        8778.768977405756,
        6730.2293765389395,
        8548.886089180294,
        8707.599634321581,
        8205.720601927544,
        10912.732875049887,
        8793.17179145738,
        7671.878609833522,
        11011.338695785527,
        8091.655296489965,
        3885.263936797733,
        8044.886364884831,
        9116.370248621479,
        9048.621748249127,
        9276.787821438906,
        8047.077608936535,
        6093.312347725919,
        5883.935561541432,
        6673.6521338927,
        8569.990193713806,
        6821.317806290806,
        6108.589764453252,
        9466.74055652519,
        6692.3538234177895,
        1410.5740270594945,
        10282.091550701953,
        5788.980896645169,
        7926.294585643622,
        10357.167850809827,
        7572.205629901317,
        5937.601674579908,
        1875.238123652818,
        2580.659296797834,
        5178.0876745842315,
        6981.704294887807,
        4260.016939609697,
        7107.391657990855,
        8734.098721918572,
        5889.52528719397,
        1043.2788398129148,
        5279.757777761125,
        3347.5216961253986,
        10871.278123273732,
        5417.940302486425,
        6151.98110340488,
        11010.690585849614,
        10433.630939754345,
        9217.561691276254,
        8216.475082027473,
        8142.440556413589,
        6757.0699071300005,
        8085.093978646794,
        8415.045704952845,
        1125.367855762962,
        8100.838829052987,
        4267.800289158764,
        6025.34838569631,
        1162.4285091028357
    ],
    "recent_successes": [
        1,
        1,
        1,
        1,
        1,
        1,
        1,
        1,
        1,
        1,
        1,
        1,
        1,
        1,
        1,
        1,
        1,
        1,
        1,
        1,
        1,
        1,
        1,
        1,
        1,
        1,
        1,
        1,
        1,
        1,
        1,
        1,
        1,
        1,
        1,
        1,
        1,
        1,
        1,
        1,
        1,
        1,
        1,
        1,
        1,
        1,
        1,
        1,
        1,
        1,
        1,
        1,
        1,
        1,
        1,
        1,
        1,
        1,
        1,
        1,
        1,
        1,
        1,
        1,
        1,
        1,
        1,
        1,
        1,
        1,
        1,
        1,
        1,
        1,
        1,
        1,
        1,
        1,
        1,
        1,
        1,
        1,
        1,
        1,
        1,
        1,
        1,
        1,
        1,
        1,
        1,
        1,
        1,
        1,
        1,
        1,
        1,
        1,
        1,
        1
    ],
    "recent_collisions": [
        0,
        0,
        0,
        0,
        0,
        0,
        0,
        0,
        0,
        0,
        0,
        0,
        0,
        0,
        0,
        0,
        0,
        0,
        0,
        0,
        0,
        0,
        0,
        0,
        0,
        0,
        0,
        0,
        0,
        0,
        0,
        0,
        0,
        0,
        0,
        0,
        0,
        0,
        0,
        0,
        0,
        0,
        0,
        0,
        0,
        0,
        0,
        0,
        0,
        0,
        0,
        0,
        0,
        0,
        0,
        0,
        0,
        0,
        0,
        0,
        0,
        0,
        0,
        0,
        0,
        0,
        0,
        0,
        0,
        0,
        0,
        0,
        0,
        0,
        0,
        0,
        0,
        0,
        0,
        0,
        0,
        0,
        0,
        0,
        0,
        0,
        0,
        0,
        0,
        0,
        0,
        0,
        0,
        0,
        0,
        0,
        0,
        0,
        0,
        0
    ],
    "recent_steps": [
        141,
        52,
        145,
        106,
        122,
        111,
        94,
        18,
        14,
        50,
        116,
        20,
        32,
        144,
        116,
        61,
        79,
        84,
        36,
        93,
        43,
        143,
        117,
        84,
        109,
        99,
        93,
        22,
        146,
        121,
        126,
        154,
        134,
        123,
        83,
        42,
        35,
        33,
        134,
        123,
        103,
        107,
        105,
        103,
        138,
        120,
        105,
        145,
        141,
        90,
        175,
        114,
        52,
        146,
        125,
        104,
        132,
        173,
        82,
        82,
        85,
        128,
        84,
        120,
        142,
        84,
        19,
        169,
        68,
        126,
        159,
        120,
        68,
        24,
        31,
        58,
        128,
        76,
        114,
        120,
        80,
        1,
        74,
        46,
        165,
        72,
        122,
        159,
        153,
        142,
        116,
        112,
        116,
        98,
        125,
        1,
        100,
        55,
        95,
        9
    ],
    "params": {
        "max_episodes": 2000,
        "max_steps": 400,
        "batch_size": 64,
        "learning_rate": 5e-05,
        "gamma": 0.99,
        "initial_epsilon": 1.0,
        "epsilon_decay": 0.995,
        "min_epsilon": 0.05,
        "memory_size": 100000,
        "target_update_freq": 10,
        "checkpoint_freq": 100,
        "resource_monitor_freq": 10
    },
    "resource_summary": "Training Time: 7:44:31\nAvg CPU Usage: 43.3%\nAvg Memory Usage: 5.6%\nAvg GPU Usage: 1.9%\nAvg GPU Memory: 98.7MB"
}