{
    "episode": 800,
    "best_reward": 3690.2017180102375,
    "best_success_rate": 1.0,
    "recent_rewards": [
        2291.2872867836068,
        608.4004632411105,
        638.1395332987091,
        2333.5217777881176,
        782.373420523528,
        1700.5316152550822,
        2205.723223746783,
        2326.5074675559244,
        889.8680429715116,
        1635.7236330316057,
        -453.05657476193244,
        2345.0537434317657,
        1999.1725979816545,
        2461.613230007947,
        1237.9300429809637,
        1440.6904509147744,
        2119.746316738003,
        2689.425704653586,
        1457.1499708935264,
        1830.372692526101,
        2971.494831306473,
        1501.15279649669,
        920.3302124847291,
        2858.768800363704,
        1090.9556882247289,
        1775.5122029692898,
        973.607287285366,
        1226.545144215337,
        488.01166668162654,
        624.7227129992596,
        2396.926844897863,
        1594.6456485358306,
        1431.7872545997366,
        2434.7107827015675,
        1372.2375429207668,
        1298.2926504075094,
        2528.5031214574965,
        1403.7968865502326,
        1528.1837836042894,
        2930.0026167808805,
        1881.3718276507034,
        2313.3466754270717,
        2553.6114082040226,
        3690.2017180102375,
        1860.1924658762025,
        3034.2255761780993,
        1684.4441112332547,
        1936.6835533983092,
        1277.406049019899,
        1937.7097350029683,
        1441.1146494778402,
        2346.869270964475,
        2411.0808255782154,
        1337.971491099128,
        1300.5298326208297,
        2948.662073516122,
        1154.5753116694143,
        1892.9023087968653,
        618.3270243475744,
        1367.9473106354135,
        1599.497311372846,
        1965.9970120048524,
        1357.0967518246875,
        2141.90034502959,
        1749.0706949011799,
        926.918208579332,
        1807.4692205890678,
        980.6700625706592,
        942.3510668787716,
        2496.4734126893372,
        1605.3131780822991,
        1738.923128111142,
        3145.0338032712575,
        1611.7902312796164,
        940.9677011302774,
        732.7668820444818,
        1661.1379643895941,
        1594.264514295549,
        1872.8123023870548,
        1501.9775274724475,
        1510.4203047848596,
        2397.1088111804916,
        1602.3986462218918,
        1120.1794903637865,
        1309.305404022342,
        2842.0716646160627,
        1658.1728453030476,
        1353.7410021324401,
        1610.701641015693,
        1865.540662083176,
        2232.319682858465,
        2627.7245961819194,
        2928.152623815242,
        2104.1667385011046,
        1795.704338374277,
        1579.7428428856692,
        1821.250563203107,
        2153.9474991278335,
        2529.974070768407,
        2261.9818148180098
    ],
    "recent_successes": [
        1,
        1,
        1,
        1,
        1,
        1,
        1,
        1,
        1,
        1,
        0,
        1,
        1,
        1,
        1,
        1,
        1,
        1,
        1,
        1,
        1,
        1,
        1,
        1,
        1,
        1,
        1,
        1,
        1,
        1,
        1,
        1,
        1,
        1,
        1,
        1,
        1,
        1,
        1,
        1,
        1,
        1,
        1,
        1,
        0,
        1,
        1,
        1,
        1,
        1,
        1,
        1,
        1,
        1,
        1,
        1,
        1,
        1,
        1,
        1,
        1,
        1,
        1,
        1,
        1,
        1,
        1,
        1,
        1,
        1,
        1,
        1,
        1,
        1,
        1,
        1,
        1,
        1,
        1,
        1,
        1,
        1,
        1,
        1,
        1,
        1,
        1,
        1,
        1,
        1,
        1,
        1,
        1,
        1,
        1,
        1,
        1,
        1,
        1,
        1
    ],
    "recent_collisions": [
        0,
        0,
        0,
        0,
        0,
        0,
        0,
        0,
        0,
        0,
        1,
        0,
        0,
        0,
        0,
        0,
        0,
        0,
        0,
        0,
        0,
        0,
        0,
        0,
        0,
        0,
        0,
        0,
        0,
        0,
        0,
        0,
        0,
        0,
        0,
        0,
        0,
        0,
        0,
        0,
        0,
        0,
        0,
        0,
        0,
        0,
        0,
        0,
        0,
        0,
        0,
        0,
        0,
        0,
        0,
        0,
        0,
        0,
        0,
        0,
        0,
        0,
        0,
        0,
        0,
        0,
        0,
        0,
        0,
        0,
        0,
        0,
        0,
        0,
        0,
        0,
        0,
        0,
        0,
        0,
        0,
        0,
        0,
        0,
        0,
        0,
        0,
        0,
        0,
        0,
        0,
        0,
        0,
        0,
        0,
        0,
        0,
        0,
        0,
        0
    ],
    "recent_steps": [
        471,
        11,
        68,
        151,
        60,
        105,
        144,
        159,
        96,
        126,
        70,
        361,
        135,
        155,
        78,
        152,
        124,
        270,
        65,
        114,
        228,
        91,
        66,
        247,
        58,
        101,
        85,
        99,
        190,
        19,
        236,
        182,
        85,
        159,
        144,
        184,
        224,
        182,
        100,
        317,
        119,
        223,
        250,
        411,
        500,
        351,
        134,
        113,
        51,
        118,
        124,
        250,
        158,
        195,
        192,
        295,
        46,
        116,
        1,
        65,
        168,
        155,
        55,
        150,
        163,
        205,
        96,
        44,
        122,
        282,
        83,
        107,
        371,
        81,
        64,
        23,
        100,
        89,
        115,
        79,
        140,
        169,
        89,
        116,
        122,
        281,
        100,
        138,
        90,
        116,
        164,
        210,
        279,
        149,
        124,
        102,
        101,
        164,
        227,
        190
    ],
    "params": {
        "max_episodes": 2000,
        "max_steps": 500,
        "batch_size": 64,
        "learning_rate": 5e-05,
        "gamma": 0.99,
        "initial_epsilon": 1.0,
        "epsilon_decay": 0.995,
        "min_epsilon": 0.05,
        "memory_size": 100000,
        "target_update_freq": 10,
        "checkpoint_freq": 100,
        "resource_monitor_freq": 10
    },
    "resource_summary": "Training Time: 4:54:57\nAvg CPU Usage: 41.8%\nAvg Memory Usage: 5.6%\nAvg GPU Usage: 1.9%\nAvg GPU Memory: 369.4MB"
}