{
    "episode": 1100,
    "best_reward": 3690.2017180102375,
    "best_success_rate": 1.0,
    "recent_rewards": [
        950.1705192040688,
        2858.152603738532,
        1016.0658454009697,
        2222.319296026003,
        3273.0732562294097,
        2048.0612636940014,
        -326.952144958085,
        1042.673193665657,
        1799.3247075297816,
        926.5994368479141,
        1774.0180995716296,
        2286.982213354416,
        845.3251630053016,
        3086.2006464278916,
        2862.651391936371,
        2083.063116247351,
        2655.572357507206,
        2476.9139854000955,
        2943.5701667911635,
        1990.5459532143768,
        1369.7872983378898,
        1881.9332504456968,
        2322.401297650506,
        1736.6808006134638,
        2277.5631712254713,
        1697.5848354701284,
        2306.945247021979,
        2262.177990494991,
        2468.2983466071983,
        2280.0407801651845,
        2535.601733498507,
        1968.4478942611568,
        2559.6628045366942,
        2665.3923126844056,
        2346.587526494319,
        1275.573604391559,
        1959.0092842554686,
        1696.221833350547,
        2247.3931337347985,
        2613.2714420950547,
        2603.6446561661774,
        1081.7045674886283,
        891.4027708167916,
        1039.7967326569365,
        2463.528779056121,
        -1872.2925043966754,
        1230.656673520494,
        1603.2619697331525,
        2468.3251158132516,
        1815.7045274183758,
        1144.5685892595134,
        715.9238811274408,
        1785.778677260382,
        2528.144590408842,
        2078.064404441846,
        653.4987500298522,
        540.9626964258557,
        2728.6645002175374,
        935.8772932594829,
        1599.175660944892,
        -326.29914250742297,
        2932.417104710361,
        2407.7886751118676,
        1936.7350506147968,
        2765.013894153158,
        299.4255127524925,
        2752.7345418456543,
        2427.6496768707457,
        2563.8577223530087,
        2507.09217552293,
        2512.344894600983,
        556.2346980020122,
        2139.2012689779967,
        2148.63766602875,
        2440.9696218848285,
        2354.735759989513,
        1968.5075900998743,
        1821.637035783103,
        1509.764433906943,
        418.02567131822605,
        1508.547196526522,
        2596.5754754363625,
        3149.6180520183316,
        1911.5773858336597,
        2366.4080930171453,
        2194.428269232953,
        2222.1673227541232,
        1004.6272780090598,
        1332.6820468353758,
        2519.5668215109363,
        1839.2087110262953,
        2560.8287016774034,
        2248.6166725674,
        2478.8397400946787,
        1879.9257223389022,
        2583.6146960820224,
        2834.712135998179,
        2348.3380366720953,
        2380.6456137149585,
        2738.5636577373543
    ],
    "recent_successes": [
        1,
        1,
        1,
        1,
        1,
        1,
        0,
        1,
        1,
        1,
        1,
        1,
        1,
        1,
        1,
        1,
        1,
        1,
        1,
        1,
        1,
        1,
        1,
        1,
        0,
        1,
        1,
        1,
        1,
        1,
        1,
        1,
        1,
        1,
        1,
        1,
        1,
        1,
        1,
        1,
        1,
        1,
        1,
        1,
        1,
        0,
        1,
        1,
        1,
        1,
        1,
        1,
        1,
        1,
        1,
        1,
        1,
        1,
        1,
        1,
        0,
        1,
        1,
        1,
        1,
        1,
        1,
        1,
        1,
        1,
        1,
        1,
        1,
        1,
        1,
        1,
        1,
        1,
        1,
        1,
        1,
        1,
        1,
        1,
        1,
        1,
        1,
        1,
        1,
        1,
        1,
        1,
        1,
        1,
        1,
        1,
        1,
        1,
        1,
        1
    ],
    "recent_collisions": [
        0,
        0,
        0,
        0,
        0,
        0,
        1,
        0,
        0,
        0,
        0,
        0,
        0,
        0,
        0,
        0,
        0,
        0,
        0,
        0,
        0,
        0,
        0,
        0,
        0,
        0,
        0,
        0,
        0,
        0,
        0,
        0,
        0,
        0,
        0,
        0,
        0,
        0,
        0,
        0,
        0,
        0,
        0,
        0,
        0,
        1,
        0,
        0,
        0,
        0,
        0,
        0,
        0,
        0,
        0,
        0,
        0,
        0,
        0,
        0,
        1,
        0,
        0,
        0,
        0,
        0,
        0,
        0,
        0,
        0,
        0,
        0,
        0,
        0,
        0,
        0,
        0,
        0,
        0,
        0,
        0,
        0,
        0,
        0,
        0,
        0,
        0,
        0,
        0,
        0,
        0,
        0,
        0,
        0,
        0,
        0,
        0,
        0,
        0,
        0
    ],
    "recent_steps": [
        47,
        251,
        109,
        164,
        317,
        118,
        449,
        36,
        166,
        73,
        88,
        133,
        243,
        283,
        255,
        128,
        277,
        164,
        256,
        161,
        61,
        205,
        225,
        113,
        500,
        88,
        206,
        204,
        155,
        129,
        234,
        119,
        201,
        213,
        223,
        117,
        115,
        137,
        172,
        240,
        214,
        41,
        34,
        118,
        234,
        120,
        48,
        104,
        152,
        208,
        111,
        36,
        146,
        161,
        198,
        60,
        66,
        347,
        50,
        202,
        112,
        284,
        170,
        141,
        289,
        112,
        280,
        218,
        213,
        167,
        187,
        86,
        209,
        198,
        189,
        142,
        181,
        82,
        89,
        61,
        97,
        243,
        375,
        208,
        162,
        156,
        163,
        35,
        83,
        158,
        126,
        235,
        153,
        201,
        138,
        217,
        258,
        166,
        149,
        291
    ],
    "params": {
        "max_episodes": 2000,
        "max_steps": 500,
        "batch_size": 64,
        "learning_rate": 5e-05,
        "gamma": 0.99,
        "initial_epsilon": 1.0,
        "epsilon_decay": 0.995,
        "min_epsilon": 0.05,
        "memory_size": 100000,
        "target_update_freq": 10,
        "checkpoint_freq": 100,
        "resource_monitor_freq": 10
    },
    "resource_summary": "Training Time: 6:53:10\nAvg CPU Usage: 42.0%\nAvg Memory Usage: 5.6%\nAvg GPU Usage: 1.9%\nAvg GPU Memory: 369.6MB"
}