{
    "episode": 1500,
    "best_reward": 13273.619611589216,
    "best_success_rate": 1.0,
    "recent_rewards": [
        4296.052852755045,
        6406.714240626368,
        7114.992623883169,
        6682.797890628202,
        9039.942254782472,
        5362.7855758728565,
        7771.029359184473,
        7110.133696053442,
        9621.102094032392,
        8904.866965993044,
        4864.749450256693,
        6775.350884254042,
        6174.489501901873,
        8522.208073874202,
        2948.2301730257277,
        8028.303424953996,
        6981.622552570267,
        8730.932382482762,
        8129.806759504165,
        9250.11164763334,
        7583.0287107114855,
        4598.795288764299,
        4846.630444274625,
        7857.645556586396,
        10146.245592869156,
        9391.001443271518,
        6941.226460420496,
        6758.217105806272,
        10017.843948914975,
        8972.497461808121,
        6615.068025705916,
        7273.949830980141,
        7954.580479559543,
        2309.4953554541826,
        1844.9227491199672,
        7148.936312969528,
        9073.922897174718,
        7201.748889580797,
        5578.446297879425,
        7339.407352693217,
        7315.105321249294,
        7336.098709102269,
        4277.639597132265,
        8535.162596742064,
        9880.089533811642,
        6109.075711405274,
        9712.98482983272,
        8469.917606514513,
        8251.243831228203,
        5593.684652042593,
        5204.605779581661,
        1237.0634099235174,
        8599.926624624815,
        7221.182996027217,
        5164.4525975081915,
        6385.08219709559,
        5862.57363258298,
        7966.76360981588,
        10397.847692765732,
        3576.283480025563,
        5534.491046869854,
        7503.123095950526,
        10333.190161502403,
        9095.275945709356,
        9005.868917954827,
        6774.516643705936,
        10456.226028699039,
        7424.535000950597,
        8966.417551169858,
        5906.193540847122,
        9951.042425210422,
        6346.869309158299,
        7023.651746247799,
        8000.096365811331,
        8230.358784421445,
        7644.161881354414,
        6587.136035139896,
        8776.002122907528,
        5910.470701336438,
        7681.728460486542,
        5840.437308118314,
        10834.338467374337,
        7665.694954760607,
        6612.10404714687,
        8461.988298284043,
        7852.569478719794,
        7853.342673799458,
        6197.395163750658,
        6306.772845471925,
        8711.176421082853,
        7696.283860625375,
        2983.008114356732,
        9131.932424096321,
        8646.198718419408,
        3844.24523492138,
        8517.149906066836,
        9807.963174500677,
        4938.047385027329,
        9114.909056546203,
        8168.963451586431
    ],
    "recent_successes": [
        1,
        1,
        1,
        1,
        1,
        1,
        1,
        1,
        1,
        1,
        1,
        1,
        1,
        1,
        1,
        1,
        1,
        1,
        1,
        1,
        1,
        1,
        1,
        1,
        1,
        1,
        1,
        1,
        1,
        1,
        1,
        1,
        1,
        1,
        1,
        1,
        1,
        1,
        1,
        1,
        1,
        1,
        1,
        1,
        1,
        1,
        1,
        1,
        1,
        1,
        1,
        1,
        1,
        1,
        1,
        1,
        1,
        1,
        1,
        1,
        1,
        1,
        1,
        1,
        1,
        1,
        1,
        1,
        1,
        1,
        1,
        1,
        1,
        1,
        1,
        1,
        1,
        1,
        1,
        1,
        1,
        1,
        1,
        1,
        1,
        1,
        1,
        1,
        1,
        1,
        1,
        1,
        1,
        1,
        1,
        1,
        1,
        1,
        1,
        1
    ],
    "recent_collisions": [
        0,
        0,
        0,
        0,
        0,
        0,
        0,
        0,
        0,
        0,
        0,
        0,
        0,
        0,
        0,
        0,
        0,
        0,
        0,
        0,
        0,
        0,
        0,
        0,
        0,
        0,
        0,
        0,
        0,
        0,
        0,
        0,
        0,
        0,
        0,
        0,
        0,
        0,
        0,
        0,
        0,
        0,
        0,
        0,
        0,
        0,
        0,
        0,
        0,
        0,
        0,
        0,
        0,
        0,
        0,
        0,
        0,
        0,
        0,
        0,
        0,
        0,
        0,
        0,
        0,
        0,
        0,
        0,
        0,
        0,
        0,
        0,
        0,
        0,
        0,
        0,
        0,
        0,
        0,
        0,
        0,
        0,
        0,
        0,
        0,
        0,
        0,
        0,
        0,
        0,
        0,
        0,
        0,
        0,
        0,
        0,
        0,
        0,
        0,
        0
    ],
    "recent_steps": [
        52,
        85,
        75,
        103,
        115,
        71,
        112,
        250,
        150,
        121,
        57,
        117,
        79,
        131,
        33,
        111,
        139,
        125,
        135,
        156,
        99,
        69,
        67,
        113,
        144,
        125,
        98,
        76,
        164,
        125,
        84,
        93,
        124,
        24,
        51,
        156,
        143,
        109,
        68,
        100,
        107,
        112,
        46,
        116,
        114,
        95,
        126,
        169,
        110,
        91,
        87,
        14,
        99,
        112,
        86,
        96,
        256,
        124,
        162,
        69,
        83,
        147,
        151,
        168,
        138,
        95,
        136,
        112,
        121,
        95,
        136,
        124,
        134,
        150,
        104,
        118,
        99,
        128,
        70,
        107,
        68,
        134,
        109,
        77,
        125,
        111,
        150,
        100,
        95,
        157,
        100,
        51,
        117,
        122,
        53,
        121,
        137,
        59,
        123,
        104
    ],
    "params": {
        "max_episodes": 2000,
        "max_steps": 400,
        "batch_size": 64,
        "learning_rate": 5e-05,
        "gamma": 0.99,
        "initial_epsilon": 1.0,
        "epsilon_decay": 0.995,
        "min_epsilon": 0.05,
        "memory_size": 100000,
        "target_update_freq": 10,
        "checkpoint_freq": 100,
        "resource_monitor_freq": 10
    },
    "resource_summary": "Training Time: 8:14:02\nAvg CPU Usage: 43.3%\nAvg Memory Usage: 5.6%\nAvg GPU Usage: 1.9%\nAvg GPU Memory: 98.7MB"
}