{
    "episode": 700,
    "best_reward": 3631.4951688109113,
    "best_success_rate": 1.0,
    "recent_rewards": [
        1787.5865134142186,
        1995.0394618130763,
        1489.0963226913955,
        2454.066154282077,
        638.9632968848312,
        942.1527540420242,
        1504.8636789455572,
        838.2916054252685,
        3037.013645115118,
        1228.249228450032,
        783.6732777859952,
        1398.3395160983039,
        338.97068200932443,
        637.287174800303,
        693.0338062645324,
        3408.600566182418,
        2676.939623777106,
        703.8731141987948,
        2023.146875999198,
        1508.2007299506336,
        2514.7932640850454,
        1849.8795533334935,
        1283.9141526564176,
        1150.3496065043623,
        2116.002598335404,
        2345.7631389278795,
        584.6586235762624,
        2666.201570154434,
        1260.327171443677,
        2175.29674507485,
        1687.6495470560176,
        1615.7799620417354,
        1295.197624815948,
        2333.338140942436,
        397.23800585172864,
        1361.540275830357,
        1275.4522593470247,
        1653.0523762320595,
        2415.822596091969,
        1476.30189806909,
        2005.0688878183041,
        2150.090168785226,
        623.0274995513414,
        2011.7721508305397,
        1202.9511190369622,
        3631.4951688109113,
        1212.3958471578933,
        2661.612268206634,
        2061.7944839095408,
        2449.6187328690376,
        1669.055635426049,
        1384.8560074901225,
        2314.5716753207303,
        776.6282238944291,
        2209.1134471683604,
        1602.142566894398,
        1914.6389705442525,
        2698.497354806261,
        931.3444704366395,
        2456.8467680690037,
        2190.9398337614025,
        2538.0664864497508,
        1644.6868932224834,
        2347.340541380687,
        1457.9767884139671,
        2242.3277303206637,
        2186.015676284127,
        2192.3328446852356,
        1886.6562187797788,
        782.6517295967094,
        1071.6449034648313,
        1853.9668993976575,
        3088.6912329137035,
        2232.272994864077,
        2713.0017396349085,
        2573.739244383917,
        2559.409578658072,
        639.1532557543202,
        785.6047947329469,
        1317.7212905516587,
        2528.8841390639677,
        547.4000517040004,
        1332.7772368407038,
        930.896135040643,
        1204.1395477659275,
        1031.012800659435,
        2278.642309046196,
        2234.3831470782516,
        1512.8215923581622,
        765.7324241266414,
        1884.5025931748096,
        2414.5704198293024,
        932.1241052668411,
        2389.7857228333487,
        1096.9465577620656,
        -23993.95925624466,
        2396.7667784241207,
        2333.8212168470895,
        1967.6802716764844,
        1572.1494704853922
    ],
    "recent_successes": [
        1,
        1,
        1,
        1,
        1,
        1,
        1,
        1,
        1,
        1,
        1,
        1,
        1,
        1,
        1,
        1,
        1,
        1,
        1,
        1,
        1,
        1,
        1,
        1,
        1,
        1,
        1,
        1,
        1,
        1,
        1,
        1,
        1,
        1,
        1,
        1,
        1,
        1,
        1,
        1,
        1,
        1,
        1,
        1,
        1,
        0,
        1,
        1,
        1,
        1,
        1,
        1,
        1,
        1,
        1,
        1,
        1,
        1,
        1,
        1,
        1,
        1,
        1,
        1,
        1,
        1,
        1,
        1,
        1,
        1,
        1,
        1,
        1,
        1,
        1,
        1,
        1,
        1,
        1,
        1,
        1,
        1,
        1,
        1,
        1,
        1,
        1,
        1,
        1,
        1,
        1,
        1,
        1,
        1,
        1,
        0,
        1,
        1,
        1,
        1
    ],
    "recent_collisions": [
        0,
        0,
        0,
        0,
        0,
        0,
        0,
        0,
        0,
        0,
        0,
        0,
        0,
        0,
        0,
        0,
        0,
        0,
        0,
        0,
        0,
        0,
        0,
        0,
        0,
        0,
        0,
        0,
        0,
        0,
        0,
        0,
        0,
        0,
        0,
        0,
        0,
        0,
        0,
        0,
        0,
        0,
        0,
        0,
        0,
        0,
        0,
        0,
        0,
        0,
        0,
        0,
        0,
        0,
        0,
        0,
        0,
        0,
        0,
        0,
        0,
        0,
        0,
        0,
        0,
        0,
        0,
        0,
        0,
        0,
        0,
        0,
        0,
        0,
        0,
        0,
        0,
        0,
        0,
        0,
        0,
        0,
        0,
        0,
        0,
        0,
        0,
        0,
        0,
        0,
        0,
        0,
        0,
        0,
        0,
        0,
        0,
        0,
        0,
        0
    ],
    "recent_steps": [
        138,
        128,
        73,
        191,
        40,
        56,
        72,
        176,
        251,
        59,
        65,
        94,
        156,
        12,
        1,
        363,
        269,
        35,
        366,
        181,
        188,
        113,
        61,
        74,
        132,
        155,
        13,
        251,
        103,
        136,
        78,
        110,
        108,
        267,
        192,
        91,
        106,
        102,
        152,
        108,
        126,
        157,
        11,
        494,
        57,
        500,
        77,
        275,
        174,
        185,
        106,
        98,
        202,
        42,
        144,
        99,
        107,
        312,
        60,
        230,
        169,
        244,
        117,
        180,
        210,
        142,
        138,
        142,
        132,
        36,
        96,
        89,
        456,
        197,
        229,
        234,
        200,
        25,
        46,
        64,
        195,
        182,
        96,
        75,
        87,
        144,
        196,
        180,
        106,
        40,
        113,
        207,
        57,
        192,
        174,
        500,
        341,
        265,
        127,
        102
    ],
    "params": {
        "max_episodes": 2000,
        "max_steps": 500,
        "batch_size": 64,
        "learning_rate": 5e-05,
        "gamma": 0.99,
        "initial_epsilon": 1.0,
        "epsilon_decay": 0.995,
        "min_epsilon": 0.05,
        "memory_size": 100000,
        "target_update_freq": 10,
        "checkpoint_freq": 100,
        "resource_monitor_freq": 10
    },
    "resource_summary": "Training Time: 4:15:18\nAvg CPU Usage: 41.8%\nAvg Memory Usage: 5.6%\nAvg GPU Usage: 1.9%\nAvg GPU Memory: 369.3MB"
}