{
    "episode": 1700,
    "best_reward": 13273.619611589216,
    "best_success_rate": 1.0,
    "recent_rewards": [
        6212.3416448037315,
        10066.344921199026,
        8223.386649183856,
        2106.6113855922217,
        10600.140573332501,
        5933.537527638289,
        6703.301618392587,
        6148.210151817144,
        8529.56342431423,
        6775.8067402988045,
        7101.5228467177685,
        4449.090032681877,
        10412.895399901634,
        6884.889516306515,
        4958.415084605999,
        8368.840063130909,
        5049.381497718552,
        6514.8613324350135,
        8883.299885101687,
        8292.931641706578,
        7120.201351974974,
        3324.9512505898256,
        8821.50181687554,
        9254.113944456229,
        6639.812172203097,
        7000.957932629471,
        2470.8150562788255,
        1257.2958125140988,
        1239.1528590989465,
        6363.748476406136,
        7028.50316702775,
        5159.770654199132,
        8673.33604447763,
        5559.794104390049,
        6378.071002369458,
        5982.666991690072,
        7202.17139640471,
        7128.4718804256645,
        1726.7574562088037,
        6031.046887754159,
        8509.250515047674,
        6642.121193751356,
        7374.314268817357,
        8132.087966336996,
        11100.610447813682,
        5650.159923200964,
        6655.929664801263,
        5016.432016622664,
        5649.180289883947,
        6891.775361963837,
        8257.332386981217,
        8092.7445418477,
        4932.455959008576,
        8792.365515302441,
        5832.665250407625,
        7806.882490547938,
        5468.0774904083055,
        6900.499288043559,
        8763.293754237864,
        3166.163401097622,
        2776.311611690433,
        10716.26774244121,
        1371.6332840038606,
        2496.1375274380503,
        7681.518084564542,
        5722.15211642595,
        5622.954163099683,
        9232.43513056219,
        3803.7152479980728,
        7054.618348961782,
        6092.211462345969,
        9005.426275397373,
        8318.14773448235,
        5790.698451398659,
        8329.0533447198,
        3191.840667941891,
        3846.3807952455168,
        5762.050054400268,
        4653.69502961749,
        1522.0713951763732,
        9957.559459932836,
        8992.04228524381,
        7596.11582155096,
        3408.7025315514034,
        6773.572550767146,
        1983.9142036296648,
        4723.534361398189,
        9096.501649674381,
        6670.031758674305,
        8647.184126806396,
        11640.255827214536,
        955.8563097203535,
        6769.648010326319,
        8599.82637796172,
        8240.050430458505,
        3964.30285969631,
        8797.923091779376,
        8801.95044834742,
        5181.731828181017,
        7523.208038646593
    ],
    "recent_successes": [
        1,
        1,
        1,
        1,
        1,
        1,
        1,
        1,
        1,
        1,
        1,
        1,
        1,
        1,
        1,
        1,
        1,
        1,
        1,
        1,
        1,
        1,
        1,
        1,
        1,
        1,
        1,
        1,
        1,
        1,
        1,
        1,
        1,
        1,
        1,
        1,
        1,
        1,
        1,
        1,
        1,
        1,
        1,
        1,
        1,
        1,
        1,
        1,
        1,
        1,
        1,
        1,
        1,
        1,
        1,
        1,
        1,
        1,
        1,
        1,
        1,
        1,
        1,
        1,
        1,
        1,
        1,
        1,
        1,
        1,
        1,
        1,
        1,
        1,
        1,
        1,
        1,
        1,
        1,
        1,
        1,
        1,
        1,
        1,
        1,
        1,
        1,
        1,
        1,
        1,
        1,
        1,
        1,
        1,
        1,
        1,
        1,
        1,
        1,
        1
    ],
    "recent_collisions": [
        0,
        0,
        0,
        0,
        0,
        0,
        0,
        0,
        0,
        0,
        0,
        0,
        0,
        0,
        0,
        0,
        0,
        0,
        0,
        0,
        0,
        0,
        0,
        0,
        0,
        0,
        0,
        0,
        0,
        0,
        0,
        0,
        0,
        0,
        0,
        0,
        0,
        0,
        0,
        0,
        0,
        0,
        0,
        0,
        0,
        0,
        0,
        0,
        0,
        0,
        0,
        0,
        0,
        0,
        0,
        0,
        0,
        0,
        0,
        0,
        0,
        0,
        0,
        0,
        0,
        0,
        0,
        0,
        0,
        0,
        0,
        0,
        0,
        0,
        0,
        0,
        0,
        0,
        0,
        0,
        0,
        0,
        0,
        0,
        0,
        0,
        0,
        0,
        0,
        0,
        0,
        0,
        0,
        0,
        0,
        0,
        0,
        0,
        0,
        0
    ],
    "recent_steps": [
        89,
        156,
        103,
        25,
        163,
        83,
        109,
        106,
        128,
        123,
        112,
        58,
        146,
        97,
        67,
        144,
        80,
        98,
        163,
        129,
        88,
        44,
        134,
        164,
        97,
        104,
        37,
        6,
        1,
        83,
        110,
        55,
        143,
        80,
        100,
        100,
        109,
        123,
        13,
        66,
        110,
        81,
        109,
        107,
        169,
        72,
        88,
        82,
        82,
        106,
        89,
        112,
        64,
        122,
        64,
        102,
        77,
        70,
        133,
        36,
        36,
        155,
        17,
        31,
        103,
        79,
        68,
        149,
        42,
        102,
        92,
        142,
        118,
        95,
        131,
        33,
        51,
        80,
        68,
        22,
        138,
        152,
        121,
        38,
        103,
        24,
        56,
        125,
        101,
        132,
        184,
        1,
        85,
        106,
        113,
        41,
        122,
        125,
        79,
        130
    ],
    "params": {
        "max_episodes": 2000,
        "max_steps": 400,
        "batch_size": 64,
        "learning_rate": 5e-05,
        "gamma": 0.99,
        "initial_epsilon": 1.0,
        "epsilon_decay": 0.995,
        "min_epsilon": 0.05,
        "memory_size": 100000,
        "target_update_freq": 10,
        "checkpoint_freq": 100,
        "resource_monitor_freq": 10
    },
    "resource_summary": "Training Time: 9:06:57\nAvg CPU Usage: 43.3%\nAvg Memory Usage: 5.7%\nAvg GPU Usage: 1.9%\nAvg GPU Memory: 98.7MB"
}