{
    "episode": 1000,
    "best_reward": 3690.2017180102375,
    "best_success_rate": 1.0,
    "recent_rewards": [
        2181.2974084554253,
        1216.0059357588812,
        2428.639342471844,
        1899.0171370417474,
        766.5388161737894,
        2327.6761163522738,
        1596.581191251003,
        1908.2575834667985,
        631.3486808636314,
        783.210189000117,
        960.8172085819931,
        3143.6633205738135,
        2162.695801162339,
        701.5741573036383,
        2041.813259246615,
        1966.763586936615,
        1002.2372720223943,
        2474.9805424624988,
        2904.459075062465,
        3021.7374757144057,
        2943.94401603537,
        1752.7409536938587,
        1777.9287161045356,
        878.4245279754585,
        1778.6444439085792,
        2743.301913337103,
        2635.81656084327,
        1119.0033162905634,
        1993.456793929532,
        2089.4268412798465,
        599.1935787366989,
        3171.212971126973,
        3086.825977795969,
        2563.7562468030683,
        2295.180834145992,
        1345.2451698642299,
        1379.671046487235,
        1724.3333887562856,
        2232.4751470890274,
        820.6599396717345,
        977.2477582108074,
        2524.6878366202245,
        1952.1160028306276,
        2989.286946723461,
        2300.010061552231,
        2696.3656584334276,
        2095.7579760202284,
        1104.1253528102884,
        1826.485309014589,
        1476.789321005264,
        1349.5602774384677,
        1928.9779135992715,
        2958.7014139669823,
        1357.1840231562162,
        1238.4559023749716,
        1980.0932515097875,
        1867.9612647551835,
        2019.0330001861917,
        1288.053900795141,
        2726.4552666104514,
        1731.102887798867,
        817.9750211149945,
        964.7663768237924,
        2599.340853088569,
        2447.3383513129793,
        1877.1930959698798,
        1429.131875221603,
        1903.304617526606,
        1315.597266346731,
        3324.379951397688,
        1840.3431605484986,
        863.6878108049405,
        586.4080214803934,
        558.5771763076746,
        1568.308791925328,
        1692.5277270798433,
        2487.5529476332795,
        2382.9302160083193,
        2345.8657134105542,
        1088.294423573654,
        1393.4100782107623,
        2481.788255041847,
        1836.1092544709054,
        940.5454438074044,
        960.4357828519658,
        2467.8636825229505,
        1775.6482046320627,
        2309.0060882431353,
        2095.3861607657936,
        2281.416509097497,
        1775.2530962875455,
        2572.292824138861,
        2328.9098060182246,
        700.0,
        2775.597514385068,
        1359.70354294682,
        1481.316672258122,
        2334.0429427724703,
        2119.350207691893,
        2355.0223118796857
    ],
    "recent_successes": [
        1,
        1,
        1,
        1,
        1,
        1,
        1,
        1,
        1,
        1,
        1,
        1,
        1,
        1,
        1,
        1,
        1,
        1,
        1,
        1,
        1,
        1,
        1,
        1,
        1,
        1,
        1,
        1,
        1,
        1,
        1,
        0,
        1,
        1,
        1,
        1,
        1,
        1,
        1,
        1,
        1,
        1,
        1,
        1,
        1,
        1,
        1,
        1,
        1,
        1,
        1,
        1,
        0,
        1,
        1,
        1,
        1,
        1,
        1,
        1,
        1,
        1,
        1,
        1,
        1,
        1,
        1,
        1,
        1,
        1,
        1,
        1,
        1,
        1,
        1,
        1,
        1,
        1,
        1,
        1,
        1,
        1,
        1,
        1,
        1,
        1,
        1,
        1,
        1,
        1,
        1,
        1,
        1,
        1,
        1,
        1,
        1,
        1,
        1,
        1
    ],
    "recent_collisions": [
        0,
        0,
        0,
        0,
        0,
        0,
        0,
        0,
        0,
        0,
        0,
        0,
        0,
        0,
        0,
        0,
        0,
        0,
        0,
        0,
        0,
        0,
        0,
        0,
        0,
        0,
        0,
        0,
        0,
        0,
        0,
        0,
        0,
        0,
        0,
        0,
        0,
        0,
        0,
        0,
        0,
        0,
        0,
        0,
        0,
        0,
        0,
        0,
        0,
        0,
        0,
        0,
        0,
        0,
        0,
        0,
        0,
        0,
        0,
        0,
        0,
        0,
        0,
        0,
        0,
        0,
        0,
        0,
        0,
        0,
        0,
        0,
        0,
        0,
        0,
        0,
        0,
        0,
        0,
        0,
        0,
        0,
        0,
        0,
        0,
        0,
        0,
        0,
        0,
        0,
        0,
        0,
        0,
        0,
        0,
        0,
        0,
        0,
        0,
        0
    ],
    "recent_steps": [
        136,
        89,
        190,
        122,
        39,
        166,
        111,
        299,
        20,
        83,
        35,
        306,
        202,
        35,
        127,
        126,
        48,
        239,
        241,
        295,
        288,
        110,
        109,
        66,
        99,
        297,
        307,
        74,
        159,
        130,
        1,
        500,
        251,
        260,
        188,
        58,
        93,
        271,
        164,
        55,
        53,
        255,
        105,
        295,
        150,
        218,
        242,
        61,
        122,
        104,
        61,
        116,
        500,
        82,
        50,
        132,
        111,
        147,
        62,
        243,
        143,
        61,
        42,
        276,
        211,
        179,
        74,
        120,
        113,
        388,
        125,
        35,
        5,
        1,
        76,
        131,
        235,
        161,
        247,
        42,
        94,
        180,
        120,
        72,
        89,
        305,
        97,
        157,
        178,
        141,
        127,
        285,
        146,
        1,
        295,
        104,
        109,
        167,
        281,
        212
    ],
    "params": {
        "max_episodes": 2000,
        "max_steps": 500,
        "batch_size": 64,
        "learning_rate": 5e-05,
        "gamma": 0.99,
        "initial_epsilon": 1.0,
        "epsilon_decay": 0.995,
        "min_epsilon": 0.05,
        "memory_size": 100000,
        "target_update_freq": 10,
        "checkpoint_freq": 100,
        "resource_monitor_freq": 10
    },
    "resource_summary": "Training Time: 6:08:46\nAvg CPU Usage: 41.9%\nAvg Memory Usage: 5.6%\nAvg GPU Usage: 2.0%\nAvg GPU Memory: 369.5MB"
}