{
    "episode": 300,
    "best_reward": 3303.7896583286183,
    "best_success_rate": 1.0,
    "recent_rewards": [
        -777.1894781664216,
        1097.4792047488977,
        2427.034886935442,
        1908.8356824926877,
        722.0014162078345,
        1972.6794145305782,
        1649.8383686915672,
        2207.7223455521353,
        -1353.2510336988566,
        1855.0180511357016,
        2584.9660734273357,
        -816.3585885381594,
        682.3710724250634,
        1147.2509315240563,
        -348.3639888291128,
        -976.7245679889916,
        2338.1088177304123,
        3078.7525142906484,
        855.4722334043755,
        -30.760149935407732,
        2936.834406948147,
        2307.336465661566,
        2099.2734866927462,
        1131.6571105158598,
        2663.784892287304,
        1165.5414306877028,
        111.74699085937158,
        1050.6564085543769,
        1557.2119285289307,
        2104.4166697524834,
        -684.0676024289319,
        965.81254988108,
        910.2695687643632,
        3303.7896583286183,
        567.1128148057041,
        -89.55060207703855,
        2879.3451824322774,
        1609.2267542961895,
        2315.8773362363922,
        846.4080978475465,
        2726.7482386519855,
        2191.077947947825,
        2132.8290708261025,
        317.0196212610062,
        3020.5730605517356,
        281.46098066811635,
        2741.3981965887897,
        -420.30003479155977,
        2181.872789133128,
        1979.9231743188839,
        1390.5279399498577,
        916.4007991963996,
        1875.1911994842953,
        2224.568426569925,
        2238.383335093462,
        -591.9903488277519,
        2150.022757069474,
        1331.449454246408,
        -7.452898041919283,
        2236.9417184154395,
        1610.1373381412654,
        2375.059695430745,
        -1534.1118252177446,
        2585.94268847595,
        2546.2421207860943,
        3113.318467323337,
        2701.997981964204,
        2343.2373853451427,
        2641.9067516293635,
        -522.6489451762453,
        1581.2744935683827,
        1069.1807175957292,
        2001.824336088194,
        2661.2286370895417,
        1700.3916158783984,
        477.5959594355432,
        1814.1079643876683,
        1169.5041082986513,
        2637.8532280212476,
        2462.0930029773936,
        1812.4236983148921,
        2173.712985369487,
        2294.3244650595434,
        450.65509573547956,
        2282.1019840581966,
        807.2874994801692,
        842.0559932157739,
        1569.8933666754904,
        1165.1987408257648,
        1828.369721146138,
        729.6808838493728,
        733.2333155600071,
        1816.4347431397466,
        1956.917329426266,
        1836.8426056839048,
        857.761557638699,
        2107.55035875989,
        917.3607175483148,
        803.6124553724046,
        678.8657424839253
    ],
    "recent_successes": [
        0,
        1,
        1,
        1,
        1,
        1,
        1,
        1,
        0,
        1,
        1,
        0,
        1,
        1,
        0,
        0,
        1,
        1,
        1,
        0,
        1,
        1,
        1,
        1,
        1,
        1,
        1,
        1,
        1,
        1,
        0,
        1,
        1,
        1,
        1,
        0,
        1,
        1,
        1,
        1,
        1,
        1,
        1,
        1,
        1,
        1,
        1,
        0,
        1,
        1,
        1,
        1,
        1,
        1,
        1,
        0,
        1,
        1,
        0,
        1,
        1,
        1,
        0,
        1,
        1,
        1,
        1,
        1,
        1,
        0,
        1,
        1,
        1,
        1,
        1,
        1,
        1,
        1,
        1,
        1,
        1,
        1,
        1,
        1,
        1,
        1,
        1,
        1,
        1,
        1,
        1,
        1,
        1,
        1,
        1,
        1,
        1,
        1,
        1,
        1
    ],
    "recent_collisions": [
        0,
        0,
        0,
        0,
        0,
        0,
        0,
        0,
        1,
        0,
        0,
        0,
        0,
        0,
        0,
        1,
        0,
        0,
        0,
        1,
        0,
        0,
        0,
        0,
        0,
        0,
        0,
        0,
        0,
        0,
        1,
        0,
        0,
        0,
        0,
        0,
        0,
        0,
        0,
        0,
        0,
        0,
        0,
        0,
        0,
        0,
        0,
        1,
        0,
        0,
        0,
        0,
        0,
        0,
        0,
        1,
        0,
        0,
        1,
        0,
        0,
        0,
        1,
        0,
        0,
        0,
        0,
        0,
        0,
        1,
        0,
        0,
        0,
        0,
        0,
        0,
        0,
        0,
        0,
        0,
        0,
        0,
        0,
        0,
        0,
        0,
        0,
        0,
        0,
        0,
        0,
        0,
        0,
        0,
        0,
        0,
        0,
        0,
        0,
        0
    ],
    "recent_steps": [
        176,
        46,
        182,
        135,
        29,
        124,
        81,
        147,
        192,
        120,
        197,
        139,
        1,
        46,
        166,
        76,
        161,
        236,
        107,
        51,
        254,
        169,
        132,
        118,
        187,
        45,
        125,
        109,
        139,
        132,
        56,
        119,
        108,
        240,
        7,
        141,
        198,
        118,
        170,
        95,
        215,
        156,
        145,
        147,
        255,
        156,
        208,
        62,
        142,
        132,
        79,
        52,
        127,
        170,
        184,
        81,
        139,
        120,
        68,
        150,
        71,
        161,
        90,
        181,
        177,
        260,
        198,
        160,
        181,
        62,
        74,
        53,
        189,
        203,
        111,
        108,
        99,
        77,
        174,
        173,
        120,
        148,
        143,
        72,
        146,
        56,
        103,
        156,
        45,
        220,
        54,
        67,
        126,
        122,
        122,
        28,
        131,
        75,
        47,
        53
    ],
    "params": {
        "max_episodes": 2000,
        "max_steps": 500,
        "batch_size": 64,
        "learning_rate": 5e-05,
        "gamma": 0.99,
        "initial_epsilon": 1.0,
        "epsilon_decay": 0.995,
        "min_epsilon": 0.05,
        "memory_size": 100000,
        "target_update_freq": 10,
        "checkpoint_freq": 100,
        "resource_monitor_freq": 10
    },
    "resource_summary": "Training Time: 1:54:43\nAvg CPU Usage: 41.6%\nAvg Memory Usage: 5.4%\nAvg GPU Usage: 1.9%\nAvg GPU Memory: 368.5MB"
}