{
    "episode": 600,
    "best_reward": 3303.7896583286183,
    "best_success_rate": 1.0,
    "recent_rewards": [
        2519.151174503262,
        1499.019055484318,
        741.0849489556751,
        1530.6344016199014,
        2168.9331940882635,
        1642.1077269059283,
        742.5903122924398,
        1339.5692135886554,
        2522.238381630804,
        1279.455901572131,
        1937.510483634353,
        2545.5392113660046,
        740.2470018584312,
        1827.8971365001096,
        873.8303515870106,
        1752.6580918516822,
        2254.243313780963,
        1147.6161128257154,
        2131.3082022788785,
        2256.046019740779,
        640.9202326711873,
        760.6618457243861,
        2503.915198269802,
        2194.8199249156887,
        2256.4071461930066,
        1648.3684484109458,
        2511.316960591867,
        1215.2512633813676,
        876.9175307871212,
        1962.8007739553761,
        2794.803702358487,
        1848.1864667646882,
        1751.9257771828657,
        601.6253680737121,
        1215.6555242200975,
        1814.0274609682574,
        2270.7914721489888,
        2353.8318320223416,
        1786.5176515276237,
        803.8205309404689,
        2041.9672518092177,
        1054.0423386261248,
        1651.8832153305586,
        1320.619105496096,
        1919.5856884332236,
        1703.7259667910657,
        2189.7354775130607,
        2097.48558703332,
        1269.7036295895227,
        2343.3132595883476,
        1622.0231022638318,
        2186.7217061749952,
        2207.940778991416,
        1681.8714064341943,
        1368.4268065449296,
        2669.335989938586,
        2213.9286258797015,
        1494.8103897725568,
        -1357.3982765757492,
        1078.0566967894551,
        1099.4150661002882,
        1161.507035579377,
        1722.949061513842,
        1825.6674594573653,
        632.5588347694994,
        1766.4931369893286,
        100.0428108718852,
        913.1490147931011,
        2364.8171268648557,
        -24904.93017391432,
        2500.1115852184366,
        1678.7240043084762,
        2189.0734136985766,
        2297.576857660347,
        1644.4784191794356,
        1395.0248667573778,
        1484.6895915391754,
        1398.3056595714663,
        1492.7234722547078,
        1335.8894777596663,
        695.859394500324,
        1815.943404929701,
        2525.801451119291,
        942.0029967600792,
        1655.2183900722996,
        1577.495116511862,
        2214.925656383281,
        1729.765382274319,
        1711.0682962983722,
        2717.428895610554,
        264.1910964213929,
        2489.67970775672,
        1608.7967850523437,
        2191.589665887504,
        1645.5990125511407,
        1830.5077761734638,
        2284.2550889475865,
        1395.5239210231907,
        463.1519180761582,
        2431.96605531009
    ],
    "recent_successes": [
        1,
        1,
        1,
        1,
        1,
        1,
        1,
        1,
        1,
        1,
        1,
        1,
        1,
        1,
        1,
        1,
        1,
        1,
        1,
        1,
        1,
        1,
        1,
        1,
        1,
        1,
        1,
        1,
        1,
        1,
        1,
        1,
        1,
        1,
        1,
        1,
        1,
        1,
        1,
        1,
        1,
        1,
        1,
        1,
        1,
        1,
        1,
        1,
        1,
        1,
        1,
        1,
        1,
        1,
        1,
        1,
        1,
        1,
        0,
        1,
        1,
        1,
        1,
        1,
        1,
        1,
        0,
        1,
        1,
        0,
        0,
        1,
        1,
        1,
        1,
        1,
        1,
        1,
        1,
        1,
        1,
        1,
        1,
        1,
        1,
        1,
        1,
        1,
        1,
        1,
        1,
        1,
        1,
        1,
        1,
        1,
        1,
        1,
        1,
        1
    ],
    "recent_collisions": [
        0,
        0,
        0,
        0,
        0,
        0,
        0,
        0,
        0,
        0,
        0,
        0,
        0,
        0,
        0,
        0,
        0,
        0,
        0,
        0,
        0,
        0,
        0,
        0,
        0,
        0,
        0,
        0,
        0,
        0,
        0,
        0,
        0,
        0,
        0,
        0,
        0,
        0,
        0,
        0,
        0,
        0,
        0,
        0,
        0,
        0,
        0,
        0,
        0,
        0,
        0,
        0,
        0,
        0,
        0,
        0,
        0,
        0,
        1,
        0,
        0,
        0,
        0,
        0,
        0,
        0,
        1,
        0,
        0,
        0,
        0,
        0,
        0,
        0,
        0,
        0,
        0,
        0,
        0,
        0,
        0,
        0,
        0,
        0,
        0,
        0,
        0,
        0,
        0,
        0,
        0,
        0,
        0,
        0,
        0,
        0,
        0,
        0,
        0,
        0
    ],
    "recent_steps": [
        181,
        85,
        56,
        103,
        150,
        113,
        58,
        67,
        246,
        94,
        124,
        195,
        53,
        132,
        56,
        104,
        145,
        132,
        129,
        141,
        1,
        22,
        163,
        149,
        226,
        92,
        168,
        95,
        56,
        122,
        201,
        93,
        89,
        31,
        104,
        96,
        176,
        142,
        90,
        46,
        174,
        37,
        82,
        81,
        144,
        235,
        155,
        473,
        78,
        205,
        119,
        169,
        162,
        160,
        116,
        273,
        348,
        80,
        272,
        44,
        80,
        119,
        149,
        102,
        14,
        139,
        61,
        80,
        145,
        500,
        500,
        108,
        139,
        177,
        77,
        89,
        134,
        134,
        90,
        92,
        1,
        91,
        193,
        68,
        114,
        74,
        142,
        91,
        113,
        277,
        149,
        235,
        97,
        172,
        82,
        149,
        162,
        58,
        67,
        155
    ],
    "params": {
        "max_episodes": 2000,
        "max_steps": 500,
        "batch_size": 64,
        "learning_rate": 5e-05,
        "gamma": 0.99,
        "initial_epsilon": 1.0,
        "epsilon_decay": 0.995,
        "min_epsilon": 0.05,
        "memory_size": 100000,
        "target_update_freq": 10,
        "checkpoint_freq": 100,
        "resource_monitor_freq": 10
    },
    "resource_summary": "Training Time: 3:35:29\nAvg CPU Usage: 41.8%\nAvg Memory Usage: 5.5%\nAvg GPU Usage: 1.9%\nAvg GPU Memory: 369.2MB"
}