{
    "episode": 100,
    "best_reward": 3065.5561647324685,
    "best_success_rate": 0.55,
    "recent_rewards": [
        329.8964301844279,
        -559.1115045049453,
        -536.4515943948563,
        146.74187273451827,
        -530.810546530215,
        1211.2709388735348,
        -586.6427379881334,
        79.96919988535285,
        -833.6890075449354,
        1417.2067527832705,
        626.2457950576287,
        -418.55814412098425,
        862.7733915125004,
        -93.54183318428849,
        481.92277186368227,
        311.3074088863358,
        -932.5213345572441,
        99.55495920340707,
        -788.5332240999138,
        -1370.3744477631783,
        624.3156485069101,
        -271.5370299028549,
        -734.8023861584472,
        719.0365389035389,
        -625.7931570148899,
        -522.0568824575789,
        -162.4730437369088,
        -387.198843666462,
        854.4433836977632,
        -593.0016770393017,
        608.3711326681115,
        50.72168240881206,
        1399.0752852320666,
        600.2486955652143,
        367.75402424698103,
        1919.296145922861,
        57.46012634831192,
        2251.28073402184,
        1196.5735126962227,
        2599.1212694036954,
        714.4220389519231,
        2342.654456869478,
        223.481930832964,
        1755.3419472572891,
        -346.79370096810845,
        833.3245563983028,
        1102.1543972786558,
        1063.6354692823406,
        2444.2949283323574,
        -2476.121610168444,
        130.6645872200903,
        335.85928227464655,
        451.74054125393303,
        2529.535141971755,
        349.0163578371764,
        344.16748093593094,
        370.04237273070555,
        -460.9835060249534,
        19.585890617852726,
        1598.039598495936,
        -874.1357511221647,
        118.25200452126677,
        217.1350334070072,
        -489.8065619598737,
        -789.6991807471159,
        382.01850104439643,
        -111.00260584452286,
        503.1456197384433,
        1437.5540840324418,
        2294.381121162823,
        1233.6808691992444,
        700.0,
        135.95898451820221,
        -619.0046099261905,
        2515.6182018670256,
        389.26133903009924,
        -856.8410050088391,
        166.57794697440522,
        -1294.6012978815854,
        -2372.635223633176,
        1769.8983964178378,
        330.3899216323054,
        308.0093987205317,
        1184.320985239821,
        -1744.3408355515635,
        1159.3679124080059,
        -591.3738630602774,
        1239.6800983508638,
        505.6269978655772,
        -9103.0557486618,
        -542.3278464501366,
        -2706.733104666075,
        -15320.766117407795,
        -3851.5858966743394,
        444.45088176917,
        1443.4563818794413,
        3065.5561647324685,
        273.0630560624393,
        2056.7162571978565,
        1480.9037492065704
    ],
    "recent_successes": [
        1,
        0,
        0,
        0,
        0,
        0,
        0,
        0,
        0,
        1,
        0,
        0,
        0,
        0,
        0,
        0,
        0,
        0,
        0,
        0,
        0,
        0,
        0,
        0,
        0,
        0,
        0,
        0,
        0,
        0,
        1,
        0,
        1,
        1,
        0,
        1,
        0,
        1,
        0,
        1,
        0,
        1,
        0,
        1,
        0,
        0,
        1,
        1,
        1,
        0,
        0,
        0,
        0,
        1,
        0,
        0,
        0,
        0,
        1,
        1,
        0,
        0,
        0,
        0,
        0,
        0,
        0,
        0,
        1,
        1,
        1,
        1,
        1,
        0,
        1,
        1,
        0,
        0,
        0,
        0,
        1,
        0,
        0,
        1,
        0,
        1,
        0,
        1,
        0,
        0,
        0,
        0,
        0,
        0,
        1,
        1,
        0,
        0,
        1,
        1
    ],
    "recent_collisions": [
        0,
        1,
        1,
        1,
        1,
        1,
        1,
        1,
        1,
        0,
        1,
        1,
        1,
        1,
        1,
        1,
        1,
        1,
        1,
        1,
        1,
        1,
        1,
        1,
        1,
        1,
        1,
        1,
        1,
        1,
        0,
        1,
        0,
        0,
        1,
        0,
        1,
        0,
        1,
        0,
        1,
        0,
        1,
        0,
        1,
        1,
        0,
        0,
        0,
        1,
        1,
        1,
        1,
        0,
        1,
        1,
        1,
        1,
        0,
        0,
        1,
        1,
        1,
        1,
        1,
        1,
        0,
        1,
        0,
        0,
        0,
        0,
        0,
        1,
        0,
        0,
        1,
        1,
        1,
        1,
        0,
        1,
        1,
        0,
        1,
        0,
        1,
        0,
        1,
        1,
        1,
        1,
        1,
        1,
        0,
        0,
        0,
        1,
        0,
        0
    ],
    "recent_steps": [
        210,
        56,
        58,
        146,
        50,
        253,
        63,
        128,
        63,
        67,
        126,
        62,
        225,
        120,
        153,
        175,
        69,
        356,
        174,
        189,
        383,
        138,
        59,
        162,
        54,
        54,
        189,
        48,
        230,
        52,
        3,
        111,
        74,
        95,
        125,
        204,
        337,
        175,
        355,
        194,
        109,
        172,
        110,
        203,
        41,
        364,
        41,
        179,
        190,
        149,
        117,
        106,
        104,
        147,
        110,
        115,
        108,
        45,
        106,
        158,
        126,
        112,
        129,
        127,
        141,
        115,
        107,
        123,
        187,
        127,
        160,
        1,
        191,
        159,
        194,
        214,
        131,
        126,
        135,
        176,
        83,
        112,
        109,
        53,
        144,
        161,
        53,
        98,
        123,
        212,
        122,
        97,
        313,
        118,
        192,
        80,
        500,
        279,
        164,
        232
    ],
    "params": {
        "max_episodes": 2000,
        "max_steps": 500,
        "batch_size": 64,
        "learning_rate": 5e-05,
        "gamma": 0.99,
        "initial_epsilon": 1.0,
        "epsilon_decay": 0.995,
        "min_epsilon": 0.05,
        "memory_size": 100000,
        "target_update_freq": 10,
        "checkpoint_freq": 100,
        "resource_monitor_freq": 10
    },
    "resource_summary": "Training Time: 0:37:02\nAvg CPU Usage: 41.2%\nAvg Memory Usage: 5.3%\nAvg GPU Usage: 1.8%\nAvg GPU Memory: 365.6MB"
}