{
    "episode": 900,
    "best_reward": 3690.2017180102375,
    "best_success_rate": 1.0,
    "recent_rewards": [
        1443.9133083425315,
        738.9392835869496,
        2819.3056748141566,
        1606.5820526064203,
        1900.013827537041,
        2643.21933683485,
        2302.7955563530513,
        629.0252830398368,
        2399.425449121386,
        868.6947182146171,
        1797.2583017519767,
        620.9353425145011,
        1202.3231252766711,
        1318.5029103641014,
        2670.4752817038334,
        1133.2459814093663,
        741.9638557472176,
        2004.7007211754546,
        3259.406877113745,
        1592.702399236688,
        1661.8824981452444,
        618.9239435369515,
        2461.600978457012,
        2288.8312781585796,
        970.1792730073776,
        1608.828152808022,
        2681.5007694826704,
        758.0239164731519,
        1499.5581917762818,
        687.6403427167063,
        1525.1318632961188,
        583.8284587291355,
        698.6023228040797,
        2282.590010597649,
        1211.1648941595106,
        1758.8444988488816,
        1504.0975891798344,
        2002.054670989735,
        1856.2840242983016,
        2320.506744997656,
        2410.323945613581,
        1144.8613140294422,
        1366.9118804912582,
        2785.8463806156983,
        2581.5523115706965,
        1156.596059117663,
        1495.985572960322,
        1520.7860785160888,
        899.7728678128121,
        2850.8013016736268,
        2947.3147336247616,
        1601.247236144642,
        1553.1859757338575,
        1177.087592198778,
        1476.5807008579154,
        2101.447160150616,
        624.9486291335639,
        1157.2890585319187,
        1351.6589460558994,
        1465.418926259557,
        2852.381448178293,
        1907.835161895895,
        1446.9600769211845,
        667.2114918481167,
        1494.3691966456818,
        2740.5228363894435,
        687.1076411976238,
        1677.4586937312977,
        1617.1657258522016,
        2201.5224483458665,
        2222.635544766265,
        2534.770924206021,
        1400.9604012158609,
        3096.3327609925386,
        2328.686223113701,
        2345.646100091064,
        1552.2084561001907,
        1741.5755181737354,
        1720.1642307559305,
        647.4083699862481,
        1373.944128983805,
        547.3018087729032,
        1643.670587544231,
        1875.295748985649,
        621.1451990500701,
        1884.0691185984167,
        1766.691191480812,
        533.8552758461807,
        2576.531911582875,
        2508.2146453116275,
        2512.9446457256545,
        3104.3265003055435,
        740.9339753571777,
        1966.0706769991175,
        2109.0209310105874,
        1338.9472240479004,
        2427.61262498379,
        599.9994435400337,
        2884.3834162170756,
        2706.8762328173575
    ],
    "recent_successes": [
        1,
        1,
        1,
        1,
        1,
        1,
        1,
        1,
        1,
        1,
        1,
        1,
        1,
        1,
        1,
        1,
        1,
        1,
        1,
        1,
        1,
        1,
        1,
        1,
        1,
        1,
        1,
        1,
        1,
        1,
        1,
        1,
        1,
        1,
        1,
        1,
        1,
        1,
        1,
        1,
        1,
        1,
        1,
        1,
        1,
        1,
        1,
        1,
        1,
        1,
        1,
        1,
        1,
        1,
        1,
        1,
        1,
        1,
        1,
        1,
        1,
        1,
        1,
        1,
        1,
        1,
        1,
        1,
        1,
        1,
        1,
        1,
        1,
        1,
        1,
        1,
        1,
        1,
        1,
        1,
        1,
        1,
        1,
        1,
        1,
        1,
        1,
        1,
        1,
        1,
        1,
        1,
        1,
        1,
        1,
        1,
        1,
        1,
        1,
        1
    ],
    "recent_collisions": [
        0,
        0,
        0,
        0,
        0,
        0,
        0,
        0,
        0,
        0,
        0,
        0,
        0,
        0,
        0,
        0,
        0,
        0,
        0,
        0,
        0,
        0,
        0,
        0,
        0,
        0,
        0,
        0,
        0,
        0,
        0,
        0,
        0,
        0,
        0,
        0,
        0,
        0,
        0,
        0,
        0,
        0,
        0,
        0,
        0,
        0,
        0,
        0,
        0,
        0,
        0,
        0,
        0,
        0,
        0,
        0,
        0,
        0,
        0,
        0,
        0,
        0,
        0,
        0,
        0,
        0,
        0,
        0,
        0,
        0,
        0,
        0,
        0,
        0,
        0,
        0,
        0,
        0,
        0,
        0,
        0,
        0,
        0,
        0,
        0,
        0,
        0,
        0,
        0,
        0,
        0,
        0,
        0,
        0,
        0,
        0,
        0,
        0,
        0,
        0
    ],
    "recent_steps": [
        100,
        32,
        245,
        104,
        107,
        209,
        287,
        67,
        159,
        49,
        114,
        12,
        47,
        91,
        201,
        52,
        31,
        167,
        414,
        95,
        210,
        1,
        163,
        139,
        83,
        69,
        241,
        49,
        90,
        32,
        86,
        15,
        37,
        167,
        61,
        117,
        76,
        146,
        131,
        183,
        169,
        61,
        65,
        271,
        180,
        78,
        68,
        117,
        54,
        285,
        274,
        80,
        180,
        79,
        124,
        110,
        29,
        53,
        66,
        100,
        262,
        112,
        119,
        30,
        127,
        219,
        49,
        84,
        103,
        147,
        186,
        278,
        57,
        296,
        184,
        244,
        97,
        134,
        90,
        22,
        79,
        1,
        101,
        129,
        46,
        115,
        107,
        57,
        243,
        224,
        234,
        309,
        61,
        112,
        158,
        97,
        267,
        50,
        229,
        247
    ],
    "params": {
        "max_episodes": 2000,
        "max_steps": 500,
        "batch_size": 64,
        "learning_rate": 5e-05,
        "gamma": 0.99,
        "initial_epsilon": 1.0,
        "epsilon_decay": 0.995,
        "min_epsilon": 0.05,
        "memory_size": 100000,
        "target_update_freq": 10,
        "checkpoint_freq": 100,
        "resource_monitor_freq": 10
    },
    "resource_summary": "Training Time: 5:28:30\nAvg CPU Usage: 41.8%\nAvg Memory Usage: 5.6%\nAvg GPU Usage: 1.9%\nAvg GPU Memory: 369.5MB"
}