{
    "episode": 1300,
    "best_reward": 4040.8563315498504,
    "best_success_rate": 1.0,
    "recent_rewards": [
        2933.897109792533,
        2863.6391617396753,
        2639.8259185984225,
        3169.411322270374,
        2784.5435498944016,
        3601.3910631392155,
        2004.2511743672612,
        2420.2363050058816,
        2656.028285455934,
        2174.4950585417173,
        2401.934632202332,
        3533.6248311695813,
        2575.1056228732878,
        2041.6846774439505,
        1412.1824396776442,
        1437.7892408769183,
        1945.149451084828,
        1718.8107145370145,
        2958.695993429336,
        2172.9707977443604,
        1282.2666195548336,
        2814.941009572827,
        3443.096035112849,
        1392.697428588824,
        2762.6466191271784,
        3608.6110920060128,
        1984.2660298714816,
        2457.0487269153596,
        1970.375893593964,
        1596.8104484970183,
        3321.4192954171544,
        1937.803233855921,
        1847.6245373493325,
        1733.950953127903,
        1998.466254582833,
        3483.3460546006804,
        3202.862391921107,
        2335.68831471529,
        2004.776596442644,
        1999.8364407377328,
        2319.379103743574,
        1957.6121249448424,
        3393.457832030436,
        733.1643397578474,
        3174.8952790608587,
        1761.4776159665075,
        1959.6839793619679,
        3569.439011490307,
        2053.0411043930208,
        2437.3033083105233,
        1803.1544338850529,
        1815.8532428131225,
        2279.21825789866,
        3214.7378080085673,
        856.5052386696971,
        787.0044031229777,
        1515.941934780716,
        1791.85279403823,
        1563.810972882025,
        2668.4278558936994,
        1966.5017738557704,
        1324.6322635014346,
        2600.906222803188,
        1822.0641157450755,
        2102.9769124057516,
        2758.558088078458,
        2789.7032997350766,
        3273.074582462671,
        2639.566865616598,
        2634.7674996317533,
        1458.2155927591652,
        2607.599779607682,
        1504.568256288439,
        2643.3547727998307,
        2654.6893173270983,
        758.0007920677049,
        589.8990545711413,
        2016.2083959210872,
        2144.4006791849743,
        2176.818725851228,
        629.2817484527753,
        2288.714968863662,
        3096.3349651035596,
        3597.33887404158,
        2894.0227220311494,
        2739.960811575542,
        1658.4421236981057,
        1548.4638159571741,
        2825.8841593713023,
        2440.0657163220694,
        2180.2475440448375,
        1690.7048920302202,
        801.6455195114817,
        2241.4970042874666,
        1923.0811896516943,
        1877.948327080374,
        834.1783047597442,
        2077.8063260459635,
        3113.979661053367,
        2349.7780226630543
    ],
    "recent_successes": [
        1,
        1,
        1,
        1,
        1,
        0,
        1,
        1,
        1,
        1,
        1,
        0,
        1,
        1,
        1,
        1,
        1,
        1,
        1,
        1,
        0,
        1,
        1,
        1,
        0,
        0,
        1,
        1,
        1,
        1,
        0,
        1,
        1,
        1,
        1,
        1,
        1,
        1,
        1,
        1,
        1,
        1,
        0,
        1,
        0,
        1,
        1,
        0,
        1,
        1,
        1,
        1,
        1,
        1,
        1,
        1,
        1,
        1,
        1,
        1,
        1,
        1,
        1,
        1,
        1,
        0,
        0,
        0,
        1,
        1,
        1,
        0,
        1,
        0,
        0,
        1,
        1,
        1,
        1,
        1,
        1,
        1,
        1,
        0,
        1,
        1,
        1,
        1,
        1,
        1,
        1,
        1,
        1,
        1,
        1,
        1,
        1,
        1,
        0,
        0
    ],
    "recent_collisions": [
        0,
        0,
        0,
        0,
        0,
        0,
        0,
        0,
        0,
        0,
        0,
        0,
        0,
        0,
        0,
        0,
        0,
        0,
        0,
        0,
        0,
        0,
        0,
        0,
        0,
        0,
        0,
        0,
        0,
        0,
        0,
        0,
        0,
        0,
        0,
        0,
        0,
        0,
        0,
        0,
        0,
        0,
        0,
        0,
        0,
        0,
        0,
        0,
        0,
        0,
        0,
        0,
        0,
        0,
        0,
        0,
        0,
        0,
        0,
        0,
        0,
        0,
        0,
        0,
        0,
        0,
        0,
        0,
        0,
        0,
        0,
        0,
        0,
        0,
        0,
        0,
        0,
        0,
        0,
        0,
        0,
        0,
        0,
        0,
        0,
        0,
        0,
        0,
        0,
        0,
        0,
        0,
        0,
        0,
        0,
        0,
        0,
        0,
        0,
        0
    ],
    "recent_steps": [
        234,
        224,
        462,
        257,
        244,
        500,
        239,
        176,
        241,
        222,
        293,
        500,
        206,
        125,
        84,
        79,
        123,
        78,
        277,
        152,
        500,
        244,
        389,
        241,
        500,
        500,
        274,
        178,
        236,
        96,
        500,
        142,
        115,
        122,
        230,
        306,
        257,
        179,
        143,
        144,
        150,
        128,
        500,
        39,
        500,
        156,
        142,
        500,
        126,
        149,
        352,
        109,
        157,
        275,
        40,
        41,
        116,
        117,
        115,
        261,
        143,
        104,
        158,
        118,
        149,
        500,
        500,
        500,
        252,
        383,
        92,
        500,
        82,
        500,
        500,
        27,
        24,
        120,
        147,
        149,
        1,
        237,
        258,
        500,
        422,
        241,
        113,
        77,
        182,
        267,
        150,
        111,
        36,
        150,
        165,
        131,
        30,
        125,
        500,
        500
    ],
    "params": {
        "max_episodes": 2000,
        "max_steps": 500,
        "batch_size": 64,
        "learning_rate": 5e-05,
        "gamma": 0.99,
        "initial_epsilon": 1.0,
        "epsilon_decay": 0.995,
        "min_epsilon": 0.05,
        "memory_size": 100000,
        "target_update_freq": 10,
        "checkpoint_freq": 100,
        "resource_monitor_freq": 10
    },
    "resource_summary": "Training Time: 8:47:43\nAvg CPU Usage: 42.0%\nAvg Memory Usage: 5.6%\nAvg GPU Usage: 2.0%\nAvg GPU Memory: 369.6MB"
}