{
    "episode": 1600,
    "best_reward": 13273.619611589216,
    "best_success_rate": 1.0,
    "recent_rewards": [
        9400.638518470867,
        7429.280217891616,
        10485.972791330438,
        6357.724131223736,
        5861.458032572899,
        10767.889528845735,
        6149.162987270422,
        7314.142594308958,
        8911.250871413731,
        9857.327212799883,
        5945.848166675436,
        8056.962138940507,
        4054.9500672949407,
        7883.53888209355,
        8091.370734237429,
        5045.364109587615,
        3592.859435104653,
        2276.177531040647,
        8439.941608720488,
        5237.132311329787,
        6540.296015593347,
        10643.062317723772,
        8847.825982789083,
        9134.714489583832,
        7161.035537629663,
        9072.289497015336,
        9529.882635926268,
        3361.9698285111244,
        8633.601889330394,
        5286.550191738055,
        9423.703439291869,
        6958.143520050021,
        10379.518883979388,
        9402.429160699303,
        8986.37915327389,
        7961.403426171846,
        3199.510913088015,
        6167.201685393296,
        2779.0879942575853,
        9243.828069916484,
        7449.257086810835,
        8535.999673435126,
        5893.055290382929,
        3178.7184344419347,
        5740.948975810052,
        6709.40172643181,
        7964.426814727616,
        6503.122888209102,
        10460.213280682041,
        4255.173129356039,
        7883.088610810931,
        6445.278522149214,
        9277.285289770316,
        9138.71870585204,
        9674.771836325335,
        10178.812941699169,
        7511.343784212528,
        7323.616537227061,
        3423.1670937878916,
        2220.419036455576,
        8211.90905671717,
        9551.541924535111,
        9069.873564585565,
        7021.339886276462,
        4799.113356543558,
        5373.27729958192,
        7416.206867187226,
        3258.3148800400604,
        6855.173437901655,
        9368.743733845913,
        2141.476724575835,
        8536.215566449426,
        8211.176456497378,
        6180.227605784184,
        7139.688326112452,
        7052.0068251983175,
        8615.424163819076,
        7910.331863593941,
        7801.133963886148,
        8539.606130287571,
        7335.20309049665,
        9530.148215177938,
        3987.088283639841,
        6347.688344274795,
        9990.722871564705,
        8853.675451664,
        5565.890373690358,
        6832.3364974285505,
        9106.058266636112,
        2395.07774823906,
        8365.604990333823,
        2111.9629072210096,
        2390.523101140534,
        2032.628113776864,
        7045.421066179057,
        4407.0694739815535,
        8928.090207150852,
        9581.46675884032,
        7218.27091044279,
        8403.133047315689
    ],
    "recent_successes": [
        1,
        1,
        1,
        1,
        1,
        1,
        1,
        1,
        1,
        1,
        1,
        1,
        1,
        1,
        1,
        1,
        1,
        1,
        1,
        1,
        1,
        1,
        1,
        1,
        1,
        1,
        1,
        1,
        1,
        1,
        1,
        1,
        1,
        1,
        1,
        1,
        1,
        1,
        1,
        1,
        1,
        1,
        1,
        1,
        1,
        1,
        1,
        1,
        1,
        1,
        1,
        1,
        1,
        1,
        1,
        1,
        1,
        1,
        1,
        1,
        1,
        1,
        1,
        1,
        1,
        1,
        1,
        1,
        1,
        1,
        1,
        1,
        1,
        1,
        1,
        1,
        1,
        1,
        1,
        1,
        1,
        1,
        1,
        1,
        1,
        1,
        1,
        1,
        1,
        1,
        1,
        1,
        1,
        1,
        1,
        1,
        1,
        1,
        1,
        1
    ],
    "recent_collisions": [
        0,
        0,
        0,
        0,
        0,
        0,
        0,
        0,
        0,
        0,
        0,
        0,
        0,
        0,
        0,
        0,
        0,
        0,
        0,
        0,
        0,
        0,
        0,
        0,
        0,
        0,
        0,
        0,
        0,
        0,
        0,
        0,
        0,
        0,
        0,
        0,
        0,
        0,
        0,
        0,
        0,
        0,
        0,
        0,
        0,
        0,
        0,
        0,
        0,
        0,
        0,
        0,
        0,
        0,
        0,
        0,
        0,
        0,
        0,
        0,
        0,
        0,
        0,
        0,
        0,
        0,
        0,
        0,
        0,
        0,
        0,
        0,
        0,
        0,
        0,
        0,
        0,
        0,
        0,
        0,
        0,
        0,
        0,
        0,
        0,
        0,
        0,
        0,
        0,
        0,
        0,
        0,
        0,
        0,
        0,
        0,
        0,
        0,
        0,
        0
    ],
    "recent_steps": [
        101,
        93,
        174,
        75,
        83,
        156,
        110,
        111,
        133,
        149,
        63,
        121,
        47,
        108,
        109,
        66,
        40,
        36,
        99,
        61,
        82,
        152,
        124,
        140,
        146,
        126,
        121,
        33,
        121,
        80,
        163,
        106,
        149,
        149,
        129,
        103,
        37,
        119,
        30,
        123,
        100,
        114,
        69,
        54,
        91,
        101,
        112,
        76,
        191,
        104,
        121,
        70,
        134,
        140,
        146,
        163,
        100,
        109,
        64,
        39,
        134,
        142,
        124,
        108,
        63,
        65,
        122,
        33,
        137,
        128,
        28,
        153,
        118,
        92,
        104,
        117,
        123,
        98,
        129,
        118,
        109,
        172,
        50,
        85,
        153,
        131,
        77,
        100,
        126,
        48,
        117,
        33,
        44,
        15,
        103,
        70,
        101,
        142,
        126,
        122
    ],
    "params": {
        "max_episodes": 2000,
        "max_steps": 400,
        "batch_size": 64,
        "learning_rate": 5e-05,
        "gamma": 0.99,
        "initial_epsilon": 1.0,
        "epsilon_decay": 0.995,
        "min_epsilon": 0.05,
        "memory_size": 100000,
        "target_update_freq": 10,
        "checkpoint_freq": 100,
        "resource_monitor_freq": 10
    },
    "resource_summary": "Training Time: 8:42:00\nAvg CPU Usage: 43.3%\nAvg Memory Usage: 5.6%\nAvg GPU Usage: 1.9%\nAvg GPU Memory: 98.7MB"
}