{
    "episode": 500,
    "best_reward": 3303.7896583286183,
    "best_success_rate": 1.0,
    "recent_rewards": [
        2332.4959619363462,
        2575.214146585694,
        588.6829036920354,
        1391.2371459672045,
        2232.652727216098,
        2427.3919513035507,
        1490.0398004040167,
        2272.606905913345,
        1361.2704707857652,
        1991.6268735523572,
        1623.7421635216585,
        748.7493766630224,
        1245.1732249091729,
        2451.4711016790197,
        2100.805366018921,
        2341.1368572152,
        687.4224831568396,
        1910.9037656738078,
        2253.5217392833665,
        986.6930544980426,
        2314.152191619613,
        1602.8318902873132,
        1223.2834343254485,
        689.4814947220468,
        -1422.1649345702251,
        2769.0828882792894,
        2507.873755172345,
        1981.6245990898287,
        1774.8281861534956,
        2107.3867890304173,
        496.6920226840867,
        819.5452542500525,
        1761.0846215609633,
        2237.2132766948284,
        839.7198593747577,
        1127.511612898674,
        682.645064196985,
        2225.8368654930314,
        2434.374682376678,
        1661.1307836771111,
        2014.361658124316,
        1052.684744743517,
        1520.834645751338,
        1244.0609612623828,
        884.8074145371273,
        1677.1261243385238,
        779.5622906279717,
        2597.1855051102057,
        1603.6667589257572,
        1720.017174580715,
        1089.822178449654,
        2466.1858005191875,
        1259.9938891827264,
        700.0,
        835.75431736972,
        2376.6628581892587,
        1739.8122079784112,
        1842.981884454909,
        1653.5044035991637,
        1969.4911506720612,
        2575.6581516791716,
        2414.88077647918,
        2381.8057294433597,
        1573.2779876083737,
        1519.3149639685516,
        1326.9461389147755,
        1735.3150976225602,
        992.713521904524,
        2423.822669822451,
        1845.0848379604422,
        1877.6696777428306,
        888.8805970740314,
        1247.838457274777,
        1019.165013655464,
        2001.3902677434157,
        1418.8241453094106,
        477.9436923753925,
        765.3802115487719,
        2205.961927796603,
        2254.5488863111,
        622.3306256234266,
        1465.9481003258059,
        -49.309849529358004,
        1390.0785569992395,
        2489.034686102864,
        2389.896751345504,
        1618.6225971351548,
        2164.8436319417883,
        2196.21770283728,
        -615.2509414002254,
        1370.2042070219043,
        2251.8851682790682,
        2232.50911676322,
        1502.4170917202225,
        2554.5576708117173,
        2293.689134887497,
        2048.6696369525666,
        2072.8793886573767,
        1954.8933092538914,
        446.2324666511613
    ],
    "recent_successes": [
        1,
        1,
        1,
        1,
        1,
        1,
        1,
        1,
        1,
        1,
        1,
        1,
        1,
        1,
        1,
        1,
        1,
        1,
        1,
        1,
        1,
        1,
        1,
        1,
        0,
        1,
        1,
        1,
        1,
        1,
        1,
        1,
        1,
        1,
        1,
        1,
        1,
        1,
        1,
        1,
        1,
        1,
        1,
        1,
        1,
        1,
        1,
        1,
        1,
        1,
        1,
        1,
        1,
        1,
        1,
        1,
        1,
        1,
        1,
        1,
        1,
        1,
        1,
        1,
        1,
        1,
        1,
        1,
        1,
        1,
        1,
        1,
        1,
        1,
        1,
        1,
        1,
        1,
        1,
        1,
        1,
        1,
        0,
        1,
        1,
        1,
        1,
        1,
        1,
        0,
        1,
        1,
        1,
        1,
        1,
        1,
        1,
        1,
        1,
        1
    ],
    "recent_collisions": [
        0,
        0,
        0,
        0,
        0,
        0,
        0,
        0,
        0,
        0,
        0,
        0,
        0,
        0,
        0,
        0,
        0,
        0,
        0,
        0,
        0,
        0,
        0,
        0,
        1,
        0,
        0,
        0,
        0,
        0,
        0,
        0,
        0,
        0,
        0,
        0,
        0,
        0,
        0,
        0,
        0,
        0,
        0,
        0,
        0,
        0,
        0,
        0,
        0,
        0,
        0,
        0,
        0,
        0,
        0,
        0,
        0,
        0,
        0,
        0,
        0,
        0,
        0,
        0,
        0,
        0,
        0,
        0,
        0,
        0,
        0,
        0,
        0,
        0,
        0,
        0,
        0,
        0,
        0,
        0,
        0,
        0,
        1,
        0,
        0,
        0,
        0,
        0,
        0,
        1,
        0,
        0,
        0,
        0,
        0,
        0,
        0,
        0,
        0,
        0
    ],
    "recent_steps": [
        145,
        189,
        60,
        103,
        209,
        239,
        90,
        187,
        152,
        110,
        87,
        54,
        117,
        174,
        136,
        162,
        56,
        147,
        146,
        72,
        139,
        114,
        96,
        16,
        239,
        203,
        238,
        131,
        129,
        173,
        57,
        62,
        133,
        161,
        55,
        170,
        42,
        149,
        178,
        104,
        136,
        138,
        87,
        152,
        29,
        104,
        23,
        180,
        103,
        93,
        128,
        184,
        88,
        1,
        57,
        178,
        104,
        129,
        116,
        170,
        182,
        175,
        162,
        107,
        83,
        91,
        87,
        146,
        178,
        129,
        114,
        53,
        141,
        63,
        136,
        94,
        132,
        31,
        144,
        144,
        66,
        81,
        77,
        89,
        196,
        170,
        81,
        149,
        193,
        61,
        61,
        132,
        150,
        63,
        184,
        144,
        153,
        123,
        106,
        147
    ],
    "params": {
        "max_episodes": 2000,
        "max_steps": 500,
        "batch_size": 64,
        "learning_rate": 5e-05,
        "gamma": 0.99,
        "initial_epsilon": 1.0,
        "epsilon_decay": 0.995,
        "min_epsilon": 0.05,
        "memory_size": 100000,
        "target_update_freq": 10,
        "checkpoint_freq": 100,
        "resource_monitor_freq": 10
    },
    "resource_summary": "Training Time: 3:00:50\nAvg CPU Usage: 41.7%\nAvg Memory Usage: 5.5%\nAvg GPU Usage: 1.9%\nAvg GPU Memory: 369.1MB"
}