{
    "episode": 200,
    "best_reward": 3279.5962419724183,
    "best_success_rate": 1.0,
    "recent_rewards": [
        2066.558717606372,
        2139.723712848184,
        2256.1824902787484,
        -2899.785511450285,
        443.4930264461765,
        1173.8028036531018,
        -7878.001763472053,
        3132.4209859466564,
        1142.377127820186,
        136.179957605011,
        1820.8713636347643,
        -5500.648482064416,
        645.4578874951452,
        2427.0118679398997,
        2216.3248119941572,
        1371.3461218038165,
        2510.967479928313,
        629.1112820245884,
        2074.404067351514,
        2711.867329259618,
        -1464.8290321346658,
        1164.5339526420698,
        2306.838479958744,
        -134.122458012085,
        743.245130174534,
        1701.7525331259799,
        1979.2228034590069,
        -1300.170542630115,
        1955.7443629988848,
        -719.4108096106968,
        876.116028568942,
        1679.9040935351134,
        -4981.699905260481,
        1021.8907296819636,
        2339.709930610242,
        1660.0207309511015,
        -3479.4069884829437,
        2207.701475528688,
        2686.255376799071,
        2254.8639280912016,
        2416.9800464141667,
        2332.4065544145933,
        1663.0099134484267,
        -162.65100328215073,
        -457.69877326977377,
        738.77288674106,
        1660.5773550038555,
        1975.3488217519453,
        500.1054774265253,
        2478.88642430286,
        2784.0688455194004,
        1784.145738731971,
        2139.517024016263,
        -168.22848997269105,
        859.262326179584,
        2190.0673044225805,
        2446.022839621326,
        1862.5836499662837,
        1809.270668796484,
        2282.792114927335,
        593.4202491229986,
        2645.8232833516076,
        2480.047916502317,
        -15.092604389514968,
        2235.4025703106963,
        2396.7127903934534,
        1368.6790690966186,
        2857.8932993666986,
        3104.357996046489,
        -4.540623205741838,
        900.3429814655084,
        2030.4866399164207,
        1986.286121285157,
        2234.3131094773507,
        1615.820474322255,
        896.627308349121,
        241.16689377919676,
        -416.4678091702271,
        2090.5704894120445,
        905.5030372833519,
        2366.801983085145,
        2510.168493119514,
        595.3693544281615,
        87.10703311928705,
        2029.0959848909795,
        2845.6479399997997,
        2427.7786115180907,
        2302.3857548437672,
        700.0,
        2438.170139496467,
        1811.8747737037143,
        1805.6074492219482,
        629.9493346341758,
        652.0508959473314,
        2142.3963005681567,
        3279.5962419724183,
        2465.2773645468164,
        1886.6183464413516,
        -2672.711992694594,
        1392.699941660479
    ],
    "recent_successes": [
        1,
        1,
        1,
        0,
        0,
        1,
        0,
        1,
        1,
        1,
        1,
        0,
        1,
        1,
        1,
        1,
        1,
        1,
        1,
        1,
        0,
        0,
        1,
        0,
        1,
        1,
        1,
        0,
        1,
        0,
        1,
        1,
        0,
        1,
        1,
        1,
        0,
        1,
        1,
        1,
        1,
        1,
        1,
        0,
        0,
        1,
        1,
        1,
        1,
        1,
        1,
        1,
        1,
        0,
        1,
        1,
        1,
        1,
        1,
        1,
        1,
        1,
        1,
        0,
        1,
        1,
        1,
        1,
        1,
        0,
        1,
        1,
        1,
        1,
        1,
        0,
        1,
        0,
        1,
        1,
        1,
        1,
        1,
        1,
        1,
        1,
        1,
        1,
        1,
        1,
        1,
        1,
        1,
        1,
        1,
        1,
        1,
        1,
        0,
        1
    ],
    "recent_collisions": [
        0,
        0,
        0,
        0,
        1,
        0,
        1,
        0,
        0,
        0,
        0,
        1,
        0,
        0,
        0,
        0,
        0,
        0,
        0,
        0,
        1,
        1,
        0,
        1,
        0,
        0,
        0,
        0,
        0,
        1,
        0,
        0,
        1,
        0,
        0,
        0,
        1,
        0,
        0,
        0,
        0,
        0,
        0,
        1,
        1,
        0,
        0,
        0,
        0,
        0,
        0,
        0,
        0,
        1,
        0,
        0,
        0,
        0,
        0,
        0,
        0,
        0,
        0,
        1,
        0,
        0,
        0,
        0,
        0,
        0,
        0,
        0,
        0,
        0,
        0,
        0,
        0,
        1,
        0,
        0,
        0,
        0,
        0,
        0,
        0,
        0,
        0,
        0,
        0,
        0,
        0,
        0,
        0,
        0,
        0,
        0,
        0,
        0,
        1,
        0
    ],
    "recent_steps": [
        464,
        200,
        178,
        500,
        258,
        249,
        318,
        345,
        254,
        173,
        103,
        205,
        169,
        198,
        181,
        316,
        259,
        12,
        229,
        208,
        146,
        291,
        228,
        58,
        146,
        183,
        179,
        500,
        209,
        56,
        29,
        234,
        136,
        95,
        168,
        182,
        315,
        147,
        186,
        158,
        174,
        204,
        88,
        261,
        55,
        43,
        122,
        133,
        77,
        187,
        376,
        116,
        157,
        55,
        170,
        187,
        172,
        123,
        122,
        157,
        7,
        288,
        177,
        62,
        211,
        157,
        212,
        212,
        273,
        75,
        64,
        138,
        229,
        180,
        122,
        500,
        68,
        84,
        166,
        112,
        189,
        185,
        1,
        137,
        124,
        252,
        171,
        146,
        1,
        187,
        126,
        98,
        1,
        83,
        142,
        426,
        246,
        110,
        96,
        59
    ],
    "params": {
        "max_episodes": 2000,
        "max_steps": 500,
        "batch_size": 64,
        "learning_rate": 5e-05,
        "gamma": 0.99,
        "initial_epsilon": 1.0,
        "epsilon_decay": 0.995,
        "min_epsilon": 0.05,
        "memory_size": 100000,
        "target_update_freq": 10,
        "checkpoint_freq": 100,
        "resource_monitor_freq": 10
    },
    "resource_summary": "Training Time: 1:22:10\nAvg CPU Usage: 41.5%\nAvg Memory Usage: 5.4%\nAvg GPU Usage: 1.9%\nAvg GPU Memory: 367.7MB"
}