{
    "episode": 200,
    "best_reward": 784.5268100740764,
    "best_success_rate": 0.55,
    "recent_rewards": [
        133.77662593734817,
        290.55238353386414,
        -86.3541741306868,
        -104.26445012946871,
        -20.8602039016511,
        -22.612996471425085,
        -95.66677508531751,
        390.9781941336322,
        -107.68940987278704,
        -162.24160737353202,
        395.216194776938,
        -169.34329364519462,
        180.89574583844234,
        29.18138685027023,
        -169.1217565362631,
        -137.6625357859774,
        -0.9095918592701011,
        -162.84588024905167,
        254.69846167034112,
        500.41985654153353,
        493.6736999745471,
        -163.09718755575247,
        331.73301460171257,
        -52.09949997412197,
        -128.45604853287955,
        -86.41310718885575,
        -73.4279923896838,
        -6.074475659002928,
        302.98703369995917,
        274.31903996309535,
        -193.53708773870682,
        56.04843393047669,
        -87.68423655459186,
        120.272461373244,
        67.74090499740294,
        -28.762090394317923,
        -151.88401182841008,
        -64.08206681987775,
        725.3488595683137,
        -163.99376455889862,
        -105.82253502977673,
        162.97353941772573,
        -248.0824819536133,
        130.44785626095435,
        -163.48317608712014,
        106.78891454936104,
        100.56346164680349,
        784.5268100740764,
        -270.59516067933737,
        -91.79969400705593,
        -97.83756163408844,
        -286.317888081829,
        144.48956367828842,
        225.21959910793754,
        -165.2047233234812,
        -140.2179203584537,
        294.65169679008346,
        484.95443740925,
        641.795993254996,
        -75.39289738177821,
        203.08650167554214,
        -79.55181179210139,
        474.0888339791987,
        -122.69257229069534,
        345.25616954619767,
        26.89499998307018,
        436.5561026287675,
        -363.2483215699651,
        -102.54834414810853,
        195.37075110499381,
        173.630536813904,
        -238.91622272851487,
        -95.4195766779452,
        -96.83574681527665,
        -207.78853917710214,
        13.632960987338578,
        626.0089170563352,
        387.8207993066686,
        152.437558325978,
        -133.385966175851,
        -73.66532856597198,
        104.15112351423818,
        359.40270857604673,
        -53.711560730775716,
        354.7149096869343,
        783.3216893850583,
        -136.6539969886972,
        -26.343695143933587,
        -177.8537910477973,
        -122.386735001807,
        -141.6317164802424,
        -85.48913888850997,
        131.4155640005209,
        544.8892099631795,
        15.39041823138274,
        64.22368702086337,
        -162.92919405017378,
        589.9345865814374,
        -86.4481156196785,
        -134.59933260652514
    ],
    "recent_successes": [
        1,
        1,
        0,
        0,
        0,
        0,
        0,
        1,
        0,
        0,
        1,
        0,
        1,
        0,
        0,
        0,
        0,
        0,
        1,
        1,
        1,
        0,
        1,
        0,
        0,
        0,
        0,
        0,
        1,
        1,
        0,
        1,
        0,
        1,
        1,
        0,
        0,
        0,
        1,
        0,
        0,
        1,
        0,
        1,
        0,
        1,
        1,
        1,
        0,
        0,
        0,
        0,
        1,
        1,
        0,
        0,
        1,
        1,
        1,
        0,
        1,
        0,
        1,
        0,
        1,
        0,
        1,
        0,
        0,
        1,
        1,
        0,
        0,
        0,
        0,
        0,
        1,
        1,
        1,
        0,
        0,
        1,
        1,
        0,
        1,
        1,
        0,
        0,
        0,
        0,
        0,
        0,
        1,
        1,
        0,
        1,
        0,
        1,
        0,
        0
    ],
    "recent_collisions": [
        0,
        0,
        1,
        1,
        0,
        0,
        1,
        0,
        1,
        1,
        0,
        1,
        0,
        0,
        1,
        1,
        0,
        1,
        0,
        0,
        0,
        1,
        0,
        1,
        1,
        1,
        1,
        0,
        0,
        0,
        1,
        0,
        1,
        0,
        0,
        0,
        1,
        1,
        0,
        1,
        1,
        0,
        1,
        0,
        1,
        0,
        0,
        0,
        1,
        1,
        1,
        1,
        0,
        0,
        1,
        1,
        0,
        0,
        0,
        1,
        0,
        1,
        0,
        1,
        0,
        0,
        0,
        1,
        1,
        0,
        0,
        1,
        1,
        1,
        1,
        0,
        0,
        0,
        0,
        1,
        1,
        0,
        0,
        1,
        0,
        0,
        1,
        0,
        1,
        1,
        1,
        1,
        0,
        0,
        0,
        0,
        1,
        0,
        1,
        1
    ],
    "recent_steps": [
        126,
        139,
        77,
        31,
        150,
        178,
        385,
        154,
        38,
        75,
        147,
        38,
        393,
        171,
        34,
        78,
        157,
        28,
        213,
        214,
        150,
        28,
        163,
        46,
        58,
        30,
        54,
        110,
        300,
        357,
        76,
        144,
        65,
        123,
        141,
        129,
        178,
        34,
        148,
        30,
        138,
        211,
        299,
        166,
        37,
        256,
        503,
        138,
        304,
        72,
        36,
        298,
        176,
        79,
        30,
        121,
        171,
        242,
        481,
        33,
        226,
        38,
        189,
        59,
        373,
        184,
        181,
        236,
        63,
        95,
        157,
        152,
        66,
        67,
        492,
        92,
        180,
        175,
        78,
        72,
        59,
        82,
        109,
        41,
        100,
        391,
        72,
        397,
        85,
        170,
        86,
        60,
        107,
        177,
        86,
        94,
        33,
        170,
        67,
        50
    ],
    "params": {
        "max_episodes": 3000,
        "max_steps": 600,
        "batch_size": 64,
        "learning_rate": 3e-05,
        "gamma": 0.99,
        "initial_epsilon": 0.15,
        "epsilon_decay": 0.999,
        "min_epsilon": 0.02,
        "memory_size": 150000,
        "target_update_freq": 5,
        "checkpoint_freq": 100,
        "resource_monitor_freq": 10
    },
    "resource_summary": "Training Time: 1:21:29\nAvg CPU Usage: 56.5%\nAvg Memory Usage: 2.9%"
}