{
    "episode": 1100,
    "best_reward": 851.3142827261115,
    "best_success_rate": 1.0,
    "recent_rewards": [
        166.46506230756071,
        514.1962089464253,
        327.8700880165352,
        47.17580960680918,
        424.41451873655546,
        433.3244559101421,
        671.960243561578,
        809.0513149135666,
        506.70943301826895,
        188.87725719919757,
        -138.01420582377048,
        648.9099864005698,
        632.0278248007348,
        662.5082824365034,
        653.450074880263,
        87.67661151141647,
        383.58829509536594,
        767.0540979566566,
        113.82742586676598,
        137.76957498755314,
        -105.23933102613691,
        706.7820643741973,
        59.41011138429549,
        22.92874359605362,
        386.76119464027954,
        398.0190206587005,
        352.02031255688496,
        127.20871050786178,
        655.6476765439127,
        487.1079334614934,
        711.7365831776605,
        558.2555866305586,
        752.5453050930519,
        468.349194745593,
        298.8465350257464,
        -45.18852177223778,
        21.836001747180234,
        -42.59953095197123,
        610.1565073415088,
        355.98170873476244,
        120.36433613628768,
        737.2788813619281,
        -37.14941573733502,
        312.5840722171885,
        782.1951343604713,
        382.37682387965936,
        734.2010131639963,
        -81.76844431620697,
        -18.27719301433784,
        494.91281472123217,
        645.816156603076,
        242.52628130768872,
        483.42071292167145,
        660.2798131857105,
        562.890305322148,
        -59.494000121076866,
        673.2976208042356,
        620.41098211246,
        413.2253313556888,
        664.0627865612487,
        715.9248062346212,
        -60.48007760836987,
        697.7981227802217,
        712.8903953357785,
        421.0592540442484,
        630.849212723665,
        531.7210787559535,
        725.1470068711022,
        642.1776088228698,
        673.5224883732071,
        -43.76108913044398,
        725.7842908043632,
        578.5914080877255,
        703.7725753651158,
        550.1450850578335,
        339.3685376105025,
        125.44284243640638,
        380.53763137450056,
        117.59818692569732,
        392.23009527248263,
        -70.31865379901036,
        190.80860149328123,
        129.2421713358341,
        -96.27210368902931,
        648.0776840834743,
        -100.62114914199694,
        785.7801463296969,
        -52.517534279657646,
        219.75825951900006,
        497.7801873255422,
        739.8707531600187,
        841.4112218694679,
        689.9142484640716,
        564.4148277412943,
        36.44878132597701,
        129.35676323315266,
        781.7320457988449,
        94.48986906570467,
        848.2084021837496,
        535.3257182871237
    ],
    "recent_successes": [
        1,
        1,
        1,
        0,
        1,
        1,
        1,
        1,
        1,
        1,
        0,
        1,
        1,
        1,
        1,
        1,
        1,
        1,
        1,
        1,
        0,
        1,
        1,
        0,
        1,
        1,
        1,
        1,
        1,
        1,
        1,
        1,
        1,
        1,
        1,
        0,
        0,
        0,
        1,
        1,
        1,
        1,
        0,
        1,
        1,
        1,
        1,
        0,
        0,
        1,
        1,
        1,
        1,
        1,
        1,
        0,
        1,
        1,
        1,
        1,
        1,
        0,
        1,
        1,
        1,
        1,
        1,
        1,
        1,
        1,
        0,
        1,
        1,
        1,
        1,
        1,
        1,
        1,
        1,
        1,
        0,
        1,
        1,
        0,
        1,
        0,
        1,
        0,
        1,
        1,
        1,
        1,
        1,
        1,
        0,
        1,
        1,
        1,
        1,
        1
    ],
    "recent_collisions": [
        0,
        0,
        0,
        0,
        0,
        0,
        0,
        0,
        0,
        0,
        1,
        0,
        0,
        0,
        0,
        0,
        0,
        0,
        0,
        0,
        1,
        0,
        0,
        0,
        0,
        0,
        0,
        0,
        0,
        0,
        0,
        0,
        0,
        0,
        0,
        0,
        0,
        0,
        0,
        0,
        0,
        0,
        0,
        0,
        0,
        0,
        0,
        1,
        0,
        0,
        0,
        0,
        0,
        0,
        0,
        1,
        0,
        0,
        0,
        0,
        0,
        1,
        0,
        0,
        0,
        0,
        0,
        0,
        0,
        0,
        0,
        0,
        0,
        0,
        0,
        0,
        0,
        0,
        0,
        0,
        1,
        0,
        0,
        1,
        0,
        1,
        0,
        1,
        0,
        0,
        0,
        0,
        0,
        0,
        0,
        0,
        0,
        0,
        0,
        0
    ],
    "recent_steps": [
        87,
        244,
        103,
        77,
        165,
        274,
        166,
        165,
        252,
        98,
        89,
        152,
        171,
        146,
        145,
        241,
        95,
        160,
        207,
        107,
        78,
        159,
        52,
        78,
        182,
        261,
        276,
        183,
        162,
        159,
        136,
        148,
        137,
        390,
        121,
        50,
        116,
        41,
        144,
        173,
        174,
        153,
        48,
        95,
        154,
        258,
        163,
        42,
        78,
        149,
        313,
        83,
        252,
        158,
        146,
        37,
        160,
        158,
        253,
        150,
        159,
        44,
        167,
        142,
        177,
        159,
        279,
        163,
        149,
        299,
        41,
        162,
        308,
        169,
        314,
        192,
        183,
        189,
        177,
        117,
        46,
        118,
        186,
        35,
        157,
        47,
        131,
        84,
        96,
        239,
        160,
        161,
        145,
        265,
        86,
        207,
        169,
        179,
        132,
        268
    ],
    "params": {
        "max_episodes": 3000,
        "max_steps": 600,
        "batch_size": 64,
        "learning_rate": 3e-05,
        "gamma": 0.99,
        "initial_epsilon": 0.15,
        "epsilon_decay": 0.999,
        "min_epsilon": 0.02,
        "memory_size": 150000,
        "target_update_freq": 5,
        "checkpoint_freq": 100,
        "resource_monitor_freq": 10
    },
    "resource_summary": "Training Time: 7:20:49\nAvg CPU Usage: 56.5%\nAvg Memory Usage: 3.1%"
}