{
    "episode": 900,
    "best_reward": 842.2469043015744,
    "best_success_rate": 0.95,
    "recent_rewards": [
        833.834538497503,
        -27.163527902619208,
        518.0955971481723,
        653.2812822813929,
        32.30284649707555,
        606.5749923307619,
        -41.57159228659079,
        95.52428676513905,
        -48.65518529303624,
        560.9410959252045,
        391.13826115467987,
        154.00041964968995,
        276.4423751616184,
        439.1260450538083,
        329.2606812217114,
        -108.00210679880159,
        460.40638163470777,
        541.1018523060934,
        -93.82870492563272,
        -153.2615940317436,
        110.54802982265632,
        -46.33996882264405,
        21.38003702576023,
        -34.6388353693734,
        24.82094477843836,
        381.6932885968745,
        252.24562906234507,
        389.7566019947796,
        413.3464120090345,
        22.99957461757701,
        413.3081470626667,
        407.32714243373056,
        264.16788434659406,
        655.7123008089126,
        597.8965440376954,
        763.6031870048012,
        686.0529354720031,
        78.38795411570379,
        296.1540623871445,
        446.30371564155723,
        316.79105548598807,
        576.6871394351667,
        -64.14750227254649,
        277.42702874212114,
        -74.99504459819825,
        -39.67437748828925,
        248.13283231084216,
        -42.85699819054909,
        -57.179233812611415,
        586.727054063565,
        87.20855724645318,
        292.31427468884914,
        684.7192385216895,
        305.01996056474775,
        631.459134137037,
        -84.91057092142279,
        253.96010891850403,
        -90.37979742046326,
        -68.27292783598102,
        584.224360746621,
        763.7350391211297,
        19.290138492825363,
        370.67490965912435,
        -60.84658323650397,
        -134.92926794342304,
        448.14593532179873,
        528.5378298629101,
        359.03479116841277,
        -68.85495205965134,
        303.7501788301712,
        404.4434246462985,
        725.2718456014385,
        710.93493785157,
        503.4873024965059,
        629.1144387145442,
        431.3885110160799,
        662.6079579402938,
        562.897392388455,
        544.83240798576,
        90.3979047447726,
        635.3706002379909,
        102.48869290713549,
        299.8074829451634,
        -94.33659241871477,
        359.0753432788334,
        -57.820579061527674,
        683.7055002931778,
        735.8541668896381,
        702.4472574227959,
        -74.12475302470263,
        91.73193217138547,
        388.3204132138875,
        77.50573291726559,
        583.0283562883776,
        -65.48127504875347,
        842.2380320055319,
        686.8787054364163,
        839.7422869582788,
        -58.168818952993334,
        222.57856297605338
    ],
    "recent_successes": [
        1,
        0,
        1,
        1,
        0,
        1,
        0,
        1,
        0,
        1,
        1,
        1,
        1,
        1,
        1,
        0,
        1,
        1,
        0,
        0,
        1,
        0,
        0,
        0,
        0,
        1,
        1,
        1,
        1,
        0,
        1,
        1,
        1,
        1,
        1,
        1,
        1,
        1,
        1,
        1,
        1,
        1,
        0,
        1,
        0,
        0,
        1,
        0,
        0,
        1,
        1,
        1,
        1,
        1,
        1,
        0,
        1,
        0,
        0,
        1,
        1,
        0,
        1,
        0,
        0,
        1,
        1,
        1,
        0,
        1,
        1,
        1,
        1,
        1,
        1,
        1,
        1,
        1,
        1,
        1,
        1,
        1,
        1,
        0,
        1,
        0,
        1,
        1,
        1,
        0,
        1,
        1,
        1,
        1,
        0,
        1,
        1,
        1,
        0,
        1
    ],
    "recent_collisions": [
        0,
        0,
        0,
        0,
        0,
        0,
        0,
        0,
        0,
        0,
        0,
        0,
        0,
        0,
        0,
        1,
        0,
        0,
        1,
        1,
        0,
        0,
        0,
        0,
        0,
        0,
        0,
        0,
        0,
        0,
        0,
        0,
        0,
        0,
        0,
        0,
        0,
        0,
        0,
        0,
        0,
        0,
        1,
        0,
        1,
        0,
        0,
        0,
        1,
        0,
        0,
        0,
        0,
        0,
        0,
        1,
        0,
        1,
        1,
        0,
        0,
        0,
        0,
        1,
        1,
        0,
        0,
        0,
        1,
        0,
        0,
        0,
        0,
        0,
        0,
        0,
        0,
        0,
        0,
        0,
        0,
        0,
        0,
        1,
        0,
        1,
        0,
        0,
        0,
        1,
        0,
        0,
        0,
        0,
        1,
        0,
        0,
        0,
        1,
        0
    ],
    "recent_steps": [
        124,
        268,
        166,
        273,
        53,
        136,
        150,
        182,
        36,
        301,
        204,
        85,
        88,
        115,
        112,
        95,
        268,
        161,
        69,
        70,
        74,
        161,
        189,
        99,
        188,
        169,
        90,
        119,
        121,
        97,
        151,
        117,
        94,
        147,
        300,
        149,
        144,
        84,
        121,
        161,
        128,
        153,
        72,
        97,
        154,
        112,
        121,
        38,
        43,
        169,
        196,
        116,
        142,
        125,
        138,
        76,
        120,
        167,
        43,
        149,
        136,
        77,
        183,
        42,
        198,
        113,
        240,
        106,
        41,
        114,
        117,
        138,
        142,
        234,
        142,
        110,
        137,
        155,
        145,
        75,
        152,
        186,
        122,
        41,
        116,
        41,
        151,
        134,
        151,
        162,
        224,
        126,
        334,
        276,
        165,
        129,
        178,
        123,
        36,
        130
    ],
    "params": {
        "max_episodes": 3000,
        "max_steps": 600,
        "batch_size": 64,
        "learning_rate": 3e-05,
        "gamma": 0.99,
        "initial_epsilon": 0.15,
        "epsilon_decay": 0.999,
        "min_epsilon": 0.02,
        "memory_size": 150000,
        "target_update_freq": 5,
        "checkpoint_freq": 100,
        "resource_monitor_freq": 10
    },
    "resource_summary": "Training Time: 5:51:07\nAvg CPU Usage: 56.4%\nAvg Memory Usage: 3.1%"
}