{
    "episode": 100,
    "best_reward": 699.8373777195052,
    "best_success_rate": 0.4,
    "recent_rewards": [
        -147.43956148271343,
        -163.66088605294757,
        -168.22107096484638,
        -61.915659425597475,
        -178.33355464312254,
        -230.94882943689936,
        -155.27970776719837,
        -169.56104594234955,
        -132.89723269133353,
        -17.88540514280669,
        -125.98575768260758,
        -57.752185748646596,
        -143.1402305413417,
        200.31385477688798,
        -163.18866039331454,
        252.5376010520201,
        -179.81836003804432,
        574.4011154788268,
        -161.4506872370513,
        -146.5641034287465,
        339.1391975107947,
        275.9499452868007,
        -157.42861813222413,
        208.41577477018015,
        42.307837337411144,
        55.55001814860705,
        -131.1727391652463,
        -166.29856790328773,
        -120.12305872346467,
        -147.46854005167492,
        -136.63639449718485,
        -64.46242053837659,
        589.8391311577274,
        -136.87377376367755,
        -216.57582246334846,
        -251.41790134028213,
        -75.17771272019516,
        -2.7415383002976625,
        -101.15987546564646,
        -130.33876608813463,
        -112.3152687774676,
        -137.04241229514608,
        9.761348884280828,
        -63.70520706900986,
        40.395178454576126,
        -0.22981183216960233,
        -140.31687792922637,
        275.84265428551737,
        -100.05271354509944,
        -126.43568620589838,
        35.96485615757187,
        -137.14020778627892,
        156.62087861322803,
        -118.13869106570252,
        272.39616362534406,
        144.0742736875644,
        -17.869362700226077,
        602.2050536586063,
        -124.07114015700722,
        -100.2180648335231,
        699.8373777195052,
        273.178271437662,
        -143.8967504500876,
        28.28594906932433,
        -6.081682721722899,
        -5.4852664568198435,
        237.42825563709408,
        466.2794751062992,
        -128.97151027466268,
        -159.10314102392277,
        -76.29458060235221,
        -13.524016444215917,
        -172.09769628934157,
        101.85270233366194,
        -186.44490630789335,
        617.5414318119907,
        -86.45282759646916,
        509.19662471466194,
        -100.74710028212911,
        -15.53818921802042,
        -64.98082052142021,
        -167.5051052947353,
        -148.63918871478748,
        -158.4071506251607,
        76.75950092556566,
        -37.79831720278284,
        157.08046486243006,
        -4.642014502629067,
        -179.3178904707268,
        471.7758588497852,
        -166.6467293920696,
        -21.879324939596923,
        461.6302480389834,
        -129.7264365195642,
        -208.04716864270006,
        -111.77084346454531,
        638.2382785364354,
        -149.13347423780093,
        -165.3548273885461,
        -4.059524807713856
    ],
    "recent_successes": [
        0,
        0,
        0,
        0,
        0,
        0,
        0,
        0,
        0,
        0,
        0,
        0,
        0,
        1,
        0,
        1,
        0,
        1,
        0,
        0,
        1,
        1,
        0,
        1,
        0,
        1,
        0,
        0,
        0,
        0,
        0,
        0,
        1,
        0,
        0,
        0,
        0,
        0,
        0,
        0,
        0,
        0,
        0,
        0,
        0,
        0,
        0,
        1,
        0,
        0,
        0,
        0,
        1,
        0,
        1,
        1,
        0,
        1,
        0,
        0,
        1,
        1,
        0,
        0,
        0,
        0,
        1,
        1,
        0,
        0,
        0,
        0,
        0,
        1,
        0,
        1,
        0,
        1,
        0,
        0,
        0,
        0,
        0,
        0,
        1,
        0,
        1,
        0,
        0,
        1,
        0,
        0,
        1,
        0,
        0,
        0,
        1,
        0,
        0,
        0
    ],
    "recent_collisions": [
        1,
        1,
        1,
        1,
        1,
        1,
        1,
        1,
        1,
        0,
        1,
        1,
        1,
        0,
        1,
        0,
        1,
        0,
        1,
        1,
        0,
        0,
        1,
        0,
        0,
        0,
        1,
        1,
        1,
        1,
        1,
        1,
        0,
        1,
        1,
        1,
        1,
        0,
        1,
        1,
        1,
        1,
        0,
        1,
        0,
        0,
        1,
        0,
        1,
        1,
        0,
        1,
        0,
        1,
        0,
        0,
        0,
        0,
        1,
        1,
        0,
        0,
        1,
        0,
        0,
        0,
        0,
        0,
        1,
        1,
        1,
        0,
        1,
        0,
        1,
        0,
        1,
        0,
        1,
        0,
        1,
        1,
        1,
        1,
        0,
        0,
        0,
        0,
        1,
        0,
        1,
        0,
        0,
        1,
        1,
        1,
        0,
        1,
        1,
        0
    ],
    "recent_steps": [
        66,
        167,
        27,
        162,
        37,
        152,
        39,
        38,
        27,
        47,
        52,
        166,
        159,
        174,
        38,
        205,
        153,
        200,
        46,
        29,
        260,
        201,
        192,
        285,
        117,
        105,
        27,
        146,
        28,
        44,
        44,
        47,
        144,
        76,
        151,
        164,
        40,
        55,
        171,
        151,
        28,
        27,
        142,
        182,
        175,
        62,
        34,
        295,
        342,
        55,
        250,
        515,
        123,
        28,
        158,
        351,
        193,
        168,
        112,
        40,
        163,
        424,
        61,
        134,
        82,
        155,
        168,
        170,
        141,
        115,
        112,
        131,
        39,
        155,
        92,
        141,
        36,
        268,
        33,
        116,
        150,
        87,
        35,
        71,
        303,
        229,
        144,
        250,
        72,
        202,
        162,
        267,
        165,
        79,
        177,
        87,
        149,
        108,
        39,
        326
    ],
    "params": {
        "max_episodes": 3000,
        "max_steps": 600,
        "batch_size": 64,
        "learning_rate": 3e-05,
        "gamma": 0.99,
        "initial_epsilon": 0.15,
        "epsilon_decay": 0.999,
        "min_epsilon": 0.02,
        "memory_size": 150000,
        "target_update_freq": 5,
        "checkpoint_freq": 100,
        "resource_monitor_freq": 10
    },
    "resource_summary": "Training Time: 0:38:24\nAvg CPU Usage: 56.5%\nAvg Memory Usage: 2.8%"
}