{
    "episode": 800,
    "best_reward": 842.2469043015744,
    "best_success_rate": 0.95,
    "recent_rewards": [
        179.05241501144673,
        430.53643213210904,
        565.0546282954533,
        485.3344842711165,
        64.37655622628122,
        787.9033750710307,
        284.6317675822774,
        622.6803460191359,
        -45.199890357072576,
        273.2587374799957,
        663.4294588413865,
        776.1003195812318,
        715.4249762190217,
        315.83257395377314,
        123.375543984864,
        364.27483453437264,
        538.8308294392626,
        -119.34534941578566,
        218.80046276792964,
        331.2288477006428,
        -104.32695893828368,
        347.7556967689226,
        70.71221258839424,
        229.27243867082268,
        676.7977082616055,
        626.1714307418622,
        -130.6975727070551,
        -71.20310548649931,
        629.6649511950486,
        58.922502080594384,
        673.9886321740516,
        -74.21610634719889,
        -75.85441715213238,
        70.4790017056365,
        428.0941194021034,
        403.87059959896754,
        340.5270307361811,
        463.3757455484632,
        674.0488512419063,
        400.6437516560489,
        -45.621289394836595,
        244.91278548953767,
        -45.22141730234756,
        190.9890113907445,
        86.9455228745205,
        -121.38507982752516,
        186.86280551633678,
        681.1087246861171,
        -2.9194901875084724,
        329.7046989983333,
        109.19724564823288,
        433.34203551175324,
        658.8242177937009,
        769.4048241121125,
        614.6391207550373,
        322.1861253863492,
        305.31809238033225,
        329.3481834980558,
        52.01607350939175,
        245.95415499188653,
        270.8539991690163,
        671.1926899943549,
        741.8440552869533,
        692.2968049905521,
        482.6752696717117,
        430.0261854670159,
        274.6179856390676,
        -41.128364509415405,
        429.35904012511565,
        8.547674867996328,
        269.6729193527884,
        773.0056266402659,
        334.0891758442406,
        146.6097897825499,
        488.5227218867439,
        28.36775982164029,
        752.2812679718315,
        667.8372211042107,
        -191.2190935646086,
        55.07725805412558,
        338.2987584619934,
        -63.09263547638737,
        571.6027554491202,
        336.7387962635413,
        178.23257329163204,
        705.4361870904115,
        611.3916336247374,
        722.0996614625222,
        -63.15302120753498,
        302.41339309485716,
        644.8786097276197,
        175.8716847052051,
        697.7282261430755,
        543.321774693512,
        700.7471557953573,
        805.9560746379512,
        535.7791452491406,
        -70.8116985478265,
        54.915476910866886,
        -105.74790919129626
    ],
    "recent_successes": [
        1,
        1,
        1,
        1,
        1,
        1,
        1,
        1,
        0,
        1,
        1,
        1,
        1,
        1,
        1,
        1,
        1,
        0,
        1,
        1,
        0,
        1,
        1,
        1,
        1,
        1,
        0,
        0,
        1,
        1,
        1,
        0,
        0,
        1,
        1,
        1,
        1,
        1,
        1,
        1,
        0,
        1,
        0,
        1,
        1,
        0,
        1,
        1,
        0,
        1,
        1,
        1,
        1,
        1,
        1,
        1,
        1,
        1,
        1,
        1,
        1,
        1,
        1,
        1,
        1,
        1,
        1,
        0,
        1,
        0,
        1,
        1,
        1,
        1,
        1,
        0,
        1,
        1,
        0,
        1,
        1,
        0,
        1,
        1,
        1,
        1,
        1,
        1,
        0,
        1,
        1,
        1,
        1,
        1,
        1,
        1,
        1,
        0,
        1,
        0
    ],
    "recent_collisions": [
        0,
        0,
        0,
        0,
        0,
        0,
        0,
        0,
        0,
        0,
        0,
        0,
        0,
        0,
        0,
        0,
        0,
        1,
        0,
        0,
        1,
        0,
        0,
        0,
        0,
        0,
        1,
        1,
        0,
        0,
        0,
        1,
        1,
        0,
        0,
        0,
        0,
        0,
        0,
        0,
        0,
        0,
        0,
        0,
        0,
        1,
        0,
        0,
        0,
        0,
        0,
        0,
        0,
        0,
        0,
        0,
        0,
        0,
        0,
        0,
        0,
        0,
        0,
        0,
        0,
        0,
        0,
        0,
        0,
        0,
        0,
        0,
        0,
        0,
        0,
        0,
        0,
        0,
        1,
        0,
        0,
        1,
        0,
        0,
        0,
        0,
        0,
        0,
        1,
        0,
        0,
        0,
        0,
        0,
        0,
        0,
        0,
        1,
        0,
        1
    ],
    "recent_steps": [
        88,
        180,
        255,
        254,
        82,
        155,
        133,
        165,
        44,
        116,
        125,
        155,
        154,
        115,
        90,
        124,
        140,
        158,
        123,
        205,
        85,
        125,
        84,
        115,
        146,
        155,
        117,
        38,
        135,
        270,
        144,
        42,
        45,
        140,
        187,
        126,
        123,
        159,
        146,
        184,
        78,
        126,
        44,
        120,
        76,
        172,
        120,
        143,
        92,
        202,
        192,
        198,
        131,
        127,
        141,
        117,
        114,
        127,
        156,
        118,
        123,
        138,
        132,
        146,
        281,
        273,
        117,
        42,
        121,
        143,
        84,
        135,
        127,
        185,
        146,
        128,
        139,
        152,
        196,
        79,
        120,
        39,
        269,
        171,
        83,
        138,
        152,
        134,
        38,
        132,
        158,
        137,
        144,
        155,
        147,
        142,
        311,
        45,
        75,
        191
    ],
    "params": {
        "max_episodes": 3000,
        "max_steps": 600,
        "batch_size": 64,
        "learning_rate": 3e-05,
        "gamma": 0.99,
        "initial_epsilon": 0.15,
        "epsilon_decay": 0.999,
        "min_epsilon": 0.02,
        "memory_size": 150000,
        "target_update_freq": 5,
        "checkpoint_freq": 100,
        "resource_monitor_freq": 10
    },
    "resource_summary": "Training Time: 5:10:47\nAvg CPU Usage: 56.5%\nAvg Memory Usage: 3.0%"
}