{
    "episode": 1200,
    "best_reward": 851.3142827261115,
    "best_success_rate": 1.0,
    "recent_rewards": [
        767.2587506246781,
        127.82504053739656,
        206.30528852119187,
        766.2618826701364,
        61.73673901472081,
        452.6252238755035,
        773.0649775697545,
        224.59397084754121,
        585.1708590115309,
        764.2463895730453,
        325.58726838075273,
        759.2534343555309,
        89.48773256089508,
        704.414700453364,
        711.6783315043276,
        383.8736558543901,
        66.2440607242646,
        728.3100300968501,
        561.6646271747819,
        -99.27648877746844,
        334.3712968839983,
        -106.10767007199762,
        73.84632288453007,
        113.27393315038847,
        517.809582745003,
        256.2508011055476,
        685.4721347275746,
        288.71376581478177,
        -36.607174145469884,
        716.2331267798686,
        -79.61916272510089,
        447.40562339026746,
        215.7258909955815,
        -63.616391086900265,
        387.8272658046711,
        702.4161937200859,
        263.74584143052573,
        446.0373762516979,
        732.9844757980094,
        531.9639496707316,
        229.23601279113203,
        -67.25035186021402,
        684.6809552803513,
        647.3076827048466,
        740.9179595807301,
        367.61992179149115,
        728.4650998656068,
        -55.88611207198187,
        719.1320331446634,
        657.1904919376054,
        231.24007737007565,
        642.2677052206983,
        773.6568122404703,
        810.7923631634924,
        -42.107277526234,
        42.48138984623137,
        110.28127274697914,
        689.054021570721,
        479.26906188437596,
        457.9219238007603,
        709.4976369222544,
        -63.04366234897766,
        446.63168326093614,
        -35.80734098560991,
        432.7887608717531,
        -57.23983787149666,
        598.9762346110573,
        591.960805100701,
        300.13281518637876,
        -73.00249596243364,
        114.53311294474526,
        766.1281699549619,
        766.9744569430464,
        814.0643774067489,
        793.979314724982,
        126.66254962368748,
        652.812742419721,
        476.0092437508561,
        699.4471086396197,
        411.19198411615235,
        733.9102241690109,
        506.8406233500783,
        691.345351043828,
        376.9568568903592,
        145.1916356478017,
        392.7055967443622,
        772.2274333712055,
        797.8140524281395,
        371.0480109848608,
        -2.426105380873537,
        377.4382255632614,
        120.63648732191214,
        728.5695318283571,
        268.73051786683055,
        31.126252216725817,
        315.322721866872,
        481.28299213252524,
        67.25894414987745,
        233.40336378472685,
        -74.17973105079943
    ],
    "recent_successes": [
        1,
        1,
        1,
        1,
        1,
        1,
        1,
        1,
        1,
        1,
        1,
        1,
        1,
        1,
        1,
        1,
        1,
        1,
        1,
        0,
        1,
        0,
        1,
        1,
        1,
        1,
        1,
        1,
        0,
        1,
        0,
        1,
        1,
        0,
        1,
        1,
        1,
        1,
        1,
        1,
        1,
        0,
        1,
        1,
        1,
        1,
        1,
        0,
        1,
        1,
        1,
        1,
        1,
        1,
        0,
        0,
        1,
        1,
        1,
        1,
        1,
        0,
        1,
        0,
        1,
        0,
        1,
        1,
        1,
        0,
        1,
        1,
        1,
        1,
        1,
        1,
        1,
        1,
        1,
        1,
        1,
        1,
        1,
        1,
        1,
        1,
        1,
        1,
        1,
        0,
        1,
        1,
        1,
        1,
        0,
        1,
        1,
        1,
        1,
        0
    ],
    "recent_collisions": [
        0,
        0,
        0,
        0,
        0,
        0,
        0,
        0,
        0,
        0,
        0,
        0,
        0,
        0,
        0,
        0,
        0,
        0,
        0,
        1,
        0,
        1,
        0,
        0,
        0,
        0,
        0,
        0,
        0,
        0,
        1,
        0,
        0,
        1,
        0,
        0,
        0,
        0,
        0,
        0,
        0,
        1,
        0,
        0,
        0,
        0,
        0,
        1,
        0,
        0,
        0,
        0,
        0,
        0,
        0,
        0,
        0,
        0,
        0,
        0,
        0,
        1,
        0,
        0,
        0,
        1,
        0,
        0,
        0,
        1,
        0,
        0,
        0,
        0,
        0,
        0,
        0,
        0,
        0,
        0,
        0,
        0,
        0,
        0,
        0,
        0,
        0,
        0,
        0,
        0,
        0,
        0,
        0,
        0,
        0,
        0,
        0,
        0,
        0,
        1
    ],
    "recent_steps": [
        138,
        107,
        132,
        164,
        92,
        253,
        159,
        92,
        147,
        141,
        117,
        140,
        172,
        133,
        159,
        235,
        88,
        175,
        277,
        44,
        109,
        39,
        89,
        171,
        171,
        119,
        167,
        78,
        41,
        172,
        34,
        183,
        82,
        39,
        280,
        139,
        117,
        239,
        157,
        277,
        88,
        42,
        158,
        149,
        174,
        179,
        148,
        43,
        158,
        155,
        116,
        138,
        136,
        179,
        33,
        183,
        195,
        164,
        153,
        241,
        167,
        36,
        261,
        37,
        250,
        38,
        167,
        147,
        134,
        44,
        192,
        137,
        128,
        165,
        133,
        158,
        168,
        251,
        155,
        112,
        165,
        238,
        163,
        259,
        97,
        257,
        150,
        154,
        192,
        75,
        146,
        83,
        153,
        123,
        196,
        96,
        142,
        193,
        111,
        37
    ],
    "params": {
        "max_episodes": 3000,
        "max_steps": 600,
        "batch_size": 64,
        "learning_rate": 3e-05,
        "gamma": 0.99,
        "initial_epsilon": 0.15,
        "epsilon_decay": 0.999,
        "min_epsilon": 0.02,
        "memory_size": 150000,
        "target_update_freq": 5,
        "checkpoint_freq": 100,
        "resource_monitor_freq": 10
    },
    "resource_summary": "Training Time: 8:04:13\nAvg CPU Usage: 56.4%\nAvg Memory Usage: 3.1%"
}