{
    "episode": 1300,
    "best_reward": 851.3142827261115,
    "best_success_rate": 1.0,
    "recent_rewards": [
        673.6611307283688,
        158.03769550658328,
        196.5269867185659,
        72.16145317810083,
        86.85895415453905,
        127.46004021259824,
        686.0938849595606,
        567.7021552076657,
        700.5645068024896,
        653.1465115855347,
        150.2943596442965,
        37.10848166059307,
        405.2664589269732,
        -159.5660490990635,
        102.57445892737692,
        252.8566019467992,
        368.74887191329265,
        308.51159621631905,
        692.4600873250201,
        595.1363518912171,
        40.00433175198626,
        816.9424114804964,
        350.6558245529522,
        220.72714842152905,
        210.26649203649902,
        619.0585639807,
        349.44027741253973,
        -9.253416533977244,
        -149.01408130196106,
        391.4563828882917,
        467.66037040844117,
        825.773278594024,
        75.97350930675096,
        714.9402032461878,
        417.9949641809304,
        478.48202401942905,
        126.3073742136378,
        81.30666677178536,
        153.3400889425336,
        90.94308249685523,
        -33.431242667792176,
        545.8865582985443,
        608.6902391506305,
        -81.21889233745779,
        255.26756026530344,
        406.4272756196544,
        74.60801343978717,
        -49.874958040569595,
        696.2807371480457,
        428.55963186725677,
        406.7152593698563,
        111.01248078777387,
        85.35833568189884,
        623.0118088223562,
        671.2456158985806,
        273.61867531927254,
        208.19622338869613,
        326.15395779499073,
        37.89052856215913,
        732.7968744475571,
        129.57824482771332,
        281.02368417005727,
        727.1320314006493,
        428.0432229200739,
        530.2700814279381,
        776.4963950183408,
        780.0351530535655,
        674.6524606297404,
        696.679048261468,
        755.8632929559406,
        273.2766466857693,
        584.0555604704433,
        -61.899608693905684,
        779.3394849746508,
        125.66925193627729,
        52.05593255692125,
        796.8220826521033,
        98.54820045640366,
        465.659980516426,
        -54.98016564777393,
        709.9177554538046,
        -76.18959783531383,
        451.7274100206539,
        103.39557581647591,
        183.6645696509916,
        517.8821343507159,
        719.2541025056307,
        726.1146914128256,
        119.34164374465541,
        695.4880823440337,
        376.58811223708454,
        685.3232616555035,
        250.36262230823573,
        618.5472341562305,
        609.7471633894429,
        -47.49599040216332,
        419.1138026469822,
        -67.20065739482553,
        664.0807106181796,
        769.5776790699427
    ],
    "recent_successes": [
        1,
        1,
        1,
        1,
        1,
        1,
        1,
        1,
        1,
        1,
        1,
        0,
        1,
        0,
        1,
        1,
        1,
        1,
        1,
        1,
        0,
        1,
        1,
        1,
        1,
        1,
        1,
        0,
        0,
        1,
        1,
        1,
        1,
        1,
        1,
        1,
        1,
        1,
        1,
        1,
        0,
        1,
        1,
        0,
        1,
        1,
        1,
        0,
        1,
        1,
        1,
        1,
        1,
        1,
        1,
        1,
        1,
        1,
        0,
        1,
        1,
        1,
        1,
        1,
        1,
        1,
        1,
        1,
        1,
        1,
        1,
        1,
        0,
        1,
        1,
        1,
        1,
        1,
        1,
        0,
        1,
        0,
        1,
        1,
        1,
        1,
        1,
        1,
        1,
        1,
        1,
        1,
        1,
        1,
        1,
        0,
        1,
        0,
        1,
        1
    ],
    "recent_collisions": [
        0,
        0,
        0,
        0,
        0,
        0,
        0,
        0,
        0,
        0,
        0,
        0,
        0,
        1,
        0,
        0,
        0,
        0,
        0,
        0,
        0,
        0,
        0,
        0,
        0,
        0,
        0,
        0,
        1,
        0,
        0,
        0,
        0,
        0,
        0,
        0,
        0,
        0,
        0,
        0,
        0,
        0,
        0,
        1,
        0,
        0,
        0,
        0,
        0,
        0,
        0,
        0,
        0,
        0,
        0,
        0,
        0,
        0,
        0,
        0,
        0,
        0,
        0,
        0,
        0,
        0,
        0,
        0,
        0,
        0,
        0,
        0,
        1,
        0,
        0,
        0,
        0,
        0,
        0,
        1,
        0,
        1,
        0,
        0,
        0,
        0,
        0,
        0,
        0,
        0,
        0,
        0,
        0,
        0,
        0,
        0,
        0,
        1,
        0,
        0
    ],
    "recent_steps": [
        172,
        95,
        91,
        174,
        185,
        86,
        160,
        164,
        141,
        156,
        171,
        79,
        246,
        40,
        89,
        126,
        163,
        159,
        160,
        153,
        49,
        151,
        271,
        82,
        90,
        163,
        260,
        53,
        193,
        186,
        263,
        155,
        208,
        144,
        164,
        234,
        120,
        192,
        213,
        167,
        57,
        224,
        166,
        40,
        121,
        165,
        199,
        60,
        141,
        158,
        268,
        173,
        169,
        169,
        149,
        105,
        104,
        159,
        172,
        121,
        186,
        106,
        149,
        255,
        198,
        156,
        146,
        151,
        151,
        159,
        115,
        152,
        90,
        161,
        201,
        182,
        127,
        171,
        260,
        40,
        157,
        36,
        225,
        90,
        117,
        150,
        156,
        163,
        180,
        160,
        220,
        145,
        68,
        146,
        195,
        68,
        234,
        38,
        187,
        161
    ],
    "params": {
        "max_episodes": 3000,
        "max_steps": 600,
        "batch_size": 64,
        "learning_rate": 3e-05,
        "gamma": 0.99,
        "initial_epsilon": 0.15,
        "epsilon_decay": 0.999,
        "min_epsilon": 0.02,
        "memory_size": 150000,
        "target_update_freq": 5,
        "checkpoint_freq": 100,
        "resource_monitor_freq": 10
    },
    "resource_summary": "Training Time: 8:49:54\nAvg CPU Usage: 56.6%\nAvg Memory Usage: 3.2%"
}