{
    "episode": 700,
    "best_reward": 842.2469043015744,
    "best_success_rate": 0.9,
    "recent_rewards": [
        -159.5915305444932,
        107.73149946407588,
        -48.28515466721092,
        294.1093870405915,
        -67.27503670455182,
        231.92354825161453,
        603.7567415517957,
        269.223062275497,
        59.82582931668499,
        651.9791995857183,
        39.66246145354407,
        -72.33885148430645,
        129.53783355794513,
        360.6062374979051,
        157.92260951380337,
        12.881890171184082,
        510.2786604089713,
        -165.29864658033736,
        687.1395485582062,
        265.76613870776737,
        675.1354729498111,
        637.5396571119832,
        232.72176455569115,
        226.0202387726304,
        343.4477681653192,
        252.394894527655,
        8.132528697490812,
        412.09675742714614,
        403.1214286224895,
        -77.59592234352336,
        -70.51339470056016,
        765.8607722526818,
        677.5906687651673,
        378.5667052801127,
        704.1971465441208,
        379.98686438812825,
        313.7464195405983,
        715.5668915573993,
        -98.78170584327724,
        600.2286946378923,
        377.43087028038985,
        221.4013596229716,
        183.9472086927775,
        -28.758234720238207,
        628.1937491518829,
        474.3774365198036,
        -180.71602493324156,
        666.3322413740359,
        -192.83868459149843,
        278.05371839009683,
        54.90976466888003,
        763.5989346606502,
        432.39498437944997,
        325.86138726116747,
        319.86289989767204,
        -33.78268586605559,
        30.81192524014969,
        185.8864269213626,
        -71.49969756540847,
        271.6964555867422,
        -57.31137943537712,
        299.4842355215856,
        495.16714165619993,
        667.6651050947443,
        178.75588833499717,
        394.4391564186089,
        678.6034551008509,
        327.8348983454768,
        369.18791362962946,
        369.3762541353598,
        706.6724692313471,
        712.2290749368822,
        620.1582613833903,
        347.92110159646705,
        622.3504313924603,
        410.70216372151043,
        314.96387654079996,
        27.57596039443952,
        132.87952005234598,
        -7.840144346902406,
        47.048197331807074,
        466.08633447108895,
        44.589123462132505,
        424.1795049421999,
        -172.70237179446,
        326.8846466800213,
        201.0863133666343,
        -56.438712453882175,
        345.1596555533482,
        781.024230611457,
        616.7647455133504,
        280.9449908398301,
        -20.36834796424607,
        269.28122207973934,
        -38.01653894863769,
        -34.91031977413843,
        538.6711668254122,
        414.71225954728743,
        -54.58171804955445,
        191.732215797376
    ],
    "recent_successes": [
        0,
        1,
        0,
        1,
        0,
        1,
        1,
        1,
        1,
        1,
        0,
        0,
        1,
        1,
        1,
        0,
        1,
        0,
        1,
        1,
        1,
        1,
        1,
        1,
        1,
        1,
        0,
        1,
        1,
        0,
        0,
        1,
        1,
        1,
        1,
        1,
        1,
        1,
        0,
        1,
        1,
        1,
        1,
        0,
        1,
        1,
        0,
        1,
        0,
        1,
        1,
        1,
        1,
        1,
        1,
        0,
        0,
        1,
        0,
        1,
        0,
        1,
        1,
        1,
        1,
        1,
        1,
        1,
        1,
        1,
        1,
        1,
        1,
        1,
        1,
        1,
        1,
        0,
        1,
        0,
        0,
        1,
        0,
        1,
        0,
        1,
        1,
        0,
        1,
        1,
        1,
        1,
        0,
        1,
        0,
        0,
        1,
        1,
        0,
        1
    ],
    "recent_collisions": [
        1,
        0,
        0,
        0,
        1,
        0,
        0,
        0,
        0,
        0,
        0,
        1,
        0,
        0,
        0,
        0,
        0,
        1,
        0,
        0,
        0,
        0,
        0,
        0,
        0,
        0,
        0,
        0,
        0,
        1,
        1,
        0,
        0,
        0,
        0,
        0,
        0,
        0,
        1,
        0,
        0,
        0,
        0,
        0,
        0,
        0,
        1,
        0,
        1,
        0,
        0,
        0,
        0,
        0,
        0,
        0,
        0,
        0,
        1,
        0,
        1,
        0,
        0,
        0,
        0,
        0,
        0,
        0,
        0,
        0,
        0,
        0,
        0,
        0,
        0,
        0,
        0,
        0,
        0,
        0,
        0,
        0,
        0,
        0,
        1,
        0,
        0,
        1,
        0,
        0,
        0,
        0,
        0,
        0,
        0,
        0,
        0,
        0,
        1,
        0
    ],
    "recent_steps": [
        223,
        70,
        44,
        96,
        78,
        126,
        155,
        121,
        78,
        151,
        86,
        128,
        85,
        131,
        86,
        127,
        133,
        128,
        140,
        157,
        163,
        159,
        177,
        195,
        171,
        88,
        53,
        233,
        193,
        46,
        41,
        140,
        146,
        217,
        147,
        124,
        127,
        141,
        46,
        191,
        173,
        92,
        99,
        76,
        148,
        211,
        201,
        143,
        105,
        121,
        80,
        148,
        202,
        116,
        150,
        46,
        78,
        168,
        45,
        250,
        45,
        128,
        168,
        146,
        134,
        131,
        137,
        235,
        120,
        126,
        136,
        140,
        147,
        203,
        168,
        175,
        121,
        80,
        174,
        42,
        87,
        119,
        79,
        102,
        130,
        115,
        120,
        36,
        263,
        139,
        150,
        120,
        56,
        120,
        41,
        44,
        147,
        246,
        44,
        83
    ],
    "params": {
        "max_episodes": 3000,
        "max_steps": 600,
        "batch_size": 64,
        "learning_rate": 3e-05,
        "gamma": 0.99,
        "initial_epsilon": 0.15,
        "epsilon_decay": 0.999,
        "min_epsilon": 0.02,
        "memory_size": 150000,
        "target_update_freq": 5,
        "checkpoint_freq": 100,
        "resource_monitor_freq": 10
    },
    "resource_summary": "Training Time: 4:31:05\nAvg CPU Usage: 56.5%\nAvg Memory Usage: 3.0%"
}