{
    "episode": 600,
    "best_reward": 842.2469043015744,
    "best_success_rate": 0.85,
    "recent_rewards": [
        598.9620301853618,
        706.0965901965374,
        641.5325260219622,
        709.2577689269046,
        632.2494409832843,
        -49.037189742716585,
        481.00462633253596,
        293.715745216427,
        664.1179498777695,
        681.5811093158334,
        665.2872785573124,
        -104.58735919794182,
        -149.59799146099007,
        -169.42073485042522,
        659.1107118661628,
        31.051721301318267,
        62.61754347733479,
        628.0268480320767,
        31.393541888883945,
        -45.06148756885729,
        146.71048581795264,
        263.53144986134913,
        486.5367328821219,
        -83.57773372773954,
        392.4665067158511,
        309.87379622379024,
        360.92247259156164,
        190.63142145485736,
        740.1817663654151,
        531.10018981734,
        624.4510613737957,
        -113.77988413330125,
        390.7018302505598,
        612.3016492621348,
        819.0898916568816,
        -146.6530169463954,
        209.5128863009171,
        19.519377992682436,
        66.44728395697834,
        626.61453078449,
        820.2809973845258,
        651.1943959197514,
        313.34337454485996,
        434.2633748920184,
        147.369523298896,
        175.11814200177315,
        7.374421632002239,
        -42.73295598346583,
        689.9643692214404,
        713.2882776507311,
        602.3797798227911,
        663.9121673297614,
        664.8528462603435,
        549.3995506196865,
        -20.905842573320527,
        712.5253954510547,
        78.80893841787093,
        484.9888126147604,
        -53.83881621781349,
        24.06528228918671,
        382.3805200818865,
        207.48933068403346,
        151.09329442712595,
        24.388200466371373,
        -65.7273444589921,
        315.3939607176262,
        38.104912884480214,
        -53.256824283739974,
        561.0864034109552,
        304.40151545756254,
        519.4837238168237,
        774.6560021669752,
        39.82922186853699,
        39.68582074137694,
        553.0303519073015,
        635.1895912172312,
        -13.453862282928256,
        -73.20837730123446,
        -142.59729924853366,
        15.600914414283977,
        301.6950317910488,
        -51.881348008707505,
        277.3925977060987,
        -68.33631221118847,
        373.09212634358244,
        138.17257709131235,
        -5.1643819226206205,
        410.91918159699554,
        391.323073448178,
        233.6678851280669,
        598.9683208038559,
        613.1750314906648,
        12.387109537494197,
        613.5247463178073,
        -50.89222138450023,
        569.5274846246642,
        635.7758212840372,
        675.3685615783158,
        325.3558264252405,
        363.51695704467926
    ],
    "recent_successes": [
        1,
        1,
        1,
        1,
        1,
        0,
        1,
        1,
        1,
        1,
        1,
        0,
        0,
        0,
        1,
        0,
        1,
        1,
        0,
        0,
        1,
        1,
        1,
        0,
        1,
        1,
        1,
        1,
        1,
        1,
        1,
        0,
        1,
        1,
        1,
        0,
        1,
        0,
        1,
        1,
        1,
        1,
        1,
        1,
        1,
        1,
        0,
        0,
        1,
        1,
        1,
        1,
        1,
        1,
        0,
        1,
        1,
        1,
        0,
        0,
        1,
        1,
        1,
        0,
        0,
        1,
        0,
        0,
        1,
        1,
        1,
        1,
        0,
        0,
        1,
        1,
        0,
        0,
        0,
        0,
        1,
        0,
        1,
        0,
        1,
        1,
        0,
        1,
        1,
        1,
        1,
        1,
        0,
        1,
        0,
        1,
        1,
        1,
        1,
        1
    ],
    "recent_collisions": [
        0,
        0,
        0,
        0,
        0,
        0,
        0,
        0,
        0,
        0,
        0,
        1,
        1,
        1,
        0,
        0,
        0,
        0,
        0,
        0,
        0,
        0,
        0,
        1,
        0,
        0,
        0,
        0,
        0,
        0,
        0,
        1,
        0,
        0,
        0,
        1,
        0,
        0,
        0,
        0,
        0,
        0,
        0,
        0,
        0,
        0,
        0,
        0,
        0,
        0,
        0,
        0,
        0,
        0,
        0,
        0,
        0,
        0,
        1,
        0,
        0,
        0,
        0,
        0,
        1,
        0,
        0,
        1,
        0,
        0,
        0,
        0,
        0,
        0,
        0,
        0,
        0,
        1,
        1,
        0,
        0,
        1,
        0,
        1,
        0,
        0,
        0,
        0,
        0,
        0,
        0,
        0,
        0,
        0,
        1,
        0,
        0,
        0,
        0,
        0
    ],
    "recent_steps": [
        133,
        138,
        133,
        150,
        135,
        72,
        170,
        123,
        129,
        127,
        160,
        133,
        132,
        77,
        158,
        86,
        72,
        159,
        54,
        85,
        84,
        176,
        167,
        118,
        128,
        243,
        176,
        106,
        127,
        138,
        160,
        123,
        167,
        176,
        124,
        128,
        128,
        54,
        80,
        141,
        153,
        170,
        100,
        235,
        85,
        89,
        89,
        96,
        150,
        126,
        146,
        147,
        150,
        152,
        48,
        136,
        83,
        187,
        43,
        88,
        127,
        91,
        100,
        89,
        124,
        124,
        74,
        83,
        132,
        121,
        132,
        135,
        81,
        97,
        132,
        151,
        70,
        46,
        79,
        92,
        144,
        141,
        104,
        91,
        121,
        94,
        75,
        126,
        122,
        126,
        134,
        130,
        79,
        136,
        75,
        160,
        134,
        150,
        193,
        178
    ],
    "params": {
        "max_episodes": 3000,
        "max_steps": 600,
        "batch_size": 64,
        "learning_rate": 3e-05,
        "gamma": 0.99,
        "initial_epsilon": 0.15,
        "epsilon_decay": 0.999,
        "min_epsilon": 0.02,
        "memory_size": 150000,
        "target_update_freq": 5,
        "checkpoint_freq": 100,
        "resource_monitor_freq": 10
    },
    "resource_summary": "Training Time: 3:53:23\nAvg CPU Usage: 56.5%\nAvg Memory Usage: 3.0%"
}