{
    "episode": 300,
    "best_reward": 784.5268100740764,
    "best_success_rate": 0.55,
    "recent_rewards": [
        338.0890356788951,
        430.34257140182785,
        3.4471974917856443,
        -142.79273410107314,
        -105.48554005556595,
        -21.190377475781688,
        -66.86888894448546,
        207.4749766063516,
        -124.92307080349954,
        495.61706201194585,
        45.56403826940449,
        -112.40600340348146,
        155.68182205119123,
        -127.41227326340811,
        653.0287354064571,
        -92.71445753872118,
        -167.8361373792909,
        -123.07393740596127,
        -68.4520805181636,
        587.8802355182294,
        225.25905762863673,
        738.4250589864282,
        -69.1838337017066,
        477.0382225922825,
        -76.41253744080008,
        648.89811087218,
        -78.11300894635423,
        -69.72751463318,
        -128.63027311593743,
        116.11820265792421,
        437.6424343936961,
        -85.20203850706164,
        516.8197447307856,
        651.8994313097546,
        511.4170156505886,
        -216.43130194668632,
        405.2623688231946,
        -131.12555993051055,
        -54.194286715633325,
        678.6380525259195,
        -115.80350581564065,
        -83.29384273519233,
        4.047649778545505,
        223.54834092427492,
        -63.4607697177186,
        -163.87495689661648,
        456.0779944121159,
        -40.833529209972255,
        -84.15226257824989,
        -33.12105175062759,
        -129.18552522134672,
        20.83092064933379,
        13.243474046747579,
        66.16806274324918,
        -86.64318753438347,
        225.36359053195233,
        -144.44575172713078,
        573.3562526675352,
        201.51153019014512,
        -56.36287545988121,
        421.21829876085485,
        10.347484778640123,
        -68.76339847071303,
        -45.021997085646504,
        710.4864990735896,
        488.8262210756209,
        -51.9094033828211,
        -31.249531063290604,
        277.9404487049311,
        385.7969487627869,
        652.538723194788,
        546.3025130393614,
        -84.34686774182063,
        -84.7790645420742,
        708.2097350282247,
        -68.83772642487381,
        -57.62114457901755,
        16.538188813466945,
        414.3491462544745,
        11.125579750176058,
        471.81231866538485,
        94.6379637155459,
        8.27651701789646,
        -165.52611134729926,
        597.3569367943508,
        313.82262279873703,
        598.2051889551917,
        -149.92659508266252,
        -55.10369760721978,
        90.19257090011455,
        325.70402561772613,
        242.1871845452986,
        -299.83799683111044,
        193.87924793235612,
        -179.9332300443575,
        -65.94280093360464,
        10.11752989033711,
        518.93355673703,
        -163.4357530613661,
        482.84690735117323
    ],
    "recent_successes": [
        1,
        1,
        0,
        0,
        0,
        0,
        0,
        1,
        0,
        1,
        0,
        0,
        1,
        0,
        1,
        0,
        0,
        0,
        0,
        1,
        1,
        1,
        0,
        1,
        0,
        1,
        0,
        0,
        0,
        1,
        1,
        0,
        1,
        1,
        1,
        0,
        1,
        0,
        0,
        1,
        0,
        0,
        0,
        1,
        0,
        0,
        1,
        0,
        0,
        0,
        0,
        0,
        0,
        1,
        0,
        1,
        0,
        1,
        1,
        0,
        1,
        0,
        0,
        0,
        1,
        1,
        0,
        0,
        1,
        1,
        1,
        1,
        0,
        0,
        1,
        0,
        0,
        0,
        1,
        0,
        1,
        1,
        0,
        0,
        1,
        1,
        1,
        0,
        0,
        1,
        1,
        1,
        0,
        1,
        0,
        0,
        0,
        1,
        0,
        1
    ],
    "recent_collisions": [
        0,
        0,
        0,
        1,
        1,
        0,
        1,
        0,
        1,
        0,
        0,
        1,
        0,
        1,
        0,
        1,
        1,
        1,
        1,
        0,
        0,
        0,
        1,
        0,
        1,
        0,
        1,
        1,
        1,
        0,
        0,
        1,
        0,
        0,
        0,
        1,
        0,
        1,
        1,
        0,
        1,
        1,
        0,
        0,
        1,
        1,
        0,
        0,
        1,
        0,
        1,
        0,
        0,
        0,
        1,
        0,
        1,
        0,
        0,
        1,
        0,
        0,
        1,
        0,
        0,
        0,
        1,
        0,
        0,
        0,
        0,
        0,
        1,
        1,
        0,
        1,
        1,
        0,
        0,
        0,
        0,
        0,
        0,
        1,
        0,
        0,
        0,
        1,
        1,
        0,
        0,
        0,
        1,
        0,
        1,
        1,
        0,
        0,
        1,
        0
    ],
    "recent_steps": [
        439,
        147,
        88,
        76,
        80,
        76,
        52,
        90,
        118,
        245,
        93,
        50,
        133,
        245,
        140,
        48,
        232,
        71,
        42,
        183,
        150,
        130,
        52,
        195,
        36,
        169,
        49,
        40,
        38,
        112,
        330,
        159,
        174,
        174,
        174,
        67,
        179,
        363,
        600,
        147,
        44,
        79,
        54,
        175,
        36,
        31,
        258,
        38,
        47,
        79,
        60,
        88,
        61,
        187,
        37,
        109,
        32,
        155,
        118,
        35,
        233,
        79,
        52,
        42,
        138,
        163,
        50,
        73,
        179,
        259,
        169,
        173,
        49,
        36,
        137,
        37,
        46,
        106,
        183,
        108,
        178,
        148,
        309,
        40,
        137,
        297,
        144,
        190,
        48,
        168,
        178,
        153,
        229,
        165,
        37,
        35,
        256,
        132,
        27,
        179
    ],
    "params": {
        "max_episodes": 3000,
        "max_steps": 600,
        "batch_size": 64,
        "learning_rate": 3e-05,
        "gamma": 0.99,
        "initial_epsilon": 0.15,
        "epsilon_decay": 0.999,
        "min_epsilon": 0.02,
        "memory_size": 150000,
        "target_update_freq": 5,
        "checkpoint_freq": 100,
        "resource_monitor_freq": 10
    },
    "resource_summary": "Training Time: 1:59:06\nAvg CPU Usage: 56.0%\nAvg Memory Usage: 2.9%"
}