{
    "episode": 100,
    "best_reward": 1129.5869172517898,
    "best_success_rate": 0.024390243902439025,
    "recent_rewards": [
        -8678.685702764116,
        -5847.69747927493,
        -5907.570825188843,
        -10685.799108493404,
        -15500.533671985319,
        -236.69939802177134,
        -14174.04785800344,
        -9158.252117404158,
        -7266.790515594806,
        -10164.409296353026,
        -2974.109659484768,
        -61566.19154320513,
        -12700.388658069163,
        -3531.1562749823306,
        -2233.530529174061,
        -3606.8890693875665,
        -1251.468312645808,
        -5308.330664840183,
        -3771.2358321258525,
        -35113.76487783831,
        -6716.712829158259,
        -28770.83233153193,
        -13850.569250429817,
        -14116.715542036263,
        -615.4877625761492,
        -12852.362287990953,
        -23074.541071179796,
        -10885.48994916922,
        -22847.13058573978,
        -10022.83839799919,
        -10484.048589761027,
        -21642.119753421473,
        -7886.35950383589,
        -6271.316784264622,
        -6715.332480389294,
        -6473.876064077095,
        -4643.540525466454,
        -9757.090274998727,
        -15155.658463668133,
        -4153.36847165262,
        -23778.066833576395,
        -6250.484124090045,
        -5862.118871621211,
        -18150.99816242124,
        -14026.672483283855,
        -21692.219680462997,
        -5804.432771784356,
        -3260.4954816582485,
        -10092.278315955948,
        -6962.583153984187,
        -28624.229007750197,
        -24820.00182601992,
        -20841.784930703292,
        -5861.729532218914,
        -5467.016449626842,
        300,
        -3612.8095479677004,
        -18956.368973370012,
        -5056.712617556282,
        -6276.965716066564,
        -6454.268466057356,
        -3727.7331081669413,
        -4946.143082387376,
        -10275.511779937711,
        -4169.262476414769,
        -5882.572672930299,
        -4483.922738527003,
        -4564.141638895258,
        -35125.28667173366,
        -5539.616833911568,
        -6556.010514285946,
        -3858.9125520689113,
        -3886.8071969313446,
        -13569.449612097236,
        -2103.1415727185945,
        -3533.135561193756,
        -4864.344924862598,
        -12235.699077663205,
        -12874.223822365131,
        -7457.037341865235,
        1129.5869172517898,
        -5290.948232528527,
        -5243.804097133049,
        -4934.020044782621,
        -8677.807248255676,
        -15511.596054486427,
        -8266.4001690509,
        -41989.58716828697,
        -7918.738224837342,
        -30541.73741219079,
        -5782.542152420336,
        -4248.014997422947,
        -6407.486291610746,
        -11912.034592129869,
        -4103.409769685806,
        -6041.924468120828,
        -22785.08306730877,
        -5802.126013936616,
        -8178.142565718312,
        -5215.60284389781
    ],
    "recent_successes": [
        0,
        0,
        0,
        0,
        0,
        0,
        0,
        0,
        0,
        0,
        0,
        0,
        0,
        0,
        0,
        0,
        0,
        0,
        0,
        0,
        0,
        0,
        0,
        0,
        0,
        0,
        0,
        0,
        0,
        0,
        0,
        0,
        0,
        0,
        0,
        0,
        0,
        0,
        0,
        0,
        0,
        0,
        0,
        0,
        0,
        0,
        0,
        0,
        0,
        0,
        0,
        0,
        0,
        0,
        0,
        1,
        0,
        0,
        0,
        0,
        0,
        0,
        0,
        0,
        0,
        0,
        0,
        0,
        0,
        0,
        0,
        0,
        0,
        0,
        0,
        0,
        0,
        0,
        0,
        0,
        1,
        0,
        0,
        0,
        0,
        0,
        0,
        0,
        0,
        0,
        0,
        0,
        0,
        0,
        0,
        0,
        0,
        0,
        0,
        0
    ],
    "recent_collisions": [
        1,
        1,
        1,
        1,
        1,
        1,
        1,
        1,
        1,
        1,
        1,
        1,
        1,
        1,
        1,
        1,
        1,
        1,
        1,
        1,
        1,
        1,
        1,
        1,
        1,
        1,
        1,
        1,
        1,
        1,
        1,
        1,
        1,
        1,
        1,
        1,
        1,
        1,
        1,
        1,
        1,
        1,
        1,
        1,
        1,
        1,
        1,
        1,
        1,
        1,
        1,
        1,
        1,
        1,
        1,
        0,
        1,
        1,
        1,
        1,
        1,
        1,
        1,
        1,
        1,
        1,
        1,
        1,
        1,
        1,
        1,
        1,
        1,
        1,
        1,
        1,
        1,
        1,
        1,
        1,
        0,
        1,
        1,
        1,
        1,
        1,
        1,
        1,
        1,
        1,
        1,
        1,
        1,
        1,
        1,
        1,
        1,
        1,
        1,
        1
    ],
    "recent_steps": [
        105,
        72,
        54,
        55,
        101,
        500,
        127,
        107,
        170,
        215,
        107,
        500,
        231,
        49,
        83,
        38,
        500,
        54,
        477,
        212,
        55,
        157,
        98,
        239,
        500,
        260,
        100,
        176,
        259,
        137,
        88,
        170,
        60,
        53,
        63,
        61,
        50,
        77,
        142,
        37,
        195,
        74,
        53,
        205,
        311,
        254,
        45,
        303,
        94,
        240,
        340,
        178,
        408,
        46,
        330,
        1,
        33,
        384,
        40,
        56,
        54,
        67,
        60,
        110,
        135,
        41,
        49,
        95,
        288,
        42,
        91,
        45,
        54,
        177,
        139,
        37,
        119,
        355,
        242,
        76,
        29,
        63,
        57,
        103,
        135,
        239,
        64,
        192,
        82,
        345,
        53,
        72,
        64,
        272,
        77,
        500,
        269,
        52,
        275,
        500
    ],
    "params": {
        "max_episodes": 2500,
        "max_steps": 500,
        "batch_size": 64,
        "learning_rate": 0.0001,
        "gamma": 0.99,
        "initial_epsilon": 0.3,
        "epsilon_decay": 0.998,
        "min_epsilon": 0.02,
        "memory_size": 100000,
        "target_update_freq": 5
    }
}