{
    "episode": 400,
    "best_reward": 3426.4326321320073,
    "best_success_rate": 0.13,
    "recent_rewards": [
        -40395.360549032564,
        -8001.134610652359,
        -26292.469752011468,
        -18517.987915828384,
        -10936.025273483638,
        -6578.087899550521,
        -17748.596566534296,
        -8814.489517738231,
        -12175.004487281782,
        -9138.126317885304,
        -33003.14982462989,
        -8941.450721292327,
        -7632.096603425879,
        -14030.769872766665,
        -7894.878659030809,
        -5688.055236793574,
        -30224.065916493797,
        -2539.2945172659424,
        -8005.081947725024,
        2154.2212370247385,
        -11656.677080563828,
        -43389.608087846376,
        -21893.92755140895,
        -4357.578483031938,
        -33057.13369184047,
        -27312.67200419281,
        -7926.1072376327675,
        -15483.276631745226,
        -7846.000205951768,
        -7459.458138436279,
        1828.5860011609795,
        -21732.870398724514,
        -15403.145121646881,
        -7025.9067469591655,
        -5667.2650146775895,
        -17079.85444633991,
        -19632.56749873777,
        -20490.682015385526,
        -44483.27026945953,
        -12326.767460360035,
        -4918.734141075985,
        -30956.90296428101,
        -24458.084019766426,
        -24095.908774071828,
        -2853.4409161330045,
        -4474.047654621903,
        -31.83011149030184,
        -16291.007870163672,
        -25956.317083961105,
        1465.119312254808,
        -5975.824015727873,
        -15801.275068703873,
        -17366.765898522914,
        -21350.93549565629,
        -11165.181067456164,
        -2884.539548998,
        -6507.019072779034,
        -18575.364794448087,
        -20589.22158106555,
        -741.0111043537224,
        -34103.688394119716,
        -3346.3015079267884,
        -7111.178883918809,
        -4828.470247387917,
        -16400.13931836805,
        -25216.99421289809,
        -13842.931337104466,
        -7908.520023953677,
        -13122.706711246614,
        -4671.1304480364315,
        -16954.406108282838,
        -21226.750788724265,
        -3487.310942254003,
        -15405.765940198175,
        -22605.650550804417,
        -18316.486474011224,
        -20520.44000022094,
        -10294.308960139271,
        -4173.589412015017,
        -18798.78008929371,
        -18822.18199771345,
        -20695.67993582422,
        -7159.568612780875,
        -22587.949840398778,
        -841.2236238403225,
        -6168.039255633279,
        -18737.46415114699,
        -6487.864349033332,
        -19631.64383527961,
        -11176.791586988245,
        -13438.82349404821,
        -45412.5988717946,
        -6219.412311860907,
        -6960.171771845086,
        -13058.171113278484,
        -8910.395689955856,
        -34250.549867272464,
        -256.127955116703,
        -5666.646685311632,
        -12187.848740953603
    ],
    "recent_successes": [
        0,
        0,
        0,
        0,
        0,
        0,
        0,
        0,
        0,
        0,
        0,
        0,
        0,
        0,
        0,
        0,
        0,
        0,
        0,
        1,
        0,
        0,
        0,
        0,
        0,
        0,
        0,
        0,
        0,
        0,
        1,
        0,
        0,
        0,
        0,
        0,
        0,
        0,
        0,
        0,
        0,
        0,
        0,
        0,
        0,
        0,
        0,
        0,
        0,
        1,
        0,
        0,
        0,
        0,
        0,
        0,
        0,
        0,
        0,
        0,
        0,
        0,
        0,
        0,
        0,
        0,
        0,
        0,
        0,
        0,
        0,
        0,
        0,
        0,
        0,
        0,
        0,
        0,
        0,
        0,
        0,
        0,
        0,
        0,
        0,
        0,
        0,
        0,
        0,
        0,
        0,
        0,
        0,
        0,
        0,
        0,
        0,
        0,
        0,
        0
    ],
    "recent_collisions": [
        1,
        1,
        1,
        1,
        1,
        1,
        1,
        1,
        1,
        1,
        1,
        1,
        1,
        1,
        1,
        1,
        1,
        1,
        1,
        0,
        1,
        1,
        1,
        1,
        1,
        1,
        1,
        1,
        1,
        1,
        0,
        1,
        1,
        1,
        1,
        1,
        1,
        1,
        1,
        1,
        1,
        1,
        1,
        1,
        1,
        1,
        0,
        1,
        1,
        0,
        1,
        1,
        1,
        1,
        1,
        1,
        1,
        1,
        1,
        1,
        1,
        1,
        1,
        1,
        1,
        1,
        1,
        1,
        1,
        1,
        1,
        1,
        1,
        1,
        1,
        1,
        1,
        1,
        1,
        1,
        1,
        1,
        1,
        1,
        1,
        1,
        1,
        1,
        1,
        1,
        1,
        1,
        1,
        1,
        1,
        1,
        1,
        1,
        1,
        1
    ],
    "recent_steps": [
        500,
        78,
        500,
        226,
        321,
        73,
        157,
        65,
        198,
        62,
        395,
        106,
        128,
        500,
        189,
        46,
        206,
        85,
        174,
        197,
        500,
        362,
        239,
        94,
        293,
        500,
        89,
        107,
        286,
        72,
        117,
        500,
        452,
        48,
        67,
        500,
        500,
        500,
        500,
        249,
        257,
        500,
        500,
        272,
        500,
        67,
        500,
        336,
        500,
        132,
        65,
        154,
        236,
        412,
        275,
        102,
        137,
        83,
        500,
        500,
        367,
        500,
        272,
        136,
        322,
        261,
        148,
        129,
        292,
        153,
        183,
        343,
        201,
        483,
        268,
        230,
        226,
        465,
        253,
        341,
        288,
        248,
        121,
        243,
        258,
        75,
        232,
        122,
        258,
        66,
        436,
        494,
        131,
        110,
        293,
        500,
        137,
        500,
        123,
        500
    ],
    "params": {
        "max_episodes": 2500,
        "max_steps": 500,
        "batch_size": 64,
        "learning_rate": 5e-05,
        "gamma": 0.99,
        "initial_epsilon": 0.2,
        "epsilon_decay": 0.998,
        "min_epsilon": 0.02,
        "memory_size": 100000,
        "target_update_freq": 5
    }
}