{
    "episode": 200,
    "best_reward": 2861.846490482108,
    "best_success_rate": 0.03,
    "recent_rewards": [
        -8807.51913975298,
        -3885.5265429762385,
        -20002.85132332963,
        -6947.146871403959,
        -23542.98378521639,
        -5308.382306938971,
        -108071.95735884421,
        -5115.865811969743,
        -9159.156265565493,
        -7000.602516265355,
        -9667.712045978788,
        -45298.87848979279,
        -8638.184063166338,
        -31145.24767707965,
        -7260.599408870082,
        -8489.04917200712,
        -4868.825943685738,
        -7978.898416896554,
        -9828.569260666301,
        -11085.152044643073,
        -20042.796650637123,
        -3519.636499126277,
        -5877.468159245077,
        -24001.656686258397,
        -7225.9228191534685,
        -40285.891874343644,
        -4390.545871798332,
        -7045.338076816492,
        -21549.7753623119,
        -26477.861430563644,
        -6648.57140670214,
        -6801.264730376667,
        -13897.262073626598,
        -10066.850270541416,
        -7094.873044957499,
        -10205.274456553545,
        -7974.657830747878,
        -16211.324624765683,
        -5381.42464328981,
        -9448.189092589411,
        -18829.53213876663,
        -7082.943030348926,
        -25871.761034493804,
        -4073.718286198043,
        -13078.137429032935,
        -13268.927848435795,
        -11074.150794364754,
        -12718.24373797775,
        -21432.179256956086,
        -10526.462299648434,
        -28031.997680513225,
        -5978.154241938308,
        -6568.051115395315,
        -6960.762024753782,
        -9000.529865107404,
        1652.4919511424782,
        -21010.554060928105,
        -7922.83552211672,
        -15007.907363819746,
        -6647.276377400672,
        -24695.77519077697,
        -11949.988186997452,
        -9005.380303127504,
        -6665.050056749274,
        -12757.095764861435,
        -7783.527486030115,
        -4308.680416562509,
        -9480.621837063896,
        -7108.146143857129,
        -8431.243397769304,
        2861.846490482108,
        -12634.68159470568,
        -7116.301590880598,
        -10150.64157576105,
        -20402.147293432496,
        -6280.26010732152,
        -16419.5752930721,
        -10747.100450938091,
        -11294.952319963706,
        -18362.08596393646,
        -8175.288602901559,
        -5896.014215038234,
        -7033.547465430465,
        -11980.497414626081,
        -13182.577249358184,
        -4949.837861575892,
        -4406.776071361534,
        -34184.15255574554,
        300,
        -6702.658210977103,
        -3645.844775136829,
        -9567.941018638088,
        -12987.03144924718,
        -24640.59029235321,
        -6672.711237024646,
        -9673.069321931333,
        -18848.06068015736,
        -605.0674061359231,
        -14888.05409642978,
        -10566.718413095288
    ],
    "recent_successes": [
        0,
        0,
        0,
        0,
        0,
        0,
        0,
        0,
        0,
        0,
        0,
        0,
        0,
        0,
        0,
        0,
        0,
        0,
        0,
        0,
        0,
        0,
        0,
        0,
        0,
        0,
        0,
        0,
        0,
        0,
        0,
        0,
        0,
        0,
        0,
        0,
        0,
        0,
        0,
        0,
        0,
        0,
        0,
        0,
        0,
        0,
        0,
        0,
        0,
        0,
        0,
        0,
        0,
        0,
        0,
        1,
        0,
        0,
        0,
        0,
        0,
        0,
        0,
        0,
        0,
        0,
        0,
        0,
        0,
        0,
        1,
        0,
        0,
        0,
        0,
        0,
        0,
        0,
        0,
        0,
        0,
        0,
        0,
        0,
        0,
        0,
        0,
        0,
        1,
        0,
        0,
        0,
        0,
        0,
        0,
        0,
        0,
        0,
        0,
        0
    ],
    "recent_collisions": [
        1,
        1,
        1,
        1,
        1,
        1,
        1,
        1,
        1,
        1,
        1,
        1,
        1,
        1,
        1,
        1,
        1,
        1,
        1,
        1,
        1,
        1,
        1,
        1,
        1,
        1,
        1,
        1,
        1,
        1,
        1,
        1,
        1,
        1,
        1,
        1,
        1,
        1,
        1,
        1,
        1,
        1,
        1,
        1,
        1,
        1,
        1,
        1,
        1,
        1,
        1,
        1,
        1,
        1,
        1,
        0,
        1,
        1,
        1,
        1,
        1,
        1,
        1,
        1,
        1,
        1,
        1,
        1,
        1,
        1,
        0,
        1,
        1,
        1,
        1,
        1,
        1,
        1,
        1,
        1,
        1,
        1,
        1,
        1,
        1,
        1,
        1,
        1,
        0,
        1,
        1,
        1,
        1,
        1,
        1,
        1,
        1,
        1,
        1,
        1
    ],
    "recent_steps": [
        368,
        121,
        500,
        84,
        250,
        54,
        465,
        96,
        85,
        85,
        261,
        423,
        98,
        429,
        92,
        83,
        55,
        67,
        244,
        354,
        144,
        81,
        61,
        251,
        67,
        299,
        81,
        319,
        191,
        500,
        58,
        158,
        270,
        107,
        83,
        97,
        75,
        329,
        65,
        500,
        126,
        96,
        325,
        43,
        261,
        94,
        91,
        145,
        500,
        262,
        164,
        248,
        83,
        58,
        66,
        81,
        249,
        79,
        166,
        52,
        251,
        101,
        87,
        79,
        76,
        94,
        135,
        90,
        87,
        95,
        200,
        212,
        46,
        90,
        349,
        73,
        122,
        500,
        500,
        175,
        113,
        500,
        69,
        225,
        114,
        71,
        86,
        482,
        1,
        139,
        60,
        92,
        474,
        274,
        58,
        141,
        230,
        216,
        190,
        360
    ],
    "params": {
        "max_episodes": 2500,
        "max_steps": 500,
        "batch_size": 64,
        "learning_rate": 0.0001,
        "gamma": 0.99,
        "initial_epsilon": 0.3,
        "epsilon_decay": 0.998,
        "min_epsilon": 0.02,
        "memory_size": 100000,
        "target_update_freq": 5
    }
}