{
    "episode": 100,
    "best_reward": 597.6862399156921,
    "best_success_rate": 0.05,
    "recent_rewards": [
        300,
        -4234.171515685475,
        -2683.873090540723,
        -5922.549137031785,
        -4506.214251343539,
        -4804.24888705645,
        -2764.0181227312155,
        -5683.380354060179,
        -4357.933239926889,
        -2565.5902047739355,
        -3509.544301406274,
        -3286.630844077681,
        -3970.5333299878457,
        -3236.03028228442,
        -15423.257484336184,
        -2937.5008417398767,
        -4185.921716887266,
        -2755.5361625118953,
        -3912.88142383647,
        -3961.6893559090613,
        -3093.124770747616,
        -2937.5200968497347,
        -2547.7547564987617,
        -2787.1155646033044,
        -4516.228531790756,
        -3722.093624962261,
        -3073.9969697242204,
        -3730.1986978483474,
        -2941.2013634222744,
        -2984.8191736453637,
        -2528.612950138836,
        -2996.028976220352,
        -3092.4838215635264,
        -3526.7878885243717,
        -3296.743944609136,
        -3587.4774518394074,
        -4117.1354329507385,
        -4157.261994987215,
        -4932.850741030444,
        -4631.475911171874,
        -3831.6342682232103,
        -4381.662935041547,
        -4511.050153939964,
        -5244.737020608831,
        -4349.051059635087,
        -3226.1816925243197,
        -5331.38297401275,
        -3720.796863520309,
        -4393.942707348967,
        -4508.669801485853,
        -3475.10101681063,
        -5064.341421601084,
        -3614.9381963350856,
        -3623.369472097231,
        -4584.733039454045,
        -4203.838699459614,
        -3806.444583019621,
        -4580.229383258451,
        -4615.800134140941,
        -5123.711056151276,
        -5019.904718740905,
        -3144.672109340091,
        -4335.762213871372,
        597.6862399156921,
        -5265.392623033278,
        -4812.609238308882,
        -5828.582541641982,
        -1122.7322186956362,
        -3985.0851169708867,
        -3638.2152945049165,
        -3519.4383513590865,
        -4502.20596872128,
        -3565.2475823234136,
        -5009.043905314983,
        -3555.778700205377,
        -3598.6868065334925,
        -2651.0589019064664,
        -3635.7961569242048,
        -5589.6233965610645,
        -3328.0878318765153,
        -3545.267484049769,
        -4410.96686005679,
        -3281.4649371812484,
        -5175.125265241166,
        -3324.796221790547,
        -4049.929814791501,
        -3208.9602883944535,
        -4401.4151518397975,
        -3468.10443777438,
        -3589.1799124217087,
        -10039.911945645394,
        -4434.7236070868785,
        -5228.497676385043,
        -5922.434269359761,
        -13789.643884797239,
        -3164.5471868069285,
        -3991.099915901443,
        -6274.17204221085,
        -12252.929426861734,
        -5434.45122368501
    ],
    "recent_successes": [
        1,
        0,
        0,
        0,
        0,
        0,
        0,
        0,
        0,
        0,
        0,
        0,
        0,
        0,
        0,
        0,
        0,
        0,
        0,
        0,
        0,
        0,
        0,
        0,
        0,
        0,
        0,
        0,
        0,
        0,
        0,
        0,
        0,
        0,
        0,
        0,
        0,
        0,
        0,
        0,
        0,
        0,
        0,
        0,
        0,
        0,
        0,
        0,
        0,
        0,
        0,
        0,
        0,
        0,
        0,
        0,
        0,
        0,
        0,
        0,
        0,
        0,
        0,
        1,
        0,
        0,
        0,
        0,
        0,
        0,
        0,
        0,
        0,
        0,
        0,
        0,
        0,
        0,
        0,
        0,
        0,
        0,
        0,
        0,
        0,
        0,
        0,
        0,
        0,
        0,
        0,
        0,
        0,
        0,
        0,
        0,
        0,
        0,
        0,
        0
    ],
    "recent_collisions": [
        0,
        1,
        1,
        1,
        1,
        1,
        1,
        1,
        1,
        1,
        1,
        1,
        1,
        1,
        1,
        1,
        1,
        1,
        1,
        1,
        1,
        1,
        1,
        1,
        1,
        1,
        1,
        1,
        1,
        1,
        1,
        1,
        1,
        1,
        1,
        1,
        1,
        1,
        1,
        1,
        1,
        1,
        1,
        1,
        1,
        1,
        1,
        1,
        1,
        1,
        1,
        1,
        1,
        1,
        1,
        1,
        1,
        1,
        1,
        1,
        1,
        1,
        1,
        0,
        1,
        1,
        1,
        1,
        1,
        1,
        1,
        1,
        1,
        1,
        1,
        1,
        1,
        1,
        1,
        1,
        1,
        1,
        1,
        1,
        1,
        1,
        1,
        1,
        1,
        1,
        1,
        1,
        1,
        1,
        1,
        1,
        1,
        1,
        1,
        1
    ],
    "recent_steps": [
        1,
        35,
        33,
        40,
        39,
        52,
        36,
        42,
        34,
        31,
        35,
        35,
        36,
        33,
        81,
        33,
        35,
        31,
        34,
        35,
        35,
        33,
        32,
        33,
        36,
        36,
        32,
        35,
        35,
        30,
        30,
        32,
        33,
        34,
        34,
        35,
        35,
        34,
        37,
        37,
        35,
        38,
        38,
        38,
        35,
        35,
        40,
        33,
        37,
        35,
        35,
        38,
        34,
        34,
        34,
        36,
        35,
        37,
        37,
        37,
        37,
        33,
        36,
        11,
        39,
        36,
        38,
        31,
        35,
        35,
        33,
        37,
        35,
        39,
        35,
        35,
        32,
        37,
        39,
        33,
        35,
        36,
        35,
        37,
        34,
        35,
        37,
        37,
        34,
        32,
        54,
        38,
        40,
        44,
        61,
        31,
        35,
        41,
        58,
        40
    ],
    "params": {
        "max_episodes": 2500,
        "max_steps": 500,
        "batch_size": 64,
        "learning_rate": 5e-05,
        "gamma": 0.99,
        "initial_epsilon": 0.2,
        "epsilon_decay": 0.998,
        "min_epsilon": 0.02,
        "memory_size": 100000,
        "target_update_freq": 5
    }
}