{
    "episode": 700,
    "best_reward": 3426.4326321320073,
    "best_success_rate": 0.13,
    "recent_rewards": [
        300,
        -7781.176974045957,
        -8648.922607983348,
        -13413.964043493375,
        -4594.047117694984,
        -7556.624870048579,
        -9103.611659082764,
        -27953.89272609093,
        -14933.929186056308,
        -5532.422474603349,
        -7105.707680427446,
        -3733.3185155556657,
        -10520.314746541837,
        -7304.218460985123,
        -12272.837000010251,
        -4075.604303085125,
        -13415.707247984286,
        -33757.16817500082,
        -11062.456081612663,
        -16068.613459631937,
        -15859.594208127271,
        -6093.488826172925,
        -14387.633010860302,
        -7289.475323912842,
        -4337.651606529326,
        -2759.5027631840762,
        -3188.681716510951,
        -25818.14857035492,
        -5840.7831455550695,
        -8656.484036634702,
        -5501.677253847144,
        -5656.37865404404,
        -8014.483547679818,
        -4572.370660017638,
        -15463.691127097081,
        -9657.189831521524,
        -12992.575389540956,
        -13724.629040079715,
        -13938.908987321867,
        -6454.886599712862,
        -7989.179564949201,
        -5577.334622644161,
        -21487.893295494156,
        -7702.514525405114,
        -6881.929798796034,
        -4592.2587985628425,
        -6654.266142568906,
        -5961.8902669808185,
        -12321.815862508309,
        -8918.129669995627,
        -17975.51741267179,
        -6103.975802674178,
        -4173.65285228772,
        -10749.294143574869,
        -2439.188840461533,
        -34449.90755520857,
        -32805.09973048851,
        -3287.8593832988117,
        -6551.276229542731,
        -16824.736779603663,
        -8190.491837380178,
        -27588.79858307935,
        -2859.0789217747433,
        -11043.766294705358,
        -3500.3822055990086,
        -2797.105135288058,
        -7803.624747450456,
        -14421.95865440526,
        -13977.869008074922,
        -28567.88043230774,
        -5279.2708447795285,
        -6860.501670658393,
        -2869.321972501294,
        -17663.93635068875,
        -3427.4775808363556,
        -4583.623143183997,
        -19590.158970026736,
        -18723.825005095136,
        -19564.17656359724,
        -15903.767038035256,
        -30897.13347880495,
        300,
        -11131.799184432593,
        -12326.913397229091,
        -3274.0475154552832,
        -7656.586461875992,
        -5907.336186729162,
        -37300.16467433103,
        -3092.349627729767,
        -6750.608082244129,
        -3636.8599840805973,
        -19298.612349311938,
        -6400.516297699951,
        -21910.43224924041,
        -23384.90184576133,
        -14868.148302929372,
        -3589.5324165937905,
        -7932.077336379654,
        -28244.911973806455,
        -10211.60043366363
    ],
    "recent_successes": [
        1,
        0,
        0,
        0,
        0,
        0,
        0,
        0,
        0,
        0,
        0,
        0,
        0,
        0,
        0,
        0,
        0,
        0,
        0,
        0,
        0,
        0,
        0,
        0,
        0,
        0,
        0,
        0,
        0,
        0,
        0,
        0,
        0,
        0,
        0,
        0,
        0,
        0,
        0,
        0,
        0,
        0,
        0,
        0,
        0,
        0,
        0,
        0,
        0,
        0,
        0,
        0,
        0,
        0,
        0,
        0,
        0,
        0,
        0,
        0,
        0,
        0,
        0,
        0,
        0,
        0,
        0,
        0,
        0,
        0,
        0,
        0,
        0,
        0,
        0,
        0,
        0,
        0,
        0,
        0,
        0,
        1,
        0,
        0,
        0,
        0,
        0,
        0,
        0,
        0,
        0,
        0,
        0,
        0,
        0,
        0,
        0,
        0,
        0,
        0
    ],
    "recent_collisions": [
        0,
        1,
        1,
        1,
        1,
        1,
        1,
        1,
        1,
        1,
        1,
        1,
        1,
        1,
        1,
        1,
        1,
        1,
        1,
        1,
        1,
        1,
        1,
        1,
        1,
        1,
        1,
        1,
        1,
        1,
        1,
        1,
        1,
        1,
        1,
        1,
        1,
        1,
        1,
        1,
        1,
        1,
        1,
        1,
        1,
        1,
        1,
        1,
        1,
        1,
        1,
        1,
        1,
        1,
        1,
        1,
        1,
        1,
        1,
        1,
        1,
        1,
        1,
        1,
        1,
        1,
        1,
        1,
        1,
        1,
        1,
        1,
        1,
        1,
        1,
        1,
        1,
        1,
        1,
        1,
        1,
        0,
        1,
        1,
        1,
        1,
        1,
        1,
        1,
        1,
        1,
        1,
        1,
        1,
        1,
        1,
        1,
        1,
        1,
        1
    ],
    "recent_steps": [
        1,
        74,
        500,
        500,
        232,
        157,
        463,
        500,
        225,
        67,
        77,
        228,
        500,
        243,
        145,
        189,
        500,
        244,
        120,
        138,
        500,
        154,
        170,
        249,
        225,
        500,
        464,
        91,
        79,
        63,
        111,
        64,
        234,
        500,
        228,
        65,
        500,
        500,
        500,
        149,
        223,
        146,
        331,
        68,
        185,
        87,
        66,
        234,
        500,
        266,
        248,
        152,
        62,
        111,
        122,
        500,
        406,
        85,
        64,
        500,
        150,
        244,
        119,
        240,
        92,
        101,
        224,
        500,
        133,
        378,
        281,
        148,
        64,
        96,
        66,
        52,
        500,
        155,
        137,
        233,
        500,
        1,
        154,
        116,
        145,
        136,
        226,
        232,
        500,
        68,
        132,
        254,
        106,
        500,
        500,
        236,
        89,
        69,
        500,
        436
    ],
    "params": {
        "max_episodes": 2500,
        "max_steps": 500,
        "batch_size": 64,
        "learning_rate": 5e-05,
        "gamma": 0.99,
        "initial_epsilon": 0.2,
        "epsilon_decay": 0.998,
        "min_epsilon": 0.02,
        "memory_size": 100000,
        "target_update_freq": 5
    }
}