{
    "episode": 800,
    "best_reward": 2861.846490482108,
    "best_success_rate": 0.03,
    "recent_rewards": [
        -6805.1957424694665,
        -14355.673537863166,
        -6240.747288139341,
        -8071.442793295543,
        -4718.594715392451,
        -8904.095727539192,
        -10404.749130098924,
        -17574.716154669735,
        -24551.878367256533,
        -7338.666795419022,
        -3738.2823335213657,
        -12772.255873384669,
        -8968.123522102822,
        -3708.9235780272647,
        -13966.110130609606,
        -5977.3903681980755,
        -2817.4986143628144,
        -5731.871869590514,
        -17093.39138126319,
        -15194.318893813977,
        -4669.257532045819,
        -5160.614381370593,
        -23875.6513995654,
        -6482.898603802652,
        -12374.711451650252,
        -5102.6402872351255,
        -26213.889283401477,
        -9027.556878344772,
        -18474.773572551312,
        -17893.915336984694,
        -14898.16835740866,
        -6891.5623601499055,
        -3046.1156084455774,
        -23504.60414755188,
        -4055.8432070080476,
        -13864.52194067979,
        -12956.979842691946,
        -3418.1205873529384,
        -21377.77719200479,
        -3277.4935458648147,
        -16060.558595894308,
        -14592.982165381622,
        -29205.612237723733,
        -11451.90326171487,
        -25809.144016207258,
        -8024.950524267141,
        -23747.461836172308,
        -5862.523781950028,
        -16292.522038510633,
        -6432.807444646147,
        -26463.47199532323,
        -8622.572099123945,
        -11688.109069097589,
        -5152.826075501498,
        -7812.171518794933,
        -616.2130472994844,
        -7698.845429029843,
        -22394.026337514442,
        -16693.638073386115,
        -16045.94079311322,
        -5679.191053972406,
        -10955.166817453504,
        -13438.381822921398,
        -2990.384490470321,
        -7014.904060620632,
        -5603.4304143726185,
        -11730.374762435853,
        -6025.6448899797415,
        -6856.38766148561,
        -3907.142940916041,
        -10785.79317434992,
        -4900.522896396171,
        -7888.863384509681,
        -23720.41001384421,
        -10415.832010023341,
        -30718.83313445359,
        -11046.71259100526,
        -3870.8183721699797,
        -7974.207875232056,
        -23041.617601803762,
        -16865.848256408997,
        -21290.930290113152,
        -5734.238252338171,
        -7550.166761820983,
        593.2878939981924,
        -18702.749214369378,
        -9604.331028151159,
        -13228.649950435,
        -10513.703397025352,
        -9434.996950357274,
        -11794.508445833622,
        -7666.605829103649,
        -8992.347292283588,
        -7089.148811811417,
        -20421.510938847376,
        -13703.15245362848,
        -10452.921312566092,
        -16213.364473120399,
        -4552.725537769471,
        -11717.286745188363
    ],
    "recent_successes": [
        0,
        0,
        0,
        0,
        0,
        0,
        0,
        0,
        0,
        0,
        0,
        0,
        0,
        0,
        0,
        0,
        0,
        0,
        0,
        0,
        0,
        0,
        0,
        0,
        0,
        0,
        0,
        0,
        0,
        0,
        0,
        0,
        0,
        0,
        0,
        0,
        0,
        0,
        0,
        0,
        0,
        0,
        0,
        0,
        0,
        0,
        0,
        0,
        0,
        0,
        0,
        0,
        0,
        0,
        0,
        0,
        0,
        0,
        0,
        0,
        0,
        0,
        0,
        0,
        0,
        0,
        0,
        0,
        0,
        0,
        0,
        0,
        0,
        0,
        0,
        0,
        0,
        0,
        0,
        0,
        0,
        0,
        0,
        0,
        1,
        0,
        0,
        0,
        0,
        0,
        0,
        0,
        0,
        0,
        0,
        0,
        0,
        0,
        0,
        0
    ],
    "recent_collisions": [
        1,
        1,
        1,
        1,
        1,
        1,
        1,
        1,
        1,
        1,
        1,
        1,
        1,
        1,
        1,
        1,
        1,
        1,
        1,
        1,
        1,
        1,
        1,
        1,
        1,
        1,
        1,
        1,
        1,
        1,
        1,
        1,
        1,
        1,
        1,
        1,
        1,
        1,
        1,
        1,
        1,
        1,
        1,
        1,
        1,
        1,
        1,
        1,
        1,
        1,
        1,
        1,
        1,
        1,
        1,
        1,
        1,
        1,
        1,
        1,
        1,
        1,
        1,
        1,
        1,
        1,
        1,
        1,
        1,
        1,
        1,
        1,
        1,
        1,
        1,
        1,
        1,
        1,
        1,
        1,
        1,
        1,
        1,
        1,
        0,
        1,
        1,
        1,
        1,
        1,
        1,
        1,
        1,
        1,
        1,
        1,
        1,
        1,
        1,
        1
    ],
    "recent_steps": [
        168,
        403,
        77,
        65,
        97,
        103,
        231,
        108,
        122,
        123,
        64,
        274,
        79,
        103,
        135,
        137,
        500,
        99,
        224,
        227,
        154,
        105,
        500,
        248,
        150,
        65,
        256,
        224,
        172,
        500,
        222,
        100,
        66,
        102,
        62,
        121,
        148,
        71,
        92,
        66,
        230,
        500,
        162,
        162,
        237,
        228,
        244,
        500,
        162,
        66,
        260,
        235,
        150,
        139,
        241,
        500,
        88,
        243,
        152,
        225,
        113,
        159,
        72,
        242,
        219,
        108,
        248,
        135,
        66,
        103,
        82,
        58,
        107,
        128,
        500,
        430,
        147,
        124,
        500,
        253,
        168,
        239,
        70,
        113,
        169,
        413,
        466,
        160,
        500,
        80,
        500,
        136,
        151,
        73,
        241,
        236,
        150,
        231,
        104,
        138
    ],
    "params": {
        "max_episodes": 2500,
        "max_steps": 500,
        "batch_size": 64,
        "learning_rate": 0.0001,
        "gamma": 0.99,
        "initial_epsilon": 0.3,
        "epsilon_decay": 0.998,
        "min_epsilon": 0.02,
        "memory_size": 100000,
        "target_update_freq": 5
    }
}