{
    "episode": 200,
    "best_reward": 3426.4326321320073,
    "best_success_rate": 0.13,
    "recent_rewards": [
        -4099.104022969277,
        -6150.982125796848,
        1190.1332534935884,
        -21957.43793948514,
        -5774.281841581624,
        -6946.864613082973,
        -7258.424370988914,
        3426.4326321320073,
        301.72274871368785,
        -7062.924440250617,
        -3886.964424431665,
        -19862.04844511026,
        -6879.453964322062,
        1567.5905798541921,
        -23014.297661921675,
        -5274.490772279294,
        -108127.57182723735,
        1659.9169522117309,
        -5075.272573683278,
        -8983.696515638463,
        -6672.618828374007,
        -9417.009112608835,
        -45498.62603835769,
        -8082.031393851081,
        -31004.88695932772,
        -6361.053901389446,
        -8184.105433745044,
        -4613.165852977916,
        -8318.08849537079,
        -11250.417026511046,
        -10145.250080703785,
        -20496.24678229192,
        -3966.391224985637,
        -5963.8299040770335,
        -23976.82411611703,
        -7405.370404987702,
        -40375.20215377513,
        951.2610041875658,
        -4418.081348359407,
        2876.7066819637666,
        -6849.755934773441,
        -13991.793758932607,
        -6116.082892795043,
        -25152.272128057586,
        -6628.084959837226,
        -6809.477779737835,
        -13847.995066497315,
        -9875.480263506775,
        -6947.2716835565425,
        -10209.091095927684,
        595.9386646189885,
        -7766.111041146444,
        -13909.913787239113,
        -6412.103297831483,
        -8568.160670206356,
        -18032.989057998002,
        -7139.250183565763,
        -30202.017464452296,
        -3857.781375164276,
        -1210.8084211850473,
        -6684.3280964431215,
        -12653.373793871295,
        -10607.036217602446,
        -12727.669630758613,
        27.499723993641226,
        -19239.756098539117,
        -10496.474633724165,
        -28383.02871224473,
        -5595.554787745832,
        -6708.690030468811,
        -6787.679470533013,
        -8804.893515583659,
        -21106.280077913696,
        -7823.91244547036,
        -16235.420856883624,
        -6490.211219247263,
        -23624.32388418748,
        -11382.987633096087,
        -9204.253004313456,
        -6737.510683623266,
        -13088.036941812568,
        -6838.83574985509,
        -4139.4487423577975,
        -9755.877576108815,
        -4610.974139337683,
        -8484.54045002316,
        -14415.731126211986,
        -6918.546472871257,
        -10153.318474354144,
        -18989.77459950053,
        -7030.697352162515,
        -16072.637033260855,
        -6265.72393463194,
        -9101.334513294725,
        -18462.185227801227,
        -8158.474205591685,
        -3391.832286719477,
        -6683.180995193072,
        2775.9880504683047,
        -11043.740229327897
    ],
    "recent_successes": [
        0,
        0,
        1,
        0,
        0,
        0,
        0,
        1,
        1,
        0,
        0,
        0,
        0,
        1,
        0,
        0,
        0,
        1,
        0,
        0,
        0,
        0,
        0,
        0,
        0,
        0,
        0,
        0,
        0,
        0,
        0,
        0,
        0,
        0,
        0,
        0,
        0,
        1,
        0,
        1,
        0,
        0,
        0,
        0,
        0,
        0,
        0,
        0,
        0,
        0,
        1,
        0,
        0,
        0,
        0,
        0,
        0,
        0,
        0,
        0,
        0,
        0,
        0,
        0,
        0,
        0,
        0,
        0,
        0,
        0,
        0,
        0,
        0,
        0,
        0,
        0,
        0,
        0,
        0,
        0,
        0,
        0,
        0,
        0,
        0,
        0,
        0,
        0,
        0,
        0,
        0,
        0,
        0,
        0,
        0,
        0,
        0,
        0,
        1,
        0
    ],
    "recent_collisions": [
        1,
        1,
        0,
        1,
        1,
        1,
        1,
        0,
        0,
        1,
        1,
        1,
        1,
        0,
        1,
        1,
        1,
        0,
        1,
        1,
        1,
        1,
        1,
        1,
        1,
        1,
        1,
        1,
        1,
        1,
        1,
        1,
        1,
        1,
        1,
        1,
        1,
        0,
        1,
        0,
        1,
        1,
        1,
        1,
        1,
        1,
        1,
        1,
        1,
        1,
        0,
        1,
        1,
        1,
        1,
        1,
        1,
        1,
        1,
        1,
        1,
        1,
        1,
        1,
        0,
        1,
        1,
        1,
        1,
        1,
        1,
        1,
        1,
        1,
        1,
        1,
        1,
        1,
        1,
        1,
        1,
        1,
        1,
        1,
        1,
        1,
        1,
        1,
        1,
        1,
        1,
        1,
        1,
        1,
        1,
        1,
        1,
        1,
        0,
        1
    ],
    "recent_steps": [
        76,
        500,
        107,
        158,
        51,
        274,
        500,
        148,
        148,
        62,
        121,
        500,
        84,
        62,
        184,
        54,
        464,
        47,
        45,
        85,
        85,
        261,
        421,
        98,
        428,
        91,
        83,
        55,
        67,
        244,
        351,
        145,
        80,
        61,
        250,
        67,
        298,
        23,
        54,
        244,
        70,
        135,
        51,
        470,
        86,
        157,
        269,
        106,
        83,
        97,
        11,
        60,
        330,
        65,
        500,
        125,
        97,
        324,
        42,
        193,
        64,
        93,
        90,
        146,
        173,
        500,
        81,
        163,
        246,
        83,
        57,
        66,
        332,
        79,
        166,
        51,
        250,
        100,
        88,
        78,
        76,
        93,
        134,
        90,
        86,
        95,
        413,
        45,
        90,
        348,
        72,
        121,
        500,
        492,
        181,
        112,
        500,
        68,
        136,
        85
    ],
    "params": {
        "max_episodes": 2500,
        "max_steps": 500,
        "batch_size": 64,
        "learning_rate": 5e-05,
        "gamma": 0.99,
        "initial_epsilon": 0.2,
        "epsilon_decay": 0.998,
        "min_epsilon": 0.02,
        "memory_size": 100000,
        "target_update_freq": 5
    }
}