{
    "episode": 1000,
    "best_reward": 2861.846490482108,
    "best_success_rate": 0.04,
    "recent_rewards": [
        -12658.54476104546,
        -7301.045961811295,
        -3303.763139816729,
        -4533.3082112276725,
        -12594.26711833171,
        -18839.254930454557,
        -7440.602058895978,
        -17599.270243707026,
        -7730.238318387612,
        -9453.37574927172,
        -4997.786807583971,
        -10551.12424767435,
        -25530.583744071682,
        -4386.957610569551,
        -7059.158222772769,
        -16607.941901539998,
        -24615.75302007006,
        -23324.101730169798,
        -2542.3161454435276,
        -5836.63146388857,
        -24260.18041935533,
        -7769.765365108719,
        -3432.366547762583,
        -11192.260441067752,
        -7167.430053569769,
        -3074.1236661717376,
        -31757.017029710376,
        -4186.550083280147,
        -21472.35128602901,
        -5812.99738757996,
        -3834.2405629824384,
        -9310.057756516544,
        -7483.33788056556,
        -12423.74229341761,
        -4044.062725716476,
        -5601.797886049082,
        862.0295136670821,
        -2828.3983152269006,
        -10653.736556212294,
        -22848.546274593373,
        -3898.984243920045,
        -6860.743492837501,
        -12745.547139256932,
        -2679.9251870428684,
        -19202.963669881825,
        -5171.4663654905435,
        -6074.601451688845,
        -20096.5729063436,
        -8765.99975945529,
        -4878.179349775234,
        -14411.20623524511,
        -5476.929379280635,
        -29049.766566456277,
        -9459.00725415537,
        -14718.723109752971,
        -3765.9623337213206,
        -8033.013559079782,
        -9441.665865663244,
        -7253.829391383161,
        -6449.0421557783775,
        -12967.019283498435,
        -15035.91237325508,
        -3784.650197950212,
        -6756.83371725337,
        -5213.503762456426,
        -15496.87462876522,
        -5909.484113182703,
        -8204.00158457123,
        -24174.30430136704,
        -25560.41177993802,
        -5963.5679344624405,
        -24795.56121771673,
        -6769.305267081523,
        -18446.686967722613,
        -5162.414096990631,
        -18423.298498100772,
        -51206.80581839448,
        -19909.32808728008,
        -2931.7768119547404,
        -8896.956633740781,
        -8409.163192536176,
        -5365.1052383341585,
        -23173.13197728778,
        -10738.378766750397,
        -5579.938841737848,
        -4453.170754957252,
        -7597.254138743217,
        -5562.656122118726,
        -10007.096741109603,
        -8922.117671979528,
        -3556.1181046045904,
        -5775.519001766809,
        -2933.247746435227,
        -8868.397158335227,
        -6780.295357732062,
        -9905.316853954118,
        -20580.5699791181,
        -3972.6498023828917,
        -7205.3868265652945,
        -6213.770501024159
    ],
    "recent_successes": [
        0,
        0,
        0,
        0,
        0,
        0,
        0,
        0,
        0,
        0,
        0,
        0,
        0,
        0,
        0,
        0,
        0,
        0,
        0,
        0,
        0,
        0,
        0,
        0,
        0,
        0,
        0,
        0,
        0,
        0,
        0,
        0,
        0,
        0,
        0,
        0,
        1,
        0,
        0,
        0,
        0,
        0,
        0,
        0,
        0,
        0,
        0,
        0,
        0,
        0,
        0,
        0,
        0,
        0,
        0,
        0,
        0,
        0,
        0,
        0,
        0,
        0,
        0,
        0,
        0,
        0,
        0,
        0,
        0,
        0,
        0,
        0,
        0,
        0,
        0,
        0,
        0,
        0,
        0,
        0,
        0,
        0,
        0,
        0,
        0,
        0,
        0,
        0,
        0,
        0,
        0,
        0,
        0,
        0,
        0,
        0,
        0,
        0,
        0,
        0
    ],
    "recent_collisions": [
        1,
        1,
        1,
        1,
        1,
        1,
        1,
        1,
        1,
        1,
        1,
        1,
        1,
        1,
        1,
        1,
        1,
        1,
        1,
        1,
        1,
        1,
        1,
        1,
        1,
        1,
        1,
        1,
        1,
        1,
        1,
        1,
        1,
        1,
        1,
        1,
        0,
        1,
        1,
        1,
        1,
        1,
        1,
        1,
        1,
        1,
        1,
        1,
        1,
        1,
        1,
        1,
        1,
        1,
        1,
        1,
        1,
        1,
        1,
        1,
        1,
        1,
        1,
        1,
        1,
        1,
        1,
        1,
        1,
        1,
        1,
        1,
        1,
        1,
        1,
        1,
        1,
        1,
        1,
        1,
        1,
        1,
        1,
        1,
        1,
        1,
        1,
        1,
        1,
        1,
        1,
        1,
        1,
        1,
        1,
        1,
        1,
        1,
        1,
        1
    ],
    "recent_steps": [
        230,
        68,
        231,
        225,
        152,
        163,
        61,
        224,
        456,
        281,
        46,
        152,
        237,
        67,
        71,
        231,
        500,
        150,
        68,
        500,
        500,
        156,
        119,
        284,
        67,
        229,
        345,
        91,
        500,
        63,
        63,
        103,
        72,
        266,
        63,
        57,
        20,
        111,
        500,
        92,
        80,
        500,
        475,
        120,
        253,
        230,
        73,
        125,
        151,
        198,
        500,
        55,
        260,
        140,
        480,
        122,
        131,
        500,
        69,
        123,
        500,
        118,
        458,
        500,
        64,
        151,
        77,
        70,
        500,
        500,
        63,
        113,
        83,
        150,
        108,
        171,
        500,
        235,
        83,
        70,
        287,
        61,
        500,
        135,
        58,
        101,
        71,
        88,
        266,
        500,
        87,
        63,
        125,
        500,
        68,
        117,
        249,
        62,
        192,
        136
    ],
    "params": {
        "max_episodes": 2500,
        "max_steps": 500,
        "batch_size": 64,
        "learning_rate": 0.0001,
        "gamma": 0.99,
        "initial_epsilon": 0.3,
        "epsilon_decay": 0.998,
        "min_epsilon": 0.02,
        "memory_size": 100000,
        "target_update_freq": 5
    }
}