{
    "episode": 400,
    "best_reward": 2861.846490482108,
    "best_success_rate": 0.03,
    "recent_rewards": [
        -6042.670576147705,
        -30277.91101068372,
        -2278.031779950779,
        -8980.658212486824,
        -5426.893838615808,
        -39478.23878673486,
        -11415.009676387677,
        -21692.62435082707,
        -3965.666920996359,
        -34267.4415725654,
        -29075.3943212559,
        -7578.464094047441,
        -15543.348114530441,
        -8340.578505910291,
        -7477.311156418585,
        -14812.108539224728,
        -25480.215685121508,
        -5877.976812153969,
        -5395.001649757544,
        -17475.956865611613,
        805.1355514874692,
        -21386.15989569234,
        -26217.72358184697,
        -37114.42313388125,
        -11224.666606202554,
        -7231.057316368569,
        -31118.1917033461,
        -24618.99008120406,
        -24145.178524802814,
        -2891.426188607325,
        -5416.874194809104,
        1488.8449535488335,
        -16564.263902461706,
        -29828.12245585516,
        -6136.206728099028,
        -15774.870100473874,
        -16734.094336698057,
        -21000.53450868978,
        -10533.399542490155,
        -2767.897249422021,
        -6571.936319489869,
        -18678.071673719314,
        -19449.0536019912,
        -752.6985209825465,
        -32717.404500110908,
        -4210.064986293498,
        -8079.858724515808,
        -1373.6019239814732,
        -16771.30443861935,
        -25033.42500277969,
        -5489.239078146261,
        -6731.867689803422,
        -7087.977548216064,
        -13023.788179573303,
        -4494.585881056705,
        -17347.383552993062,
        -21225.146723679176,
        -5146.142247231269,
        -15315.471986514976,
        -22756.440476490505,
        -6244.4795099327,
        -9930.474414505528,
        -20615.626747067006,
        -13461.993199809884,
        -6812.777788724717,
        -18716.280943426493,
        -18905.217051279986,
        -20703.561516137015,
        -6959.460752896785,
        -22368.277503175636,
        -8709.562138089648,
        -18948.690780252946,
        -6455.154647189188,
        -19614.585490008678,
        -11179.627902019702,
        -11120.896889712543,
        -45188.35953669503,
        -6192.7539606762175,
        -7372.163921694619,
        -10366.337220162593,
        -5807.2006674194445,
        -36839.281535266906,
        -284.43755230065904,
        -5835.865413233037,
        -7388.393088150848,
        -10384.055696234142,
        -15319.44618838997,
        -2138.590289868966,
        -27227.38452951366,
        -7172.169080650956,
        -18227.64443682548,
        -46772.707247239734,
        -9515.790544668002,
        -40808.277499131735,
        -3360.1548270953067,
        -16506.087348396522,
        -5725.214249926746,
        -21100.933023579153,
        -3920.40792013393,
        -5180.5403347072925
    ],
    "recent_successes": [
        0,
        0,
        0,
        0,
        0,
        0,
        0,
        0,
        0,
        0,
        0,
        0,
        0,
        0,
        0,
        0,
        0,
        0,
        0,
        0,
        1,
        0,
        0,
        0,
        0,
        0,
        0,
        0,
        0,
        0,
        0,
        1,
        0,
        0,
        0,
        0,
        0,
        0,
        0,
        0,
        0,
        0,
        0,
        0,
        0,
        0,
        0,
        0,
        0,
        0,
        0,
        0,
        0,
        0,
        0,
        0,
        0,
        0,
        0,
        0,
        0,
        0,
        0,
        0,
        0,
        0,
        0,
        0,
        0,
        0,
        0,
        0,
        0,
        0,
        0,
        0,
        0,
        0,
        0,
        0,
        0,
        0,
        0,
        0,
        0,
        0,
        0,
        0,
        0,
        0,
        0,
        0,
        0,
        0,
        0,
        0,
        0,
        0,
        0,
        0
    ],
    "recent_collisions": [
        1,
        1,
        1,
        1,
        1,
        1,
        1,
        1,
        1,
        1,
        1,
        1,
        1,
        1,
        1,
        1,
        1,
        1,
        1,
        1,
        0,
        1,
        1,
        1,
        1,
        1,
        1,
        1,
        1,
        1,
        1,
        0,
        1,
        1,
        1,
        1,
        1,
        1,
        1,
        1,
        1,
        1,
        1,
        1,
        1,
        1,
        1,
        1,
        1,
        1,
        1,
        1,
        1,
        1,
        1,
        1,
        1,
        1,
        1,
        1,
        1,
        1,
        1,
        1,
        1,
        1,
        1,
        1,
        1,
        1,
        1,
        1,
        1,
        1,
        1,
        1,
        1,
        1,
        1,
        1,
        1,
        1,
        1,
        1,
        1,
        1,
        1,
        1,
        1,
        1,
        1,
        1,
        1,
        1,
        1,
        1,
        1,
        1,
        1,
        1
    ],
    "recent_steps": [
        47,
        206,
        85,
        176,
        500,
        500,
        63,
        239,
        94,
        295,
        500,
        89,
        107,
        288,
        72,
        500,
        500,
        125,
        67,
        500,
        120,
        500,
        500,
        500,
        137,
        259,
        500,
        500,
        271,
        500,
        68,
        500,
        337,
        500,
        201,
        154,
        238,
        414,
        276,
        101,
        137,
        83,
        500,
        500,
        371,
        500,
        273,
        135,
        323,
        261,
        77,
        69,
        129,
        293,
        153,
        184,
        344,
        201,
        483,
        268,
        76,
        151,
        227,
        466,
        254,
        342,
        289,
        249,
        121,
        243,
        337,
        233,
        123,
        260,
        66,
        439,
        494,
        132,
        111,
        293,
        447,
        191,
        500,
        124,
        460,
        115,
        239,
        500,
        482,
        77,
        247,
        359,
        500,
        226,
        287,
        233,
        500,
        262,
        383,
        416
    ],
    "params": {
        "max_episodes": 2500,
        "max_steps": 500,
        "batch_size": 64,
        "learning_rate": 0.0001,
        "gamma": 0.99,
        "initial_epsilon": 0.3,
        "epsilon_decay": 0.998,
        "min_epsilon": 0.02,
        "memory_size": 100000,
        "target_update_freq": 5
    }
}