{
    "episode": 900,
    "best_reward": 2861.846490482108,
    "best_success_rate": 0.03,
    "recent_rewards": [
        -4381.082618089647,
        -6073.558057995223,
        -8365.82977290975,
        -24736.78816742654,
        -38374.4622164107,
        -16618.377632151758,
        -13143.870689602089,
        -14754.99397171261,
        -12149.45028140884,
        -15053.036536421265,
        -7178.63346194042,
        -4066.1203420924217,
        -4941.792143421668,
        -12458.764183105051,
        -14710.714694432456,
        -14808.88388253087,
        -3204.6285098947133,
        -4163.52753381189,
        -5109.044092721499,
        -11660.700591206736,
        -9913.796403125236,
        -9104.36349368504,
        -5912.8835001981015,
        -14439.748391607935,
        -18911.698426665876,
        -5582.382496714827,
        -3411.094605748735,
        -15543.813061288101,
        -3812.2056545209534,
        -7977.391929801606,
        -7654.207385029045,
        -5188.00410915741,
        -9350.711416011782,
        -13571.799123337609,
        -7756.523967879373,
        -4107.446295935407,
        -4292.9856640690305,
        -13860.729408578194,
        -5522.633475144218,
        -6444.896459622221,
        -9730.468075812574,
        -14219.337269344918,
        -19680.675445634213,
        -9545.200466727127,
        -4573.060110854898,
        -2757.879210486766,
        -9924.042036889829,
        -20298.50778203263,
        -4438.159777161472,
        -7049.574014550916,
        -4785.7046200639315,
        -7686.7424531889355,
        -5650.058364607792,
        -6044.432159448073,
        -4422.620364004874,
        -7254.078358535213,
        -8248.785106002684,
        -2624.429560173561,
        -3320.2161546674733,
        -16185.80581422443,
        -10148.74656219506,
        -9608.758766596193,
        -35015.20858683837,
        -28288.48650791413,
        300,
        -14424.752595246046,
        -3867.6169798544056,
        -7611.921924686109,
        -7008.82077470243,
        -7028.999600871911,
        -8070.448731551479,
        -20103.687703593703,
        -16664.03039857477,
        -6360.679053322411,
        -6794.807067772224,
        -18651.712444981753,
        650.0481026926103,
        -19200.397986590397,
        -11790.088744701676,
        -10491.645334900522,
        -4259.8065724128255,
        -9538.520635734887,
        -7635.852952984349,
        -4826.928206829153,
        -5835.29902324522,
        -15125.312555731187,
        -5775.285258120985,
        -2275.8720556247313,
        1304.8963318233273,
        -2342.298135976359,
        -9515.354506205855,
        -6669.994912571038,
        -1932.5977354393053,
        -2968.661576898384,
        -6855.31215455133,
        -10998.068969163007,
        -20052.82173912683,
        -7357.88527802711,
        -9575.282337460389,
        -13040.595861713993
    ],
    "recent_successes": [
        0,
        0,
        0,
        0,
        0,
        0,
        0,
        0,
        0,
        0,
        0,
        0,
        0,
        0,
        0,
        0,
        0,
        0,
        0,
        0,
        0,
        0,
        0,
        0,
        0,
        0,
        0,
        0,
        0,
        0,
        0,
        0,
        0,
        0,
        0,
        0,
        0,
        0,
        0,
        0,
        0,
        0,
        0,
        0,
        0,
        0,
        0,
        0,
        0,
        0,
        0,
        0,
        0,
        0,
        0,
        0,
        0,
        0,
        0,
        0,
        0,
        0,
        0,
        0,
        1,
        0,
        0,
        0,
        0,
        0,
        0,
        0,
        0,
        0,
        0,
        0,
        1,
        0,
        0,
        0,
        0,
        0,
        0,
        0,
        0,
        0,
        0,
        0,
        1,
        0,
        0,
        0,
        0,
        0,
        0,
        0,
        0,
        0,
        0,
        0
    ],
    "recent_collisions": [
        1,
        1,
        1,
        1,
        1,
        1,
        1,
        1,
        1,
        1,
        1,
        1,
        1,
        1,
        1,
        1,
        1,
        1,
        1,
        1,
        1,
        1,
        1,
        1,
        1,
        1,
        1,
        1,
        1,
        1,
        1,
        1,
        1,
        1,
        1,
        1,
        1,
        1,
        1,
        1,
        1,
        1,
        1,
        1,
        1,
        1,
        1,
        1,
        1,
        1,
        1,
        1,
        1,
        1,
        1,
        1,
        1,
        1,
        1,
        1,
        1,
        1,
        1,
        1,
        0,
        1,
        1,
        1,
        1,
        1,
        1,
        1,
        1,
        1,
        1,
        1,
        0,
        1,
        1,
        1,
        1,
        1,
        1,
        1,
        1,
        1,
        1,
        1,
        0,
        1,
        1,
        1,
        1,
        1,
        1,
        1,
        1,
        1,
        1,
        1
    ],
    "recent_steps": [
        500,
        158,
        102,
        334,
        263,
        159,
        151,
        122,
        476,
        180,
        90,
        115,
        154,
        150,
        157,
        250,
        72,
        220,
        93,
        500,
        163,
        129,
        117,
        275,
        164,
        150,
        60,
        105,
        66,
        105,
        115,
        149,
        158,
        500,
        99,
        67,
        500,
        500,
        159,
        257,
        230,
        223,
        177,
        153,
        110,
        147,
        500,
        274,
        117,
        170,
        152,
        67,
        135,
        119,
        459,
        69,
        81,
        145,
        65,
        500,
        483,
        123,
        500,
        368,
        1,
        196,
        60,
        500,
        500,
        128,
        500,
        465,
        104,
        231,
        72,
        230,
        102,
        465,
        76,
        228,
        155,
        165,
        163,
        123,
        127,
        500,
        68,
        118,
        81,
        106,
        500,
        227,
        500,
        123,
        70,
        500,
        500,
        500,
        473,
        193
    ],
    "params": {
        "max_episodes": 2500,
        "max_steps": 500,
        "batch_size": 64,
        "learning_rate": 0.0001,
        "gamma": 0.99,
        "initial_epsilon": 0.3,
        "epsilon_decay": 0.998,
        "min_epsilon": 0.02,
        "memory_size": 100000,
        "target_update_freq": 5
    }
}