{
    "episode": 300,
    "best_reward": 2861.846490482108,
    "best_success_rate": 0.03,
    "recent_rewards": [
        -3718.4763929308883,
        -5628.101372443893,
        -12234.666912403496,
        -1981.425100678268,
        -5190.900635675203,
        -4344.187590333783,
        -6082.206486453089,
        -2521.4390699969545,
        -22550.493625055053,
        -8966.219306447032,
        -5647.588506143048,
        -18979.633864243253,
        -5727.741316418988,
        -43817.39000917729,
        -4472.952170269417,
        -9660.251630269386,
        -12258.462325737986,
        -6987.272270533275,
        -5191.0060430720205,
        -3611.0742058457727,
        -10319.100681541959,
        -3695.0145250328396,
        -29180.96719757469,
        -63467.042056381855,
        -40763.128817622215,
        -12008.524341191809,
        -8312.005559846106,
        -9601.049653923998,
        -11058.174570086583,
        -2941.8402573042354,
        -18309.86911336972,
        -3141.99716392152,
        -5153.828293832037,
        -8456.759134605107,
        -10218.532910651062,
        -31195.36029151141,
        -5920.4344890609855,
        -15676.599465219599,
        -6679.78594345892,
        -10549.39885133011,
        -11202.699860239947,
        -13790.709099090944,
        -4667.216799853926,
        -2700.6329539270146,
        -9325.773688551537,
        -42598.44072858701,
        -18206.09246987815,
        -5304.869019385249,
        -11288.52652267602,
        -41617.83990385944,
        -9501.111201838607,
        -8386.308294369752,
        -13930.063362039542,
        -6169.936029950982,
        -11663.0058896804,
        -4237.758872098984,
        -4036.0793915482996,
        300,
        -2933.6310767505934,
        -25115.33753429611,
        -5007.018951995363,
        -21931.34287571892,
        -5180.635594685297,
        -23883.015500785164,
        -22737.690481002523,
        -14385.459438866936,
        -3904.323146526088,
        -6222.077283417692,
        -6639.512063842216,
        -16487.491652254263,
        -2836.174594918796,
        -8367.140637235947,
        -12748.594405682115,
        -7972.649047252835,
        -3413.0457108779556,
        -13585.257983270934,
        -24153.344844093022,
        -17684.722283090676,
        -21330.696469377177,
        -19645.955303913037,
        -5379.073397817297,
        -9246.303612408545,
        -20722.967703118316,
        -21368.92539713612,
        -9685.730325267154,
        -19953.917331446995,
        -39606.83448697061,
        -8000.228805446158,
        -26441.264135119145,
        -19386.477726529527,
        -21923.80168668687,
        -18142.20119648012,
        -9370.376392306496,
        -11851.899664680654,
        -9190.884081297392,
        -33282.937707053774,
        -9006.625181395168,
        -7567.312034108119,
        -13999.488448508584,
        -7454.735740116832
    ],
    "recent_successes": [
        0,
        0,
        0,
        0,
        0,
        0,
        0,
        0,
        0,
        0,
        0,
        0,
        0,
        0,
        0,
        0,
        0,
        0,
        0,
        0,
        0,
        0,
        0,
        0,
        0,
        0,
        0,
        0,
        0,
        0,
        0,
        0,
        0,
        0,
        0,
        0,
        0,
        0,
        0,
        0,
        0,
        0,
        0,
        0,
        0,
        0,
        0,
        0,
        0,
        0,
        0,
        0,
        0,
        0,
        0,
        0,
        0,
        1,
        0,
        0,
        0,
        0,
        0,
        0,
        0,
        0,
        0,
        0,
        0,
        0,
        0,
        0,
        0,
        0,
        0,
        0,
        0,
        0,
        0,
        0,
        0,
        0,
        0,
        0,
        0,
        0,
        0,
        0,
        0,
        0,
        0,
        0,
        0,
        0,
        0,
        0,
        0,
        0,
        0,
        0
    ],
    "recent_collisions": [
        1,
        1,
        1,
        1,
        1,
        1,
        1,
        1,
        1,
        1,
        1,
        1,
        1,
        1,
        1,
        1,
        1,
        1,
        1,
        1,
        1,
        1,
        1,
        1,
        1,
        1,
        1,
        1,
        1,
        1,
        1,
        1,
        1,
        1,
        1,
        1,
        1,
        1,
        1,
        1,
        1,
        1,
        1,
        1,
        1,
        1,
        1,
        1,
        1,
        1,
        1,
        1,
        1,
        1,
        1,
        1,
        1,
        0,
        1,
        1,
        1,
        1,
        1,
        1,
        1,
        1,
        1,
        1,
        1,
        1,
        1,
        1,
        1,
        1,
        1,
        1,
        1,
        1,
        1,
        1,
        1,
        1,
        1,
        1,
        1,
        1,
        1,
        1,
        1,
        1,
        1,
        1,
        1,
        1,
        1,
        1,
        1,
        1,
        1,
        1
    ],
    "recent_steps": [
        129,
        54,
        301,
        254,
        146,
        480,
        65,
        180,
        363,
        137,
        122,
        244,
        46,
        457,
        62,
        134,
        122,
        56,
        50,
        69,
        279,
        74,
        280,
        428,
        334,
        74,
        500,
        76,
        132,
        215,
        75,
        57,
        110,
        52,
        244,
        270,
        74,
        244,
        338,
        500,
        472,
        114,
        295,
        56,
        71,
        500,
        403,
        139,
        225,
        500,
        87,
        76,
        154,
        56,
        276,
        93,
        63,
        1,
        126,
        500,
        176,
        399,
        113,
        261,
        244,
        219,
        38,
        96,
        56,
        239,
        117,
        51,
        454,
        70,
        118,
        326,
        198,
        352,
        250,
        158,
        128,
        109,
        355,
        251,
        142,
        480,
        500,
        78,
        500,
        227,
        398,
        156,
        66,
        197,
        63,
        397,
        106,
        128,
        500,
        189
    ],
    "params": {
        "max_episodes": 2500,
        "max_steps": 500,
        "batch_size": 64,
        "learning_rate": 0.0001,
        "gamma": 0.99,
        "initial_epsilon": 0.3,
        "epsilon_decay": 0.998,
        "min_epsilon": 0.02,
        "memory_size": 100000,
        "target_update_freq": 5
    }
}