{
    "episode": 500,
    "best_reward": 2861.846490482108,
    "best_success_rate": 0.03,
    "recent_rewards": [
        -12294.885311132972,
        -3499.916632285479,
        -5174.259361531927,
        -8080.3212374351615,
        -14458.891007488179,
        -10722.150889481882,
        -32695.52164504672,
        -7439.997937039311,
        -7208.347927101727,
        -12750.529543854127,
        -32937.191037061486,
        -9477.732917212004,
        -19834.595359490653,
        -12888.222924269443,
        -22813.56048449854,
        -6062.2416383248465,
        -26663.238358127193,
        -6488.767179300632,
        -11841.222597173846,
        -13202.790677585886,
        -9240.489065503967,
        -4754.406821658249,
        -5895.857523803979,
        -15020.292433269027,
        -2357.9288753538467,
        -7771.140937652741,
        -4434.016723932248,
        -15312.414221226276,
        -8748.599924741222,
        -10534.183013709775,
        -5830.624278197058,
        -2963.9931518268268,
        -14059.71119605362,
        -11490.807209271687,
        -5472.282450148944,
        -32218.05536570249,
        -25714.801742417876,
        -13873.769109495177,
        -13955.91251543679,
        -15804.69809274118,
        -22414.494452733816,
        -20426.673368523992,
        -12253.681187092361,
        -53256.90465828418,
        -19232.000463080734,
        -28394.57222804126,
        -6917.220864061352,
        -13905.342840780148,
        -14175.05770351771,
        -25774.701817164863,
        -21215.209575296984,
        -20609.1610167254,
        -9126.43588128493,
        -24064.92858467012,
        -31813.669785602517,
        -19452.362097590005,
        -6171.327343332936,
        -10151.323406207031,
        -7506.624596725248,
        -4254.090256195297,
        -7954.149699587456,
        -33956.92454804858,
        -21004.772244475607,
        -15495.641821654575,
        -8474.047266872853,
        -24555.737048880645,
        1361.0510692274077,
        -4075.7838773067333,
        -16623.489590483332,
        -7681.790151018338,
        -3756.095703054759,
        -6937.532274135813,
        -22713.47381213214,
        -16940.684691478367,
        -20583.269480765783,
        -7092.799653140404,
        -8705.371701706612,
        -4626.371713966066,
        -23330.251816059994,
        -11667.318263940146,
        -8627.447320006775,
        -19213.918840038605,
        -12256.568552943783,
        -9873.851915026504,
        -25942.524764854155,
        -10138.03017167705,
        -19974.735472922188,
        -46718.36350099697,
        -3305.3647035165404,
        -6455.719508896268,
        -3975.153279500117,
        -39988.77133947771,
        -5534.297147187053,
        -10483.94625298322,
        -52703.905938026954,
        206.67803219952694,
        -27074.274978026868,
        -17063.74585413519,
        -11150.783915817145,
        -9365.481924617114
    ],
    "recent_successes": [
        0,
        0,
        0,
        0,
        0,
        0,
        0,
        0,
        0,
        0,
        0,
        0,
        0,
        0,
        0,
        0,
        0,
        0,
        0,
        0,
        0,
        0,
        0,
        0,
        0,
        0,
        0,
        0,
        0,
        0,
        0,
        0,
        0,
        0,
        0,
        0,
        0,
        0,
        0,
        0,
        0,
        0,
        0,
        0,
        0,
        0,
        0,
        0,
        0,
        0,
        0,
        0,
        0,
        0,
        0,
        0,
        0,
        0,
        0,
        0,
        0,
        0,
        0,
        0,
        0,
        0,
        1,
        0,
        0,
        0,
        0,
        0,
        0,
        0,
        0,
        0,
        0,
        0,
        0,
        0,
        0,
        0,
        0,
        0,
        0,
        0,
        0,
        0,
        0,
        0,
        0,
        0,
        0,
        0,
        0,
        1,
        0,
        0,
        0,
        0
    ],
    "recent_collisions": [
        1,
        1,
        1,
        1,
        1,
        1,
        1,
        1,
        1,
        1,
        1,
        1,
        1,
        1,
        1,
        1,
        1,
        1,
        1,
        1,
        1,
        1,
        1,
        1,
        1,
        1,
        1,
        1,
        1,
        1,
        1,
        1,
        1,
        1,
        1,
        1,
        1,
        1,
        1,
        1,
        1,
        1,
        1,
        1,
        1,
        1,
        1,
        1,
        1,
        1,
        1,
        1,
        1,
        1,
        1,
        1,
        1,
        1,
        1,
        1,
        1,
        1,
        1,
        1,
        1,
        1,
        0,
        1,
        1,
        1,
        1,
        1,
        1,
        1,
        1,
        1,
        1,
        1,
        1,
        1,
        1,
        1,
        1,
        1,
        1,
        1,
        1,
        1,
        1,
        1,
        1,
        1,
        1,
        1,
        1,
        0,
        1,
        1,
        1,
        1
    ],
    "recent_steps": [
        390,
        232,
        314,
        55,
        500,
        80,
        490,
        291,
        235,
        61,
        391,
        175,
        500,
        383,
        481,
        100,
        446,
        126,
        247,
        130,
        150,
        50,
        51,
        489,
        500,
        62,
        52,
        86,
        117,
        500,
        61,
        61,
        255,
        232,
        63,
        454,
        257,
        500,
        127,
        256,
        423,
        250,
        497,
        443,
        243,
        255,
        300,
        500,
        500,
        500,
        416,
        232,
        500,
        214,
        309,
        486,
        324,
        240,
        307,
        232,
        500,
        129,
        500,
        241,
        70,
        249,
        51,
        259,
        274,
        240,
        500,
        101,
        396,
        133,
        479,
        57,
        72,
        55,
        500,
        250,
        140,
        500,
        237,
        159,
        425,
        272,
        218,
        490,
        151,
        94,
        309,
        500,
        60,
        112,
        500,
        442,
        500,
        500,
        180,
        68
    ],
    "params": {
        "max_episodes": 2500,
        "max_steps": 500,
        "batch_size": 64,
        "learning_rate": 0.0001,
        "gamma": 0.99,
        "initial_epsilon": 0.3,
        "epsilon_decay": 0.998,
        "min_epsilon": 0.02,
        "memory_size": 100000,
        "target_update_freq": 5
    }
}