{
    "episode": 1000,
    "best_reward": 3426.4326321320073,
    "best_success_rate": 0.13,
    "recent_rewards": [
        -9324.734761441572,
        -10255.003643526043,
        -11510.000478304273,
        -10877.30346179388,
        -4254.646762624047,
        -9981.711870292835,
        -7835.849165116292,
        -4254.01254080237,
        -6015.833600247663,
        -15047.887540356394,
        -5808.165843299202,
        -2746.2158280087424,
        -3262.3324824468714,
        -9430.556521565408,
        -6711.108610564715,
        -1879.1110423289792,
        -11006.03518341864,
        -10239.010678741994,
        -18749.71585507612,
        -8464.497307421892,
        492.2107208451364,
        -11259.699061571675,
        -27427.50428383832,
        -7300.679121467823,
        -6205.819841895535,
        -5935.209652387587,
        -12665.514720616107,
        -16231.088430053858,
        -6826.780928262269,
        -18836.95309101735,
        -8588.714249280365,
        -8649.70533545915,
        -5916.0080559180415,
        -10469.430191790529,
        -25575.16351374726,
        -4830.540518938702,
        -7157.7054662953,
        -16799.10349574931,
        -22613.563700907678,
        -22772.439857433335,
        -698.156357258524,
        -5830.1016802110935,
        -24263.541562804403,
        -7594.6238800052215,
        -3434.6535366367157,
        -3928.4819215347434,
        -5187.258115734482,
        -7187.069297621134,
        -3078.770561059474,
        -31642.24065759282,
        -4189.368755440058,
        -20951.93882016027,
        -6000.191308322118,
        -3856.6585217269626,
        -9190.992605661531,
        -7378.1369362841515,
        -10397.582499328615,
        -3496.5823707432533,
        -5419.048422106129,
        -3695.2266472245656,
        665.8846610552181,
        -33725.991601425754,
        -3958.908664583136,
        -6846.41562254142,
        -12505.90466505328,
        -2696.4947613684685,
        -17371.022942809785,
        -5196.7529416249745,
        -6097.026705386616,
        -20355.23782964321,
        -8356.651732264807,
        -3817.654627922998,
        -14991.996940753861,
        -4923.971134968385,
        -27780.51288634962,
        -9725.142221876353,
        -15243.352926002644,
        -3278.463186586563,
        -7567.660897029676,
        -7601.358338135058,
        -7257.23377797964,
        -6125.784644276107,
        -13421.919107169779,
        -15134.502193635455,
        -3296.9428907240153,
        -6761.020147792987,
        -5240.202206956185,
        -14293.717578930262,
        -5885.68925895715,
        -8492.786151058865,
        -24221.414340650226,
        -25487.439681124808,
        -5513.015214581661,
        -24286.1502224691,
        -6806.970393483255,
        -18881.431323014538,
        -5179.089867992869,
        -18433.378337509606,
        -33741.48891977811,
        -35937.477493146456
    ],
    "recent_successes": [
        0,
        0,
        0,
        0,
        0,
        0,
        0,
        0,
        0,
        0,
        0,
        0,
        0,
        0,
        0,
        0,
        0,
        0,
        0,
        0,
        1,
        0,
        0,
        0,
        0,
        0,
        0,
        0,
        0,
        0,
        0,
        0,
        0,
        0,
        0,
        0,
        0,
        0,
        0,
        0,
        0,
        0,
        0,
        0,
        0,
        0,
        0,
        0,
        0,
        0,
        0,
        0,
        0,
        0,
        0,
        0,
        0,
        0,
        0,
        0,
        1,
        0,
        0,
        0,
        0,
        0,
        0,
        0,
        0,
        0,
        0,
        0,
        0,
        0,
        0,
        0,
        0,
        0,
        0,
        0,
        0,
        0,
        0,
        0,
        0,
        0,
        0,
        0,
        0,
        0,
        0,
        0,
        0,
        0,
        0,
        0,
        0,
        0,
        0,
        0
    ],
    "recent_collisions": [
        1,
        1,
        1,
        1,
        1,
        1,
        1,
        1,
        1,
        1,
        1,
        1,
        1,
        1,
        1,
        1,
        1,
        1,
        1,
        1,
        0,
        1,
        1,
        1,
        1,
        1,
        1,
        1,
        1,
        1,
        1,
        1,
        1,
        1,
        1,
        1,
        1,
        1,
        1,
        1,
        1,
        1,
        1,
        1,
        1,
        1,
        1,
        1,
        1,
        1,
        1,
        1,
        1,
        1,
        1,
        1,
        1,
        1,
        1,
        1,
        0,
        1,
        1,
        1,
        1,
        1,
        1,
        1,
        1,
        1,
        1,
        1,
        1,
        1,
        1,
        1,
        1,
        1,
        1,
        1,
        1,
        1,
        1,
        1,
        1,
        1,
        1,
        1,
        1,
        1,
        1,
        1,
        1,
        1,
        1,
        1,
        1,
        1,
        1,
        1
    ],
    "recent_steps": [
        500,
        65,
        75,
        227,
        154,
        165,
        162,
        121,
        127,
        500,
        64,
        118,
        189,
        500,
        222,
        500,
        195,
        500,
        500,
        500,
        199,
        262,
        423,
        69,
        230,
        222,
        151,
        162,
        61,
        223,
        500,
        233,
        46,
        151,
        236,
        67,
        71,
        231,
        445,
        202,
        67,
        500,
        500,
        156,
        118,
        206,
        74,
        67,
        228,
        343,
        91,
        500,
        63,
        63,
        103,
        71,
        265,
        62,
        57,
        135,
        340,
        250,
        80,
        500,
        474,
        120,
        253,
        229,
        73,
        124,
        150,
        197,
        500,
        53,
        259,
        141,
        479,
        120,
        130,
        500,
        68,
        121,
        500,
        118,
        457,
        500,
        64,
        150,
        77,
        70,
        500,
        500,
        62,
        113,
        83,
        150,
        107,
        170,
        292,
        442
    ],
    "params": {
        "max_episodes": 2500,
        "max_steps": 500,
        "batch_size": 64,
        "learning_rate": 5e-05,
        "gamma": 0.99,
        "initial_epsilon": 0.2,
        "epsilon_decay": 0.998,
        "min_epsilon": 0.02,
        "memory_size": 100000,
        "target_update_freq": 5
    }
}