{
    "episode": 500,
    "best_reward": 3426.4326321320073,
    "best_success_rate": 0.13,
    "recent_rewards": [
        -8867.955112054813,
        -14908.906037960409,
        -2121.1585109511316,
        -27421.878354817814,
        -7153.533806984172,
        -17453.64154882757,
        -47193.65101173013,
        -4281.28065056309,
        -40128.143570122316,
        -3363.1258828891555,
        -15944.071816982361,
        -5699.956559870625,
        -21109.888130512507,
        1431.6097263645458,
        -5956.265240528617,
        -4213.635553889548,
        -5921.870656262661,
        -4928.644018804244,
        -3501.517202102229,
        -5117.816415010191,
        -7903.683410905217,
        -14321.573046242183,
        -10265.171259131708,
        -30280.906426267287,
        -6547.004753048279,
        -7155.8183951009705,
        -12261.662026333805,
        -27121.6828875627,
        -9369.830095114155,
        -19866.336923432158,
        -11153.335171862363,
        -23092.19568788466,
        -6087.093907072439,
        -26724.0871121946,
        -6574.651503509668,
        -11651.588118465936,
        -12807.566524704609,
        -9256.37306745372,
        -5074.941365077951,
        -5802.699433889856,
        -14303.097397706028,
        -5295.187803989763,
        -7395.908083227995,
        -4753.964192815553,
        -15255.324150899389,
        -8984.776477748594,
        -10390.471194724967,
        -5794.563505339447,
        -2953.849354461261,
        -14332.211841897839,
        -11677.619304349832,
        -5696.796910010239,
        -31481.49423219415,
        -25049.31260223505,
        -13513.826792857803,
        -14225.957839860288,
        -15753.628420727357,
        -22355.868273327596,
        -20189.94268179607,
        -6779.379742261871,
        -4520.386015714342,
        -49972.269083337014,
        -17329.96677678035,
        -26322.05491564561,
        -7438.567510132749,
        -14131.343886045574,
        1476.9191066295741,
        -13955.892329370554,
        -25619.7583602006,
        -22658.98015880887,
        -20137.735027373,
        -9024.083858932334,
        -12140.127639410539,
        -9489.974986369467,
        -31614.02568079296,
        -18911.742553512086,
        -6170.826097980898,
        -7833.200579696837,
        -7504.425389877174,
        -3830.6596486783383,
        -8028.654878052521,
        -33918.1006012004,
        -21160.872251434317,
        -15029.983044497525,
        -8379.310355860056,
        -23843.537806113687,
        -4701.388423181882,
        -11011.67683470111,
        -7600.559813991261,
        -3822.408084798366,
        -6620.470337366822,
        -21991.280865476612,
        -35727.8901493846,
        -1225.3549673923399,
        -6992.382740483582,
        -8572.262075764824,
        -4621.257225046899,
        -23349.570822438487,
        -11732.198264127104,
        -8599.581596450707
    ],
    "recent_successes": [
        0,
        0,
        0,
        0,
        0,
        0,
        0,
        0,
        0,
        0,
        0,
        0,
        0,
        1,
        0,
        0,
        0,
        0,
        0,
        0,
        0,
        0,
        0,
        0,
        0,
        0,
        0,
        0,
        0,
        0,
        0,
        0,
        0,
        0,
        0,
        0,
        0,
        0,
        0,
        0,
        0,
        0,
        0,
        0,
        0,
        0,
        0,
        0,
        0,
        0,
        0,
        0,
        0,
        0,
        0,
        0,
        0,
        0,
        0,
        0,
        0,
        0,
        0,
        0,
        0,
        0,
        1,
        0,
        0,
        0,
        0,
        0,
        0,
        0,
        0,
        0,
        0,
        0,
        0,
        0,
        0,
        0,
        0,
        0,
        0,
        0,
        0,
        0,
        0,
        0,
        0,
        0,
        0,
        0,
        0,
        0,
        0,
        0,
        0,
        0
    ],
    "recent_collisions": [
        1,
        1,
        1,
        1,
        1,
        1,
        1,
        1,
        1,
        1,
        1,
        1,
        1,
        0,
        1,
        1,
        1,
        1,
        1,
        1,
        1,
        1,
        1,
        1,
        1,
        1,
        1,
        1,
        1,
        1,
        1,
        1,
        1,
        1,
        1,
        1,
        1,
        1,
        1,
        1,
        1,
        1,
        1,
        1,
        1,
        1,
        1,
        1,
        1,
        1,
        1,
        1,
        1,
        1,
        1,
        1,
        1,
        1,
        1,
        1,
        1,
        1,
        1,
        1,
        1,
        1,
        0,
        1,
        1,
        1,
        1,
        1,
        1,
        1,
        1,
        1,
        1,
        1,
        1,
        1,
        1,
        1,
        1,
        1,
        1,
        1,
        1,
        1,
        1,
        1,
        1,
        1,
        1,
        1,
        1,
        1,
        1,
        1,
        1,
        1
    ],
    "recent_steps": [
        73,
        238,
        500,
        481,
        77,
        245,
        359,
        500,
        224,
        287,
        232,
        500,
        261,
        50,
        500,
        242,
        310,
        76,
        232,
        313,
        54,
        500,
        80,
        489,
        289,
        234,
        61,
        391,
        175,
        500,
        378,
        479,
        99,
        445,
        126,
        247,
        129,
        150,
        51,
        50,
        487,
        500,
        60,
        53,
        85,
        117,
        500,
        61,
        61,
        255,
        232,
        62,
        450,
        257,
        500,
        127,
        256,
        422,
        249,
        439,
        51,
        442,
        242,
        254,
        300,
        500,
        73,
        500,
        500,
        333,
        231,
        500,
        131,
        79,
        308,
        484,
        324,
        240,
        306,
        230,
        500,
        128,
        500,
        240,
        70,
        249,
        312,
        272,
        239,
        500,
        100,
        395,
        500,
        111,
        57,
        72,
        55,
        500,
        249,
        140
    ],
    "params": {
        "max_episodes": 2500,
        "max_steps": 500,
        "batch_size": 64,
        "learning_rate": 5e-05,
        "gamma": 0.99,
        "initial_epsilon": 0.2,
        "epsilon_decay": 0.998,
        "min_epsilon": 0.02,
        "memory_size": 100000,
        "target_update_freq": 5
    }
}