{
    "episode": 600,
    "best_reward": 3426.4326321320073,
    "best_success_rate": 0.13,
    "recent_rewards": [
        -19334.895784749304,
        -12091.504575458483,
        -9981.98058737783,
        -25315.480400068926,
        -9419.095718472048,
        -8134.330861041055,
        -10284.6659473316,
        -46950.62041603713,
        -3056.4121170130193,
        -6468.303431970877,
        -8450.801656200145,
        -39289.989528950064,
        -5507.28701260452,
        -10086.50271358907,
        -52106.834114679084,
        -5268.9535615323375,
        -26012.179858280717,
        -21192.060123640822,
        -5412.980697642837,
        -8479.924802148487,
        -7450.089521447348,
        -14243.72716203329,
        -10304.084846883823,
        -3617.0630431187,
        -14791.178847530828,
        -10626.93265549492,
        -6955.353758808298,
        -3436.0739525563035,
        -9156.909277089146,
        -6839.241728117822,
        -5591.722676931175,
        -6298.555144032662,
        -6637.401523713431,
        -17834.38304575776,
        -14682.214618446216,
        -14992.025274906748,
        -7315.478602976781,
        -17000.469291004563,
        -21370.467145540602,
        -4075.701997092794,
        -5914.331023706221,
        -11649.411916768804,
        -10322.138975979444,
        -6986.396459129347,
        -21114.179498951096,
        -6458.34459109024,
        -25678.518698447882,
        -5651.332081251452,
        -18745.486158913347,
        -4708.4068227464,
        -3998.214416382445,
        -8962.883837417625,
        -4377.3943097838055,
        -8194.215251488586,
        -23899.685150678775,
        -9057.325455491453,
        -11160.904228995718,
        -3596.5679620122746,
        300,
        -15547.983591989816,
        -15032.258882776023,
        -18723.729674770355,
        -19895.869395363683,
        -12038.017629315706,
        -8932.626119426039,
        -18461.15337852815,
        -34830.230573905195,
        -12775.800261434102,
        -7483.188758371326,
        -14561.344425452033,
        -9301.245211240639,
        -12008.588783422083,
        -13169.229728513877,
        -26774.502279339882,
        -27860.78905066206,
        -14198.370384239375,
        -3955.178945993951,
        -24193.960614388005,
        -13526.632803041795,
        -5919.195756540368,
        -6057.163150640838,
        -4383.871195711675,
        -8058.7725812920535,
        -4178.704163588166,
        -13412.137808888883,
        -14411.281795492483,
        -8494.75797293615,
        -6581.360709417525,
        -10912.445857084684,
        -12788.993786920986,
        -7198.800076115401,
        -2389.740387308738,
        -61205.13085746135,
        -4180.106981884089,
        300,
        -12474.21481824512,
        -3257.4850062860296,
        -18393.643013401448,
        -18189.716882665998,
        -19831.797362144032
    ],
    "recent_successes": [
        0,
        0,
        0,
        0,
        0,
        0,
        0,
        0,
        0,
        0,
        0,
        0,
        0,
        0,
        0,
        0,
        0,
        0,
        0,
        0,
        0,
        0,
        0,
        0,
        0,
        0,
        0,
        0,
        0,
        0,
        0,
        0,
        0,
        0,
        0,
        0,
        0,
        0,
        0,
        0,
        0,
        0,
        0,
        0,
        0,
        0,
        0,
        0,
        0,
        0,
        0,
        0,
        0,
        0,
        0,
        0,
        0,
        0,
        1,
        0,
        0,
        0,
        0,
        0,
        0,
        0,
        0,
        0,
        0,
        0,
        0,
        0,
        0,
        0,
        0,
        0,
        0,
        0,
        0,
        0,
        0,
        0,
        0,
        0,
        0,
        0,
        0,
        0,
        0,
        0,
        0,
        0,
        0,
        0,
        1,
        0,
        0,
        0,
        0,
        0
    ],
    "recent_collisions": [
        1,
        1,
        1,
        1,
        1,
        1,
        1,
        1,
        1,
        1,
        1,
        1,
        1,
        1,
        1,
        1,
        1,
        1,
        1,
        1,
        1,
        1,
        1,
        1,
        1,
        1,
        1,
        1,
        1,
        1,
        1,
        1,
        1,
        1,
        1,
        1,
        1,
        1,
        1,
        1,
        1,
        1,
        1,
        1,
        1,
        1,
        1,
        1,
        1,
        1,
        1,
        1,
        1,
        1,
        1,
        1,
        1,
        1,
        0,
        1,
        1,
        1,
        1,
        1,
        1,
        1,
        1,
        1,
        1,
        1,
        1,
        1,
        1,
        1,
        1,
        1,
        1,
        1,
        1,
        1,
        1,
        1,
        1,
        1,
        1,
        1,
        1,
        1,
        1,
        1,
        1,
        1,
        1,
        1,
        0,
        1,
        1,
        1,
        1,
        1
    ],
    "recent_steps": [
        500,
        234,
        158,
        424,
        271,
        148,
        66,
        490,
        150,
        94,
        308,
        500,
        59,
        111,
        500,
        500,
        500,
        500,
        114,
        67,
        474,
        500,
        281,
        125,
        500,
        500,
        58,
        85,
        71,
        227,
        57,
        500,
        64,
        385,
        318,
        230,
        234,
        256,
        319,
        80,
        67,
        223,
        500,
        128,
        500,
        250,
        485,
        229,
        500,
        500,
        69,
        500,
        234,
        500,
        500,
        62,
        500,
        146,
        1,
        229,
        500,
        500,
        500,
        280,
        160,
        183,
        500,
        313,
        220,
        500,
        314,
        500,
        225,
        450,
        500,
        500,
        61,
        500,
        500,
        314,
        63,
        141,
        132,
        69,
        500,
        500,
        234,
        78,
        85,
        222,
        229,
        500,
        428,
        69,
        1,
        91,
        67,
        236,
        500,
        500
    ],
    "params": {
        "max_episodes": 2500,
        "max_steps": 500,
        "batch_size": 64,
        "learning_rate": 5e-05,
        "gamma": 0.99,
        "initial_epsilon": 0.2,
        "epsilon_decay": 0.998,
        "min_epsilon": 0.02,
        "memory_size": 100000,
        "target_update_freq": 5
    }
}