{
    "episode": 900,
    "best_reward": 3426.4326321320073,
    "best_success_rate": 0.13,
    "recent_rewards": [
        -3886.0781741776336,
        -6434.822782629507,
        -22549.818490803846,
        -17436.336042380273,
        -21041.426007581944,
        -4415.062145309811,
        -7501.667859661939,
        -4237.8607381056045,
        -14678.64812826259,
        -12143.401639208707,
        -13592.334744469925,
        -10622.774107284558,
        -8470.460703307366,
        -11775.034347968645,
        -7758.965637900134,
        -9763.092024103038,
        -7464.703868074789,
        -19622.306992490296,
        -13766.821587349701,
        -10523.075488318445,
        1393.000533575509,
        -17302.03553721406,
        -5039.8280171889755,
        -12230.811926880533,
        -4748.942432407894,
        -6051.389318476036,
        -7611.293018324938,
        -10049.206421542482,
        -11052.66107650185,
        -37619.25235284793,
        -14437.690563186623,
        -13253.083184880403,
        -14683.648366514723,
        -14007.46365439076,
        -15029.071867722863,
        -6830.216726176724,
        -4065.830387321736,
        -5012.001505777626,
        -12766.313574967198,
        -13682.366700987242,
        -15648.421253150602,
        -3363.0900806175614,
        -3707.501255354336,
        -4449.184796563469,
        -11581.447019154448,
        -9411.170597070979,
        -9396.85558495373,
        -5957.380669015919,
        -12473.494930776144,
        -19720.773697801007,
        -6097.66322847759,
        -3706.589243439331,
        -14690.810125774653,
        -3981.0208066584382,
        -7432.95856034568,
        -7711.914364734132,
        -5705.163030948047,
        -9337.152798707797,
        -13609.732956795971,
        -7839.540943342753,
        -4094.7241596536905,
        -1808.1078591093276,
        -12275.651551492458,
        -5429.8120379411175,
        -6619.565693329365,
        -9022.027069089532,
        -14400.532424954044,
        -19707.077140746802,
        -9563.544542882664,
        -3765.462486128762,
        -2799.4576100122126,
        -9891.877624408347,
        -19699.720837758232,
        -4441.692935548683,
        -10750.117836311063,
        -7754.9152877705565,
        -6242.844331085016,
        -6135.57716778224,
        -4378.549182579219,
        -6188.668098084491,
        -8345.06313907343,
        -2800.3256602296938,
        -2540.718839645074,
        -16089.252621543406,
        -10192.04459314713,
        -602.1761135360521,
        -8402.48998479158,
        -34168.627467550825,
        -38297.60648649079,
        -6114.026254760841,
        -3858.424219762861,
        -7648.195879356471,
        -6884.543426218917,
        -6499.1354894460555,
        -8882.6833507755,
        -20299.62643536948,
        -17481.91471496087,
        -6276.506034625114,
        -7099.371588906893,
        -18283.966134313596
    ],
    "recent_successes": [
        0,
        0,
        0,
        0,
        0,
        0,
        0,
        0,
        0,
        0,
        0,
        0,
        0,
        0,
        0,
        0,
        0,
        0,
        0,
        0,
        1,
        0,
        0,
        0,
        0,
        0,
        0,
        0,
        0,
        0,
        0,
        0,
        0,
        0,
        0,
        0,
        0,
        0,
        0,
        0,
        0,
        0,
        0,
        0,
        0,
        0,
        0,
        0,
        0,
        0,
        0,
        0,
        0,
        0,
        0,
        0,
        0,
        0,
        0,
        0,
        0,
        0,
        0,
        0,
        0,
        0,
        0,
        0,
        0,
        0,
        0,
        0,
        0,
        0,
        0,
        0,
        0,
        0,
        0,
        0,
        0,
        0,
        0,
        0,
        0,
        0,
        0,
        0,
        0,
        0,
        0,
        0,
        0,
        0,
        0,
        0,
        0,
        0,
        0,
        0
    ],
    "recent_collisions": [
        1,
        1,
        1,
        1,
        1,
        1,
        1,
        1,
        1,
        1,
        1,
        1,
        1,
        1,
        1,
        1,
        1,
        1,
        1,
        1,
        0,
        1,
        1,
        1,
        1,
        1,
        1,
        1,
        1,
        1,
        1,
        1,
        1,
        1,
        1,
        1,
        1,
        1,
        1,
        1,
        1,
        1,
        1,
        1,
        1,
        1,
        1,
        1,
        1,
        1,
        1,
        1,
        1,
        1,
        1,
        1,
        1,
        1,
        1,
        1,
        1,
        1,
        1,
        1,
        1,
        1,
        1,
        1,
        1,
        1,
        1,
        1,
        1,
        1,
        1,
        1,
        1,
        1,
        1,
        1,
        1,
        1,
        1,
        1,
        1,
        1,
        1,
        1,
        1,
        1,
        1,
        1,
        1,
        1,
        1,
        1,
        1,
        1,
        1,
        1
    ],
    "recent_steps": [
        123,
        314,
        438,
        168,
        237,
        69,
        114,
        500,
        80,
        466,
        160,
        500,
        75,
        500,
        136,
        151,
        72,
        240,
        235,
        150,
        83,
        144,
        104,
        137,
        500,
        158,
        101,
        260,
        70,
        263,
        158,
        152,
        122,
        500,
        154,
        89,
        115,
        153,
        150,
        157,
        252,
        71,
        219,
        92,
        500,
        162,
        130,
        117,
        273,
        164,
        149,
        60,
        104,
        66,
        104,
        115,
        149,
        157,
        500,
        98,
        67,
        500,
        500,
        151,
        256,
        229,
        222,
        178,
        152,
        109,
        147,
        500,
        272,
        117,
        323,
        67,
        135,
        119,
        458,
        69,
        81,
        144,
        64,
        500,
        482,
        54,
        66,
        500,
        500,
        60,
        60,
        500,
        500,
        127,
        500,
        463,
        104,
        230,
        72,
        228
    ],
    "params": {
        "max_episodes": 2500,
        "max_steps": 500,
        "batch_size": 64,
        "learning_rate": 5e-05,
        "gamma": 0.99,
        "initial_epsilon": 0.2,
        "epsilon_decay": 0.998,
        "min_epsilon": 0.02,
        "memory_size": 100000,
        "target_update_freq": 5
    }
}