{
    "episode": 1100,
    "best_reward": 2861.846490482108,
    "best_success_rate": 0.05,
    "recent_rewards": [
        -14683.966448054194,
        -31292.683628178034,
        -5890.51768473663,
        -6324.57668835254,
        -11281.242536402227,
        -3979.8680997565193,
        -4623.922990084716,
        -5389.33679847046,
        -5372.044995129345,
        -15731.563167454793,
        300,
        -3866.5235202972744,
        -13916.326232250778,
        -4374.194571737499,
        -11769.08639419792,
        -12784.51815779263,
        -6563.69501514717,
        -12181.45416721622,
        -2611.274660541518,
        -3037.5888881293818,
        -5788.100597671505,
        -19889.522679449685,
        -5583.361410307783,
        -3893.9543550605385,
        -5675.51416230348,
        -16651.671587806308,
        300,
        300,
        -10315.532386830126,
        -7720.472935839391,
        -3067.2691522310092,
        -7864.137081762109,
        -5746.023353054656,
        -18429.85448870167,
        -7925.459257383605,
        928.7520496758235,
        -8536.129224938808,
        -3496.0093467521187,
        -30939.311898209904,
        -4711.311537453304,
        -8240.391555261294,
        -5777.731608562819,
        -13051.37486432456,
        -17800.94092701275,
        -12611.329536739548,
        -10604.689637468602,
        -3284.435374640215,
        -6171.733986062887,
        -5771.976920909304,
        -6081.1073494804305,
        -5863.269880800706,
        -9908.764465465354,
        -8842.255612808853,
        -234.2480467169795,
        -6228.8723275881475,
        -3134.94170018596,
        -15752.71323310602,
        -17142.599102180717,
        -8009.901805101072,
        -5250.491395649711,
        -17295.35650930143,
        -4050.589025680439,
        -12679.784891215018,
        -6928.347523404373,
        -7098.5822676689595,
        -18548.689005092452,
        -8853.66922150618,
        -5954.6053391516625,
        -4415.008109362027,
        -4763.122369720905,
        -2404.5007502851604,
        -6679.128134784747,
        -9281.819528368114,
        -6389.443724670235,
        -5867.369202412696,
        -7031.432428137706,
        -24195.21681285038,
        -6222.960750686951,
        -5395.645329189668,
        -5182.666064598559,
        -7742.06521230778,
        -5033.379130275081,
        -3300.099773439223,
        -3618.5112438179276,
        -7910.927521402476,
        -9348.638835826378,
        -7501.599120577363,
        -3607.201267975668,
        -7170.185655654437,
        -6080.942189098433,
        -7497.622973309943,
        -20423.23185020724,
        -6039.105727939344,
        -3861.9809722841533,
        -2502.4024492995495,
        -4200.710073680078,
        -5223.529561297192,
        -5426.220718756032,
        -6925.27326559082,
        -4013.199970070218
    ],
    "recent_successes": [
        0,
        0,
        0,
        0,
        0,
        0,
        0,
        0,
        0,
        0,
        1,
        0,
        0,
        0,
        0,
        0,
        0,
        0,
        0,
        0,
        0,
        0,
        0,
        0,
        0,
        0,
        1,
        1,
        0,
        0,
        0,
        0,
        0,
        0,
        0,
        1,
        0,
        0,
        0,
        0,
        0,
        0,
        0,
        0,
        0,
        0,
        0,
        0,
        0,
        0,
        0,
        0,
        0,
        0,
        0,
        0,
        0,
        0,
        0,
        0,
        0,
        0,
        0,
        0,
        0,
        0,
        0,
        0,
        0,
        0,
        0,
        0,
        0,
        0,
        0,
        0,
        0,
        0,
        0,
        0,
        0,
        0,
        0,
        0,
        0,
        0,
        0,
        0,
        0,
        0,
        0,
        0,
        0,
        0,
        0,
        0,
        0,
        0,
        0,
        0
    ],
    "recent_collisions": [
        1,
        1,
        1,
        1,
        1,
        1,
        1,
        1,
        1,
        1,
        0,
        1,
        1,
        1,
        1,
        1,
        1,
        1,
        1,
        1,
        1,
        1,
        1,
        1,
        1,
        1,
        0,
        0,
        1,
        1,
        1,
        1,
        1,
        1,
        1,
        0,
        1,
        1,
        1,
        1,
        1,
        1,
        1,
        1,
        1,
        1,
        1,
        1,
        1,
        1,
        1,
        1,
        1,
        1,
        1,
        1,
        1,
        1,
        1,
        1,
        1,
        1,
        1,
        1,
        1,
        1,
        1,
        1,
        1,
        1,
        1,
        1,
        1,
        1,
        1,
        1,
        1,
        1,
        1,
        1,
        1,
        1,
        1,
        1,
        1,
        1,
        1,
        1,
        1,
        1,
        1,
        1,
        1,
        1,
        1,
        1,
        1,
        1,
        1,
        1
    ],
    "recent_steps": [
        221,
        500,
        70,
        125,
        500,
        62,
        115,
        70,
        69,
        99,
        1,
        113,
        156,
        277,
        253,
        167,
        74,
        232,
        252,
        76,
        58,
        500,
        63,
        60,
        50,
        151,
        1,
        1,
        192,
        204,
        87,
        68,
        107,
        411,
        137,
        28,
        128,
        187,
        500,
        60,
        86,
        68,
        256,
        487,
        164,
        500,
        70,
        226,
        58,
        117,
        151,
        214,
        245,
        500,
        64,
        265,
        151,
        500,
        77,
        338,
        113,
        122,
        142,
        500,
        61,
        232,
        160,
        148,
        71,
        66,
        138,
        65,
        131,
        130,
        184,
        75,
        153,
        67,
        167,
        67,
        500,
        45,
        79,
        270,
        66,
        194,
        500,
        48,
        80,
        91,
        54,
        132,
        119,
        223,
        309,
        44,
        122,
        64,
        78,
        159
    ],
    "params": {
        "max_episodes": 2500,
        "max_steps": 500,
        "batch_size": 64,
        "learning_rate": 0.0001,
        "gamma": 0.99,
        "initial_epsilon": 0.3,
        "epsilon_decay": 0.998,
        "min_epsilon": 0.02,
        "memory_size": 100000,
        "target_update_freq": 5
    }
}