{
    "episode": 100,
    "best_reward": 2709.9524885158057,
    "best_success_rate": 0.1,
    "recent_rewards": [
        -3239.256451254935,
        300,
        -3214.507937521464,
        -30797.090028303104,
        -8702.188187414133,
        -6416.812624458178,
        -5927.225053704734,
        -10921.87342449388,
        -17002.679791798917,
        -14364.699235744889,
        -16724.46273582761,
        -6676.758799323766,
        -2998.958777966468,
        -61272.355787761124,
        -10324.082060983703,
        -3391.6095806449894,
        -707.3813366067516,
        -3373.6185900712003,
        1789.21340845851,
        -4915.416862055241,
        -3822.391438443867,
        -36237.451159832985,
        -7031.4972769583765,
        -25159.247659873246,
        -13414.759357511608,
        -14381.857417481982,
        -653.7610844355576,
        -12845.050770277026,
        -22131.678873165074,
        -7647.565418996029,
        -21701.969062605844,
        -10195.375532187387,
        -10644.747811729128,
        -22217.75747087892,
        -7818.978354935773,
        -6958.594156326896,
        -6931.919974588627,
        -6746.477044365464,
        -5453.919834759383,
        -10035.264325648666,
        -15095.351195293548,
        -3845.0947812523073,
        -23172.68698658736,
        -6442.172063508717,
        -5966.172568359547,
        -7325.263070019732,
        -7518.138836835625,
        -14160.023807374337,
        -21861.36860839558,
        -5310.256616934562,
        -15674.063959031846,
        1930.5988159906758,
        -6636.6030901845015,
        -11784.575540548674,
        -14502.051564862224,
        448.01224382943803,
        -25589.86421538779,
        -15721.643617669928,
        -5438.443594902233,
        2709.9524885158057,
        1741.0207816939937,
        -4933.416853400478,
        -3665.566012853292,
        -18602.2860943392,
        -5049.687149357902,
        -6113.312265656215,
        -5919.814041577522,
        -5065.029025517348,
        -5239.57466855885,
        -10155.383815262947,
        -4244.588876996222,
        -5605.720547774965,
        -4553.224176305364,
        -4905.0775619549595,
        -35071.8827440445,
        -5791.25259551903,
        -8039.8101164038235,
        -3807.3902212536423,
        -3900.179657683222,
        -13654.631298118398,
        300,
        -3345.0184611788063,
        -3633.000944848506,
        -4863.02139104244,
        -11949.368717069092,
        -14258.73209046813,
        -7502.184363250444,
        -5649.459638684897,
        -5215.131891624516,
        -4846.485851440628,
        -8737.71305918949,
        -15546.068087474972,
        -8390.818329353153,
        -41045.46511494709,
        -7792.97923928184,
        -30619.616929465472,
        -5720.1838816817835,
        -4524.35699349344,
        -6296.654681414873,
        -12095.90756249033
    ],
    "recent_successes": [
        0,
        1,
        0,
        0,
        0,
        0,
        0,
        0,
        0,
        0,
        0,
        0,
        0,
        0,
        0,
        0,
        0,
        0,
        1,
        0,
        0,
        0,
        0,
        0,
        0,
        0,
        0,
        0,
        0,
        0,
        0,
        0,
        0,
        0,
        0,
        0,
        0,
        0,
        0,
        0,
        0,
        0,
        0,
        0,
        0,
        0,
        0,
        0,
        0,
        0,
        0,
        1,
        0,
        0,
        0,
        1,
        0,
        0,
        0,
        1,
        1,
        0,
        0,
        0,
        0,
        0,
        0,
        0,
        0,
        0,
        0,
        0,
        0,
        0,
        0,
        0,
        0,
        0,
        0,
        0,
        1,
        0,
        0,
        0,
        0,
        0,
        0,
        0,
        0,
        0,
        0,
        0,
        0,
        0,
        0,
        0,
        0,
        0,
        0,
        0
    ],
    "recent_collisions": [
        1,
        0,
        1,
        1,
        1,
        1,
        1,
        1,
        1,
        1,
        1,
        1,
        1,
        1,
        1,
        1,
        1,
        1,
        0,
        1,
        1,
        1,
        1,
        1,
        1,
        1,
        1,
        1,
        1,
        1,
        1,
        1,
        1,
        1,
        1,
        1,
        1,
        1,
        1,
        1,
        1,
        1,
        1,
        1,
        1,
        1,
        1,
        1,
        1,
        1,
        1,
        0,
        1,
        1,
        1,
        0,
        1,
        1,
        1,
        0,
        0,
        1,
        1,
        1,
        1,
        1,
        1,
        1,
        1,
        1,
        1,
        1,
        1,
        1,
        1,
        1,
        1,
        1,
        1,
        1,
        0,
        1,
        1,
        1,
        1,
        1,
        1,
        1,
        1,
        1,
        1,
        1,
        1,
        1,
        1,
        1,
        1,
        1,
        1,
        1
    ],
    "recent_steps": [
        34,
        1,
        34,
        210,
        104,
        72,
        54,
        55,
        500,
        227,
        279,
        214,
        107,
        500,
        226,
        49,
        83,
        37,
        500,
        52,
        478,
        211,
        55,
        156,
        97,
        239,
        500,
        258,
        99,
        174,
        258,
        137,
        87,
        170,
        59,
        53,
        63,
        61,
        50,
        77,
        141,
        36,
        195,
        74,
        53,
        135,
        65,
        310,
        254,
        44,
        398,
        169,
        68,
        219,
        117,
        6,
        168,
        407,
        45,
        106,
        99,
        118,
        37,
        383,
        40,
        55,
        53,
        66,
        61,
        109,
        135,
        40,
        49,
        95,
        286,
        42,
        91,
        44,
        54,
        177,
        1,
        134,
        37,
        118,
        354,
        242,
        76,
        95,
        56,
        103,
        134,
        239,
        64,
        191,
        83,
        344,
        53,
        72,
        63,
        270
    ],
    "params": {
        "max_episodes": 2500,
        "max_steps": 500,
        "batch_size": 64,
        "learning_rate": 5e-05,
        "gamma": 0.99,
        "initial_epsilon": 0.2,
        "epsilon_decay": 0.998,
        "min_epsilon": 0.02,
        "memory_size": 100000,
        "target_update_freq": 5
    }
}