{
    "episode": 1100,
    "best_reward": 3426.4326321320073,
    "best_success_rate": 0.13,
    "recent_rewards": [
        -2954.2511066627385,
        -8909.068981892302,
        -224.95117602020605,
        -7366.739873270306,
        -5369.344431740798,
        -22788.713817646014,
        -10611.832257779983,
        -5382.6507101760035,
        -4552.240916063993,
        -7672.422428183252,
        -5714.197396317384,
        -10046.42584389316,
        -8839.589794656275,
        -4029.1115417972314,
        -5611.351220227166,
        -2942.9961037399453,
        -8205.012667162297,
        -6794.874460693411,
        -10113.276992761876,
        -20238.04314255297,
        -4157.672703559919,
        -7087.78581555922,
        -6801.894225474564,
        -15488.831788982212,
        -31564.069117795476,
        -5898.0866653267185,
        -6443.327304865992,
        -8811.95231261799,
        -4998.029936730025,
        -4616.509983356573,
        -5430.8015268584495,
        -5427.650785986511,
        -16206.5311764406,
        -6004.172485723528,
        -13891.428170226776,
        -4336.421477549638,
        -11676.417188650601,
        -12382.28177642299,
        -6213.1018882376375,
        -5873.640580012025,
        -4999.286648917015,
        -3572.093366005813,
        -2580.0603443347572,
        -5749.223935906236,
        -19640.15479138842,
        -5609.607550508805,
        -4060.3905893572755,
        -6064.071628256171,
        -15934.779257392496,
        -10525.11777120197,
        -11890.742661852004,
        -8559.283531764937,
        -5896.196300395138,
        -3235.0749608849032,
        -14118.699461848943,
        -7576.112976902101,
        -8735.36422547959,
        -3510.866816103577,
        -31543.162168096147,
        -4471.933024738984,
        -8870.74385757885,
        -5354.619703482723,
        -13543.196405073766,
        -17767.536337842852,
        -12287.968467957982,
        -10803.934325759716,
        -4150.382490098972,
        -6187.7333053071425,
        -5443.902075021425,
        -6223.3246452335925,
        -6315.092385198322,
        -8022.436498037141,
        -7225.184628537764,
        -247.1963825353974,
        -6373.146130766653,
        -2668.006865272514,
        -15955.289366677784,
        -7579.915266100312,
        -16487.86266083657,
        -5374.547339201383,
        -17271.244083255868,
        -4018.158750003192,
        -12765.819874576959,
        -4764.656866497725,
        -7101.296640218111,
        -18420.316672463683,
        -9146.422083191903,
        -6117.9476562945865,
        -4424.317550275027,
        -4378.295349638814,
        -2039.419243765431,
        -6719.300256229749,
        -8721.482163083856,
        -6541.706552246692,
        1791.3225062186152,
        -5864.65635563858,
        -7062.2502656737515,
        -23986.70443623334,
        -6825.419388184413,
        -5549.669753627939
    ],
    "recent_successes": [
        0,
        0,
        0,
        0,
        0,
        0,
        0,
        0,
        0,
        0,
        0,
        0,
        0,
        0,
        0,
        0,
        0,
        0,
        0,
        0,
        0,
        0,
        0,
        0,
        0,
        0,
        0,
        0,
        0,
        0,
        0,
        0,
        0,
        0,
        0,
        0,
        0,
        0,
        0,
        0,
        0,
        0,
        0,
        0,
        0,
        0,
        0,
        0,
        0,
        0,
        0,
        0,
        0,
        0,
        0,
        0,
        0,
        0,
        0,
        0,
        0,
        0,
        0,
        0,
        0,
        0,
        0,
        0,
        0,
        0,
        0,
        0,
        0,
        0,
        0,
        0,
        0,
        0,
        0,
        0,
        0,
        0,
        0,
        0,
        0,
        0,
        0,
        0,
        0,
        0,
        0,
        0,
        0,
        0,
        1,
        0,
        0,
        0,
        0,
        0
    ],
    "recent_collisions": [
        1,
        1,
        1,
        1,
        1,
        1,
        1,
        1,
        1,
        1,
        1,
        1,
        1,
        1,
        1,
        1,
        1,
        1,
        1,
        1,
        1,
        1,
        1,
        1,
        1,
        1,
        1,
        1,
        1,
        1,
        1,
        1,
        1,
        1,
        1,
        1,
        1,
        1,
        1,
        1,
        1,
        1,
        1,
        1,
        1,
        1,
        1,
        1,
        1,
        1,
        1,
        1,
        1,
        1,
        1,
        1,
        1,
        1,
        1,
        1,
        1,
        1,
        1,
        1,
        1,
        1,
        1,
        1,
        1,
        1,
        1,
        1,
        1,
        1,
        1,
        1,
        1,
        1,
        1,
        1,
        1,
        1,
        1,
        1,
        1,
        1,
        1,
        1,
        1,
        1,
        1,
        1,
        1,
        1,
        0,
        1,
        1,
        1,
        1,
        1
    ],
    "recent_steps": [
        82,
        70,
        177,
        106,
        60,
        500,
        133,
        58,
        102,
        71,
        88,
        266,
        500,
        88,
        62,
        124,
        500,
        68,
        116,
        247,
        62,
        191,
        136,
        221,
        500,
        68,
        125,
        500,
        62,
        114,
        70,
        69,
        99,
        116,
        156,
        277,
        252,
        166,
        74,
        138,
        91,
        251,
        75,
        58,
        500,
        59,
        60,
        49,
        149,
        200,
        292,
        68,
        106,
        336,
        71,
        136,
        160,
        186,
        500,
        59,
        86,
        67,
        257,
        486,
        162,
        500,
        70,
        223,
        58,
        118,
        150,
        213,
        243,
        500,
        64,
        264,
        152,
        375,
        200,
        336,
        113,
        121,
        142,
        500,
        57,
        230,
        160,
        147,
        71,
        65,
        138,
        65,
        128,
        131,
        122,
        59,
        75,
        153,
        67,
        166
    ],
    "params": {
        "max_episodes": 2500,
        "max_steps": 500,
        "batch_size": 64,
        "learning_rate": 5e-05,
        "gamma": 0.99,
        "initial_epsilon": 0.2,
        "epsilon_decay": 0.998,
        "min_epsilon": 0.02,
        "memory_size": 100000,
        "target_update_freq": 5
    }
}