{
    "episode": 800,
    "best_reward": 3426.4326321320073,
    "best_success_rate": 0.13,
    "recent_rewards": [
        -9575.892622682528,
        -5656.034424751235,
        -3925.484730355033,
        -11914.221999342135,
        -23011.470771069587,
        -3602.0241966309645,
        -10601.975829946688,
        -14359.794869185775,
        -6535.300876788335,
        -10656.906141852827,
        -27910.14394072602,
        -22854.23749900284,
        -4207.909403875359,
        -19888.85399424476,
        -32916.62175755075,
        -8923.609251438547,
        -7178.094635428459,
        -5132.951412046104,
        -7519.155722173647,
        -12137.598021803882,
        -3675.1469256663668,
        -9204.72293518768,
        -15136.651801396283,
        -8764.154555744077,
        -6215.115635146627,
        -8067.787675620231,
        685.8794703580613,
        -4715.401463995868,
        -9108.033686370072,
        -11054.252948409365,
        -17386.34464914224,
        -24999.800674763395,
        -7392.087470773165,
        -4009.836801002669,
        -12649.68753177363,
        -9015.756734170567,
        -3671.905850393079,
        -13952.109526589415,
        -5927.275974091802,
        -3106.8945232041942,
        -5848.721868286299,
        -17329.23335977427,
        -14304.738234412778,
        -4668.739642898647,
        -5393.155930151571,
        -24046.03869267875,
        -6469.558165739861,
        -12745.3367963166,
        -5395.979087661032,
        -25605.602904377232,
        -7772.819959591239,
        -18400.325606308244,
        -17756.440823874327,
        -14929.037372293818,
        -7238.660181440447,
        -3054.152593046203,
        -23671.979637090037,
        -4354.102027506342,
        -16946.792664309993,
        -13012.451990413801,
        -3628.6311456897492,
        -21812.91861027429,
        -3675.4090081866098,
        -16424.980231780166,
        -14513.738322053274,
        -27482.680220645176,
        -12045.797016514873,
        -25917.30604649385,
        -8098.241855019376,
        -22547.222414535394,
        -4866.371704354659,
        -16645.949287996275,
        -6751.89739823717,
        -25855.48704611623,
        -8484.531751011318,
        -11567.766370990012,
        -5276.548823792275,
        -7785.440726388716,
        -590.8774122462971,
        -7741.175072992493,
        -22575.729057998175,
        -15580.519080296734,
        -16063.807412028154,
        -5753.304926645998,
        -12708.874335241677,
        -12737.660437681423,
        -2271.387032032877,
        -6448.914209312783,
        -5626.148706801123,
        -12719.765032040168,
        -6450.928411484917,
        -6631.103179940296,
        -4826.170427563946,
        -10844.57796618424,
        -4870.437636504277,
        -7781.469708052144,
        -23500.43253920713,
        -10191.508561948296,
        -31229.898836524295,
        -11595.752370915205
    ],
    "recent_successes": [
        0,
        0,
        0,
        0,
        0,
        0,
        0,
        0,
        0,
        0,
        0,
        0,
        0,
        0,
        0,
        0,
        0,
        0,
        0,
        0,
        0,
        0,
        0,
        0,
        0,
        0,
        1,
        0,
        0,
        0,
        0,
        0,
        0,
        0,
        0,
        0,
        0,
        0,
        0,
        0,
        0,
        0,
        0,
        0,
        0,
        0,
        0,
        0,
        0,
        0,
        0,
        0,
        0,
        0,
        0,
        0,
        0,
        0,
        0,
        0,
        0,
        0,
        0,
        0,
        0,
        0,
        0,
        0,
        0,
        0,
        0,
        0,
        0,
        0,
        0,
        0,
        0,
        0,
        0,
        0,
        0,
        0,
        0,
        0,
        0,
        0,
        0,
        0,
        0,
        0,
        0,
        0,
        0,
        0,
        0,
        0,
        0,
        0,
        0,
        0
    ],
    "recent_collisions": [
        1,
        1,
        1,
        1,
        1,
        1,
        1,
        1,
        1,
        1,
        1,
        1,
        1,
        1,
        1,
        1,
        1,
        1,
        1,
        1,
        1,
        1,
        1,
        1,
        1,
        1,
        0,
        1,
        1,
        1,
        1,
        1,
        1,
        1,
        1,
        1,
        1,
        1,
        1,
        1,
        1,
        1,
        1,
        1,
        1,
        1,
        1,
        1,
        1,
        1,
        1,
        1,
        1,
        1,
        1,
        1,
        1,
        1,
        1,
        1,
        1,
        1,
        1,
        1,
        1,
        1,
        1,
        1,
        1,
        1,
        1,
        1,
        1,
        1,
        1,
        1,
        1,
        1,
        1,
        1,
        1,
        1,
        1,
        1,
        1,
        1,
        1,
        1,
        1,
        1,
        1,
        1,
        1,
        1,
        1,
        1,
        1,
        1,
        1,
        1
    ],
    "recent_steps": [
        129,
        152,
        64,
        70,
        500,
        151,
        159,
        498,
        65,
        500,
        479,
        253,
        66,
        232,
        219,
        128,
        114,
        64,
        110,
        93,
        108,
        157,
        500,
        70,
        77,
        65,
        14,
        79,
        103,
        230,
        107,
        122,
        122,
        64,
        273,
        78,
        102,
        135,
        136,
        500,
        96,
        224,
        225,
        154,
        105,
        500,
        248,
        149,
        66,
        254,
        223,
        173,
        500,
        221,
        101,
        66,
        102,
        62,
        120,
        148,
        71,
        92,
        66,
        230,
        500,
        161,
        161,
        237,
        228,
        242,
        500,
        161,
        66,
        258,
        233,
        150,
        140,
        240,
        500,
        87,
        243,
        152,
        224,
        112,
        158,
        71,
        242,
        218,
        108,
        247,
        134,
        65,
        103,
        82,
        58,
        106,
        128,
        500,
        428,
        147
    ],
    "params": {
        "max_episodes": 2500,
        "max_steps": 500,
        "batch_size": 64,
        "learning_rate": 5e-05,
        "gamma": 0.99,
        "initial_epsilon": 0.2,
        "epsilon_decay": 0.998,
        "min_epsilon": 0.02,
        "memory_size": 100000,
        "target_update_freq": 5
    }
}