{
    "episode": 300,
    "best_reward": 3426.4326321320073,
    "best_success_rate": 0.13,
    "recent_rewards": [
        -13263.861243026635,
        -3672.398115752952,
        -5065.909462043311,
        -36032.10509295782,
        -7843.488218102956,
        -3792.2559245542843,
        -9516.044642756882,
        -13517.91611220805,
        -24038.299975506106,
        -6670.285903835839,
        -8031.894935654557,
        -18965.295179013392,
        -16124.692390192784,
        -10914.385094883504,
        -3055.6131775608137,
        -5954.872601024215,
        -13057.56969760642,
        -3628.714156330154,
        -4840.177661580902,
        -5031.880502014991,
        -6057.458097668491,
        -21876.546070489498,
        -4954.882447095252,
        -9097.033823288193,
        -4861.527625010702,
        -19073.485143138594,
        -5413.410842352128,
        -43287.04195983509,
        -4471.011180954269,
        -8166.870055080749,
        -12146.757800771971,
        -6910.340982804352,
        -5173.839082430019,
        -2766.1421301168843,
        -10422.867208660253,
        -4220.625941820969,
        -29025.426244173817,
        -62826.77915959808,
        -40679.80061330272,
        -11863.431033362906,
        -7192.2136310091855,
        -9699.257692242409,
        -10377.425015358298,
        -21991.907189030168,
        -2804.8527323046146,
        -5377.041236491067,
        -8232.920760060784,
        -10242.986886271845,
        -31335.68950986267,
        -6620.747848896713,
        -15043.993081051374,
        -6865.579636902186,
        -3542.09998517566,
        -2252.274048422685,
        -10048.105513016397,
        -14194.603333269548,
        -4664.181053157429,
        -2744.9733354841137,
        -9177.83361449513,
        -25717.21710633807,
        -24940.41098950212,
        -8588.027767280038,
        -3067.6972662317294,
        -11101.438844783901,
        -40581.87984032116,
        -9902.443764454889,
        -8518.140546365776,
        -12535.63166698046,
        -5608.610738316157,
        -7813.861808730622,
        -4564.405983100018,
        -4036.05168481048,
        -3137.4849130248463,
        -25019.86916974098,
        -4879.6337826149565,
        -21693.693444919176,
        -5589.671380449523,
        -20535.466343893844,
        -22190.70684111148,
        -9655.263431396774,
        -3697.35742970718,
        -6351.328998241278,
        -6385.688221974453,
        -16225.177767833507,
        -2377.1895614017053,
        -7648.976690879784,
        -10878.83052132924,
        -7911.316764445883,
        -2615.617022959089,
        -13340.851562503298,
        -24207.055390652222,
        -16959.11116390313,
        -21685.79262754246,
        -20470.872138961935,
        -5644.838078375162,
        -9345.890358581979,
        -22748.620123259825,
        -21830.067698577273,
        -9500.214262745181,
        -19852.23275195228
    ],
    "recent_successes": [
        0,
        0,
        0,
        0,
        0,
        0,
        0,
        0,
        0,
        0,
        0,
        0,
        0,
        0,
        0,
        0,
        0,
        0,
        0,
        0,
        0,
        0,
        0,
        0,
        0,
        0,
        0,
        0,
        0,
        0,
        0,
        0,
        0,
        0,
        0,
        0,
        0,
        0,
        0,
        0,
        0,
        0,
        0,
        0,
        0,
        0,
        0,
        0,
        0,
        0,
        0,
        0,
        0,
        0,
        0,
        0,
        0,
        0,
        0,
        0,
        0,
        0,
        0,
        0,
        0,
        0,
        0,
        0,
        0,
        0,
        0,
        0,
        0,
        0,
        0,
        0,
        0,
        0,
        0,
        0,
        0,
        0,
        0,
        0,
        0,
        0,
        0,
        0,
        0,
        0,
        0,
        0,
        0,
        0,
        0,
        0,
        0,
        0,
        0,
        0
    ],
    "recent_collisions": [
        1,
        1,
        1,
        1,
        1,
        1,
        1,
        1,
        1,
        1,
        1,
        1,
        1,
        1,
        1,
        1,
        1,
        1,
        1,
        1,
        1,
        1,
        1,
        1,
        1,
        1,
        1,
        1,
        1,
        1,
        1,
        1,
        1,
        1,
        1,
        1,
        1,
        1,
        1,
        1,
        1,
        1,
        1,
        1,
        1,
        1,
        1,
        1,
        1,
        1,
        1,
        1,
        1,
        1,
        1,
        1,
        1,
        1,
        1,
        1,
        1,
        1,
        1,
        1,
        1,
        1,
        1,
        1,
        1,
        1,
        1,
        1,
        1,
        1,
        1,
        1,
        1,
        1,
        1,
        1,
        1,
        1,
        1,
        1,
        1,
        1,
        1,
        1,
        1,
        1,
        1,
        1,
        1,
        1,
        1,
        1,
        1,
        1,
        1,
        1
    ],
    "recent_steps": [
        114,
        69,
        87,
        500,
        122,
        60,
        91,
        471,
        274,
        58,
        140,
        230,
        407,
        360,
        128,
        55,
        300,
        252,
        145,
        481,
        65,
        500,
        40,
        137,
        120,
        245,
        45,
        456,
        62,
        133,
        122,
        56,
        50,
        68,
        279,
        73,
        279,
        426,
        333,
        73,
        500,
        76,
        131,
        291,
        58,
        110,
        51,
        243,
        270,
        74,
        242,
        336,
        381,
        500,
        83,
        114,
        295,
        56,
        70,
        329,
        500,
        67,
        139,
        223,
        500,
        87,
        76,
        153,
        55,
        276,
        92,
        63,
        130,
        500,
        176,
        397,
        114,
        260,
        243,
        218,
        38,
        96,
        54,
        239,
        118,
        49,
        454,
        69,
        117,
        324,
        197,
        350,
        248,
        158,
        128,
        109,
        353,
        251,
        141,
        476
    ],
    "params": {
        "max_episodes": 2500,
        "max_steps": 500,
        "batch_size": 64,
        "learning_rate": 5e-05,
        "gamma": 0.99,
        "initial_epsilon": 0.2,
        "epsilon_decay": 0.998,
        "min_epsilon": 0.02,
        "memory_size": 100000,
        "target_update_freq": 5
    }
}