{
    "episode": 400,
    "best_reward": 4823.713848579291,
    "best_success_rate": 1.0,
    "recent_rewards": [
        161.0687840782444,
        1844.521041079337,
        1448.9563678910006,
        4327.347713074054,
        3639.26879992612,
        3771.9719771364917,
        2563.3989297770195,
        2803.505416763918,
        616.2700961989981,
        2041.588615680692,
        3154.211318713793,
        3976.38712195718,
        3771.886552272621,
        3726.0587994933926,
        1526.7255442972078,
        399.9,
        4267.531359284683,
        1237.6449180400764,
        1840.77168433703,
        302.5308452979459,
        1905.0160329998032,
        1853.667770642469,
        868.2079845121084,
        3624.5290298161544,
        2925.5353393622904,
        921.6472246867174,
        3514.552886978222,
        2521.3418026829886,
        3695.901321462847,
        461.487465002245,
        1831.827901241244,
        4501.7559324246295,
        1226.5582089470363,
        1984.2385551199254,
        1322.7093133831308,
        1490.9485821811254,
        399.9,
        3900.983013965333,
        1187.342117875886,
        3700.5743899595304,
        1899.9771366308041,
        1229.2368090543407,
        3840.43559495695,
        2273.997598505528,
        1549.5136431933718,
        4057.6862403659757,
        1499.8479524552051,
        3952.8270461424772,
        513.9434310550909,
        1723.8409808733086,
        3946.817314778539,
        1311.4947216158407,
        399.9,
        711.0603756848768,
        4075.3563629792156,
        4004.675464444495,
        3772.9894948864517,
        3084.911108934311,
        3707.5418551499574,
        3681.9616345367685,
        3238.2521125265916,
        3414.492888291194,
        3693.861893843259,
        3816.655988265129,
        3690.2672793379147,
        555.2655491335331,
        2208.3924626984704,
        4070.8834942860526,
        1142.9134696201654,
        3468.614526345693,
        3303.223698979015,
        4269.526912800921,
        974.0321464694587,
        2289.5315087063286,
        2178.557703348951,
        3554.506272177211,
        3537.952674927559,
        3963.678966637131,
        3278.6383436744422,
        2955.33808121467,
        3848.846797954985,
        748.2290793026577,
        1683.3108411785,
        4280.1140145471945,
        3378.1899115198275,
        3129.541434146706,
        2481.486217781483,
        631.6182673047344,
        4368.530366750173,
        4006.6212892656267,
        3007.880217647487,
        399.9,
        2924.9801925269862,
        991.4856292668527,
        1789.4350238075808,
        2346.366547096575,
        414.7160689151339,
        3243.825845044482,
        2286.065239670236,
        4104.596553168524
    ],
    "recent_successes": [
        1,
        0,
        0,
        1,
        1,
        1,
        1,
        1,
        0,
        0,
        1,
        1,
        1,
        1,
        0,
        1,
        1,
        0,
        0,
        1,
        0,
        0,
        1,
        1,
        1,
        0,
        1,
        1,
        1,
        1,
        0,
        1,
        0,
        0,
        0,
        0,
        1,
        1,
        1,
        1,
        0,
        0,
        1,
        1,
        0,
        1,
        0,
        1,
        1,
        0,
        1,
        0,
        1,
        1,
        1,
        1,
        1,
        1,
        1,
        1,
        1,
        1,
        1,
        1,
        1,
        1,
        1,
        1,
        0,
        1,
        1,
        1,
        1,
        0,
        1,
        1,
        1,
        1,
        1,
        1,
        1,
        1,
        0,
        1,
        1,
        1,
        0,
        0,
        1,
        1,
        1,
        1,
        1,
        0,
        0,
        0,
        1,
        1,
        1,
        1
    ],
    "recent_collisions": [
        0,
        1,
        1,
        0,
        0,
        0,
        0,
        0,
        1,
        1,
        0,
        0,
        0,
        0,
        1,
        0,
        0,
        1,
        1,
        0,
        1,
        1,
        0,
        0,
        0,
        1,
        0,
        0,
        0,
        0,
        1,
        0,
        1,
        1,
        1,
        1,
        0,
        0,
        0,
        0,
        1,
        1,
        0,
        0,
        1,
        0,
        1,
        0,
        0,
        1,
        0,
        1,
        0,
        0,
        0,
        0,
        0,
        0,
        0,
        0,
        0,
        0,
        0,
        0,
        0,
        0,
        0,
        0,
        1,
        0,
        0,
        0,
        0,
        1,
        0,
        0,
        0,
        0,
        0,
        0,
        0,
        0,
        1,
        0,
        0,
        0,
        1,
        1,
        0,
        0,
        0,
        0,
        0,
        1,
        1,
        1,
        0,
        0,
        0,
        0
    ],
    "recent_steps": [
        27,
        74,
        69,
        226,
        181,
        109,
        76,
        146,
        138,
        70,
        134,
        216,
        134,
        132,
        72,
        1,
        207,
        67,
        64,
        15,
        71,
        73,
        16,
        98,
        118,
        133,
        140,
        71,
        129,
        18,
        69,
        254,
        57,
        72,
        69,
        70,
        1,
        245,
        36,
        164,
        60,
        67,
        246,
        115,
        70,
        204,
        68,
        199,
        6,
        64,
        161,
        54,
        1,
        60,
        128,
        157,
        153,
        116,
        204,
        276,
        126,
        258,
        114,
        242,
        125,
        33,
        118,
        138,
        58,
        134,
        425,
        138,
        65,
        158,
        100,
        128,
        130,
        110,
        139,
        127,
        121,
        41,
        65,
        172,
        133,
        119,
        154,
        141,
        131,
        147,
        133,
        1,
        119,
        121,
        61,
        150,
        8,
        127,
        58,
        114
    ],
    "params": {
        "max_episodes": 2000,
        "max_steps": 500,
        "batch_size": 64,
        "learning_rate": 2e-05,
        "gamma": 0.99,
        "initial_epsilon": 0.2,
        "epsilon_decay": 0.997,
        "min_epsilon": 0.05,
        "memory_size": 200000,
        "target_update_freq": 10,
        "checkpoint_freq": 50,
        "resource_monitor_freq": 10
    },
    "resource_summary": "Training Time: 2:13:44\nAvg CPU Usage: 43.6%\nAvg Memory Usage: 5.5%\nAvg GPU Usage: 2.2%\nAvg GPU Memory: 391.9MB"
}