{
    "episode": 550,
    "best_reward": 4823.713848579291,
    "best_success_rate": 1.0,
    "recent_rewards": [
        3567.7178415833373,
        2306.7905039064417,
        2729.496848054964,
        3249.2801121695984,
        2995.5569442187407,
        299.5689630234257,
        3805.6250821210488,
        2559.408382256622,
        1688.0097591676304,
        3454.9972969543433,
        1645.1297580465857,
        4195.471641415253,
        387.7436402828674,
        4013.7552972102953,
        3852.922912908548,
        3700.6728192232767,
        3834.5123109956116,
        611.9920462332361,
        3050.9471672949458,
        4180.175024461111,
        399.9,
        3574.3566938136228,
        2148.491434291018,
        2028.3377194514305,
        2315.1126056923094,
        1566.9100500632203,
        2981.9333583861267,
        3703.3010588393754,
        1370.137625223713,
        3228.0045232675066,
        3759.77365800014,
        3339.068596336775,
        3817.8785804698127,
        4240.030353287589,
        3684.6445397138277,
        2071.568189884785,
        3371.4303915879377,
        1296.4169891898139,
        1840.740442077085,
        4099.520244948769,
        1603.2426327834098,
        682.755205879507,
        1134.5708595574783,
        972.372526338523,
        2576.509597462126,
        3654.6146340949626,
        3615.1825654198506,
        3625.4293035690816,
        1779.9292030484235,
        3676.04898685663,
        3781.5113338198057,
        2276.352252342457,
        3470.2898047421622,
        3271.4462702010896,
        2632.037695691041,
        2258.770420860066,
        3433.420842958468,
        486.5999016511241,
        3253.6281821427015,
        1880.5809738300425,
        3793.74099695987,
        2758.3485993842655,
        3756.9896199536834,
        1579.7145560943486,
        399.9,
        1528.8093593033568,
        2274.0752758729927,
        1448.4983489719232,
        1537.1395067415206,
        1479.8745842627206,
        3604.537810152865,
        399.9,
        430.725271780352,
        2484.5815265126703,
        4281.938289605498,
        2492.7158155495704,
        702.2980331383542,
        3044.27690838233,
        2214.52314779303,
        1843.3440537100362,
        2024.3012178462577,
        2881.5254885247423,
        3575.8246064532427,
        3170.075089652487,
        3556.9724323115156,
        1668.9811136005135,
        1754.0040062851278,
        3163.340982280662,
        3216.7157699980858,
        2614.200471688116,
        3544.0219827029296,
        3389.2510830002248,
        2441.502101479852,
        3469.3159840328412,
        2448.5685936455384,
        3839.527550833463,
        1851.4939099406874,
        1065.0903913081568,
        485.58076996274633,
        1617.9203377029264
    ],
    "recent_successes": [
        1,
        0,
        1,
        1,
        1,
        1,
        1,
        0,
        0,
        1,
        0,
        1,
        1,
        1,
        1,
        1,
        1,
        1,
        1,
        1,
        1,
        1,
        1,
        1,
        1,
        0,
        1,
        1,
        0,
        1,
        1,
        1,
        1,
        1,
        1,
        1,
        1,
        0,
        0,
        1,
        0,
        1,
        0,
        1,
        1,
        1,
        1,
        1,
        0,
        1,
        1,
        1,
        1,
        1,
        0,
        0,
        1,
        1,
        1,
        0,
        1,
        1,
        1,
        0,
        1,
        0,
        0,
        0,
        0,
        0,
        1,
        1,
        1,
        0,
        1,
        0,
        1,
        1,
        1,
        0,
        0,
        1,
        1,
        1,
        1,
        0,
        0,
        1,
        1,
        0,
        1,
        1,
        0,
        1,
        0,
        1,
        0,
        1,
        1,
        0
    ],
    "recent_collisions": [
        0,
        1,
        0,
        0,
        0,
        0,
        0,
        1,
        1,
        0,
        1,
        0,
        0,
        0,
        0,
        0,
        0,
        0,
        0,
        0,
        0,
        0,
        0,
        0,
        0,
        1,
        0,
        0,
        1,
        0,
        0,
        0,
        0,
        0,
        0,
        0,
        0,
        1,
        1,
        0,
        1,
        0,
        1,
        0,
        0,
        0,
        0,
        0,
        1,
        0,
        0,
        0,
        0,
        0,
        1,
        1,
        0,
        0,
        0,
        1,
        0,
        0,
        0,
        1,
        0,
        1,
        1,
        1,
        1,
        1,
        0,
        0,
        0,
        1,
        0,
        1,
        0,
        0,
        0,
        1,
        1,
        0,
        0,
        0,
        0,
        1,
        1,
        0,
        0,
        1,
        0,
        0,
        1,
        0,
        1,
        0,
        1,
        0,
        0,
        1
    ],
    "recent_steps": [
        107,
        140,
        131,
        108,
        129,
        35,
        162,
        158,
        71,
        128,
        55,
        122,
        43,
        113,
        106,
        130,
        104,
        44,
        110,
        138,
        1,
        132,
        55,
        111,
        105,
        67,
        121,
        184,
        69,
        91,
        121,
        109,
        104,
        148,
        144,
        95,
        129,
        66,
        61,
        146,
        78,
        11,
        72,
        49,
        103,
        142,
        101,
        136,
        59,
        132,
        103,
        96,
        116,
        91,
        139,
        123,
        123,
        40,
        98,
        64,
        104,
        123,
        145,
        63,
        1,
        65,
        132,
        66,
        65,
        73,
        131,
        1,
        4,
        144,
        140,
        144,
        53,
        131,
        57,
        62,
        74,
        119,
        140,
        95,
        123,
        66,
        59,
        87,
        108,
        142,
        101,
        113,
        133,
        114,
        137,
        106,
        57,
        25,
        5,
        67
    ],
    "params": {
        "max_episodes": 2000,
        "max_steps": 500,
        "batch_size": 64,
        "learning_rate": 2e-05,
        "gamma": 0.99,
        "initial_epsilon": 0.2,
        "epsilon_decay": 0.997,
        "min_epsilon": 0.05,
        "memory_size": 200000,
        "target_update_freq": 10,
        "checkpoint_freq": 50,
        "resource_monitor_freq": 10
    },
    "resource_summary": "Training Time: 2:49:18\nAvg CPU Usage: 43.5%\nAvg Memory Usage: 5.5%\nAvg GPU Usage: 2.2%\nAvg GPU Memory: 392.2MB"
}