{
    "episode": 200,
    "best_reward": 4823.713848579291,
    "best_success_rate": 1.0,
    "recent_rewards": [
        2512.549557227444,
        2222.2710769219084,
        3469.1980040962335,
        1220.2257573696247,
        3646.6318531214524,
        3439.3028680697043,
        399.9,
        3865.8435744249887,
        399.9,
        3260.866906772336,
        -349.0148492435645,
        1743.288316854686,
        1486.3450433490455,
        4220.65169074671,
        689.1839769175928,
        3150.292179766614,
        3416.707779451077,
        806.5554155136986,
        1115.8567496587284,
        3822.988393379519,
        1264.843473732289,
        3086.459771961685,
        2625.3729052161284,
        4115.551256912548,
        3070.139879002945,
        3670.88588337666,
        2289.4285200948193,
        4292.575912405677,
        658.3783049669112,
        3230.082700166314,
        2599.142709124276,
        3348.160186155301,
        4611.288011712577,
        -292.48776174038335,
        3996.227132223235,
        1626.1151104227843,
        1064.938469062065,
        2437.6382358242217,
        4266.613469339857,
        1780.7756262961807,
        1277.1301080377682,
        3822.088118054892,
        3945.4359503027085,
        3466.4801652394044,
        2604.3659587368797,
        4422.263431355801,
        3636.6370798287303,
        1897.1038829255376,
        -2134.90389801042,
        4273.327523090013,
        1643.647733341244,
        3954.1207651166796,
        2987.292956170373,
        3921.6862051749063,
        3469.862114200511,
        3603.8899960002154,
        4017.5427969270595,
        4243.151432823453,
        1073.4597835724644,
        1701.1831657290954,
        4205.275767641892,
        3952.56205282265,
        2687.823060404697,
        2224.2719039407148,
        520.5898133272784,
        2514.2743484123944,
        3203.2045957132987,
        3549.616553061524,
        3996.424306739933,
        1556.1847071184798,
        3910.170785529373,
        3590.9419636087455,
        -205.4074414142317,
        399.9,
        562.2238436376033,
        -1864.2669456844517,
        3803.552148091158,
        2547.6920704574045,
        2147.8790821337743,
        2126.529622291896,
        -1637.1777487291258,
        2000.3017332104487,
        798.2857292013197,
        4361.379441661124,
        3871.775437554644,
        1436.414803763519,
        2721.193350230254,
        3417.386240580406,
        3890.5057768103434,
        1208.8183998495294,
        -588.242067944003,
        3521.506249154808,
        1234.2134282980037,
        1010.6447575891452,
        3951.254507186953,
        3180.5881825664032,
        2469.1268802626373,
        3660.5912871679225,
        -2552.769416502202,
        1982.0345977120567
    ],
    "recent_successes": [
        1,
        1,
        1,
        0,
        1,
        1,
        1,
        1,
        1,
        1,
        0,
        1,
        0,
        1,
        1,
        1,
        1,
        1,
        1,
        1,
        1,
        1,
        1,
        1,
        1,
        1,
        1,
        1,
        1,
        1,
        1,
        1,
        1,
        0,
        1,
        0,
        1,
        1,
        1,
        0,
        0,
        1,
        1,
        1,
        1,
        1,
        1,
        0,
        0,
        1,
        0,
        1,
        1,
        1,
        1,
        1,
        1,
        1,
        0,
        0,
        1,
        1,
        1,
        1,
        1,
        1,
        1,
        1,
        1,
        0,
        1,
        1,
        0,
        1,
        1,
        0,
        1,
        1,
        1,
        0,
        0,
        0,
        1,
        1,
        1,
        0,
        1,
        1,
        1,
        0,
        0,
        1,
        0,
        1,
        1,
        1,
        1,
        1,
        0,
        0
    ],
    "recent_collisions": [
        0,
        0,
        0,
        1,
        0,
        0,
        0,
        0,
        0,
        0,
        1,
        0,
        1,
        0,
        0,
        0,
        0,
        0,
        0,
        0,
        0,
        0,
        0,
        0,
        0,
        0,
        0,
        0,
        0,
        0,
        0,
        0,
        0,
        0,
        0,
        1,
        0,
        0,
        0,
        1,
        1,
        0,
        0,
        0,
        0,
        0,
        0,
        1,
        1,
        0,
        1,
        0,
        0,
        0,
        0,
        0,
        0,
        0,
        1,
        1,
        0,
        0,
        0,
        0,
        0,
        0,
        0,
        0,
        0,
        1,
        0,
        0,
        1,
        0,
        0,
        1,
        0,
        0,
        0,
        1,
        1,
        1,
        0,
        0,
        0,
        1,
        0,
        0,
        0,
        1,
        1,
        0,
        1,
        0,
        0,
        0,
        0,
        0,
        1,
        1
    ],
    "recent_steps": [
        148,
        115,
        120,
        222,
        116,
        103,
        1,
        114,
        1,
        238,
        327,
        300,
        74,
        152,
        49,
        132,
        127,
        19,
        351,
        126,
        45,
        123,
        206,
        139,
        137,
        132,
        96,
        139,
        41,
        226,
        110,
        96,
        147,
        165,
        134,
        71,
        26,
        107,
        153,
        83,
        72,
        134,
        139,
        223,
        114,
        188,
        139,
        119,
        133,
        139,
        76,
        242,
        127,
        141,
        146,
        116,
        134,
        165,
        126,
        82,
        163,
        141,
        100,
        104,
        25,
        121,
        129,
        137,
        150,
        74,
        143,
        149,
        117,
        1,
        8,
        106,
        117,
        79,
        88,
        133,
        119,
        125,
        53,
        137,
        137,
        126,
        109,
        120,
        121,
        68,
        115,
        130,
        112,
        224,
        117,
        117,
        66,
        111,
        497,
        62
    ],
    "params": {
        "max_episodes": 2000,
        "max_steps": 500,
        "batch_size": 64,
        "learning_rate": 2e-05,
        "gamma": 0.99,
        "initial_epsilon": 0.2,
        "epsilon_decay": 0.997,
        "min_epsilon": 0.05,
        "memory_size": 200000,
        "target_update_freq": 10,
        "checkpoint_freq": 50,
        "resource_monitor_freq": 10
    },
    "resource_summary": "Training Time: 1:20:55\nAvg CPU Usage: 43.8%\nAvg Memory Usage: 5.4%\nAvg GPU Usage: 2.1%\nAvg GPU Memory: 390.8MB"
}