{
    "episode": 300,
    "best_reward": 4823.713848579291,
    "best_success_rate": 1.0,
    "recent_rewards": [
        1629.1068367796888,
        -1545.7393125750139,
        3996.4487211164064,
        648.6250277266486,
        2462.180371924644,
        3955.6442145698747,
        56.43732268958831,
        3943.821775518914,
        2503.317021788427,
        2013.2108741483855,
        4149.16343231892,
        684.6804596500506,
        1074.4961909972415,
        2900.2633638930706,
        4090.743518378718,
        2358.2727510741,
        -1980.5344158034695,
        3772.399619132559,
        2087.624086783129,
        -1982.5746253451114,
        4216.57742868504,
        -2011.8938508979677,
        489.57123093914,
        2623.3847158171193,
        3535.256489132151,
        2071.9228666183217,
        433.5019324835177,
        4111.221601809173,
        3708.6220393137664,
        2486.813689835534,
        2830.5151740901833,
        671.3225449163097,
        1746.5143810611796,
        3085.1840822098065,
        355.62113656990505,
        2900.3225087641695,
        392.9978293949847,
        1786.4389452237958,
        4048.8385291356944,
        3979.3372702463384,
        2259.6682457240545,
        1170.4038243191296,
        3881.4304645370385,
        1596.1886310865111,
        1940.3241909334604,
        4337.480063844385,
        1489.858083302741,
        -363.8653709076498,
        2094.676614112086,
        2373.561647078994,
        1531.3605000017535,
        2687.598709329932,
        802.4729779591808,
        2721.2805226697346,
        4035.908436357986,
        3812.3810829425947,
        3483.8362124586824,
        -1757.9818265659474,
        3536.366941180683,
        1542.158513767528,
        3011.0137073638007,
        2472.871565377477,
        2680.2710817477914,
        3161.199895787438,
        2058.6161501815845,
        2685.6440800279556,
        1896.1117842296635,
        2322.3192115809074,
        4065.387362614207,
        2667.6067059249667,
        3499.427655201852,
        399.9,
        2940.3199540459764,
        1279.480537297848,
        2615.5821104432976,
        1308.4845558846648,
        3783.235922550137,
        3264.6708279983877,
        3431.9050359585463,
        4029.9299776390876,
        260.1356056605672,
        892.6039384088435,
        3265.9615031779335,
        2233.7603633136455,
        3110.223186695615,
        1695.9582432031793,
        918.8772074848957,
        3063.000676665981,
        1379.9357870512254,
        3624.4974800911405,
        3785.9003390569733,
        1036.3570010747826,
        615.5951235185807,
        4272.666349210603,
        2217.9167112561745,
        738.5614427453677,
        543.7155900521409,
        719.6789802333922,
        405.006285356533,
        412.1303076804945
    ],
    "recent_successes": [
        0,
        0,
        1,
        1,
        1,
        1,
        1,
        1,
        1,
        1,
        1,
        1,
        0,
        1,
        1,
        1,
        0,
        1,
        1,
        0,
        1,
        0,
        1,
        1,
        1,
        0,
        0,
        1,
        1,
        1,
        1,
        1,
        0,
        1,
        1,
        1,
        1,
        0,
        1,
        1,
        0,
        0,
        1,
        0,
        0,
        1,
        0,
        0,
        0,
        1,
        0,
        1,
        1,
        1,
        1,
        1,
        1,
        0,
        1,
        0,
        1,
        1,
        1,
        1,
        1,
        1,
        0,
        1,
        1,
        1,
        1,
        1,
        1,
        0,
        1,
        0,
        1,
        1,
        1,
        1,
        1,
        1,
        1,
        1,
        1,
        0,
        1,
        1,
        0,
        1,
        1,
        1,
        1,
        1,
        1,
        1,
        1,
        1,
        0,
        0
    ],
    "recent_collisions": [
        1,
        1,
        0,
        0,
        0,
        0,
        0,
        0,
        0,
        0,
        0,
        0,
        1,
        0,
        0,
        0,
        1,
        0,
        0,
        1,
        0,
        1,
        0,
        0,
        0,
        1,
        1,
        0,
        0,
        0,
        0,
        0,
        1,
        0,
        0,
        0,
        0,
        1,
        0,
        0,
        1,
        1,
        0,
        1,
        1,
        0,
        1,
        1,
        1,
        0,
        1,
        0,
        0,
        0,
        0,
        0,
        0,
        1,
        0,
        1,
        0,
        0,
        0,
        0,
        0,
        0,
        1,
        0,
        0,
        0,
        0,
        0,
        0,
        1,
        0,
        1,
        0,
        0,
        0,
        0,
        0,
        0,
        0,
        0,
        0,
        1,
        0,
        0,
        1,
        0,
        0,
        0,
        0,
        0,
        0,
        0,
        0,
        0,
        1,
        1
    ],
    "recent_steps": [
        133,
        113,
        136,
        15,
        109,
        110,
        147,
        127,
        80,
        258,
        163,
        14,
        65,
        219,
        127,
        96,
        109,
        201,
        60,
        105,
        149,
        116,
        37,
        92,
        115,
        74,
        105,
        114,
        103,
        66,
        107,
        19,
        60,
        99,
        33,
        99,
        39,
        105,
        130,
        109,
        75,
        71,
        108,
        102,
        60,
        235,
        67,
        106,
        72,
        63,
        79,
        126,
        19,
        125,
        266,
        283,
        118,
        91,
        126,
        72,
        140,
        106,
        111,
        114,
        59,
        141,
        100,
        443,
        133,
        112,
        95,
        1,
        142,
        74,
        105,
        69,
        110,
        93,
        268,
        242,
        24,
        19,
        90,
        57,
        106,
        70,
        18,
        155,
        67,
        103,
        130,
        22,
        13,
        121,
        93,
        23,
        43,
        13,
        149,
        138
    ],
    "params": {
        "max_episodes": 2000,
        "max_steps": 500,
        "batch_size": 64,
        "learning_rate": 2e-05,
        "gamma": 0.99,
        "initial_epsilon": 0.2,
        "epsilon_decay": 0.997,
        "min_epsilon": 0.05,
        "memory_size": 200000,
        "target_update_freq": 10,
        "checkpoint_freq": 50,
        "resource_monitor_freq": 10
    },
    "resource_summary": "Training Time: 1:46:07\nAvg CPU Usage: 43.7%\nAvg Memory Usage: 5.4%\nAvg GPU Usage: 2.2%\nAvg GPU Memory: 391.5MB"
}