{
    "episode": 250,
    "best_reward": 4823.713848579291,
    "best_success_rate": 1.0,
    "recent_rewards": [
        1643.647733341244,
        3954.1207651166796,
        2987.292956170373,
        3921.6862051749063,
        3469.862114200511,
        3603.8899960002154,
        4017.5427969270595,
        4243.151432823453,
        1073.4597835724644,
        1701.1831657290954,
        4205.275767641892,
        3952.56205282265,
        2687.823060404697,
        2224.2719039407148,
        520.5898133272784,
        2514.2743484123944,
        3203.2045957132987,
        3549.616553061524,
        3996.424306739933,
        1556.1847071184798,
        3910.170785529373,
        3590.9419636087455,
        -205.4074414142317,
        399.9,
        562.2238436376033,
        -1864.2669456844517,
        3803.552148091158,
        2547.6920704574045,
        2147.8790821337743,
        2126.529622291896,
        -1637.1777487291258,
        2000.3017332104487,
        798.2857292013197,
        4361.379441661124,
        3871.775437554644,
        1436.414803763519,
        2721.193350230254,
        3417.386240580406,
        3890.5057768103434,
        1208.8183998495294,
        -588.242067944003,
        3521.506249154808,
        1234.2134282980037,
        1010.6447575891452,
        3951.254507186953,
        3180.5881825664032,
        2469.1268802626373,
        3660.5912871679225,
        -2552.769416502202,
        1982.0345977120567,
        1629.1068367796888,
        -1545.7393125750139,
        3996.4487211164064,
        648.6250277266486,
        2462.180371924644,
        3955.6442145698747,
        56.43732268958831,
        3943.821775518914,
        2503.317021788427,
        2013.2108741483855,
        4149.16343231892,
        684.6804596500506,
        1074.4961909972415,
        2900.2633638930706,
        4090.743518378718,
        2358.2727510741,
        -1980.5344158034695,
        3772.399619132559,
        2087.624086783129,
        -1982.5746253451114,
        4216.57742868504,
        -2011.8938508979677,
        489.57123093914,
        2623.3847158171193,
        3535.256489132151,
        2071.9228666183217,
        433.5019324835177,
        4111.221601809173,
        3708.6220393137664,
        2486.813689835534,
        2830.5151740901833,
        671.3225449163097,
        1746.5143810611796,
        3085.1840822098065,
        355.62113656990505,
        2900.3225087641695,
        392.9978293949847,
        1786.4389452237958,
        4048.8385291356944,
        3979.3372702463384,
        2259.6682457240545,
        1170.4038243191296,
        3881.4304645370385,
        1596.1886310865111,
        1940.3241909334604,
        4337.480063844385,
        1489.858083302741,
        -363.8653709076498,
        2094.676614112086,
        2373.561647078994
    ],
    "recent_successes": [
        0,
        1,
        1,
        1,
        1,
        1,
        1,
        1,
        0,
        0,
        1,
        1,
        1,
        1,
        1,
        1,
        1,
        1,
        1,
        0,
        1,
        1,
        0,
        1,
        1,
        0,
        1,
        1,
        1,
        0,
        0,
        0,
        1,
        1,
        1,
        0,
        1,
        1,
        1,
        0,
        0,
        1,
        0,
        1,
        1,
        1,
        1,
        1,
        0,
        0,
        0,
        0,
        1,
        1,
        1,
        1,
        1,
        1,
        1,
        1,
        1,
        1,
        0,
        1,
        1,
        1,
        0,
        1,
        1,
        0,
        1,
        0,
        1,
        1,
        1,
        0,
        0,
        1,
        1,
        1,
        1,
        1,
        0,
        1,
        1,
        1,
        1,
        0,
        1,
        1,
        0,
        0,
        1,
        0,
        0,
        1,
        0,
        0,
        0,
        1
    ],
    "recent_collisions": [
        1,
        0,
        0,
        0,
        0,
        0,
        0,
        0,
        1,
        1,
        0,
        0,
        0,
        0,
        0,
        0,
        0,
        0,
        0,
        1,
        0,
        0,
        1,
        0,
        0,
        1,
        0,
        0,
        0,
        1,
        1,
        1,
        0,
        0,
        0,
        1,
        0,
        0,
        0,
        1,
        1,
        0,
        1,
        0,
        0,
        0,
        0,
        0,
        1,
        1,
        1,
        1,
        0,
        0,
        0,
        0,
        0,
        0,
        0,
        0,
        0,
        0,
        1,
        0,
        0,
        0,
        1,
        0,
        0,
        1,
        0,
        1,
        0,
        0,
        0,
        1,
        1,
        0,
        0,
        0,
        0,
        0,
        1,
        0,
        0,
        0,
        0,
        1,
        0,
        0,
        1,
        1,
        0,
        1,
        1,
        0,
        1,
        1,
        1,
        0
    ],
    "recent_steps": [
        76,
        242,
        127,
        141,
        146,
        116,
        134,
        165,
        126,
        82,
        163,
        141,
        100,
        104,
        25,
        121,
        129,
        137,
        150,
        74,
        143,
        149,
        117,
        1,
        8,
        106,
        117,
        79,
        88,
        133,
        119,
        125,
        53,
        137,
        137,
        126,
        109,
        120,
        121,
        68,
        115,
        130,
        112,
        224,
        117,
        117,
        66,
        111,
        497,
        62,
        133,
        113,
        136,
        15,
        109,
        110,
        147,
        127,
        80,
        258,
        163,
        14,
        65,
        219,
        127,
        96,
        109,
        201,
        60,
        105,
        149,
        116,
        37,
        92,
        115,
        74,
        105,
        114,
        103,
        66,
        107,
        19,
        60,
        99,
        33,
        99,
        39,
        105,
        130,
        109,
        75,
        71,
        108,
        102,
        60,
        235,
        67,
        106,
        72,
        63
    ],
    "params": {
        "max_episodes": 2000,
        "max_steps": 500,
        "batch_size": 64,
        "learning_rate": 2e-05,
        "gamma": 0.99,
        "initial_epsilon": 0.2,
        "epsilon_decay": 0.997,
        "min_epsilon": 0.05,
        "memory_size": 200000,
        "target_update_freq": 10,
        "checkpoint_freq": 50,
        "resource_monitor_freq": 10
    },
    "resource_summary": "Training Time: 1:33:19\nAvg CPU Usage: 43.8%\nAvg Memory Usage: 5.4%\nAvg GPU Usage: 2.2%\nAvg GPU Memory: 391.2MB"
}