{
    "episode": 500,
    "best_reward": 4823.713848579291,
    "best_success_rate": 1.0,
    "recent_rewards": [
        3449.924261618435,
        504.80044574102885,
        1833.024126821971,
        831.9244961542389,
        335.0383546390498,
        2844.0757645603576,
        4268.922151575922,
        1479.668657261324,
        3231.9794285076855,
        3260.8033080838936,
        1411.003595488547,
        2498.34855064772,
        1338.6083590041505,
        2615.129304303172,
        3849.1861264498066,
        759.5604147884108,
        1003.3462833094077,
        3711.9372893448776,
        1631.1890854046223,
        3792.2727238901707,
        3557.6453833810215,
        3942.4295880412105,
        4015.9395714315087,
        2415.2416273444683,
        3626.084295568457,
        3856.5749689166796,
        3845.0623464395258,
        3757.5261521645393,
        4306.035293704658,
        1863.7696853891996,
        3227.0339266837095,
        1911.0619450650133,
        3760.7800879701704,
        619.0441411363067,
        557.6815194668213,
        1363.7567574060201,
        3403.4104460656304,
        3680.780378313859,
        4018.426924603805,
        2735.5182192839357,
        3193.5814421451773,
        3048.470022248845,
        3259.1867413530126,
        1167.2681650606853,
        3771.4729188020256,
        3972.906001380628,
        3316.70601230635,
        425.9066816999118,
        3401.2065994946743,
        664.7725876667969,
        3567.7178415833373,
        2306.7905039064417,
        2729.496848054964,
        3249.2801121695984,
        2995.5569442187407,
        299.5689630234257,
        3805.6250821210488,
        2559.408382256622,
        1688.0097591676304,
        3454.9972969543433,
        1645.1297580465857,
        4195.471641415253,
        387.7436402828674,
        4013.7552972102953,
        3852.922912908548,
        3700.6728192232767,
        3834.5123109956116,
        611.9920462332361,
        3050.9471672949458,
        4180.175024461111,
        399.9,
        3574.3566938136228,
        2148.491434291018,
        2028.3377194514305,
        2315.1126056923094,
        1566.9100500632203,
        2981.9333583861267,
        3703.3010588393754,
        1370.137625223713,
        3228.0045232675066,
        3759.77365800014,
        3339.068596336775,
        3817.8785804698127,
        4240.030353287589,
        3684.6445397138277,
        2071.568189884785,
        3371.4303915879377,
        1296.4169891898139,
        1840.740442077085,
        4099.520244948769,
        1603.2426327834098,
        682.755205879507,
        1134.5708595574783,
        972.372526338523,
        2576.509597462126,
        3654.6146340949626,
        3615.1825654198506,
        3625.4293035690816,
        1779.9292030484235,
        3676.04898685663
    ],
    "recent_successes": [
        1,
        1,
        0,
        1,
        1,
        1,
        1,
        0,
        1,
        1,
        0,
        1,
        0,
        1,
        1,
        1,
        0,
        1,
        0,
        1,
        1,
        1,
        1,
        1,
        1,
        1,
        1,
        1,
        1,
        0,
        1,
        0,
        1,
        1,
        1,
        0,
        1,
        1,
        1,
        0,
        1,
        1,
        1,
        1,
        1,
        1,
        1,
        1,
        1,
        1,
        1,
        0,
        1,
        1,
        1,
        1,
        1,
        0,
        0,
        1,
        0,
        1,
        1,
        1,
        1,
        1,
        1,
        1,
        1,
        1,
        1,
        1,
        1,
        1,
        1,
        0,
        1,
        1,
        0,
        1,
        1,
        1,
        1,
        1,
        1,
        1,
        1,
        0,
        0,
        1,
        0,
        1,
        0,
        1,
        1,
        1,
        1,
        1,
        0,
        1
    ],
    "recent_collisions": [
        0,
        0,
        1,
        0,
        0,
        0,
        0,
        1,
        0,
        0,
        1,
        0,
        1,
        0,
        0,
        0,
        1,
        0,
        1,
        0,
        0,
        0,
        0,
        0,
        0,
        0,
        0,
        0,
        0,
        1,
        0,
        1,
        0,
        0,
        0,
        1,
        0,
        0,
        0,
        1,
        0,
        0,
        0,
        0,
        0,
        0,
        0,
        0,
        0,
        0,
        0,
        1,
        0,
        0,
        0,
        0,
        0,
        1,
        1,
        0,
        1,
        0,
        0,
        0,
        0,
        0,
        0,
        0,
        0,
        0,
        0,
        0,
        0,
        0,
        0,
        1,
        0,
        0,
        1,
        0,
        0,
        0,
        0,
        0,
        0,
        0,
        0,
        1,
        1,
        0,
        1,
        0,
        1,
        0,
        0,
        0,
        0,
        0,
        1,
        0
    ],
    "recent_steps": [
        96,
        6,
        57,
        26,
        42,
        128,
        148,
        66,
        123,
        113,
        66,
        67,
        65,
        120,
        145,
        14,
        126,
        143,
        75,
        142,
        130,
        137,
        135,
        72,
        208,
        106,
        151,
        146,
        174,
        62,
        86,
        59,
        138,
        12,
        9,
        59,
        165,
        107,
        145,
        160,
        121,
        104,
        130,
        52,
        193,
        142,
        113,
        3,
        96,
        38,
        107,
        140,
        131,
        108,
        129,
        35,
        162,
        158,
        71,
        128,
        55,
        122,
        43,
        113,
        106,
        130,
        104,
        44,
        110,
        138,
        1,
        132,
        55,
        111,
        105,
        67,
        121,
        184,
        69,
        91,
        121,
        109,
        104,
        148,
        144,
        95,
        129,
        66,
        61,
        146,
        78,
        11,
        72,
        49,
        103,
        142,
        101,
        136,
        59,
        132
    ],
    "params": {
        "max_episodes": 2000,
        "max_steps": 500,
        "batch_size": 64,
        "learning_rate": 2e-05,
        "gamma": 0.99,
        "initial_epsilon": 0.2,
        "epsilon_decay": 0.997,
        "min_epsilon": 0.05,
        "memory_size": 200000,
        "target_update_freq": 10,
        "checkpoint_freq": 50,
        "resource_monitor_freq": 10
    },
    "resource_summary": "Training Time: 2:38:04\nAvg CPU Usage: 43.5%\nAvg Memory Usage: 5.5%\nAvg GPU Usage: 2.2%\nAvg GPU Memory: 392.1MB"
}