{
    "episode": 350,
    "best_reward": 4823.713848579291,
    "best_success_rate": 1.0,
    "recent_rewards": [
        1531.3605000017535,
        2687.598709329932,
        802.4729779591808,
        2721.2805226697346,
        4035.908436357986,
        3812.3810829425947,
        3483.8362124586824,
        -1757.9818265659474,
        3536.366941180683,
        1542.158513767528,
        3011.0137073638007,
        2472.871565377477,
        2680.2710817477914,
        3161.199895787438,
        2058.6161501815845,
        2685.6440800279556,
        1896.1117842296635,
        2322.3192115809074,
        4065.387362614207,
        2667.6067059249667,
        3499.427655201852,
        399.9,
        2940.3199540459764,
        1279.480537297848,
        2615.5821104432976,
        1308.4845558846648,
        3783.235922550137,
        3264.6708279983877,
        3431.9050359585463,
        4029.9299776390876,
        260.1356056605672,
        892.6039384088435,
        3265.9615031779335,
        2233.7603633136455,
        3110.223186695615,
        1695.9582432031793,
        918.8772074848957,
        3063.000676665981,
        1379.9357870512254,
        3624.4974800911405,
        3785.9003390569733,
        1036.3570010747826,
        615.5951235185807,
        4272.666349210603,
        2217.9167112561745,
        738.5614427453677,
        543.7155900521409,
        719.6789802333922,
        405.006285356533,
        412.1303076804945,
        161.0687840782444,
        1844.521041079337,
        1448.9563678910006,
        4327.347713074054,
        3639.26879992612,
        3771.9719771364917,
        2563.3989297770195,
        2803.505416763918,
        616.2700961989981,
        2041.588615680692,
        3154.211318713793,
        3976.38712195718,
        3771.886552272621,
        3726.0587994933926,
        1526.7255442972078,
        399.9,
        4267.531359284683,
        1237.6449180400764,
        1840.77168433703,
        302.5308452979459,
        1905.0160329998032,
        1853.667770642469,
        868.2079845121084,
        3624.5290298161544,
        2925.5353393622904,
        921.6472246867174,
        3514.552886978222,
        2521.3418026829886,
        3695.901321462847,
        461.487465002245,
        1831.827901241244,
        4501.7559324246295,
        1226.5582089470363,
        1984.2385551199254,
        1322.7093133831308,
        1490.9485821811254,
        399.9,
        3900.983013965333,
        1187.342117875886,
        3700.5743899595304,
        1899.9771366308041,
        1229.2368090543407,
        3840.43559495695,
        2273.997598505528,
        1549.5136431933718,
        4057.6862403659757,
        1499.8479524552051,
        3952.8270461424772,
        513.9434310550909,
        1723.8409808733086
    ],
    "recent_successes": [
        0,
        1,
        1,
        1,
        1,
        1,
        1,
        0,
        1,
        0,
        1,
        1,
        1,
        1,
        1,
        1,
        0,
        1,
        1,
        1,
        1,
        1,
        1,
        0,
        1,
        0,
        1,
        1,
        1,
        1,
        1,
        1,
        1,
        1,
        1,
        0,
        1,
        1,
        0,
        1,
        1,
        1,
        1,
        1,
        1,
        1,
        1,
        1,
        0,
        0,
        1,
        0,
        0,
        1,
        1,
        1,
        1,
        1,
        0,
        0,
        1,
        1,
        1,
        1,
        0,
        1,
        1,
        0,
        0,
        1,
        0,
        0,
        1,
        1,
        1,
        0,
        1,
        1,
        1,
        1,
        0,
        1,
        0,
        0,
        0,
        0,
        1,
        1,
        1,
        1,
        0,
        0,
        1,
        1,
        0,
        1,
        0,
        1,
        1,
        0
    ],
    "recent_collisions": [
        1,
        0,
        0,
        0,
        0,
        0,
        0,
        1,
        0,
        1,
        0,
        0,
        0,
        0,
        0,
        0,
        1,
        0,
        0,
        0,
        0,
        0,
        0,
        1,
        0,
        1,
        0,
        0,
        0,
        0,
        0,
        0,
        0,
        0,
        0,
        1,
        0,
        0,
        1,
        0,
        0,
        0,
        0,
        0,
        0,
        0,
        0,
        0,
        1,
        1,
        0,
        1,
        1,
        0,
        0,
        0,
        0,
        0,
        1,
        1,
        0,
        0,
        0,
        0,
        1,
        0,
        0,
        1,
        1,
        0,
        1,
        1,
        0,
        0,
        0,
        1,
        0,
        0,
        0,
        0,
        1,
        0,
        1,
        1,
        1,
        1,
        0,
        0,
        0,
        0,
        1,
        1,
        0,
        0,
        1,
        0,
        1,
        0,
        0,
        1
    ],
    "recent_steps": [
        79,
        126,
        19,
        125,
        266,
        283,
        118,
        91,
        126,
        72,
        140,
        106,
        111,
        114,
        59,
        141,
        100,
        443,
        133,
        112,
        95,
        1,
        142,
        74,
        105,
        69,
        110,
        93,
        268,
        242,
        24,
        19,
        90,
        57,
        106,
        70,
        18,
        155,
        67,
        103,
        130,
        22,
        13,
        121,
        93,
        23,
        43,
        13,
        149,
        138,
        27,
        74,
        69,
        226,
        181,
        109,
        76,
        146,
        138,
        70,
        134,
        216,
        134,
        132,
        72,
        1,
        207,
        67,
        64,
        15,
        71,
        73,
        16,
        98,
        118,
        133,
        140,
        71,
        129,
        18,
        69,
        254,
        57,
        72,
        69,
        70,
        1,
        245,
        36,
        164,
        60,
        67,
        246,
        115,
        70,
        204,
        68,
        199,
        6,
        64
    ],
    "params": {
        "max_episodes": 2000,
        "max_steps": 500,
        "batch_size": 64,
        "learning_rate": 2e-05,
        "gamma": 0.99,
        "initial_epsilon": 0.2,
        "epsilon_decay": 0.997,
        "min_epsilon": 0.05,
        "memory_size": 200000,
        "target_update_freq": 10,
        "checkpoint_freq": 50,
        "resource_monitor_freq": 10
    },
    "resource_summary": "Training Time: 1:58:43\nAvg CPU Usage: 43.7%\nAvg Memory Usage: 5.5%\nAvg GPU Usage: 2.2%\nAvg GPU Memory: 391.7MB"
}