{
    "episode": 100,
    "best_reward": 4823.713848579291,
    "best_success_rate": 0.8,
    "recent_rewards": [
        1917.321522724027,
        1741.3340230077335,
        4823.713848579291,
        631.9875569329699,
        418.2998424575437,
        2450.773726977092,
        -878.1190428940449,
        4319.92381970025,
        2157.6247150946156,
        -3146.2910042190415,
        4000.7475496450475,
        4050.842834141903,
        3603.6495566890108,
        4160.742855160044,
        3907.4154252968733,
        3506.663040034977,
        -1631.0860851374186,
        -1563.8495979099687,
        -1330.5432170897238,
        2368.539527406791,
        3980.5510662031515,
        4417.993164906076,
        -846.1146966165101,
        3823.440332712081,
        2484.4685949644386,
        4446.816000425575,
        4325.526150894069,
        -1695.1022366564807,
        753.8156487725389,
        3271.990812204084,
        -558.5791919212146,
        863.8229116265366,
        1278.674110135197,
        459.819682569075,
        -2175.8120072270394,
        1032.5054496675343,
        399.9,
        1774.2084994510853,
        133.11420638680755,
        -1651.2137819714342,
        3172.3250300239847,
        1544.0336727203166,
        4527.587610439349,
        -1564.4306222066266,
        -2387.7334868643047,
        2472.4977558292508,
        801.3267265309545,
        3976.1879762547874,
        471.74990325160286,
        820.7604681228195,
        4010.695023235694,
        1555.2626767128643,
        1054.4884414651808,
        -2116.7603326622616,
        4507.557168015619,
        2676.3729675633467,
        -2500.414455762298,
        3625.4953766436875,
        3422.8041779541113,
        -1834.7048197853449,
        3179.0820928642756,
        1127.095824337262,
        4158.985017430904,
        2573.151905394737,
        1221.7459132605004,
        3857.8510604190383,
        3258.1282573592243,
        3500.6232611415226,
        275.5213741249911,
        2909.6932571781977,
        4034.032820079149,
        657.676300532381,
        2947.424622721665,
        3236.3318587680897,
        1074.942933151125,
        475.32141527020997,
        3472.8577122951942,
        3726.8091155011516,
        1025.1702486469871,
        731.702039356433,
        4033.4785066688046,
        3937.0915137806655,
        621.9605772620065,
        3935.4209879053983,
        4110.074285090097,
        1016.1975135990261,
        1584.728940006715,
        628.8936834929851,
        906.1637390539404,
        399.9,
        537.0634322513257,
        4117.495228488653,
        2714.2302430042755,
        113.66961049139763,
        3746.6362425484394,
        399.9,
        1990.2183722885538,
        1438.3285031281198,
        3439.6225131779415,
        3010.201458161533
    ],
    "recent_successes": [
        0,
        0,
        1,
        1,
        1,
        0,
        0,
        1,
        0,
        0,
        1,
        1,
        1,
        1,
        1,
        1,
        0,
        0,
        0,
        1,
        1,
        1,
        0,
        1,
        1,
        1,
        1,
        0,
        0,
        1,
        0,
        1,
        0,
        0,
        0,
        1,
        1,
        0,
        0,
        0,
        1,
        0,
        1,
        0,
        0,
        0,
        1,
        1,
        1,
        0,
        1,
        0,
        0,
        0,
        1,
        1,
        0,
        1,
        1,
        0,
        1,
        0,
        1,
        1,
        0,
        1,
        1,
        1,
        0,
        1,
        1,
        1,
        1,
        1,
        0,
        1,
        1,
        1,
        0,
        1,
        1,
        1,
        0,
        1,
        1,
        0,
        0,
        0,
        1,
        1,
        0,
        1,
        1,
        0,
        1,
        1,
        0,
        0,
        1,
        1
    ],
    "recent_collisions": [
        1,
        1,
        0,
        0,
        0,
        1,
        1,
        0,
        1,
        1,
        0,
        0,
        0,
        0,
        0,
        0,
        0,
        0,
        0,
        0,
        0,
        0,
        0,
        0,
        0,
        0,
        0,
        1,
        1,
        0,
        0,
        0,
        0,
        1,
        0,
        0,
        0,
        1,
        0,
        1,
        0,
        1,
        0,
        0,
        0,
        1,
        0,
        0,
        0,
        1,
        0,
        1,
        1,
        1,
        0,
        0,
        0,
        0,
        0,
        0,
        0,
        0,
        0,
        0,
        1,
        0,
        0,
        0,
        0,
        0,
        0,
        0,
        0,
        0,
        1,
        0,
        0,
        0,
        1,
        0,
        0,
        0,
        1,
        0,
        0,
        0,
        1,
        1,
        0,
        0,
        1,
        0,
        0,
        1,
        0,
        0,
        1,
        1,
        0,
        0
    ],
    "recent_steps": [
        103,
        80,
        216,
        16,
        22,
        115,
        130,
        195,
        107,
        135,
        147,
        136,
        122,
        188,
        139,
        147,
        500,
        500,
        500,
        341,
        169,
        484,
        500,
        140,
        463,
        149,
        180,
        484,
        320,
        146,
        500,
        37,
        500,
        215,
        500,
        42,
        1,
        98,
        500,
        157,
        146,
        84,
        402,
        500,
        500,
        188,
        282,
        146,
        44,
        219,
        160,
        78,
        242,
        141,
        168,
        107,
        500,
        143,
        167,
        500,
        232,
        500,
        143,
        108,
        221,
        144,
        150,
        146,
        500,
        127,
        154,
        12,
        231,
        138,
        80,
        36,
        164,
        118,
        206,
        16,
        130,
        148,
        107,
        255,
        125,
        500,
        151,
        135,
        31,
        1,
        135,
        138,
        123,
        481,
        123,
        1,
        133,
        64,
        217,
        143
    ],
    "params": {
        "max_episodes": 2000,
        "max_steps": 500,
        "batch_size": 64,
        "learning_rate": 2e-05,
        "gamma": 0.99,
        "initial_epsilon": 0.2,
        "epsilon_decay": 0.997,
        "min_epsilon": 0.05,
        "memory_size": 200000,
        "target_update_freq": 10,
        "checkpoint_freq": 50,
        "resource_monitor_freq": 10
    },
    "resource_summary": "Training Time: 0:50:09\nAvg CPU Usage: 43.7%\nAvg Memory Usage: 5.3%\nAvg GPU Usage: 2.2%\nAvg GPU Memory: 388.8MB"
}