{
    "episode": 150,
    "best_reward": 4823.713848579291,
    "best_success_rate": 1.0,
    "recent_rewards": [
        4010.695023235694,
        1555.2626767128643,
        1054.4884414651808,
        -2116.7603326622616,
        4507.557168015619,
        2676.3729675633467,
        -2500.414455762298,
        3625.4953766436875,
        3422.8041779541113,
        -1834.7048197853449,
        3179.0820928642756,
        1127.095824337262,
        4158.985017430904,
        2573.151905394737,
        1221.7459132605004,
        3857.8510604190383,
        3258.1282573592243,
        3500.6232611415226,
        275.5213741249911,
        2909.6932571781977,
        4034.032820079149,
        657.676300532381,
        2947.424622721665,
        3236.3318587680897,
        1074.942933151125,
        475.32141527020997,
        3472.8577122951942,
        3726.8091155011516,
        1025.1702486469871,
        731.702039356433,
        4033.4785066688046,
        3937.0915137806655,
        621.9605772620065,
        3935.4209879053983,
        4110.074285090097,
        1016.1975135990261,
        1584.728940006715,
        628.8936834929851,
        906.1637390539404,
        399.9,
        537.0634322513257,
        4117.495228488653,
        2714.2302430042755,
        113.66961049139763,
        3746.6362425484394,
        399.9,
        1990.2183722885538,
        1438.3285031281198,
        3439.6225131779415,
        3010.201458161533,
        2512.549557227444,
        2222.2710769219084,
        3469.1980040962335,
        1220.2257573696247,
        3646.6318531214524,
        3439.3028680697043,
        399.9,
        3865.8435744249887,
        399.9,
        3260.866906772336,
        -349.0148492435645,
        1743.288316854686,
        1486.3450433490455,
        4220.65169074671,
        689.1839769175928,
        3150.292179766614,
        3416.707779451077,
        806.5554155136986,
        1115.8567496587284,
        3822.988393379519,
        1264.843473732289,
        3086.459771961685,
        2625.3729052161284,
        4115.551256912548,
        3070.139879002945,
        3670.88588337666,
        2289.4285200948193,
        4292.575912405677,
        658.3783049669112,
        3230.082700166314,
        2599.142709124276,
        3348.160186155301,
        4611.288011712577,
        -292.48776174038335,
        3996.227132223235,
        1626.1151104227843,
        1064.938469062065,
        2437.6382358242217,
        4266.613469339857,
        1780.7756262961807,
        1277.1301080377682,
        3822.088118054892,
        3945.4359503027085,
        3466.4801652394044,
        2604.3659587368797,
        4422.263431355801,
        3636.6370798287303,
        1897.1038829255376,
        -2134.90389801042,
        4273.327523090013
    ],
    "recent_successes": [
        1,
        0,
        0,
        0,
        1,
        1,
        0,
        1,
        1,
        0,
        1,
        0,
        1,
        1,
        0,
        1,
        1,
        1,
        0,
        1,
        1,
        1,
        1,
        1,
        0,
        1,
        1,
        1,
        0,
        1,
        1,
        1,
        0,
        1,
        1,
        0,
        0,
        0,
        1,
        1,
        0,
        1,
        1,
        0,
        1,
        1,
        0,
        0,
        1,
        1,
        1,
        1,
        1,
        0,
        1,
        1,
        1,
        1,
        1,
        1,
        0,
        1,
        0,
        1,
        1,
        1,
        1,
        1,
        1,
        1,
        1,
        1,
        1,
        1,
        1,
        1,
        1,
        1,
        1,
        1,
        1,
        1,
        1,
        0,
        1,
        0,
        1,
        1,
        1,
        0,
        0,
        1,
        1,
        1,
        1,
        1,
        1,
        0,
        0,
        1
    ],
    "recent_collisions": [
        0,
        1,
        1,
        1,
        0,
        0,
        0,
        0,
        0,
        0,
        0,
        0,
        0,
        0,
        1,
        0,
        0,
        0,
        0,
        0,
        0,
        0,
        0,
        0,
        1,
        0,
        0,
        0,
        1,
        0,
        0,
        0,
        1,
        0,
        0,
        0,
        1,
        1,
        0,
        0,
        1,
        0,
        0,
        1,
        0,
        0,
        1,
        1,
        0,
        0,
        0,
        0,
        0,
        1,
        0,
        0,
        0,
        0,
        0,
        0,
        1,
        0,
        1,
        0,
        0,
        0,
        0,
        0,
        0,
        0,
        0,
        0,
        0,
        0,
        0,
        0,
        0,
        0,
        0,
        0,
        0,
        0,
        0,
        0,
        0,
        1,
        0,
        0,
        0,
        1,
        1,
        0,
        0,
        0,
        0,
        0,
        0,
        1,
        1,
        0
    ],
    "recent_steps": [
        160,
        78,
        242,
        141,
        168,
        107,
        500,
        143,
        167,
        500,
        232,
        500,
        143,
        108,
        221,
        144,
        150,
        146,
        500,
        127,
        154,
        12,
        231,
        138,
        80,
        36,
        164,
        118,
        206,
        16,
        130,
        148,
        107,
        255,
        125,
        500,
        151,
        135,
        31,
        1,
        135,
        138,
        123,
        481,
        123,
        1,
        133,
        64,
        217,
        143,
        148,
        115,
        120,
        222,
        116,
        103,
        1,
        114,
        1,
        238,
        327,
        300,
        74,
        152,
        49,
        132,
        127,
        19,
        351,
        126,
        45,
        123,
        206,
        139,
        137,
        132,
        96,
        139,
        41,
        226,
        110,
        96,
        147,
        165,
        134,
        71,
        26,
        107,
        153,
        83,
        72,
        134,
        139,
        223,
        114,
        188,
        139,
        119,
        133,
        139
    ],
    "params": {
        "max_episodes": 2000,
        "max_steps": 500,
        "batch_size": 64,
        "learning_rate": 2e-05,
        "gamma": 0.99,
        "initial_epsilon": 0.2,
        "epsilon_decay": 0.997,
        "min_epsilon": 0.05,
        "memory_size": 200000,
        "target_update_freq": 10,
        "checkpoint_freq": 50,
        "resource_monitor_freq": 10
    },
    "resource_summary": "Training Time: 1:06:04\nAvg CPU Usage: 43.7%\nAvg Memory Usage: 5.4%\nAvg GPU Usage: 2.1%\nAvg GPU Memory: 390.1MB"
}