{
    "training_time": [
        2.7785606384277344,
        215.4413342475891,
        572.4842524528503,
        1030.6540105342865,
        1392.8496062755585,
        1742.4139606952667,
        2016.2895498275757,
        2392.813215970993,
        2575.8970985412598,
        2804.4408144950867,
        3009.484483242035,
        3165.573182821274,
        3420.5226531028748,
        3590.302617788315,
        3768.3190133571625,
        3964.6745014190674,
        4166.773928165436,
        4333.563832521439,
        4459.653869628906,
        4631.881061077118,
        4855.4955286979675,
        5005.883450508118,
        5196.689609050751,
        5342.169989347458,
        5454.823370933533,
        5599.533618450165,
        5784.1191120147705,
        5986.374226570129,
        6141.038857936859,
        6263.738805294037,
        6367.289122581482,
        6539.076605081558,
        6697.767322778702,
        6822.844341039658,
        6950.868817806244,
        7123.305615186691,
        7281.439825534821,
        7495.174982786179,
        7714.797650575638,
        7890.361142873764,
        8024.336323738098,
        8140.874852895737,
        8276.875284671783,
        8478.703937768936,
        8602.096279144287,
        8763.846607208252,
        8920.393495798111,
        9058.969842910767,
        9199.789984703064,
        9353.92056632042,
        9484.58245563507
    ],
    "cpu_usage": [
        43.1,
        43.0,
        45.9,
        43.3,
        43.5,
        43.5,
        43.2,
        43.5,
        44.1,
        43.1,
        44.0,
        43.5,
        44.0,
        43.0,
        44.0,
        44.8,
        43.3,
        43.6,
        42.5,
        44.9,
        45.3,
        44.3,
        44.0,
        43.0,
        45.7,
        43.2,
        42.9,
        42.8,
        43.4,
        43.3,
        43.7,
        43.9,
        43.2,
        43.4,
        42.6,
        42.9,
        43.0,
        43.1,
        43.1,
        44.0,
        42.9,
        42.7,
        44.2,
        43.1,
        43.6,
        43.8,
        43.7,
        43.3,
        42.1,
        43.3,
        43.3
    ],
    "memory_usage": [
        3.581634709580925,
        5.423710378467472,
        5.4305513824610925,
        5.441477302508459,
        5.44981939011219,
        5.457718535011299,
        5.46323071089105,
        5.471375935070506,
        5.475534674908354,
        5.481465185564694,
        5.486116083963235,
        5.491923554979402,
        5.494901114271589,
        5.498887598613195,
        5.502947906738906,
        5.507180470360859,
        5.512766470024713,
        5.515178046972105,
        5.518475509328742,
        5.521822187541449,
        5.52711289206889,
        5.532009869747776,
        5.534642918047479,
        5.538137243828394,
        5.541040979336477,
        5.543772459348318,
        5.548940124235585,
        5.552852784793088,
        5.556470150214175,
        5.558611039953186,
        5.560948793116474,
        5.570127550273382,
        5.571554810099389,
        5.5720223607320465,
        5.573818739478573,
        5.577928263460352,
        5.583046712491551,
        5.58619652727998,
        5.591339584239212,
        5.594981557588334,
        5.598229804088903,
        5.603348253120101,
        5.604406394025588,
        5.60804836737471,
        5.611050534594932,
        5.614643292087986,
        5.6192449746304565,
        5.621016745448949,
        5.624511071229862,
        5.628030004938811,
        5.630343150174064
    ],
    "gpu_usage": [
        0.0,
        2.0,
        2.0,
        2.0,
        2.0,
        2.0,
        3.0,
        3.0,
        3.0,
        2.0,
        3.0,
        2.0,
        2.0,
        2.0,
        2.0,
        2.0,
        2.0,
        2.0,
        2.0,
        3.0,
        2.0,
        2.0,
        2.0,
        3.0,
        2.0,
        3.0,
        3.0,
        2.0,
        2.0,
        2.0,
        2.0,
        2.0,
        2.0,
        3.0,
        2.0,
        3.0,
        2.0,
        3.0,
        2.0,
        2.0,
        2.0,
        2.0,
        3.0,
        2.0,
        2.0,
        2.0,
        2.0,
        2.0,
        2.0,
        2.0,
        2.0
    ],
    "gpu_memory": [
        347.0,
        393.0,
        393.0,
        393.0,
        393.0,
        393.0,
        393.0,
        393.0,
        393.0,
        393.0,
        393.0,
        393.0,
        393.0,
        393.0,
        393.0,
        393.0,
        393.0,
        393.0,
        393.0,
        393.0,
        393.0,
        393.0,
        393.0,
        393.0,
        393.0,
        393.0,
        393.0,
        393.0,
        393.0,
        393.0,
        393.0,
        393.0,
        393.0,
        393.0,
        393.0,
        393.0,
        393.0,
        393.0,
        393.0,
        393.0,
        393.0,
        393.0,
        393.0,
        393.0,
        393.0,
        393.0,
        393.0,
        393.0,
        393.0,
        393.0,
        393.0
    ]
}