{
    "training_time": [
        2.7785606384277344,
        215.4413342475891,
        572.4842524528503,
        1030.6540105342865,
        1392.8496062755585,
        1742.4139606952667
    ],
    "cpu_usage": [
        43.1,
        43.0,
        45.9,
        43.3,
        43.5,
        43.5
    ],
    "memory_usage": [
        3.581634709580925,
        5.423710378467472,
        5.4305513824610925,
        5.441477302508459,
        5.44981939011219,
        5.457718535011299
    ],
    "gpu_usage": [
        0.0,
        2.0,
        2.0,
        2.0,
        2.0,
        2.0
    ],
    "gpu_memory": [
        347.0,
        393.0,
        393.0,
        393.0,
        393.0,
        393.0
    ]
}