{
    "training_time": [
        2.7785606384277344,
        215.4413342475891,
        572.4842524528503,
        1030.6540105342865,
        1392.8496062755585,
        1742.4139606952667,
        2016.2895498275757,
        2392.813215970993,
        2575.8970985412598,
        2804.4408144950867,
        3009.484483242035,
        3165.573182821274,
        3420.5226531028748,
        3590.302617788315,
        3768.3190133571625,
        3964.6745014190674,
        4166.773928165436,
        4333.563832521439,
        4459.653869628906,
        4631.881061077118,
        4855.4955286979675
    ],
    "cpu_usage": [
        43.1,
        43.0,
        45.9,
        43.3,
        43.5,
        43.5,
        43.2,
        43.5,
        44.1,
        43.1,
        44.0,
        43.5,
        44.0,
        43.0,
        44.0,
        44.8,
        43.3,
        43.6,
        42.5,
        44.9,
        45.3
    ],
    "memory_usage": [
        3.581634709580925,
        5.423710378467472,
        5.4305513824610925,
        5.441477302508459,
        5.44981939011219,
        5.457718535011299,
        5.46323071089105,
        5.471375935070506,
        5.475534674908354,
        5.481465185564694,
        5.486116083963235,
        5.491923554979402,
        5.494901114271589,
        5.498887598613195,
        5.502947906738906,
        5.507180470360859,
        5.512766470024713,
        5.515178046972105,
        5.518475509328742,
        5.521822187541449,
        5.52711289206889
    ],
    "gpu_usage": [
        0.0,
        2.0,
        2.0,
        2.0,
        2.0,
        2.0,
        3.0,
        3.0,
        3.0,
        2.0,
        3.0,
        2.0,
        2.0,
        2.0,
        2.0,
        2.0,
        2.0,
        2.0,
        2.0,
        3.0,
        2.0
    ],
    "gpu_memory": [
        347.0,
        393.0,
        393.0,
        393.0,
        393.0,
        393.0,
        393.0,
        393.0,
        393.0,
        393.0,
        393.0,
        393.0,
        393.0,
        393.0,
        393.0,
        393.0,
        393.0,
        393.0,
        393.0,
        393.0,
        393.0
    ]
}