{"episodes": [0, 1, 2, 3, 4, 5, 6, 7, 8, 9, 10, 11, 12, 13, 14, 15, 16, 17, 18, 19, 20, 21, 22, 23, 24, 25, 26, 27, 28, 29, 30, 31, 32, 33, 34, 35, 36, 37, 38, 39, 40, 41, 42, 43, 44, 45, 46, 47, 48, 49], "rewards": [-51.66580731358945, -4.825083803841025, 47.293531442436034, 44.34411664345524, -63.59662144875306, -85.20665459108328, -68.94017334647293, -93.77543767146918, -109.59053098012942, -85.83484378506382, -132.81322814038438, -75.9408337991587, -63.74415125950122, -48.93625560281733, -84.7302696959376, -83.68860515281388, -79.75812395715501, -43.61137426715547, -84.9739636192446, -86.16021469513295, -61.82673048870589, 20.722356372462258, -72.55267893757114, -85.94919038485757, -53.59904352970091, -79.80012382323912, -63.95569799280429, -77.30890895941869, -46.59475851124022, -59.267790404792954, -1.3060999523080739, -72.09502363470507, -46.325197911637225, -49.5837253828768, 17.399159320195906, 95.7087808754311, -69.5629388058596, -51.71727262742555, -73.63495245534241, -71.69513421925137, -79.93082775947579, 118.97877882475518, -117.15786917458468, -71.62428446570746, -40.7051716393358, -41.441630214925375, -49.913989619678176, -74.28774490087841, -80.98042032874244, -35.16448826234624], "avg_rewards": [-51.66580731358945, -28.245445558715236, -3.0657865583314794, 8.7866892421152, -5.689972896058452, -18.94275317856259, -26.085241773978357, -34.546516261164705, -42.88474011882745, -47.17975048545109, -54.96461209044502, -56.71263056617116, -57.25351677335039, -56.65942668974089, -58.53081622348734, -60.10317803157025, -61.25935132131053, -60.27890815163525, -61.578647913088375, -62.807726252190605, -62.76101216821514, -58.96631359818435, -59.55702513467943, -60.65669868677018, -60.3743924804874, -61.121535993670165, -61.226504956601055, -61.80087652813025, -61.276527630996114, -61.209569723456006, -59.27719973083834, -59.67775672783418, -59.27313373340397, -58.988151134859045, -56.80565655042891, -52.569144399710574, -53.028436140417305, -52.99393183744384, -53.523188776364314, -53.977487412436496, -54.610495713583795, -50.47741774838524, -52.02812592108755, -52.47349316073801, -52.21197490470685, -51.977836976668115, -51.93392533077471, -52.399629905151876, -52.98291134236802, -52.62654288076758], "steps": [48, 83, 113, 94, 34, 45, 45, 35, 43, 43, 49, 59, 35, 46, 39, 64, 44, 44, 41, 42, 45, 83, 46, 41, 43, 42, 34, 42, 41, 42, 125, 44, 103, 41, 84, 129, 50, 44, 47, 55, 56, 140, 45, 64, 69, 57, 70, 53, 65, 67], "losses": [0, 107.06348164876302, 96.3750311758666, 80.80582801585501, 108.99832115453832, 126.24926959143744, 104.73665635850695, 121.37936665671212, 120.89745557030966, 146.1656505229861, 127.58349955811792, 132.35245588270286, 123.15541131155831, 131.92531838624373, 134.03291959028977, 151.0620485842228, 152.7139758196744, 147.60316361080515, 155.00459819886743, 110.7694012778146, 157.94204875098333, 131.28421183666552, 144.66200181712276, 133.3618765109923, 159.30062724268714, 123.2883084160941, 140.03862829769358, 133.25859814598448, 124.35794020862114, 142.32194232940674, 122.66862718200683, 130.10240494121206, 115.04112754747706, 118.31987995054664, 124.15247933069865, 113.6039201455523, 107.0791258239746, 113.72266669706865, 120.2665600878127, 118.09239831404253, 103.51745513507298, 109.10099966866629, 110.73755463494194, 108.56415992975235, 113.38317959550498, 113.13373003507915, 100.53758877345494, 105.54529222452416, 116.69133611825796, 123.13861801375204]}