{
    "episode": 1150,
    "best_reward": 4087.1912804683857,
    "best_success_rate": 0.8,
    "recent_rewards": [
        1561.0679909188368,
        1399.8914550571196,
        3015.872163009688,
        2448.4479978547433,
        1576.432507562468,
        1254.4190815130519,
        2331.1234280381527,
        1442.3359578198895,
        399.9,
        2883.1808036028083,
        1460.4554893076413,
        2093.5335523133217,
        2426.9984691581817,
        1683.9342596313963,
        1893.049264527176,
        2438.2855874483016,
        1677.4955135233254,
        1336.3341127543504,
        399.9,
        2121.111531308539,
        1352.6644455170444,
        2228.5879015584633,
        2694.6710752384765,
        3205.3107760735993,
        1829.2948394808432,
        2598.1061719766185,
        1251.1190878518646,
        1519.8751275321433,
        2347.201946162657,
        1578.913738661893,
        3531.4125825948495,
        399.9,
        2295.8576096514817,
        3310.3888978973005,
        1879.3696687124902,
        399.9,
        3460.4525404636797,
        1763.0651068529492,
        2716.6205473337604,
        2690.1957482407956,
        679.7616781199233,
        399.9,
        2145.8694821211593,
        1504.9961621400562,
        2346.1696517258306,
        2950.1051193070375,
        1438.670673343547,
        2878.5596865075695,
        2443.2572458001055,
        1518.9043285116418,
        1245.6061896963815,
        1609.4503439909117,
        1599.589227871106,
        3338.5161899282793,
        928.0213975839445,
        2706.2242790348487,
        1353.1792409171092,
        1727.122605523258,
        2032.0494851806782,
        2524.3661121912155,
        2437.0302197586775,
        3324.5936904867563,
        2197.2803629880896,
        1207.7436483802107,
        2143.856612814284,
        1625.2970800980156,
        1345.2667856172047,
        1380.6335496803638,
        841.7511818816482,
        2019.786189083682,
        1761.7787735873048,
        919.6724420720623,
        2932.8479181734774,
        1247.9734659783426,
        2940.595462713076,
        1394.7086188675162,
        2360.1179617594307,
        2664.961095260228,
        1524.866435381053,
        2453.782284218909,
        399.9,
        2413.897183863391,
        2906.8941328029546,
        2155.618247597521,
        1491.6048718800325,
        2463.271941293059,
        2563.007259933317,
        1327.1062533171528,
        2657.3975115209105,
        1834.5896772447463,
        2104.618231694809,
        1442.8574066574638,
        1501.708476247837,
        2381.488109509144,
        2330.7794693859814,
        1901.3939675055012,
        2431.864741993704,
        3024.290573771374,
        866.7018442581243,
        1901.9719382970147
    ],
    "recent_successes": [
        0,
        0,
        1,
        1,
        0,
        0,
        1,
        0,
        1,
        1,
        0,
        0,
        1,
        0,
        0,
        1,
        0,
        0,
        1,
        1,
        0,
        1,
        1,
        1,
        0,
        1,
        0,
        0,
        1,
        0,
        1,
        1,
        1,
        1,
        0,
        1,
        1,
        0,
        1,
        1,
        1,
        1,
        1,
        0,
        0,
        1,
        0,
        1,
        1,
        0,
        1,
        0,
        0,
        1,
        1,
        1,
        0,
        0,
        1,
        1,
        1,
        1,
        1,
        0,
        1,
        0,
        0,
        0,
        1,
        1,
        0,
        1,
        1,
        0,
        1,
        0,
        1,
        1,
        0,
        1,
        1,
        1,
        1,
        1,
        0,
        1,
        1,
        0,
        1,
        1,
        0,
        0,
        0,
        1,
        1,
        0,
        1,
        1,
        1,
        1
    ],
    "recent_collisions": [
        1,
        1,
        0,
        0,
        1,
        1,
        0,
        1,
        0,
        0,
        1,
        1,
        0,
        1,
        1,
        0,
        1,
        1,
        0,
        0,
        1,
        0,
        0,
        0,
        1,
        0,
        1,
        1,
        0,
        1,
        0,
        0,
        0,
        0,
        1,
        0,
        0,
        1,
        0,
        0,
        0,
        0,
        0,
        1,
        1,
        0,
        1,
        0,
        0,
        1,
        0,
        1,
        1,
        0,
        0,
        0,
        1,
        1,
        0,
        0,
        0,
        0,
        0,
        1,
        0,
        1,
        1,
        1,
        0,
        0,
        1,
        0,
        0,
        1,
        0,
        1,
        0,
        0,
        1,
        0,
        0,
        0,
        0,
        0,
        1,
        0,
        0,
        1,
        0,
        0,
        1,
        1,
        1,
        0,
        0,
        1,
        0,
        0,
        0,
        0
    ],
    "recent_steps": [
        78,
        87,
        97,
        74,
        79,
        63,
        92,
        50,
        1,
        88,
        57,
        89,
        74,
        57,
        82,
        78,
        52,
        70,
        1,
        60,
        73,
        68,
        105,
        100,
        107,
        86,
        75,
        56,
        91,
        50,
        111,
        1,
        90,
        100,
        84,
        1,
        105,
        64,
        84,
        101,
        23,
        1,
        66,
        80,
        98,
        88,
        79,
        90,
        68,
        77,
        30,
        56,
        49,
        128,
        22,
        83,
        62,
        58,
        55,
        99,
        67,
        118,
        63,
        56,
        55,
        55,
        80,
        49,
        15,
        55,
        63,
        50,
        119,
        74,
        116,
        51,
        72,
        77,
        81,
        80,
        1,
        66,
        89,
        91,
        84,
        78,
        73,
        66,
        73,
        44,
        80,
        80,
        82,
        75,
        66,
        78,
        78,
        116,
        19,
        80
    ],
    "params": {
        "max_episodes": 2000,
        "max_steps": 500,
        "batch_size": 64,
        "learning_rate": 2e-05,
        "gamma": 0.99,
        "initial_epsilon": 0.2,
        "epsilon_decay": 0.997,
        "min_epsilon": 0.05,
        "memory_size": 200000,
        "target_update_freq": 10,
        "checkpoint_freq": 50,
        "resource_monitor_freq": 10
    },
    "resource_summary": "Training Time: 4:02:31\nAvg CPU Usage: 41.8%\nAvg Memory Usage: 5.6%\nAvg GPU Usage: 2.0%\nAvg GPU Memory: 368.6MB"
}