{
    "episode": 1950,
    "best_reward": 4087.1912804683857,
    "best_success_rate": 0.9,
    "recent_rewards": [
        2921.540157535994,
        2829.6915786796785,
        1506.1956520481076,
        2945.5678507703597,
        3749.48021131614,
        1567.9419436401445,
        1441.0344684567615,
        1472.3409486510761,
        3944.2133361908222,
        2545.5202382588027,
        3966.8349478650043,
        816.552586484999,
        1612.3669758875474,
        1340.3135677832634,
        2456.8958666204426,
        2155.686763171454,
        3829.7185270197483,
        2205.1941492262085,
        2731.7100941671697,
        3327.1676290422633,
        1928.6852981223483,
        1018.6110461202876,
        2162.1041625746375,
        2220.598854301198,
        682.7918106413574,
        1833.986811267825,
        2456.7763941825365,
        399.9,
        3258.7435155052976,
        2243.073760323598,
        2700.3073414008127,
        2286.0075951414647,
        1562.0653058391586,
        3748.170495438512,
        3204.1631021109006,
        1764.467935725964,
        2219.7680816560414,
        3376.7176571847444,
        428.47332283509263,
        2492.7951522966264,
        2695.856358139868,
        794.6167584581133,
        567.2400230132839,
        1513.9159153378832,
        3565.073378301823,
        2141.294608301211,
        2588.6468819021507,
        447.2279875083192,
        2694.269245585238,
        3597.603609154939,
        929.1291945011722,
        3508.2546542034006,
        779.3382772926213,
        2907.332906962272,
        3350.301117407802,
        2823.5029278208194,
        3569.2497787446296,
        251.94580041632943,
        3494.3508049883535,
        2946.4489677499796,
        766.9059982057177,
        1966.7094915329703,
        2016.4555481337457,
        2924.328281689842,
        2333.9286781053056,
        1004.3722888643367,
        3049.410490232338,
        3235.8202991221638,
        2243.8567399276058,
        2455.9150843788448,
        2738.1027073117853,
        503.37154924092704,
        3018.5105731286662,
        2135.846683690934,
        1956.0606137445911,
        2881.664933845322,
        2075.1274858440256,
        2976.3853775967523,
        2286.809655276041,
        3287.973741911131,
        2843.1639075057433,
        2850.454136089291,
        2693.993420945072,
        961.3387812381095,
        3394.3140257862165,
        1882.3320066851875,
        2566.0235910236056,
        442.77647721342345,
        1912.593546556262,
        1290.7197566915252,
        2612.8590378702847,
        2810.7901224295956,
        2964.761312015182,
        563.9665598127733,
        3359.6630964220703,
        3044.327255503899,
        1892.915540262799,
        796.2210525053277,
        3427.269367416737,
        1624.1305242415883
    ],
    "recent_successes": [
        1,
        1,
        0,
        0,
        1,
        0,
        0,
        0,
        1,
        1,
        1,
        1,
        0,
        0,
        0,
        1,
        1,
        1,
        1,
        1,
        0,
        0,
        1,
        1,
        1,
        1,
        1,
        1,
        1,
        1,
        1,
        1,
        0,
        1,
        1,
        0,
        1,
        1,
        1,
        1,
        1,
        1,
        1,
        0,
        1,
        1,
        1,
        1,
        1,
        1,
        0,
        1,
        1,
        1,
        1,
        0,
        1,
        1,
        1,
        1,
        0,
        1,
        1,
        0,
        1,
        0,
        1,
        0,
        1,
        1,
        1,
        1,
        1,
        1,
        1,
        1,
        1,
        1,
        1,
        1,
        0,
        0,
        1,
        0,
        0,
        0,
        1,
        1,
        1,
        0,
        1,
        1,
        0,
        1,
        1,
        1,
        0,
        0,
        1,
        0
    ],
    "recent_collisions": [
        0,
        0,
        1,
        1,
        0,
        1,
        1,
        1,
        0,
        0,
        0,
        0,
        1,
        1,
        1,
        0,
        0,
        0,
        0,
        0,
        1,
        1,
        0,
        0,
        0,
        0,
        0,
        0,
        0,
        0,
        0,
        0,
        1,
        0,
        0,
        1,
        0,
        0,
        0,
        0,
        0,
        0,
        0,
        1,
        0,
        0,
        0,
        0,
        0,
        0,
        1,
        0,
        0,
        0,
        0,
        1,
        0,
        0,
        0,
        0,
        1,
        0,
        0,
        1,
        0,
        1,
        0,
        1,
        0,
        0,
        0,
        0,
        0,
        0,
        0,
        0,
        0,
        0,
        0,
        0,
        1,
        1,
        0,
        1,
        1,
        1,
        0,
        0,
        0,
        1,
        0,
        0,
        1,
        0,
        0,
        0,
        1,
        1,
        0,
        1
    ],
    "recent_steps": [
        84,
        106,
        89,
        163,
        115,
        53,
        83,
        81,
        135,
        71,
        146,
        34,
        72,
        64,
        99,
        61,
        162,
        60,
        73,
        130,
        105,
        67,
        54,
        66,
        30,
        74,
        71,
        1,
        130,
        90,
        79,
        63,
        85,
        148,
        121,
        97,
        86,
        105,
        35,
        71,
        74,
        42,
        19,
        85,
        142,
        62,
        75,
        27,
        77,
        125,
        57,
        133,
        14,
        106,
        112,
        138,
        125,
        33,
        149,
        106,
        59,
        89,
        49,
        164,
        72,
        56,
        84,
        147,
        88,
        71,
        100,
        36,
        90,
        87,
        54,
        135,
        88,
        86,
        63,
        124,
        144,
        120,
        71,
        53,
        150,
        103,
        80,
        4,
        53,
        47,
        95,
        78,
        134,
        34,
        113,
        118,
        110,
        57,
        126,
        89
    ],
    "params": {
        "max_episodes": 2000,
        "max_steps": 500,
        "batch_size": 64,
        "learning_rate": 2e-05,
        "gamma": 0.99,
        "initial_epsilon": 0.2,
        "epsilon_decay": 0.997,
        "min_epsilon": 0.05,
        "memory_size": 200000,
        "target_update_freq": 10,
        "checkpoint_freq": 50,
        "resource_monitor_freq": 10
    },
    "resource_summary": "Training Time: 6:38:46\nAvg CPU Usage: 41.7%\nAvg Memory Usage: 5.7%\nAvg GPU Usage: 2.0%\nAvg GPU Memory: 368.8MB"
}