{
    "episode": 850,
    "best_reward": 4087.1912804683857,
    "best_success_rate": 0.8,
    "recent_rewards": [
        693.6540097840883,
        1078.242320058904,
        1566.6976531941664,
        2014.3211282599832,
        3270.346063304718,
        399.9,
        1109.949380457332,
        2851.0200907465314,
        3686.393817006353,
        2735.8006332881564,
        3437.819750888186,
        1577.8589525179793,
        1923.3614202755803,
        1221.5142696530725,
        1436.4474518746063,
        1201.198699208211,
        1475.7538065971496,
        3294.179451869495,
        1707.991993809647,
        3266.65176551676,
        2358.15976035907,
        2122.0430494463812,
        1719.4776354357007,
        1937.6194195672028,
        728.3038289691286,
        1893.1811749396675,
        2750.771231001249,
        1547.6782226220416,
        1169.7045355001724,
        1425.8762274766752,
        2148.6324131280376,
        1955.3401066389254,
        1614.191892145053,
        1163.7528012712044,
        1904.727616398574,
        2539.845568712332,
        2351.125004467254,
        771.7840377951852,
        1638.7768164021113,
        1580.902491580559,
        2964.2685346046646,
        2473.795695074418,
        1730.0318496543766,
        1355.1450680655978,
        1470.2321488192058,
        2714.896780042942,
        1654.9178237603644,
        3282.6754632261595,
        1918.5579611136259,
        1541.433507690358,
        1918.1620472755978,
        1583.0687169909477,
        1130.711652405457,
        2087.0946377452638,
        3048.786928334357,
        3493.8058034007695,
        595.7628747829265,
        1347.4013554759765,
        2199.516612439164,
        2893.8452646297287,
        2628.1081470681233,
        2098.1059312333373,
        2478.3864101824674,
        2723.040939699367,
        1659.3467543681468,
        2806.501788976041,
        538.4692445904625,
        1566.9914353552567,
        2031.4792826913042,
        502.75025349138417,
        2572.198986647701,
        2673.4189794770186,
        1407.4942074306725,
        2276.0810602064626,
        3043.0163346416102,
        1718.346198552787,
        1308.3546811891547,
        1792.4954113294289,
        1230.6814807848718,
        1359.5347673859449,
        1654.8903460470553,
        2815.2122009641234,
        2291.4613590288154,
        3258.933898988545,
        1219.6112331630993,
        786.2977211784248,
        1595.5534054440795,
        2509.3482932046754,
        1123.4557001364542,
        3168.0371717454655,
        399.9,
        1443.6033455453921,
        2043.253546920882,
        3634.8497688466095,
        1764.9266850441568,
        1641.005471486305,
        1197.0367032688814,
        2233.9358392234444,
        2527.2640655176097,
        2171.792099790826
    ],
    "recent_successes": [
        1,
        0,
        0,
        1,
        1,
        1,
        0,
        1,
        1,
        1,
        1,
        0,
        1,
        0,
        0,
        0,
        0,
        1,
        0,
        1,
        1,
        1,
        0,
        1,
        1,
        0,
        1,
        0,
        0,
        0,
        1,
        1,
        0,
        1,
        1,
        1,
        1,
        1,
        0,
        0,
        1,
        1,
        0,
        0,
        0,
        1,
        0,
        1,
        1,
        0,
        0,
        0,
        0,
        0,
        1,
        1,
        1,
        0,
        1,
        1,
        1,
        1,
        1,
        1,
        0,
        1,
        1,
        0,
        0,
        1,
        1,
        1,
        0,
        1,
        1,
        0,
        0,
        0,
        0,
        0,
        0,
        1,
        1,
        1,
        0,
        1,
        0,
        1,
        0,
        1,
        1,
        0,
        1,
        1,
        0,
        1,
        0,
        1,
        1,
        1
    ],
    "recent_collisions": [
        0,
        1,
        1,
        0,
        0,
        0,
        1,
        0,
        0,
        0,
        0,
        1,
        0,
        1,
        1,
        1,
        1,
        0,
        1,
        0,
        0,
        0,
        1,
        0,
        0,
        1,
        0,
        1,
        1,
        1,
        0,
        0,
        1,
        0,
        0,
        0,
        0,
        0,
        1,
        1,
        0,
        0,
        1,
        1,
        1,
        0,
        1,
        0,
        0,
        1,
        1,
        1,
        1,
        1,
        0,
        0,
        0,
        1,
        0,
        0,
        0,
        0,
        0,
        0,
        1,
        0,
        0,
        1,
        1,
        0,
        0,
        0,
        1,
        0,
        0,
        1,
        1,
        1,
        1,
        1,
        1,
        0,
        0,
        0,
        1,
        0,
        1,
        0,
        1,
        0,
        0,
        1,
        0,
        0,
        1,
        0,
        1,
        0,
        0,
        0
    ],
    "recent_steps": [
        44,
        62,
        49,
        82,
        101,
        1,
        64,
        87,
        134,
        103,
        102,
        57,
        81,
        70,
        67,
        50,
        82,
        96,
        64,
        121,
        70,
        92,
        80,
        47,
        25,
        88,
        98,
        53,
        53,
        74,
        57,
        67,
        55,
        29,
        47,
        100,
        86,
        22,
        83,
        53,
        87,
        67,
        81,
        78,
        80,
        70,
        78,
        104,
        54,
        53,
        89,
        53,
        45,
        90,
        97,
        146,
        11,
        72,
        92,
        112,
        79,
        53,
        72,
        106,
        76,
        108,
        7,
        53,
        72,
        41,
        72,
        75,
        48,
        76,
        89,
        86,
        52,
        66,
        77,
        73,
        77,
        82,
        74,
        103,
        65,
        45,
        62,
        72,
        64,
        94,
        1,
        52,
        88,
        121,
        65,
        69,
        61,
        90,
        79,
        93
    ],
    "params": {
        "max_episodes": 2000,
        "max_steps": 500,
        "batch_size": 64,
        "learning_rate": 2e-05,
        "gamma": 0.99,
        "initial_epsilon": 0.2,
        "epsilon_decay": 0.997,
        "min_epsilon": 0.05,
        "memory_size": 200000,
        "target_update_freq": 10,
        "checkpoint_freq": 50,
        "resource_monitor_freq": 10
    },
    "resource_summary": "Training Time: 3:11:17\nAvg CPU Usage: 41.8%\nAvg Memory Usage: 5.5%\nAvg GPU Usage: 2.0%\nAvg GPU Memory: 368.5MB"
}