{
    "episode": 1200,
    "best_reward": 4087.1912804683857,
    "best_success_rate": 0.8,
    "recent_rewards": [
        1245.6061896963815,
        1609.4503439909117,
        1599.589227871106,
        3338.5161899282793,
        928.0213975839445,
        2706.2242790348487,
        1353.1792409171092,
        1727.122605523258,
        2032.0494851806782,
        2524.3661121912155,
        2437.0302197586775,
        3324.5936904867563,
        2197.2803629880896,
        1207.7436483802107,
        2143.856612814284,
        1625.2970800980156,
        1345.2667856172047,
        1380.6335496803638,
        841.7511818816482,
        2019.786189083682,
        1761.7787735873048,
        919.6724420720623,
        2932.8479181734774,
        1247.9734659783426,
        2940.595462713076,
        1394.7086188675162,
        2360.1179617594307,
        2664.961095260228,
        1524.866435381053,
        2453.782284218909,
        399.9,
        2413.897183863391,
        2906.8941328029546,
        2155.618247597521,
        1491.6048718800325,
        2463.271941293059,
        2563.007259933317,
        1327.1062533171528,
        2657.3975115209105,
        1834.5896772447463,
        2104.618231694809,
        1442.8574066574638,
        1501.708476247837,
        2381.488109509144,
        2330.7794693859814,
        1901.3939675055012,
        2431.864741993704,
        3024.290573771374,
        866.7018442581243,
        1901.9719382970147,
        1856.8817057540402,
        912.5101874817815,
        2973.256933165336,
        1991.170743501645,
        765.4251852670723,
        2790.878541904387,
        1555.4041196389076,
        2598.3484500623035,
        1610.5482656828278,
        668.3879819723048,
        2879.0421424114,
        1380.9716342813535,
        1770.295029431973,
        515.0921416403783,
        1814.634789073063,
        3163.6887878080192,
        1306.0138867431867,
        1491.4775564972622,
        1508.1036119090286,
        1895.57094629416,
        1883.0854971688689,
        1930.4187719515476,
        2906.7629913111596,
        2116.655650662998,
        1620.4752880420856,
        1405.0416018609767,
        2319.3741385341355,
        1929.665240594656,
        949.8170539513221,
        1909.419516305932,
        1405.6218623405143,
        2236.053512483742,
        1107.94569893872,
        2031.3344018399343,
        1599.3181960203233,
        2620.3768755118263,
        2900.1429908156615,
        1339.3477432851305,
        3305.2508137938344,
        2646.7508679821785,
        1258.1363372816277,
        3035.487274082877,
        1511.4473924951599,
        1049.7684618131004,
        363.54084028664886,
        3050.762132909678,
        399.9,
        561.408340129404,
        2677.5781310478437,
        2585.579186392715
    ],
    "recent_successes": [
        1,
        0,
        0,
        1,
        1,
        1,
        0,
        0,
        1,
        1,
        1,
        1,
        1,
        0,
        1,
        0,
        0,
        0,
        1,
        1,
        0,
        1,
        1,
        0,
        1,
        0,
        1,
        1,
        0,
        1,
        1,
        1,
        1,
        1,
        0,
        1,
        1,
        0,
        1,
        1,
        0,
        0,
        0,
        1,
        1,
        0,
        1,
        1,
        1,
        1,
        0,
        1,
        1,
        0,
        1,
        1,
        0,
        1,
        0,
        1,
        1,
        0,
        0,
        1,
        0,
        1,
        0,
        0,
        0,
        1,
        0,
        1,
        0,
        0,
        0,
        0,
        1,
        0,
        1,
        0,
        0,
        1,
        0,
        1,
        0,
        1,
        1,
        0,
        1,
        1,
        0,
        1,
        0,
        0,
        1,
        1,
        1,
        1,
        1,
        1
    ],
    "recent_collisions": [
        0,
        1,
        1,
        0,
        0,
        0,
        1,
        1,
        0,
        0,
        0,
        0,
        0,
        1,
        0,
        1,
        1,
        1,
        0,
        0,
        1,
        0,
        0,
        1,
        0,
        1,
        0,
        0,
        1,
        0,
        0,
        0,
        0,
        0,
        1,
        0,
        0,
        1,
        0,
        0,
        1,
        1,
        1,
        0,
        0,
        1,
        0,
        0,
        0,
        0,
        1,
        0,
        0,
        1,
        0,
        0,
        1,
        0,
        1,
        0,
        0,
        1,
        1,
        0,
        1,
        0,
        1,
        1,
        1,
        0,
        1,
        0,
        1,
        1,
        1,
        1,
        0,
        1,
        0,
        1,
        1,
        0,
        1,
        0,
        1,
        0,
        0,
        1,
        0,
        0,
        1,
        0,
        1,
        1,
        0,
        0,
        0,
        0,
        0,
        0
    ],
    "recent_steps": [
        30,
        56,
        49,
        128,
        22,
        83,
        62,
        58,
        55,
        99,
        67,
        118,
        63,
        56,
        55,
        55,
        80,
        49,
        15,
        55,
        63,
        50,
        119,
        74,
        116,
        51,
        72,
        77,
        81,
        80,
        1,
        66,
        89,
        91,
        84,
        78,
        73,
        66,
        73,
        44,
        80,
        80,
        82,
        75,
        66,
        78,
        78,
        116,
        19,
        80,
        70,
        21,
        82,
        104,
        17,
        81,
        48,
        85,
        99,
        14,
        85,
        56,
        89,
        9,
        97,
        96,
        47,
        77,
        74,
        80,
        92,
        66,
        119,
        101,
        56,
        69,
        88,
        77,
        22,
        94,
        86,
        86,
        76,
        51,
        78,
        79,
        109,
        47,
        96,
        105,
        83,
        96,
        81,
        47,
        26,
        87,
        1,
        8,
        76,
        77
    ],
    "params": {
        "max_episodes": 2000,
        "max_steps": 500,
        "batch_size": 64,
        "learning_rate": 2e-05,
        "gamma": 0.99,
        "initial_epsilon": 0.2,
        "epsilon_decay": 0.997,
        "min_epsilon": 0.05,
        "memory_size": 200000,
        "target_update_freq": 10,
        "checkpoint_freq": 50,
        "resource_monitor_freq": 10
    },
    "resource_summary": "Training Time: 4:11:20\nAvg CPU Usage: 41.7%\nAvg Memory Usage: 5.6%\nAvg GPU Usage: 2.0%\nAvg GPU Memory: 368.6MB"
}