{
    "episode": 100,
    "best_reward": 3595.3810218091403,
    "best_success_rate": 0.8,
    "recent_rewards": [
        -1427.1900687902998,
        399.9,
        674.3867141194833,
        399.9,
        2559.651344956742,
        2050.3197820858986,
        2314.341272837384,
        1220.7905050688732,
        1781.3718397835878,
        632.7616621802163,
        1978.6356633329272,
        2802.94613233328,
        2668.071068896549,
        1997.303450813543,
        2751.074018611197,
        1712.3561124969547,
        -469.1697275285835,
        399.9,
        246.53317526610144,
        1223.081796730145,
        2029.7314412861747,
        1446.4335054392157,
        2351.212716274739,
        1736.4621059061008,
        1841.9767400138612,
        399.9,
        2924.174723742783,
        3362.1690319803347,
        376.0242908585074,
        2711.6021126954965,
        403.4479908817848,
        1870.0665009177987,
        3328.732848828156,
        512.0840358467078,
        2488.776783580309,
        3595.3810218091403,
        136.58949107739858,
        3560.3507245067944,
        2059.2118681597694,
        2985.5709403369638,
        1875.9059170815606,
        2481.8860056183125,
        2946.5640814142566,
        2450.631818372618,
        2410.636115897366,
        2291.2935976331983,
        2704.273178661075,
        340.94154273375153,
        1854.798441556119,
        2023.7786013291532,
        1756.7762525916369,
        2856.5371146076536,
        2424.283160739937,
        2395.542531103309,
        2408.925787592953,
        3022.095385297672,
        1656.3134791492316,
        2568.006751136855,
        2146.5406757113647,
        521.9402907344738,
        2856.4772520763704,
        517.1557999487245,
        2189.9944428679905,
        2088.1068115379317,
        2665.14857442876,
        2523.557365237998,
        1235.8672292987321,
        956.0228482651438,
        2272.602269908618,
        -248.4164344487866,
        1756.7478663058855,
        2016.0366654318932,
        206.95704221288585,
        1626.2205285815667,
        1237.6897870385105,
        2065.0462464367156,
        399.18062702961686,
        2063.7212801102014,
        1927.9091196444003,
        -97.8807079504476,
        935.767367477863,
        2943.2612943306794,
        671.6082228623022,
        2265.165132699016,
        2019.6089022232238,
        399.9,
        115.09092690164613,
        -20.180366557093947,
        3153.07378590267,
        3062.157076972359,
        871.6592467429593,
        3327.838450812731,
        587.3980983695185,
        2558.1519793177517,
        -32.43154704779454,
        243.14571238009944,
        2210.3010945765227,
        399.9,
        751.9416524042298,
        2596.784656765522
    ],
    "recent_successes": [
        0,
        1,
        0,
        1,
        0,
        0,
        1,
        0,
        0,
        1,
        1,
        1,
        1,
        0,
        1,
        1,
        0,
        1,
        1,
        0,
        1,
        0,
        1,
        0,
        0,
        1,
        1,
        1,
        1,
        1,
        1,
        0,
        1,
        1,
        1,
        0,
        0,
        1,
        1,
        1,
        1,
        1,
        1,
        1,
        0,
        1,
        1,
        0,
        0,
        0,
        0,
        1,
        1,
        1,
        0,
        1,
        0,
        1,
        1,
        1,
        1,
        1,
        1,
        1,
        1,
        1,
        0,
        0,
        1,
        0,
        0,
        0,
        1,
        0,
        0,
        1,
        0,
        1,
        0,
        0,
        1,
        1,
        1,
        0,
        1,
        1,
        0,
        0,
        1,
        0,
        1,
        0,
        1,
        1,
        0,
        0,
        1,
        1,
        1,
        1
    ],
    "recent_collisions": [
        1,
        0,
        1,
        0,
        1,
        1,
        0,
        1,
        1,
        0,
        0,
        0,
        0,
        1,
        0,
        0,
        1,
        0,
        0,
        1,
        0,
        1,
        0,
        1,
        1,
        0,
        0,
        0,
        0,
        0,
        0,
        1,
        0,
        0,
        0,
        1,
        1,
        0,
        0,
        0,
        0,
        0,
        0,
        0,
        1,
        0,
        0,
        1,
        1,
        1,
        1,
        0,
        0,
        0,
        1,
        0,
        1,
        0,
        0,
        0,
        0,
        0,
        0,
        0,
        0,
        0,
        1,
        1,
        0,
        0,
        1,
        1,
        0,
        1,
        1,
        0,
        1,
        0,
        0,
        0,
        0,
        0,
        0,
        1,
        0,
        0,
        1,
        1,
        0,
        1,
        0,
        1,
        0,
        0,
        0,
        1,
        0,
        0,
        0,
        0
    ],
    "recent_steps": [
        399,
        1,
        378,
        1,
        216,
        294,
        309,
        61,
        119,
        17,
        130,
        167,
        125,
        127,
        102,
        403,
        466,
        1,
        195,
        175,
        192,
        190,
        167,
        59,
        178,
        1,
        156,
        129,
        58,
        154,
        72,
        179,
        175,
        78,
        108,
        231,
        215,
        144,
        61,
        122,
        106,
        77,
        417,
        232,
        128,
        343,
        243,
        464,
        114,
        90,
        113,
        357,
        138,
        64,
        157,
        156,
        75,
        124,
        54,
        27,
        78,
        7,
        62,
        104,
        89,
        84,
        187,
        168,
        97,
        500,
        107,
        112,
        66,
        233,
        75,
        70,
        464,
        51,
        500,
        500,
        30,
        80,
        44,
        479,
        292,
        1,
        172,
        182,
        94,
        128,
        33,
        389,
        27,
        339,
        500,
        176,
        105,
        1,
        18,
        73
    ],
    "params": {
        "max_episodes": 2000,
        "max_steps": 500,
        "batch_size": 64,
        "learning_rate": 2e-05,
        "gamma": 0.99,
        "initial_epsilon": 0.2,
        "epsilon_decay": 0.997,
        "min_epsilon": 0.05,
        "memory_size": 200000,
        "target_update_freq": 10,
        "checkpoint_freq": 50,
        "resource_monitor_freq": 10
    },
    "resource_summary": "Training Time: 0:40:25\nAvg CPU Usage: 42.1%\nAvg Memory Usage: 5.3%\nAvg GPU Usage: 1.8%\nAvg GPU Memory: 364.8MB"
}