{
    "episode": 1050,
    "best_reward": 4087.1912804683857,
    "best_success_rate": 0.8,
    "recent_rewards": [
        1943.858210138198,
        707.190798163409,
        2227.3181725161185,
        2992.2218451306426,
        2686.936925102224,
        606.2646787269139,
        1435.3506752493035,
        1579.776715117095,
        2596.2818766010187,
        2214.0047980610425,
        609.0369747076021,
        1967.0009621548807,
        2420.915815200111,
        1696.535552399839,
        2001.392290864189,
        2382.9486749111275,
        3015.5984195746273,
        1502.8506309051952,
        399.9,
        2099.5387022887817,
        1861.940555046011,
        1115.9377599766121,
        2170.4265954417538,
        2850.854093461487,
        399.9,
        1497.1628464498522,
        1503.2540313950085,
        1880.5883168817306,
        1404.750855565926,
        632.5286458032407,
        1364.8372873879364,
        1504.965851973549,
        1360.5441976856516,
        1520.3383543636496,
        399.9,
        1497.2228390219093,
        2830.956424180449,
        1327.0423732956704,
        2650.5599077623015,
        1470.4365870786164,
        1755.2255332747795,
        399.9,
        414.57894678962685,
        1434.9163482400918,
        1484.315284555223,
        2289.7962844860645,
        2554.912013282916,
        2191.9862986191883,
        1163.0665342839818,
        1981.6462407971133,
        399.9,
        1673.7512986867869,
        2390.6631336409596,
        2594.797425961775,
        2694.852888707716,
        2487.833600194993,
        1474.922827065135,
        3133.723792384163,
        1753.1440839478732,
        617.4213546344524,
        1626.441471060369,
        1510.6429518649484,
        1644.3361158114617,
        2432.4356281756964,
        2016.174942183996,
        399.9,
        1545.9254051060907,
        2859.871296127037,
        1751.4556179269046,
        1749.6195356159267,
        822.8603551520243,
        2514.8328904463283,
        1668.6971084063894,
        1233.0304050817338,
        2360.394065433172,
        672.188708426992,
        2945.947377768032,
        2986.8101900503975,
        2772.526524533474,
        2618.9842646733023,
        1372.1642554278453,
        534.3758636320746,
        1685.6100604214182,
        2773.513771149641,
        2528.5792990223194,
        1148.8036431707383,
        635.3394192721671,
        379.90743605445965,
        746.3500711262759,
        2313.68941920456,
        1985.250982306574,
        1330.187781092219,
        1558.685174299888,
        2433.532398681664,
        1545.9700429006868,
        1746.3127046133873,
        399.9,
        2343.9730264999926,
        1288.8386356853382,
        3209.267503890282
    ],
    "recent_successes": [
        0,
        1,
        0,
        1,
        1,
        1,
        0,
        0,
        1,
        1,
        1,
        0,
        1,
        1,
        0,
        1,
        1,
        0,
        1,
        0,
        0,
        0,
        1,
        1,
        1,
        0,
        0,
        0,
        0,
        1,
        0,
        0,
        0,
        0,
        1,
        0,
        1,
        0,
        1,
        1,
        1,
        1,
        1,
        0,
        0,
        0,
        1,
        1,
        1,
        0,
        1,
        0,
        1,
        1,
        1,
        1,
        0,
        1,
        0,
        1,
        0,
        0,
        0,
        1,
        0,
        1,
        0,
        1,
        0,
        0,
        1,
        1,
        0,
        0,
        1,
        1,
        1,
        1,
        0,
        1,
        0,
        1,
        0,
        1,
        0,
        0,
        1,
        1,
        1,
        1,
        0,
        0,
        0,
        1,
        0,
        0,
        1,
        1,
        0,
        1
    ],
    "recent_collisions": [
        1,
        0,
        1,
        0,
        0,
        0,
        1,
        1,
        0,
        0,
        0,
        1,
        0,
        0,
        1,
        0,
        0,
        1,
        0,
        1,
        1,
        1,
        0,
        0,
        0,
        1,
        1,
        1,
        1,
        0,
        1,
        1,
        1,
        1,
        0,
        1,
        0,
        1,
        0,
        0,
        0,
        0,
        0,
        1,
        1,
        1,
        0,
        0,
        0,
        1,
        0,
        1,
        0,
        0,
        0,
        0,
        1,
        0,
        1,
        0,
        1,
        1,
        1,
        0,
        1,
        0,
        1,
        0,
        1,
        1,
        0,
        0,
        1,
        1,
        0,
        0,
        0,
        0,
        1,
        0,
        1,
        0,
        1,
        0,
        1,
        1,
        0,
        0,
        0,
        0,
        1,
        1,
        1,
        0,
        1,
        1,
        0,
        0,
        1,
        0
    ],
    "recent_steps": [
        69,
        13,
        105,
        101,
        99,
        15,
        51,
        60,
        93,
        61,
        10,
        103,
        88,
        75,
        73,
        69,
        116,
        84,
        1,
        95,
        62,
        65,
        76,
        82,
        1,
        68,
        84,
        61,
        77,
        19,
        74,
        75,
        73,
        74,
        1,
        81,
        105,
        47,
        83,
        65,
        74,
        1,
        2,
        53,
        54,
        101,
        101,
        92,
        29,
        73,
        1,
        60,
        102,
        83,
        86,
        97,
        82,
        98,
        75,
        21,
        55,
        75,
        73,
        83,
        81,
        1,
        58,
        89,
        98,
        76,
        22,
        76,
        101,
        77,
        97,
        10,
        113,
        87,
        104,
        97,
        55,
        6,
        95,
        81,
        103,
        64,
        39,
        38,
        25,
        62,
        73,
        53,
        74,
        93,
        78,
        69,
        1,
        92,
        59,
        98
    ],
    "params": {
        "max_episodes": 2000,
        "max_steps": 500,
        "batch_size": 64,
        "learning_rate": 2e-05,
        "gamma": 0.99,
        "initial_epsilon": 0.2,
        "epsilon_decay": 0.997,
        "min_epsilon": 0.05,
        "memory_size": 200000,
        "target_update_freq": 10,
        "checkpoint_freq": 50,
        "resource_monitor_freq": 10
    },
    "resource_summary": "Training Time: 3:44:53\nAvg CPU Usage: 41.8%\nAvg Memory Usage: 5.6%\nAvg GPU Usage: 2.0%\nAvg GPU Memory: 368.6MB"
}