{
    "episode": 2000,
    "best_reward": 4087.1912804683857,
    "best_success_rate": 0.9,
    "recent_rewards": [
        3597.603609154939,
        929.1291945011722,
        3508.2546542034006,
        779.3382772926213,
        2907.332906962272,
        3350.301117407802,
        2823.5029278208194,
        3569.2497787446296,
        251.94580041632943,
        3494.3508049883535,
        2946.4489677499796,
        766.9059982057177,
        1966.7094915329703,
        2016.4555481337457,
        2924.328281689842,
        2333.9286781053056,
        1004.3722888643367,
        3049.410490232338,
        3235.8202991221638,
        2243.8567399276058,
        2455.9150843788448,
        2738.1027073117853,
        503.37154924092704,
        3018.5105731286662,
        2135.846683690934,
        1956.0606137445911,
        2881.664933845322,
        2075.1274858440256,
        2976.3853775967523,
        2286.809655276041,
        3287.973741911131,
        2843.1639075057433,
        2850.454136089291,
        2693.993420945072,
        961.3387812381095,
        3394.3140257862165,
        1882.3320066851875,
        2566.0235910236056,
        442.77647721342345,
        1912.593546556262,
        1290.7197566915252,
        2612.8590378702847,
        2810.7901224295956,
        2964.761312015182,
        563.9665598127733,
        3359.6630964220703,
        3044.327255503899,
        1892.915540262799,
        796.2210525053277,
        3427.269367416737,
        1624.1305242415883,
        2591.1228073279785,
        681.7896919140312,
        2082.290842505775,
        2789.916623672693,
        3642.6494541012753,
        1905.4388906775175,
        963.268404938665,
        2343.8159562323704,
        2975.306773545715,
        1978.0157160682745,
        810.1195651804563,
        2078.878635013688,
        2619.5098585511932,
        2561.8070417970603,
        3581.771637948628,
        3456.20404104986,
        2117.037910939998,
        1199.5324581723662,
        3468.503768763183,
        2591.831236421388,
        3252.362579822057,
        1195.6730384133239,
        2864.3878237147164,
        2181.635627270628,
        1311.0587960831144,
        1433.7722228250725,
        926.748704735299,
        2745.5791253163366,
        762.5387915190561,
        3578.5405846446724,
        2907.544834929305,
        609.5609560383265,
        1497.3954501878914,
        1844.3569273806258,
        597.1446822565038,
        949.6638473538393,
        3394.256491171103,
        2809.4664255504117,
        414.2115717562418,
        1520.4984865054275,
        3308.225354676761,
        3397.651100400068,
        2300.5842611085914,
        3269.0143452450393,
        3907.477891047884,
        2340.1508387849112,
        2246.4366599408554,
        1514.2241604521687,
        413.96030264124204
    ],
    "recent_successes": [
        1,
        0,
        1,
        1,
        1,
        1,
        0,
        1,
        1,
        1,
        1,
        0,
        1,
        1,
        0,
        1,
        0,
        1,
        0,
        1,
        1,
        1,
        1,
        1,
        1,
        1,
        1,
        1,
        1,
        1,
        1,
        0,
        0,
        1,
        0,
        0,
        0,
        1,
        1,
        1,
        0,
        1,
        1,
        0,
        1,
        1,
        1,
        0,
        0,
        1,
        0,
        1,
        1,
        1,
        1,
        1,
        1,
        0,
        1,
        1,
        0,
        1,
        1,
        1,
        0,
        1,
        1,
        0,
        0,
        1,
        1,
        1,
        1,
        0,
        1,
        0,
        0,
        0,
        1,
        1,
        1,
        1,
        1,
        0,
        0,
        1,
        0,
        1,
        1,
        1,
        0,
        1,
        1,
        1,
        1,
        0,
        1,
        1,
        1,
        1
    ],
    "recent_collisions": [
        0,
        1,
        0,
        0,
        0,
        0,
        1,
        0,
        0,
        0,
        0,
        1,
        0,
        0,
        1,
        0,
        1,
        0,
        1,
        0,
        0,
        0,
        0,
        0,
        0,
        0,
        0,
        0,
        0,
        0,
        0,
        1,
        1,
        0,
        1,
        1,
        1,
        0,
        0,
        0,
        1,
        0,
        0,
        1,
        0,
        0,
        0,
        1,
        1,
        0,
        1,
        0,
        0,
        0,
        0,
        0,
        0,
        1,
        0,
        0,
        1,
        0,
        0,
        0,
        1,
        0,
        0,
        1,
        1,
        0,
        0,
        0,
        0,
        1,
        0,
        1,
        1,
        1,
        0,
        0,
        0,
        0,
        0,
        1,
        1,
        0,
        1,
        0,
        0,
        0,
        1,
        0,
        0,
        0,
        0,
        1,
        0,
        0,
        0,
        0
    ],
    "recent_steps": [
        125,
        57,
        133,
        14,
        106,
        112,
        138,
        125,
        33,
        149,
        106,
        59,
        89,
        49,
        164,
        72,
        56,
        84,
        147,
        88,
        71,
        100,
        36,
        90,
        87,
        54,
        135,
        88,
        86,
        63,
        124,
        144,
        120,
        71,
        53,
        150,
        103,
        80,
        4,
        53,
        47,
        95,
        78,
        134,
        34,
        113,
        118,
        110,
        57,
        126,
        89,
        71,
        23,
        58,
        78,
        123,
        46,
        60,
        72,
        84,
        102,
        19,
        52,
        78,
        153,
        121,
        120,
        99,
        58,
        111,
        75,
        99,
        28,
        154,
        60,
        73,
        56,
        63,
        79,
        19,
        152,
        80,
        18,
        87,
        86,
        34,
        57,
        130,
        106,
        11,
        84,
        135,
        100,
        101,
        130,
        172,
        64,
        68,
        66,
        2
    ],
    "params": {
        "max_episodes": 2000,
        "max_steps": 500,
        "batch_size": 64,
        "learning_rate": 2e-05,
        "gamma": 0.99,
        "initial_epsilon": 0.2,
        "epsilon_decay": 0.997,
        "min_epsilon": 0.05,
        "memory_size": 200000,
        "target_update_freq": 10,
        "checkpoint_freq": 50,
        "resource_monitor_freq": 10
    },
    "resource_summary": "Training Time: 6:46:44\nAvg CPU Usage: 41.7%\nAvg Memory Usage: 5.7%\nAvg GPU Usage: 2.0%\nAvg GPU Memory: 368.8MB"
}