{
    "episode": 1500,
    "best_reward": 4087.1912804683857,
    "best_success_rate": 0.8,
    "recent_rewards": [
        1545.7492158480256,
        1696.219183997892,
        1570.2476816920073,
        2865.608581236471,
        1988.7822127806398,
        2605.821162277635,
        399.9,
        2069.2610213785083,
        2127.6956955657893,
        247.8829409519566,
        1364.4082542804438,
        1685.3032089066676,
        1967.988234497358,
        1503.6821090479882,
        432.19219794636035,
        560.3215332361228,
        1708.3471239070645,
        2050.0498533188356,
        1797.9137379765941,
        1957.9211948938262,
        455.80711339677225,
        1476.939828961726,
        2373.483729383444,
        879.8057869117905,
        2140.357091802441,
        2226.85839382366,
        1439.5666214983712,
        743.5951061533603,
        1496.9568427860338,
        1890.9770874421197,
        1473.1041260045345,
        756.3142730093655,
        2742.131986994265,
        2613.9067049321534,
        1822.0674788813076,
        2906.0064209142456,
        1336.3565835953239,
        1688.6869915615982,
        2563.082783223727,
        3271.756578307523,
        2555.1700112574404,
        937.0254935807714,
        1633.0284567723343,
        3097.430307688304,
        260.2800013582736,
        2979.9479800028334,
        3555.864007593747,
        439.6976095416072,
        1845.5511958043078,
        1739.7513277791852,
        3210.6261529239937,
        2302.4534072199863,
        2379.529202251098,
        369.86340945459466,
        399.9,
        816.4186406449928,
        1494.8967976967897,
        2684.425253983925,
        2053.0306847685847,
        2116.835922836577,
        2274.7141332339597,
        2283.5372571648745,
        2305.735942071346,
        2495.52379704123,
        2373.9908932932613,
        1196.7946630045883,
        1752.5997629781325,
        2237.5579036577597,
        3977.5194186631784,
        2170.2140653285746,
        399.9,
        2048.485696835449,
        3182.2587957797746,
        1861.1066629203958,
        1404.6728248472205,
        3226.4511304384214,
        744.8228487973072,
        2065.0787831719763,
        3081.3516419821103,
        2123.487474518954,
        1534.5514984535223,
        2470.883011208268,
        1957.0389661045508,
        1735.2369030637192,
        652.9122207680083,
        1571.8609125693745,
        2331.0223542383383,
        2570.8664868652077,
        2742.144141934964,
        1873.4149361233892,
        2984.7246548104513,
        1703.825781787561,
        2925.0037589995613,
        1743.418893742924,
        1945.4424599094827,
        1344.1208289902168,
        1965.421109519487,
        3144.709260502972,
        3433.0308862019315,
        728.004200272281
    ],
    "recent_successes": [
        0,
        0,
        0,
        1,
        0,
        1,
        1,
        0,
        0,
        1,
        0,
        0,
        1,
        0,
        1,
        1,
        0,
        0,
        0,
        0,
        1,
        0,
        1,
        1,
        0,
        1,
        0,
        1,
        0,
        1,
        0,
        1,
        1,
        1,
        0,
        1,
        0,
        0,
        1,
        1,
        1,
        1,
        0,
        1,
        1,
        1,
        1,
        1,
        0,
        0,
        1,
        1,
        1,
        1,
        1,
        1,
        0,
        1,
        1,
        1,
        0,
        0,
        1,
        1,
        1,
        0,
        0,
        1,
        1,
        0,
        1,
        1,
        1,
        1,
        0,
        1,
        1,
        1,
        1,
        1,
        0,
        1,
        0,
        0,
        1,
        0,
        1,
        1,
        1,
        0,
        1,
        0,
        1,
        0,
        1,
        0,
        1,
        1,
        1,
        1
    ],
    "recent_collisions": [
        1,
        1,
        1,
        0,
        1,
        0,
        0,
        1,
        1,
        0,
        1,
        1,
        0,
        1,
        0,
        0,
        1,
        1,
        1,
        1,
        0,
        1,
        0,
        0,
        1,
        0,
        1,
        0,
        1,
        0,
        1,
        0,
        0,
        0,
        1,
        0,
        1,
        1,
        0,
        0,
        0,
        0,
        1,
        0,
        0,
        0,
        0,
        0,
        1,
        1,
        0,
        0,
        0,
        0,
        0,
        0,
        1,
        0,
        0,
        0,
        1,
        1,
        0,
        0,
        0,
        1,
        1,
        0,
        0,
        1,
        0,
        0,
        0,
        0,
        1,
        0,
        0,
        0,
        0,
        0,
        1,
        0,
        1,
        1,
        0,
        1,
        0,
        0,
        0,
        1,
        0,
        1,
        0,
        1,
        0,
        1,
        0,
        0,
        0,
        0
    ],
    "recent_steps": [
        58,
        84,
        96,
        80,
        102,
        76,
        1,
        80,
        86,
        17,
        71,
        66,
        79,
        51,
        3,
        10,
        55,
        99,
        68,
        71,
        26,
        77,
        94,
        17,
        105,
        71,
        70,
        12,
        111,
        49,
        87,
        25,
        84,
        78,
        65,
        87,
        71,
        52,
        78,
        100,
        77,
        18,
        83,
        126,
        24,
        91,
        114,
        3,
        79,
        58,
        91,
        64,
        72,
        32,
        1,
        20,
        54,
        75,
        59,
        87,
        111,
        105,
        68,
        96,
        65,
        85,
        66,
        89,
        154,
        113,
        1,
        58,
        92,
        78,
        50,
        113,
        44,
        59,
        89,
        66,
        86,
        77,
        67,
        53,
        13,
        86,
        64,
        80,
        81,
        66,
        87,
        126,
        83,
        53,
        90,
        49,
        82,
        106,
        129,
        15
    ],
    "params": {
        "max_episodes": 2000,
        "max_steps": 500,
        "batch_size": 64,
        "learning_rate": 2e-05,
        "gamma": 0.99,
        "initial_epsilon": 0.2,
        "epsilon_decay": 0.997,
        "min_epsilon": 0.05,
        "memory_size": 200000,
        "target_update_freq": 10,
        "checkpoint_freq": 50,
        "resource_monitor_freq": 10
    },
    "resource_summary": "Training Time: 5:06:22\nAvg CPU Usage: 41.7%\nAvg Memory Usage: 5.6%\nAvg GPU Usage: 2.0%\nAvg GPU Memory: 368.7MB"
}