{
    "episode": 750,
    "best_reward": 4087.1912804683857,
    "best_success_rate": 0.8,
    "recent_rewards": [
        1955.7361847825841,
        1983.9312862222453,
        2717.6221994462185,
        529.2758869212977,
        2837.6425418072786,
        2868.635589731265,
        488.00788594926775,
        1606.1820577430638,
        1353.084595925979,
        708.6031995018989,
        2083.862578098461,
        1928.589712625197,
        2491.9392778757747,
        2801.351309098108,
        1478.6968875783891,
        2271.026953172295,
        3047.3164287672075,
        726.2262674494107,
        3532.8419182080834,
        808.4422489798851,
        2512.567734424109,
        1769.317811932527,
        2210.1822470569023,
        1800.7751298889154,
        1902.7663955236,
        984.5461025717356,
        2691.6564629627705,
        1790.340729190991,
        2975.737718649708,
        286.11988329597034,
        399.9,
        1746.2042696206463,
        2564.7651047925942,
        1181.3812562775704,
        2218.311653092719,
        1958.6624735078199,
        1423.9811753822826,
        1820.396043159837,
        314.17541219663127,
        677.4915120348068,
        2168.0993611469817,
        1528.1273442510844,
        381.70898729144807,
        2865.877766893842,
        2536.799504832204,
        267.8897863049285,
        399.9,
        3262.1857594502935,
        2647.4502077926586,
        2017.518908744569,
        3726.674079359031,
        574.9285256244907,
        2289.27861197411,
        1944.4706171078478,
        2341.6903149756863,
        1390.6464637910728,
        316.2099310642954,
        1693.547246640614,
        1591.4198572134121,
        399.9,
        2216.3532284634666,
        1799.5188392449243,
        3260.126709575281,
        1461.9591239798565,
        1468.2278860909908,
        1509.6900972159565,
        2207.128817385219,
        1769.3122159708935,
        3145.638811517202,
        1662.8647927172256,
        2330.7079732026564,
        2110.5446221501193,
        1909.4192815122262,
        2441.5940959512795,
        1539.1075637097154,
        2677.178086834844,
        1315.5935042261858,
        554.4852037951523,
        1984.9455255868365,
        1594.4584520270123,
        1506.6099483799137,
        1916.198018797902,
        1627.650991872641,
        3173.367774597943,
        1640.8023507583341,
        1534.7220928060274,
        1271.8706636217264,
        2960.7410538874365,
        2409.8519801905595,
        399.9,
        2995.99879985248,
        2562.8421667313705,
        1542.885414917901,
        1803.9776857747388,
        1766.6260102666752,
        1726.3008711824623,
        3615.8788808485338,
        1382.2558374173395,
        2150.2509457703345,
        2093.132992116695
    ],
    "recent_successes": [
        0,
        1,
        1,
        1,
        1,
        1,
        1,
        0,
        0,
        1,
        1,
        0,
        1,
        1,
        0,
        1,
        1,
        1,
        1,
        1,
        1,
        0,
        1,
        0,
        0,
        0,
        1,
        1,
        1,
        1,
        1,
        0,
        1,
        0,
        1,
        1,
        0,
        1,
        1,
        1,
        1,
        0,
        1,
        0,
        1,
        1,
        1,
        1,
        1,
        1,
        1,
        1,
        1,
        0,
        1,
        0,
        1,
        0,
        0,
        1,
        1,
        0,
        1,
        0,
        0,
        0,
        1,
        0,
        1,
        0,
        1,
        1,
        0,
        1,
        0,
        1,
        0,
        1,
        0,
        0,
        0,
        0,
        0,
        1,
        0,
        0,
        0,
        1,
        1,
        1,
        1,
        0,
        0,
        0,
        0,
        0,
        1,
        0,
        1,
        1
    ],
    "recent_collisions": [
        1,
        0,
        0,
        0,
        0,
        0,
        0,
        1,
        1,
        0,
        0,
        1,
        0,
        0,
        1,
        0,
        0,
        0,
        0,
        0,
        0,
        1,
        0,
        1,
        1,
        1,
        0,
        0,
        0,
        0,
        0,
        1,
        0,
        1,
        0,
        0,
        1,
        0,
        0,
        0,
        0,
        1,
        0,
        1,
        0,
        0,
        0,
        0,
        0,
        0,
        0,
        0,
        0,
        1,
        0,
        1,
        0,
        1,
        1,
        0,
        0,
        1,
        0,
        1,
        1,
        1,
        0,
        1,
        0,
        1,
        0,
        0,
        1,
        0,
        1,
        0,
        1,
        0,
        1,
        1,
        1,
        1,
        1,
        0,
        1,
        1,
        1,
        0,
        0,
        0,
        0,
        1,
        1,
        1,
        1,
        1,
        0,
        1,
        0,
        0
    ],
    "recent_steps": [
        71,
        82,
        79,
        8,
        113,
        82,
        5,
        54,
        56,
        11,
        89,
        70,
        102,
        103,
        62,
        95,
        91,
        39,
        116,
        14,
        69,
        83,
        94,
        67,
        69,
        67,
        74,
        80,
        93,
        30,
        1,
        80,
        91,
        64,
        89,
        66,
        75,
        80,
        24,
        22,
        88,
        58,
        34,
        103,
        82,
        22,
        1,
        112,
        95,
        78,
        111,
        29,
        96,
        91,
        66,
        76,
        31,
        58,
        61,
        1,
        74,
        90,
        96,
        79,
        53,
        55,
        86,
        66,
        102,
        63,
        92,
        87,
        87,
        77,
        55,
        99,
        49,
        32,
        74,
        52,
        53,
        72,
        57,
        97,
        55,
        72,
        53,
        83,
        70,
        1,
        92,
        137,
        54,
        94,
        64,
        82,
        104,
        65,
        89,
        55
    ],
    "params": {
        "max_episodes": 2000,
        "max_steps": 500,
        "batch_size": 64,
        "learning_rate": 2e-05,
        "gamma": 0.99,
        "initial_epsilon": 0.2,
        "epsilon_decay": 0.997,
        "min_epsilon": 0.05,
        "memory_size": 200000,
        "target_update_freq": 10,
        "checkpoint_freq": 50,
        "resource_monitor_freq": 10
    },
    "resource_summary": "Training Time: 2:53:22\nAvg CPU Usage: 41.9%\nAvg Memory Usage: 5.5%\nAvg GPU Usage: 2.0%\nAvg GPU Memory: 368.4MB"
}