{
    "episode": 1450,
    "best_reward": 4087.1912804683857,
    "best_success_rate": 0.8,
    "recent_rewards": [
        2409.3976975062537,
        2255.893693473832,
        2306.6509607684634,
        557.0727107866892,
        3016.9095582305067,
        2326.8715005159966,
        1738.3976912239375,
        1372.3540156187291,
        2911.415068367644,
        1789.6203509320715,
        1724.831628336537,
        2123.19122294102,
        2566.555411651882,
        2051.4125696864935,
        2453.265394406108,
        2260.363585585166,
        2274.2894222850027,
        1548.1967181963498,
        2042.8142592623612,
        1967.7470277354212,
        2122.411337213874,
        399.9,
        3034.2329664151343,
        2485.5046863753305,
        2778.8168070718843,
        1726.3695536312748,
        1843.929041433954,
        1529.032543225017,
        1520.2740492344726,
        2706.255583950367,
        3080.0165563821943,
        1609.5572203151037,
        399.9,
        1657.8686065286347,
        2254.9817672666145,
        2187.738641455976,
        443.7133765330566,
        1866.8429063929252,
        2471.49654082655,
        2276.1562433687473,
        2596.5274091431716,
        857.6479371244783,
        2703.5565752201132,
        2493.7885565517954,
        2842.6296760561177,
        2122.1830447098623,
        569.2332938033557,
        2689.641796175328,
        1471.8255799997353,
        2370.9481776662315,
        1545.7492158480256,
        1696.219183997892,
        1570.2476816920073,
        2865.608581236471,
        1988.7822127806398,
        2605.821162277635,
        399.9,
        2069.2610213785083,
        2127.6956955657893,
        247.8829409519566,
        1364.4082542804438,
        1685.3032089066676,
        1967.988234497358,
        1503.6821090479882,
        432.19219794636035,
        560.3215332361228,
        1708.3471239070645,
        2050.0498533188356,
        1797.9137379765941,
        1957.9211948938262,
        455.80711339677225,
        1476.939828961726,
        2373.483729383444,
        879.8057869117905,
        2140.357091802441,
        2226.85839382366,
        1439.5666214983712,
        743.5951061533603,
        1496.9568427860338,
        1890.9770874421197,
        1473.1041260045345,
        756.3142730093655,
        2742.131986994265,
        2613.9067049321534,
        1822.0674788813076,
        2906.0064209142456,
        1336.3565835953239,
        1688.6869915615982,
        2563.082783223727,
        3271.756578307523,
        2555.1700112574404,
        937.0254935807714,
        1633.0284567723343,
        3097.430307688304,
        260.2800013582736,
        2979.9479800028334,
        3555.864007593747,
        439.6976095416072,
        1845.5511958043078,
        1739.7513277791852
    ],
    "recent_successes": [
        1,
        1,
        0,
        1,
        1,
        1,
        0,
        0,
        1,
        0,
        1,
        1,
        1,
        0,
        1,
        1,
        0,
        0,
        1,
        0,
        0,
        1,
        1,
        1,
        1,
        1,
        0,
        0,
        0,
        1,
        0,
        0,
        1,
        0,
        1,
        0,
        1,
        1,
        1,
        1,
        1,
        0,
        1,
        1,
        1,
        0,
        1,
        1,
        0,
        1,
        0,
        0,
        0,
        1,
        0,
        1,
        1,
        0,
        0,
        1,
        0,
        0,
        1,
        0,
        1,
        1,
        0,
        0,
        0,
        0,
        1,
        0,
        1,
        1,
        0,
        1,
        0,
        1,
        0,
        1,
        0,
        1,
        1,
        1,
        0,
        1,
        0,
        0,
        1,
        1,
        1,
        1,
        0,
        1,
        1,
        1,
        1,
        1,
        0,
        0
    ],
    "recent_collisions": [
        0,
        0,
        1,
        0,
        0,
        0,
        1,
        1,
        0,
        1,
        0,
        0,
        0,
        1,
        0,
        0,
        1,
        1,
        0,
        1,
        1,
        0,
        0,
        0,
        0,
        0,
        1,
        1,
        1,
        0,
        1,
        1,
        0,
        1,
        0,
        1,
        0,
        0,
        0,
        0,
        0,
        1,
        0,
        0,
        0,
        1,
        0,
        0,
        1,
        0,
        1,
        1,
        1,
        0,
        1,
        0,
        0,
        1,
        1,
        0,
        1,
        1,
        0,
        1,
        0,
        0,
        1,
        1,
        1,
        1,
        0,
        1,
        0,
        0,
        1,
        0,
        1,
        0,
        1,
        0,
        1,
        0,
        0,
        0,
        1,
        0,
        1,
        1,
        0,
        0,
        0,
        0,
        1,
        0,
        0,
        0,
        0,
        0,
        1,
        1
    ],
    "recent_steps": [
        82,
        65,
        88,
        30,
        119,
        95,
        87,
        51,
        93,
        63,
        71,
        54,
        97,
        74,
        78,
        89,
        103,
        56,
        86,
        114,
        91,
        1,
        98,
        100,
        80,
        77,
        92,
        88,
        55,
        102,
        99,
        56,
        1,
        52,
        66,
        103,
        5,
        56,
        79,
        68,
        100,
        54,
        77,
        82,
        108,
        88,
        7,
        75,
        78,
        91,
        58,
        84,
        96,
        80,
        102,
        76,
        1,
        80,
        86,
        17,
        71,
        66,
        79,
        51,
        3,
        10,
        55,
        99,
        68,
        71,
        26,
        77,
        94,
        17,
        105,
        71,
        70,
        12,
        111,
        49,
        87,
        25,
        84,
        78,
        65,
        87,
        71,
        52,
        78,
        100,
        77,
        18,
        83,
        126,
        24,
        91,
        114,
        3,
        79,
        58
    ],
    "params": {
        "max_episodes": 2000,
        "max_steps": 500,
        "batch_size": 64,
        "learning_rate": 2e-05,
        "gamma": 0.99,
        "initial_epsilon": 0.2,
        "epsilon_decay": 0.997,
        "min_epsilon": 0.05,
        "memory_size": 200000,
        "target_update_freq": 10,
        "checkpoint_freq": 50,
        "resource_monitor_freq": 10
    },
    "resource_summary": "Training Time: 4:56:53\nAvg CPU Usage: 41.7%\nAvg Memory Usage: 5.6%\nAvg GPU Usage: 2.0%\nAvg GPU Memory: 368.7MB"
}