{
    "episode": 1600,
    "best_reward": 4087.1912804683857,
    "best_success_rate": 0.8,
    "recent_rewards": [
        1384.686417741992,
        3080.941332174743,
        1963.5784273397417,
        1461.705142716495,
        3602.401332612916,
        2860.1482031433347,
        2503.7713767312252,
        2282.09385346111,
        790.426048207966,
        502.0815323975632,
        1679.7046319321225,
        1896.8545638780229,
        3220.9739862179085,
        2326.911549006139,
        629.6763420617362,
        3009.927701499559,
        1605.3445572573742,
        2213.171570352788,
        1863.6059687187485,
        2591.522722280728,
        1567.252799221763,
        1523.1491116131851,
        2114.2613508624477,
        1978.4672226542853,
        2524.663297464628,
        1479.9687224623995,
        3187.715687871616,
        399.9,
        2786.0026134065,
        826.5625930260258,
        399.9,
        2179.2377781106698,
        2877.009804616747,
        2008.0774195254498,
        2202.4250364487857,
        1984.3757851836203,
        1528.018975128874,
        1806.481669541068,
        2656.9270363718365,
        3031.1427257893642,
        1643.9115667620183,
        1178.3083052210534,
        602.13285335565,
        1686.0930415629243,
        2567.521528092699,
        2449.979167998294,
        1167.7332641871787,
        1594.1176405515425,
        399.9,
        2473.5016632011666,
        2488.821354424709,
        2621.7516464810915,
        2852.4295833234173,
        923.1398846434771,
        2259.7087509646235,
        1966.7162556032931,
        1969.9422125032568,
        2084.640085958501,
        2195.91321302948,
        1795.7077432819628,
        2739.3983925876087,
        2018.179929402308,
        1914.2840681249113,
        2796.7747724964333,
        1701.2239069434363,
        1503.8432565960604,
        1906.8780432896442,
        2066.2726889503665,
        2687.7260624121827,
        2977.319597962351,
        2011.1012728700591,
        601.6525398387524,
        3783.4511119094122,
        1985.355326194549,
        1953.5272274209665,
        2977.32022825548,
        2180.9025007830205,
        444.2601450831699,
        1659.8043464565417,
        1688.6314184064065,
        399.9,
        711.4889079482166,
        399.9,
        3556.061333777439,
        3231.448401087023,
        969.8545670132688,
        3365.369217289196,
        2640.8128403259525,
        1637.494494509971,
        2855.6657420406464,
        2341.184977023509,
        2829.3463141945695,
        3427.1751892898496,
        2030.2979065397758,
        3728.8053770324977,
        1274.351060461671,
        2090.559162385135,
        1575.0175179471903,
        399.9,
        3005.5760551752705
    ],
    "recent_successes": [
        0,
        1,
        0,
        0,
        1,
        1,
        1,
        1,
        1,
        1,
        0,
        1,
        1,
        1,
        1,
        1,
        0,
        0,
        0,
        1,
        0,
        0,
        0,
        1,
        1,
        0,
        0,
        1,
        1,
        1,
        1,
        1,
        1,
        1,
        1,
        0,
        0,
        0,
        1,
        1,
        0,
        0,
        1,
        0,
        1,
        1,
        0,
        0,
        1,
        1,
        1,
        1,
        0,
        0,
        1,
        1,
        0,
        0,
        0,
        0,
        1,
        0,
        0,
        1,
        0,
        0,
        1,
        0,
        1,
        0,
        0,
        1,
        1,
        1,
        0,
        0,
        0,
        1,
        0,
        0,
        1,
        1,
        1,
        1,
        0,
        1,
        1,
        1,
        0,
        1,
        1,
        0,
        1,
        1,
        1,
        0,
        1,
        0,
        1,
        0
    ],
    "recent_collisions": [
        1,
        0,
        1,
        1,
        0,
        0,
        0,
        0,
        0,
        0,
        1,
        0,
        0,
        0,
        0,
        0,
        1,
        1,
        1,
        0,
        1,
        1,
        1,
        0,
        0,
        1,
        1,
        0,
        0,
        0,
        0,
        0,
        0,
        0,
        0,
        1,
        1,
        1,
        0,
        0,
        1,
        1,
        0,
        1,
        0,
        0,
        1,
        1,
        0,
        0,
        0,
        0,
        1,
        1,
        0,
        0,
        1,
        1,
        1,
        1,
        0,
        1,
        1,
        0,
        1,
        1,
        0,
        1,
        0,
        1,
        1,
        0,
        0,
        0,
        1,
        1,
        1,
        0,
        1,
        1,
        0,
        0,
        0,
        0,
        1,
        0,
        0,
        0,
        1,
        0,
        0,
        1,
        0,
        0,
        0,
        1,
        0,
        1,
        0,
        1
    ],
    "recent_steps": [
        65,
        85,
        84,
        53,
        118,
        97,
        79,
        97,
        16,
        26,
        56,
        49,
        134,
        67,
        12,
        89,
        89,
        129,
        112,
        74,
        86,
        82,
        96,
        52,
        71,
        53,
        134,
        1,
        108,
        16,
        1,
        64,
        88,
        82,
        67,
        64,
        90,
        86,
        76,
        118,
        90,
        59,
        11,
        103,
        75,
        68,
        56,
        83,
        1,
        98,
        68,
        70,
        111,
        59,
        90,
        54,
        82,
        88,
        102,
        98,
        84,
        105,
        66,
        79,
        107,
        86,
        57,
        106,
        104,
        116,
        112,
        24,
        145,
        49,
        66,
        146,
        132,
        36,
        97,
        97,
        1,
        32,
        1,
        143,
        160,
        41,
        97,
        81,
        89,
        82,
        89,
        127,
        123,
        51,
        132,
        54,
        62,
        53,
        1,
        121
    ],
    "params": {
        "max_episodes": 2000,
        "max_steps": 500,
        "batch_size": 64,
        "learning_rate": 2e-05,
        "gamma": 0.99,
        "initial_epsilon": 0.2,
        "epsilon_decay": 0.997,
        "min_epsilon": 0.05,
        "memory_size": 200000,
        "target_update_freq": 10,
        "checkpoint_freq": 50,
        "resource_monitor_freq": 10
    },
    "resource_summary": "Training Time: 5:25:52\nAvg CPU Usage: 41.7%\nAvg Memory Usage: 5.6%\nAvg GPU Usage: 2.0%\nAvg GPU Memory: 368.7MB"
}