{
    "episode": 1850,
    "best_reward": 4087.1912804683857,
    "best_success_rate": 0.9,
    "recent_rewards": [
        1565.6880620623026,
        3245.8776854829302,
        2209.80148658199,
        2581.715746143625,
        3402.7561855555728,
        522.8338321439882,
        2300.9088784191536,
        2252.0857330524896,
        1687.8940026365822,
        3227.379801325295,
        1318.508759859074,
        1606.4438725319924,
        661.0317056830661,
        2933.1617711174613,
        1673.201166082001,
        3856.055702157933,
        3586.4556457988915,
        2363.527389897436,
        2446.787829832171,
        1644.4745779377167,
        2171.0700858475534,
        277.7534235091569,
        1605.515704659985,
        1816.1853641161129,
        2959.982269996524,
        2206.3418903286934,
        778.7476585874417,
        933.4485439661761,
        3296.1698729488535,
        3598.7274737011676,
        2510.6799439378165,
        2086.227338262273,
        2994.597703364805,
        1694.2439474218181,
        1070.4982792569215,
        399.9,
        2361.5827451618034,
        824.7987474199538,
        1539.9060391296293,
        1697.047551815086,
        1601.2770506878155,
        2977.1006558450663,
        3073.3318337525166,
        1418.73572480792,
        1536.9497484530782,
        2133.2361544816977,
        3838.064917802096,
        1776.2650625781948,
        2333.1331070935375,
        3060.446128717333,
        703.0622929202483,
        2041.711574741559,
        3845.6105698622187,
        3343.868691610198,
        2824.97051964662,
        2182.8917448187444,
        3470.4610060902355,
        2510.7252230178888,
        3155.795315222418,
        2086.5031958756217,
        662.9613437128105,
        2041.671518817491,
        2695.786003682091,
        409.3741580930172,
        1447.7687770262987,
        1477.8964035506187,
        2769.4096249612053,
        2796.362917090936,
        687.7690463366589,
        1498.583999791309,
        399.9,
        2468.060178182064,
        1690.0712148256894,
        2622.3965209459298,
        2398.637576309857,
        2202.030459881739,
        2590.9474490298635,
        2688.119507431685,
        2593.3075030310715,
        2132.351224417873,
        2367.2748075209142,
        3126.0763887949424,
        3784.1178158815023,
        2099.8404399975348,
        1636.6716797613597,
        1975.730413323,
        1371.8180860479324,
        1158.8385198452384,
        3857.8555838280804,
        3053.3813831318566,
        1254.0057011144859,
        2422.305446519791,
        2772.1417921469915,
        2486.1139746265812,
        965.8369208185601,
        1895.1944606086945,
        2268.8314212950645,
        2153.8151832438675,
        1217.519322879058,
        3323.0722348507657
    ],
    "recent_successes": [
        0,
        1,
        0,
        1,
        1,
        1,
        1,
        0,
        1,
        1,
        0,
        0,
        1,
        1,
        0,
        1,
        1,
        1,
        1,
        0,
        0,
        1,
        0,
        0,
        1,
        1,
        1,
        1,
        1,
        1,
        1,
        0,
        1,
        0,
        0,
        1,
        1,
        1,
        0,
        0,
        0,
        1,
        1,
        0,
        0,
        0,
        1,
        1,
        1,
        0,
        1,
        1,
        1,
        1,
        1,
        1,
        1,
        1,
        0,
        0,
        1,
        0,
        1,
        1,
        0,
        0,
        1,
        1,
        1,
        0,
        1,
        0,
        0,
        1,
        0,
        1,
        1,
        1,
        1,
        1,
        1,
        1,
        1,
        1,
        0,
        0,
        0,
        0,
        1,
        1,
        0,
        1,
        1,
        0,
        0,
        1,
        1,
        0,
        1,
        1
    ],
    "recent_collisions": [
        1,
        0,
        1,
        0,
        0,
        0,
        0,
        1,
        0,
        0,
        1,
        1,
        0,
        0,
        1,
        0,
        0,
        0,
        0,
        1,
        1,
        0,
        1,
        1,
        0,
        0,
        0,
        0,
        0,
        0,
        0,
        1,
        0,
        1,
        1,
        0,
        0,
        0,
        1,
        1,
        1,
        0,
        0,
        1,
        1,
        1,
        0,
        0,
        0,
        1,
        0,
        0,
        0,
        0,
        0,
        0,
        0,
        0,
        1,
        1,
        0,
        1,
        0,
        0,
        1,
        1,
        0,
        0,
        0,
        1,
        0,
        1,
        1,
        0,
        1,
        0,
        0,
        0,
        0,
        0,
        0,
        0,
        0,
        0,
        1,
        1,
        1,
        1,
        0,
        0,
        1,
        0,
        0,
        1,
        1,
        0,
        0,
        1,
        0,
        0
    ],
    "recent_steps": [
        91,
        100,
        119,
        82,
        117,
        38,
        67,
        101,
        71,
        128,
        65,
        51,
        13,
        108,
        98,
        146,
        113,
        75,
        66,
        66,
        117,
        32,
        55,
        89,
        86,
        88,
        38,
        21,
        135,
        160,
        72,
        103,
        89,
        62,
        47,
        1,
        64,
        37,
        84,
        55,
        57,
        87,
        120,
        51,
        84,
        77,
        157,
        76,
        66,
        121,
        25,
        58,
        134,
        129,
        79,
        59,
        117,
        68,
        120,
        94,
        10,
        96,
        77,
        2,
        53,
        97,
        88,
        86,
        43,
        51,
        1,
        105,
        52,
        103,
        144,
        64,
        73,
        79,
        77,
        82,
        69,
        89,
        135,
        57,
        50,
        107,
        64,
        56,
        149,
        104,
        48,
        71,
        77,
        153,
        61,
        77,
        90,
        105,
        26,
        118
    ],
    "params": {
        "max_episodes": 2000,
        "max_steps": 500,
        "batch_size": 64,
        "learning_rate": 2e-05,
        "gamma": 0.99,
        "initial_epsilon": 0.2,
        "epsilon_decay": 0.997,
        "min_epsilon": 0.05,
        "memory_size": 200000,
        "target_update_freq": 10,
        "checkpoint_freq": 50,
        "resource_monitor_freq": 10
    },
    "resource_summary": "Training Time: 6:16:18\nAvg CPU Usage: 41.7%\nAvg Memory Usage: 5.7%\nAvg GPU Usage: 2.0%\nAvg GPU Memory: 368.8MB"
}