{
    "episode": 650,
    "best_reward": 4087.1912804683857,
    "best_success_rate": 0.8,
    "recent_rewards": [
        1945.708203690091,
        1709.5633082384234,
        2308.023795868115,
        1507.6045100903827,
        670.7027213767715,
        1227.7015074075798,
        2092.6005296055746,
        2591.552651690808,
        656.55273083465,
        2221.4765740308007,
        1687.5140982750268,
        1623.9557636597665,
        1313.7295295814831,
        2158.8801944648962,
        2333.6118741039327,
        461.3399925290514,
        2183.821626565572,
        1572.812211280626,
        1323.7890472102426,
        2273.29236010582,
        1823.1028451585494,
        2787.028007468222,
        1363.384267777789,
        390.9130591460576,
        2563.420645393532,
        987.548295234769,
        2121.4685391823446,
        2375.328441666229,
        1361.2533377375619,
        2050.4112787985364,
        1587.625319255865,
        1509.0973891637623,
        2955.431151639539,
        1388.386185311684,
        3315.635199214623,
        366.09462093059403,
        1010.9070436830896,
        2233.7158011250517,
        1579.9878182358464,
        2417.372365817937,
        1297.7946933878375,
        2032.7949079422096,
        2520.2509542310386,
        964.5646899061966,
        2147.6003486285354,
        3361.8075261058616,
        2440.2513448815257,
        2499.8690883477843,
        2585.802475405807,
        2290.2004116897733,
        2662.4973220165525,
        2379.1586709210587,
        1442.783230047811,
        3251.8721366789127,
        1567.3331694333679,
        2594.072953671198,
        2294.131067017171,
        492.1755349689365,
        2296.3025734717708,
        559.5307190523159,
        2953.534240089752,
        3564.6868910352377,
        2516.2579732486806,
        1669.7628116074152,
        1780.1104132204603,
        1510.8167255287958,
        1641.1390241201846,
        2382.1778195048155,
        1687.3767435817585,
        1451.8542341323182,
        1398.148575623434,
        2636.4231824167464,
        1516.4722657023735,
        1274.6584366451423,
        1759.502023568703,
        1050.0121352847946,
        2626.142399097815,
        2492.2657614577474,
        2004.3794561586878,
        3195.6542591991397,
        2242.449168554261,
        3235.2043652405227,
        1534.0019584111578,
        2608.957166209064,
        2775.6699529438706,
        1802.4882271672843,
        2625.2829661453643,
        2827.5828017006625,
        587.1828977690841,
        1666.6821694233868,
        2857.333293047895,
        2043.9539375891743,
        1151.7832487530864,
        1511.8067980031683,
        2346.9947000479488,
        2775.927588653432,
        1439.7115183807407,
        2327.4768867916578,
        3005.646248212576,
        713.2604868881972
    ],
    "recent_successes": [
        1,
        0,
        1,
        0,
        1,
        0,
        0,
        1,
        1,
        1,
        0,
        0,
        0,
        1,
        1,
        1,
        1,
        0,
        0,
        1,
        0,
        1,
        0,
        1,
        1,
        0,
        1,
        1,
        0,
        1,
        0,
        0,
        1,
        0,
        1,
        1,
        0,
        1,
        0,
        1,
        0,
        1,
        1,
        0,
        0,
        1,
        1,
        1,
        1,
        1,
        1,
        1,
        0,
        1,
        0,
        1,
        1,
        1,
        1,
        1,
        1,
        1,
        1,
        0,
        0,
        0,
        0,
        1,
        0,
        0,
        0,
        1,
        0,
        0,
        0,
        0,
        1,
        1,
        1,
        1,
        1,
        1,
        0,
        1,
        1,
        0,
        1,
        1,
        1,
        0,
        1,
        0,
        1,
        0,
        1,
        1,
        0,
        1,
        1,
        1
    ],
    "recent_collisions": [
        0,
        1,
        0,
        1,
        0,
        1,
        1,
        0,
        0,
        0,
        1,
        1,
        1,
        0,
        0,
        0,
        0,
        1,
        1,
        0,
        1,
        0,
        1,
        0,
        0,
        1,
        0,
        0,
        1,
        0,
        1,
        1,
        0,
        1,
        0,
        0,
        1,
        0,
        1,
        0,
        1,
        0,
        0,
        1,
        1,
        0,
        0,
        0,
        0,
        0,
        0,
        0,
        1,
        0,
        1,
        0,
        0,
        0,
        0,
        0,
        0,
        0,
        0,
        1,
        1,
        1,
        1,
        0,
        1,
        1,
        1,
        0,
        1,
        1,
        1,
        1,
        0,
        0,
        0,
        0,
        0,
        0,
        1,
        0,
        0,
        1,
        0,
        0,
        0,
        1,
        0,
        1,
        0,
        1,
        0,
        0,
        1,
        0,
        0,
        0
    ],
    "recent_steps": [
        84,
        57,
        83,
        51,
        14,
        78,
        94,
        77,
        10,
        79,
        81,
        85,
        86,
        68,
        72,
        35,
        91,
        82,
        80,
        62,
        63,
        77,
        55,
        19,
        81,
        53,
        72,
        72,
        79,
        52,
        56,
        65,
        92,
        78,
        113,
        26,
        63,
        82,
        73,
        64,
        57,
        67,
        69,
        56,
        97,
        129,
        76,
        68,
        88,
        82,
        80,
        91,
        59,
        97,
        83,
        72,
        74,
        7,
        58,
        9,
        131,
        144,
        74,
        55,
        87,
        79,
        64,
        71,
        54,
        75,
        78,
        112,
        64,
        53,
        65,
        67,
        82,
        71,
        56,
        131,
        60,
        102,
        53,
        72,
        80,
        94,
        78,
        80,
        21,
        82,
        108,
        71,
        24,
        59,
        65,
        91,
        70,
        70,
        93,
        18
    ],
    "params": {
        "max_episodes": 2000,
        "max_steps": 500,
        "batch_size": 64,
        "learning_rate": 2e-05,
        "gamma": 0.99,
        "initial_epsilon": 0.2,
        "epsilon_decay": 0.997,
        "min_epsilon": 0.05,
        "memory_size": 200000,
        "target_update_freq": 10,
        "checkpoint_freq": 50,
        "resource_monitor_freq": 10
    },
    "resource_summary": "Training Time: 2:36:21\nAvg CPU Usage: 42.0%\nAvg Memory Usage: 5.5%\nAvg GPU Usage: 2.0%\nAvg GPU Memory: 368.3MB"
}