{
    "episode": 1650,
    "best_reward": 4087.1912804683857,
    "best_success_rate": 0.9,
    "recent_rewards": [
        2488.821354424709,
        2621.7516464810915,
        2852.4295833234173,
        923.1398846434771,
        2259.7087509646235,
        1966.7162556032931,
        1969.9422125032568,
        2084.640085958501,
        2195.91321302948,
        1795.7077432819628,
        2739.3983925876087,
        2018.179929402308,
        1914.2840681249113,
        2796.7747724964333,
        1701.2239069434363,
        1503.8432565960604,
        1906.8780432896442,
        2066.2726889503665,
        2687.7260624121827,
        2977.319597962351,
        2011.1012728700591,
        601.6525398387524,
        3783.4511119094122,
        1985.355326194549,
        1953.5272274209665,
        2977.32022825548,
        2180.9025007830205,
        444.2601450831699,
        1659.8043464565417,
        1688.6314184064065,
        399.9,
        711.4889079482166,
        399.9,
        3556.061333777439,
        3231.448401087023,
        969.8545670132688,
        3365.369217289196,
        2640.8128403259525,
        1637.494494509971,
        2855.6657420406464,
        2341.184977023509,
        2829.3463141945695,
        3427.1751892898496,
        2030.2979065397758,
        3728.8053770324977,
        1274.351060461671,
        2090.559162385135,
        1575.0175179471903,
        399.9,
        3005.5760551752705,
        689.8155544658553,
        2672.0669693679415,
        2619.4567867339956,
        1325.0058825742105,
        1755.0045759920222,
        2312.809135347121,
        3549.243482009708,
        1563.5668364529822,
        1960.6657166941588,
        1150.9617968860266,
        3397.6775653001473,
        1022.0361804188846,
        2339.885209535858,
        2764.663829532638,
        3308.0439316866327,
        2018.1502815643892,
        1769.015587849603,
        2147.787856431959,
        2744.8666615928114,
        3421.311166934517,
        3547.016766623911,
        2226.034198980476,
        3146.668598414167,
        3609.23785018316,
        538.7681383660392,
        209.87242858107962,
        2103.7463390588287,
        399.9,
        2057.9843653274133,
        2940.105004392507,
        2513.614447284221,
        2942.5969753881277,
        1641.5030969928555,
        3137.8931761513672,
        2205.431375018046,
        2120.861919977044,
        2254.960151256166,
        3478.2099920273345,
        2464.986691055074,
        919.1951922411854,
        3302.70044553277,
        2151.0769300050015,
        2767.675475029907,
        2059.8747508936367,
        2078.504208700645,
        3800.0022061986624,
        2249.3017051131274,
        2959.535565911058,
        566.176715414321,
        3702.255338334398
    ],
    "recent_successes": [
        1,
        1,
        0,
        0,
        1,
        1,
        0,
        0,
        0,
        0,
        1,
        0,
        0,
        1,
        0,
        0,
        1,
        0,
        1,
        0,
        0,
        1,
        1,
        1,
        0,
        0,
        0,
        1,
        0,
        0,
        1,
        1,
        1,
        1,
        0,
        1,
        1,
        1,
        0,
        1,
        1,
        0,
        1,
        1,
        1,
        0,
        1,
        0,
        1,
        0,
        1,
        1,
        1,
        0,
        0,
        0,
        1,
        0,
        0,
        0,
        1,
        0,
        1,
        1,
        1,
        1,
        0,
        1,
        1,
        1,
        1,
        1,
        1,
        1,
        1,
        1,
        1,
        1,
        1,
        1,
        1,
        0,
        0,
        1,
        1,
        0,
        0,
        1,
        1,
        1,
        1,
        0,
        1,
        1,
        1,
        1,
        1,
        1,
        1,
        1
    ],
    "recent_collisions": [
        0,
        0,
        1,
        1,
        0,
        0,
        1,
        1,
        1,
        1,
        0,
        1,
        1,
        0,
        1,
        1,
        0,
        1,
        0,
        1,
        1,
        0,
        0,
        0,
        1,
        1,
        1,
        0,
        1,
        1,
        0,
        0,
        0,
        0,
        1,
        0,
        0,
        0,
        1,
        0,
        0,
        1,
        0,
        0,
        0,
        1,
        0,
        1,
        0,
        1,
        0,
        0,
        0,
        1,
        1,
        1,
        0,
        1,
        1,
        1,
        0,
        1,
        0,
        0,
        0,
        0,
        1,
        0,
        0,
        0,
        0,
        0,
        0,
        0,
        0,
        0,
        0,
        0,
        0,
        0,
        0,
        1,
        1,
        0,
        0,
        1,
        1,
        0,
        0,
        0,
        0,
        1,
        0,
        0,
        0,
        0,
        0,
        0,
        0,
        0
    ],
    "recent_steps": [
        68,
        70,
        111,
        59,
        90,
        54,
        82,
        88,
        102,
        98,
        84,
        105,
        66,
        79,
        107,
        86,
        57,
        106,
        104,
        116,
        112,
        24,
        145,
        49,
        66,
        146,
        132,
        36,
        97,
        97,
        1,
        32,
        1,
        143,
        160,
        41,
        97,
        81,
        89,
        82,
        89,
        127,
        123,
        51,
        132,
        54,
        62,
        53,
        1,
        121,
        35,
        73,
        77,
        70,
        93,
        103,
        139,
        58,
        67,
        53,
        139,
        56,
        68,
        79,
        141,
        73,
        103,
        83,
        86,
        104,
        129,
        77,
        108,
        120,
        20,
        28,
        93,
        1,
        57,
        97,
        80,
        125,
        56,
        127,
        89,
        87,
        104,
        157,
        97,
        18,
        119,
        96,
        77,
        51,
        82,
        142,
        88,
        95,
        10,
        117
    ],
    "params": {
        "max_episodes": 2000,
        "max_steps": 500,
        "batch_size": 64,
        "learning_rate": 2e-05,
        "gamma": 0.99,
        "initial_epsilon": 0.2,
        "epsilon_decay": 0.997,
        "min_epsilon": 0.05,
        "memory_size": 200000,
        "target_update_freq": 10,
        "checkpoint_freq": 50,
        "resource_monitor_freq": 10
    },
    "resource_summary": "Training Time: 5:36:41\nAvg CPU Usage: 41.7%\nAvg Memory Usage: 5.6%\nAvg GPU Usage: 2.0%\nAvg GPU Memory: 368.7MB"
}