{
    "episode": 1900,
    "best_reward": 4087.1912804683857,
    "best_success_rate": 0.9,
    "recent_rewards": [
        703.0622929202483,
        2041.711574741559,
        3845.6105698622187,
        3343.868691610198,
        2824.97051964662,
        2182.8917448187444,
        3470.4610060902355,
        2510.7252230178888,
        3155.795315222418,
        2086.5031958756217,
        662.9613437128105,
        2041.671518817491,
        2695.786003682091,
        409.3741580930172,
        1447.7687770262987,
        1477.8964035506187,
        2769.4096249612053,
        2796.362917090936,
        687.7690463366589,
        1498.583999791309,
        399.9,
        2468.060178182064,
        1690.0712148256894,
        2622.3965209459298,
        2398.637576309857,
        2202.030459881739,
        2590.9474490298635,
        2688.119507431685,
        2593.3075030310715,
        2132.351224417873,
        2367.2748075209142,
        3126.0763887949424,
        3784.1178158815023,
        2099.8404399975348,
        1636.6716797613597,
        1975.730413323,
        1371.8180860479324,
        1158.8385198452384,
        3857.8555838280804,
        3053.3813831318566,
        1254.0057011144859,
        2422.305446519791,
        2772.1417921469915,
        2486.1139746265812,
        965.8369208185601,
        1895.1944606086945,
        2268.8314212950645,
        2153.8151832438675,
        1217.519322879058,
        3323.0722348507657,
        2921.540157535994,
        2829.6915786796785,
        1506.1956520481076,
        2945.5678507703597,
        3749.48021131614,
        1567.9419436401445,
        1441.0344684567615,
        1472.3409486510761,
        3944.2133361908222,
        2545.5202382588027,
        3966.8349478650043,
        816.552586484999,
        1612.3669758875474,
        1340.3135677832634,
        2456.8958666204426,
        2155.686763171454,
        3829.7185270197483,
        2205.1941492262085,
        2731.7100941671697,
        3327.1676290422633,
        1928.6852981223483,
        1018.6110461202876,
        2162.1041625746375,
        2220.598854301198,
        682.7918106413574,
        1833.986811267825,
        2456.7763941825365,
        399.9,
        3258.7435155052976,
        2243.073760323598,
        2700.3073414008127,
        2286.0075951414647,
        1562.0653058391586,
        3748.170495438512,
        3204.1631021109006,
        1764.467935725964,
        2219.7680816560414,
        3376.7176571847444,
        428.47332283509263,
        2492.7951522966264,
        2695.856358139868,
        794.6167584581133,
        567.2400230132839,
        1513.9159153378832,
        3565.073378301823,
        2141.294608301211,
        2588.6468819021507,
        447.2279875083192,
        2694.269245585238,
        3597.603609154939
    ],
    "recent_successes": [
        1,
        1,
        1,
        1,
        1,
        1,
        1,
        1,
        0,
        0,
        1,
        0,
        1,
        1,
        0,
        0,
        1,
        1,
        1,
        0,
        1,
        0,
        0,
        1,
        0,
        1,
        1,
        1,
        1,
        1,
        1,
        1,
        1,
        1,
        0,
        0,
        0,
        0,
        1,
        1,
        0,
        1,
        1,
        0,
        0,
        1,
        1,
        0,
        1,
        1,
        1,
        1,
        0,
        0,
        1,
        0,
        0,
        0,
        1,
        1,
        1,
        1,
        0,
        0,
        0,
        1,
        1,
        1,
        1,
        1,
        0,
        0,
        1,
        1,
        1,
        1,
        1,
        1,
        1,
        1,
        1,
        1,
        0,
        1,
        1,
        0,
        1,
        1,
        1,
        1,
        1,
        1,
        1,
        0,
        1,
        1,
        1,
        1,
        1,
        1
    ],
    "recent_collisions": [
        0,
        0,
        0,
        0,
        0,
        0,
        0,
        0,
        1,
        1,
        0,
        1,
        0,
        0,
        1,
        1,
        0,
        0,
        0,
        1,
        0,
        1,
        1,
        0,
        1,
        0,
        0,
        0,
        0,
        0,
        0,
        0,
        0,
        0,
        1,
        1,
        1,
        1,
        0,
        0,
        1,
        0,
        0,
        1,
        1,
        0,
        0,
        1,
        0,
        0,
        0,
        0,
        1,
        1,
        0,
        1,
        1,
        1,
        0,
        0,
        0,
        0,
        1,
        1,
        1,
        0,
        0,
        0,
        0,
        0,
        1,
        1,
        0,
        0,
        0,
        0,
        0,
        0,
        0,
        0,
        0,
        0,
        1,
        0,
        0,
        1,
        0,
        0,
        0,
        0,
        0,
        0,
        0,
        1,
        0,
        0,
        0,
        0,
        0,
        0
    ],
    "recent_steps": [
        25,
        58,
        134,
        129,
        79,
        59,
        117,
        68,
        120,
        94,
        10,
        96,
        77,
        2,
        53,
        97,
        88,
        86,
        43,
        51,
        1,
        105,
        52,
        103,
        144,
        64,
        73,
        79,
        77,
        82,
        69,
        89,
        135,
        57,
        50,
        107,
        64,
        56,
        149,
        104,
        48,
        71,
        77,
        153,
        61,
        77,
        90,
        105,
        26,
        118,
        84,
        106,
        89,
        163,
        115,
        53,
        83,
        81,
        135,
        71,
        146,
        34,
        72,
        64,
        99,
        61,
        162,
        60,
        73,
        130,
        105,
        67,
        54,
        66,
        30,
        74,
        71,
        1,
        130,
        90,
        79,
        63,
        85,
        148,
        121,
        97,
        86,
        105,
        35,
        71,
        74,
        42,
        19,
        85,
        142,
        62,
        75,
        27,
        77,
        125
    ],
    "params": {
        "max_episodes": 2000,
        "max_steps": 500,
        "batch_size": 64,
        "learning_rate": 2e-05,
        "gamma": 0.99,
        "initial_epsilon": 0.2,
        "epsilon_decay": 0.997,
        "min_epsilon": 0.05,
        "memory_size": 200000,
        "target_update_freq": 10,
        "checkpoint_freq": 50,
        "resource_monitor_freq": 10
    },
    "resource_summary": "Training Time: 6:27:08\nAvg CPU Usage: 41.7%\nAvg Memory Usage: 5.7%\nAvg GPU Usage: 2.0%\nAvg GPU Memory: 368.8MB"
}