{
    "episode": 200,
    "best_reward": 3838.9617898007245,
    "best_success_rate": 0.8,
    "recent_rewards": [
        1338.2194399333048,
        851.6763393503759,
        2516.0143739608648,
        2514.243047400674,
        1348.4628682394423,
        2497.0880578405977,
        1625.6367338091634,
        2396.818896999673,
        3036.392049887737,
        399.9,
        -2358.971645948148,
        2266.4469412921285,
        252.5176841543362,
        1341.762957808143,
        1758.030296648237,
        1761.2885906169809,
        1926.9945118586763,
        2682.4591017285798,
        2749.028943036109,
        675.9820161197583,
        594.6546740179597,
        2037.0580843723255,
        2353.493322217866,
        1388.2177126571046,
        1272.3816261421996,
        2016.6985649654384,
        2011.8886265551648,
        1547.365430193691,
        2760.53285626358,
        1667.4790418759685,
        1328.5487063719024,
        3751.223262597313,
        1505.5506874269938,
        3203.444547523702,
        2421.6143992434845,
        2936.465418471624,
        2718.3344075527657,
        2019.6930788987418,
        847.7854350337229,
        456.14158181497635,
        1379.3842675207986,
        3838.9617898007245,
        1832.3036739948022,
        2594.460450840436,
        1405.6431005570519,
        23.700427095962965,
        3204.6610798548018,
        462.7215149423463,
        2101.743509966323,
        439.1986523278213,
        2164.6645071990015,
        1297.1189581838448,
        711.4052856376043,
        1297.3850451137844,
        2677.4351391949726,
        2959.6352208028447,
        464.35769137368277,
        977.074914172642,
        2882.464817114839,
        2157.3517950063538,
        1436.4689459680874,
        1883.650860579836,
        3015.4676688150166,
        3012.7379561260004,
        887.6650325943688,
        946.0467729932119,
        2105.2004146548006,
        2645.635710951485,
        1812.1475569477902,
        256.6982744323921,
        679.2127789644344,
        1195.5034514280303,
        3705.6166491303206,
        1977.6440518482661,
        1061.4099562344027,
        3791.895535086492,
        411.0395798483149,
        1014.6017092816038,
        2724.8383028533085,
        1432.3871611796826,
        3245.391662442039,
        712.8981483334412,
        1377.2295801634948,
        1837.8605480251044,
        2231.7383515492725,
        2482.4501476999562,
        2354.7807487020236,
        527.1334189478113,
        1847.9741262205432,
        638.3499325880467,
        1686.0900499219,
        668.4874185441969,
        2088.5648186698145,
        2951.7462210795134,
        2962.4150785645993,
        2124.5642062961365,
        1754.1704718948645,
        1664.94552846023,
        2042.5143499226513,
        2479.3140411055756
    ],
    "recent_successes": [
        0,
        1,
        1,
        1,
        0,
        1,
        0,
        1,
        1,
        1,
        0,
        1,
        1,
        0,
        0,
        0,
        1,
        1,
        1,
        0,
        1,
        0,
        1,
        0,
        0,
        0,
        0,
        0,
        1,
        0,
        0,
        1,
        0,
        1,
        1,
        1,
        1,
        0,
        1,
        0,
        0,
        1,
        0,
        1,
        0,
        0,
        1,
        1,
        0,
        1,
        1,
        0,
        1,
        0,
        1,
        1,
        1,
        0,
        1,
        0,
        0,
        0,
        1,
        1,
        1,
        0,
        1,
        1,
        0,
        1,
        1,
        0,
        1,
        1,
        0,
        1,
        0,
        0,
        1,
        0,
        1,
        1,
        0,
        0,
        0,
        1,
        1,
        1,
        0,
        1,
        1,
        1,
        1,
        1,
        1,
        1,
        1,
        0,
        1,
        1
    ],
    "recent_collisions": [
        1,
        0,
        0,
        0,
        1,
        0,
        1,
        0,
        0,
        0,
        0,
        0,
        0,
        1,
        1,
        1,
        0,
        0,
        0,
        1,
        0,
        1,
        0,
        1,
        1,
        1,
        1,
        1,
        0,
        1,
        1,
        0,
        1,
        0,
        0,
        0,
        0,
        1,
        0,
        1,
        1,
        0,
        1,
        0,
        1,
        1,
        0,
        0,
        1,
        0,
        0,
        1,
        0,
        1,
        0,
        0,
        0,
        1,
        0,
        1,
        1,
        1,
        0,
        0,
        0,
        1,
        0,
        0,
        1,
        0,
        0,
        1,
        0,
        0,
        1,
        0,
        1,
        1,
        0,
        1,
        0,
        0,
        1,
        1,
        1,
        0,
        0,
        0,
        1,
        0,
        0,
        0,
        0,
        0,
        0,
        0,
        0,
        1,
        0,
        0
    ],
    "recent_steps": [
        73,
        42,
        95,
        114,
        77,
        109,
        85,
        69,
        188,
        1,
        500,
        101,
        57,
        71,
        215,
        71,
        48,
        70,
        83,
        332,
        10,
        109,
        80,
        65,
        72,
        94,
        106,
        62,
        73,
        63,
        59,
        162,
        58,
        92,
        66,
        196,
        93,
        91,
        19,
        318,
        58,
        135,
        104,
        73,
        67,
        273,
        153,
        4,
        101,
        3,
        64,
        58,
        17,
        60,
        74,
        83,
        4,
        61,
        133,
        94,
        61,
        98,
        83,
        248,
        17,
        58,
        90,
        77,
        101,
        49,
        16,
        75,
        164,
        48,
        57,
        154,
        189,
        59,
        85,
        58,
        113,
        19,
        62,
        101,
        104,
        67,
        299,
        33,
        190,
        9,
        113,
        51,
        57,
        82,
        469,
        115,
        424,
        91,
        248,
        261
    ],
    "params": {
        "max_episodes": 2000,
        "max_steps": 500,
        "batch_size": 64,
        "learning_rate": 2e-05,
        "gamma": 0.99,
        "initial_epsilon": 0.2,
        "epsilon_decay": 0.997,
        "min_epsilon": 0.05,
        "memory_size": 200000,
        "target_update_freq": 10,
        "checkpoint_freq": 50,
        "resource_monitor_freq": 10
    },
    "resource_summary": "Training Time: 1:06:11\nAvg CPU Usage: 42.1%\nAvg Memory Usage: 5.4%\nAvg GPU Usage: 2.0%\nAvg GPU Memory: 366.8MB"
}