{
    "episode": 1000,
    "best_reward": 4087.1912804683857,
    "best_success_rate": 0.8,
    "recent_rewards": [
        1420.9863482293367,
        1051.7663466510664,
        1350.848920400482,
        2463.556412272097,
        2234.404476575813,
        1661.4293888547872,
        2583.1388063870863,
        2490.38069323622,
        649.5737281981664,
        1786.8145632186263,
        1208.9062849379407,
        1569.9726548327023,
        635.6137676832766,
        1759.6702299443084,
        1512.4148064885455,
        1967.0211080946603,
        2341.8121587608707,
        1627.048328875993,
        1424.0308949774842,
        2659.212221465403,
        1652.3217291369222,
        2362.192094016597,
        1482.0697528328976,
        3086.7073535842583,
        1480.9238592760573,
        1193.1777891967563,
        1562.0278912716885,
        1494.5017310800995,
        1743.1370542603547,
        1480.2032693169767,
        1486.4007581675794,
        1465.2858811476387,
        1882.954286528327,
        2281.885308814237,
        1454.890492193558,
        1823.3910191188252,
        2288.003730522205,
        1359.5440282933284,
        1551.116335248632,
        1727.8210148270534,
        1798.0901882984554,
        1406.6607926450545,
        1236.4045583307181,
        1676.0203024337013,
        1582.4138326647917,
        1370.4957458500526,
        1563.9364407565886,
        1057.206893038721,
        1847.691453045137,
        1761.869135544591,
        1943.858210138198,
        707.190798163409,
        2227.3181725161185,
        2992.2218451306426,
        2686.936925102224,
        606.2646787269139,
        1435.3506752493035,
        1579.776715117095,
        2596.2818766010187,
        2214.0047980610425,
        609.0369747076021,
        1967.0009621548807,
        2420.915815200111,
        1696.535552399839,
        2001.392290864189,
        2382.9486749111275,
        3015.5984195746273,
        1502.8506309051952,
        399.9,
        2099.5387022887817,
        1861.940555046011,
        1115.9377599766121,
        2170.4265954417538,
        2850.854093461487,
        399.9,
        1497.1628464498522,
        1503.2540313950085,
        1880.5883168817306,
        1404.750855565926,
        632.5286458032407,
        1364.8372873879364,
        1504.965851973549,
        1360.5441976856516,
        1520.3383543636496,
        399.9,
        1497.2228390219093,
        2830.956424180449,
        1327.0423732956704,
        2650.5599077623015,
        1470.4365870786164,
        1755.2255332747795,
        399.9,
        414.57894678962685,
        1434.9163482400918,
        1484.315284555223,
        2289.7962844860645,
        2554.912013282916,
        2191.9862986191883,
        1163.0665342839818,
        1981.6462407971133
    ],
    "recent_successes": [
        0,
        0,
        0,
        1,
        0,
        0,
        1,
        1,
        1,
        0,
        0,
        0,
        1,
        0,
        0,
        0,
        0,
        0,
        0,
        1,
        0,
        1,
        0,
        1,
        0,
        0,
        0,
        0,
        0,
        0,
        0,
        0,
        0,
        1,
        0,
        0,
        0,
        0,
        0,
        0,
        0,
        0,
        0,
        1,
        1,
        0,
        0,
        0,
        0,
        0,
        0,
        1,
        0,
        1,
        1,
        1,
        0,
        0,
        1,
        1,
        1,
        0,
        1,
        1,
        0,
        1,
        1,
        0,
        1,
        0,
        0,
        0,
        1,
        1,
        1,
        0,
        0,
        0,
        0,
        1,
        0,
        0,
        0,
        0,
        1,
        0,
        1,
        0,
        1,
        1,
        1,
        1,
        1,
        0,
        0,
        0,
        1,
        1,
        1,
        0
    ],
    "recent_collisions": [
        1,
        1,
        1,
        0,
        1,
        1,
        0,
        0,
        0,
        1,
        1,
        1,
        0,
        1,
        1,
        1,
        1,
        1,
        1,
        0,
        1,
        0,
        1,
        0,
        1,
        1,
        1,
        1,
        1,
        1,
        1,
        1,
        1,
        0,
        1,
        1,
        1,
        1,
        1,
        1,
        1,
        1,
        1,
        0,
        0,
        1,
        1,
        1,
        1,
        1,
        1,
        0,
        1,
        0,
        0,
        0,
        1,
        1,
        0,
        0,
        0,
        1,
        0,
        0,
        1,
        0,
        0,
        1,
        0,
        1,
        1,
        1,
        0,
        0,
        0,
        1,
        1,
        1,
        1,
        0,
        1,
        1,
        1,
        1,
        0,
        1,
        0,
        1,
        0,
        0,
        0,
        0,
        0,
        1,
        1,
        1,
        0,
        0,
        0,
        1
    ],
    "recent_steps": [
        52,
        48,
        54,
        73,
        72,
        77,
        75,
        80,
        15,
        68,
        57,
        56,
        39,
        67,
        55,
        78,
        84,
        86,
        53,
        105,
        51,
        76,
        74,
        93,
        54,
        60,
        51,
        54,
        63,
        67,
        77,
        54,
        88,
        90,
        69,
        59,
        78,
        87,
        56,
        85,
        83,
        71,
        70,
        72,
        74,
        52,
        61,
        63,
        62,
        69,
        69,
        13,
        105,
        101,
        99,
        15,
        51,
        60,
        93,
        61,
        10,
        103,
        88,
        75,
        73,
        69,
        116,
        84,
        1,
        95,
        62,
        65,
        76,
        82,
        1,
        68,
        84,
        61,
        77,
        19,
        74,
        75,
        73,
        74,
        1,
        81,
        105,
        47,
        83,
        65,
        74,
        1,
        2,
        53,
        54,
        101,
        101,
        92,
        29,
        73
    ],
    "params": {
        "max_episodes": 2000,
        "max_steps": 500,
        "batch_size": 64,
        "learning_rate": 2e-05,
        "gamma": 0.99,
        "initial_epsilon": 0.2,
        "epsilon_decay": 0.997,
        "min_epsilon": 0.05,
        "memory_size": 200000,
        "target_update_freq": 10,
        "checkpoint_freq": 50,
        "resource_monitor_freq": 10
    },
    "resource_summary": "Training Time: 3:36:16\nAvg CPU Usage: 41.8%\nAvg Memory Usage: 5.6%\nAvg GPU Usage: 2.0%\nAvg GPU Memory: 368.5MB"
}