{
    "episode": 1800,
    "best_reward": 4087.1912804683857,
    "best_success_rate": 0.9,
    "recent_rewards": [
        2009.3318698580165,
        2724.6674978757865,
        1800.1167055670799,
        2569.4867559747154,
        2531.268040702784,
        2185.391497881029,
        3541.6911538735853,
        3350.766469203557,
        2206.5060836951525,
        3914.51854500048,
        3295.38293992375,
        1087.5342870881545,
        2420.462561848641,
        2911.6617758784328,
        2113.1291122879315,
        2437.9843742852077,
        924.8286433397247,
        936.6997553958358,
        1491.4232387615025,
        2067.765366555539,
        2186.813709383865,
        2084.620824558126,
        2857.9782202900196,
        1476.0346859345102,
        1628.6464305335173,
        2376.1894470159973,
        563.0226055102146,
        1736.5260704078912,
        717.2447214974227,
        2356.040314640117,
        3775.0794392729777,
        1917.9977308487316,
        3403.1301587921084,
        3160.9219613079063,
        1598.2229685827947,
        2900.079057844445,
        2334.417353108699,
        634.8966899060899,
        1730.8669247558669,
        488.58689132638864,
        2038.3299211005635,
        3326.6614121008693,
        2174.6353421429594,
        1831.404274836815,
        2034.7140717286343,
        1766.6852366978414,
        2023.5951248207361,
        1839.3332751328912,
        1275.8957639516195,
        1516.8890923393212,
        1565.6880620623026,
        3245.8776854829302,
        2209.80148658199,
        2581.715746143625,
        3402.7561855555728,
        522.8338321439882,
        2300.9088784191536,
        2252.0857330524896,
        1687.8940026365822,
        3227.379801325295,
        1318.508759859074,
        1606.4438725319924,
        661.0317056830661,
        2933.1617711174613,
        1673.201166082001,
        3856.055702157933,
        3586.4556457988915,
        2363.527389897436,
        2446.787829832171,
        1644.4745779377167,
        2171.0700858475534,
        277.7534235091569,
        1605.515704659985,
        1816.1853641161129,
        2959.982269996524,
        2206.3418903286934,
        778.7476585874417,
        933.4485439661761,
        3296.1698729488535,
        3598.7274737011676,
        2510.6799439378165,
        2086.227338262273,
        2994.597703364805,
        1694.2439474218181,
        1070.4982792569215,
        399.9,
        2361.5827451618034,
        824.7987474199538,
        1539.9060391296293,
        1697.047551815086,
        1601.2770506878155,
        2977.1006558450663,
        3073.3318337525166,
        1418.73572480792,
        1536.9497484530782,
        2133.2361544816977,
        3838.064917802096,
        1776.2650625781948,
        2333.1331070935375,
        3060.446128717333
    ],
    "recent_successes": [
        0,
        1,
        1,
        1,
        1,
        1,
        1,
        1,
        1,
        1,
        1,
        1,
        1,
        1,
        0,
        1,
        1,
        0,
        0,
        1,
        1,
        0,
        0,
        0,
        0,
        1,
        1,
        0,
        1,
        1,
        1,
        1,
        1,
        0,
        0,
        1,
        1,
        1,
        0,
        1,
        0,
        1,
        1,
        0,
        0,
        0,
        1,
        0,
        0,
        0,
        0,
        1,
        0,
        1,
        1,
        1,
        1,
        0,
        1,
        1,
        0,
        0,
        1,
        1,
        0,
        1,
        1,
        1,
        1,
        0,
        0,
        1,
        0,
        0,
        1,
        1,
        1,
        1,
        1,
        1,
        1,
        0,
        1,
        0,
        0,
        1,
        1,
        1,
        0,
        0,
        0,
        1,
        1,
        0,
        0,
        0,
        1,
        1,
        1,
        0
    ],
    "recent_collisions": [
        1,
        0,
        0,
        0,
        0,
        0,
        0,
        0,
        0,
        0,
        0,
        0,
        0,
        0,
        1,
        0,
        0,
        1,
        1,
        0,
        0,
        1,
        1,
        1,
        1,
        0,
        0,
        1,
        0,
        0,
        0,
        0,
        0,
        1,
        1,
        0,
        0,
        0,
        1,
        0,
        1,
        0,
        0,
        1,
        1,
        1,
        0,
        1,
        1,
        1,
        1,
        0,
        1,
        0,
        0,
        0,
        0,
        1,
        0,
        0,
        1,
        1,
        0,
        0,
        1,
        0,
        0,
        0,
        0,
        1,
        1,
        0,
        1,
        1,
        0,
        0,
        0,
        0,
        0,
        0,
        0,
        1,
        0,
        1,
        1,
        0,
        0,
        0,
        1,
        1,
        1,
        0,
        0,
        1,
        1,
        1,
        0,
        0,
        0,
        1
    ],
    "recent_steps": [
        74,
        104,
        74,
        82,
        71,
        67,
        122,
        128,
        69,
        135,
        97,
        23,
        74,
        90,
        97,
        68,
        17,
        54,
        53,
        63,
        61,
        92,
        145,
        80,
        51,
        88,
        43,
        81,
        37,
        67,
        132,
        47,
        100,
        157,
        78,
        92,
        69,
        32,
        99,
        5,
        98,
        129,
        67,
        66,
        88,
        70,
        61,
        67,
        47,
        77,
        91,
        100,
        119,
        82,
        117,
        38,
        67,
        101,
        71,
        128,
        65,
        51,
        13,
        108,
        98,
        146,
        113,
        75,
        66,
        66,
        117,
        32,
        55,
        89,
        86,
        88,
        38,
        21,
        135,
        160,
        72,
        103,
        89,
        62,
        47,
        1,
        64,
        37,
        84,
        55,
        57,
        87,
        120,
        51,
        84,
        77,
        157,
        76,
        66,
        121
    ],
    "params": {
        "max_episodes": 2000,
        "max_steps": 500,
        "batch_size": 64,
        "learning_rate": 2e-05,
        "gamma": 0.99,
        "initial_epsilon": 0.2,
        "epsilon_decay": 0.997,
        "min_epsilon": 0.05,
        "memory_size": 200000,
        "target_update_freq": 10,
        "checkpoint_freq": 50,
        "resource_monitor_freq": 10
    },
    "resource_summary": "Training Time: 6:06:01\nAvg CPU Usage: 41.7%\nAvg Memory Usage: 5.7%\nAvg GPU Usage: 2.0%\nAvg GPU Memory: 368.7MB"
}