{
    "episode": 1750,
    "best_reward": 4087.1912804683857,
    "best_success_rate": 0.9,
    "recent_rewards": [
        1219.901575521666,
        2436.544521879851,
        1567.7419256966805,
        1010.9653616927626,
        2220.8617049935724,
        399.9,
        2100.144848501832,
        3093.96716636059,
        1609.6412995311487,
        1180.7238249005932,
        2204.8478047839985,
        2361.3193416251424,
        1855.4584329873137,
        2836.8788308640783,
        2474.1524749169694,
        1850.238718598544,
        1254.203221811818,
        2726.4803682722163,
        2604.141193904858,
        1312.3006224690623,
        399.9,
        1537.64838279896,
        2488.4698495200787,
        476.78817667693045,
        1724.9946366856796,
        3275.8701053528953,
        1830.4024225123478,
        1880.7278347274012,
        2733.9950235384345,
        3142.945447168533,
        2555.778825451066,
        2504.1550978663236,
        521.4275002396645,
        2210.973801982524,
        3425.7145681308493,
        2184.5801782268836,
        2525.8515743678404,
        2598.93297394449,
        2024.3404548136066,
        2237.091315500072,
        1153.2597586393204,
        2327.179836408235,
        268.27092084114474,
        2459.964190910512,
        2320.260229718083,
        1464.128475145012,
        1583.4328337541128,
        2356.05189588147,
        2380.7186007798978,
        2470.668303932539,
        2009.3318698580165,
        2724.6674978757865,
        1800.1167055670799,
        2569.4867559747154,
        2531.268040702784,
        2185.391497881029,
        3541.6911538735853,
        3350.766469203557,
        2206.5060836951525,
        3914.51854500048,
        3295.38293992375,
        1087.5342870881545,
        2420.462561848641,
        2911.6617758784328,
        2113.1291122879315,
        2437.9843742852077,
        924.8286433397247,
        936.6997553958358,
        1491.4232387615025,
        2067.765366555539,
        2186.813709383865,
        2084.620824558126,
        2857.9782202900196,
        1476.0346859345102,
        1628.6464305335173,
        2376.1894470159973,
        563.0226055102146,
        1736.5260704078912,
        717.2447214974227,
        2356.040314640117,
        3775.0794392729777,
        1917.9977308487316,
        3403.1301587921084,
        3160.9219613079063,
        1598.2229685827947,
        2900.079057844445,
        2334.417353108699,
        634.8966899060899,
        1730.8669247558669,
        488.58689132638864,
        2038.3299211005635,
        3326.6614121008693,
        2174.6353421429594,
        1831.404274836815,
        2034.7140717286343,
        1766.6852366978414,
        2023.5951248207361,
        1839.3332751328912,
        1275.8957639516195,
        1516.8890923393212
    ],
    "recent_successes": [
        0,
        1,
        0,
        0,
        1,
        1,
        1,
        1,
        0,
        1,
        0,
        1,
        1,
        1,
        1,
        1,
        0,
        1,
        1,
        0,
        1,
        0,
        1,
        1,
        0,
        1,
        0,
        0,
        1,
        1,
        1,
        1,
        1,
        1,
        1,
        1,
        1,
        1,
        1,
        1,
        0,
        1,
        1,
        1,
        1,
        0,
        0,
        1,
        1,
        1,
        0,
        1,
        1,
        1,
        1,
        1,
        1,
        1,
        1,
        1,
        1,
        1,
        1,
        1,
        0,
        1,
        1,
        0,
        0,
        1,
        1,
        0,
        0,
        0,
        0,
        1,
        1,
        0,
        1,
        1,
        1,
        1,
        1,
        0,
        0,
        1,
        1,
        1,
        0,
        1,
        0,
        1,
        1,
        0,
        0,
        0,
        1,
        0,
        0,
        0
    ],
    "recent_collisions": [
        1,
        0,
        1,
        1,
        0,
        0,
        0,
        0,
        1,
        0,
        1,
        0,
        0,
        0,
        0,
        0,
        1,
        0,
        0,
        1,
        0,
        1,
        0,
        0,
        1,
        0,
        1,
        1,
        0,
        0,
        0,
        0,
        0,
        0,
        0,
        0,
        0,
        0,
        0,
        0,
        1,
        0,
        0,
        0,
        0,
        1,
        1,
        0,
        0,
        0,
        1,
        0,
        0,
        0,
        0,
        0,
        0,
        0,
        0,
        0,
        0,
        0,
        0,
        0,
        1,
        0,
        0,
        1,
        1,
        0,
        0,
        1,
        1,
        1,
        1,
        0,
        0,
        1,
        0,
        0,
        0,
        0,
        0,
        1,
        1,
        0,
        0,
        0,
        1,
        0,
        1,
        0,
        0,
        1,
        1,
        1,
        0,
        1,
        1,
        1
    ],
    "recent_steps": [
        54,
        62,
        53,
        49,
        67,
        1,
        90,
        135,
        85,
        25,
        95,
        94,
        79,
        84,
        105,
        44,
        65,
        76,
        76,
        60,
        1,
        64,
        74,
        26,
        88,
        106,
        109,
        66,
        78,
        123,
        69,
        71,
        7,
        67,
        103,
        63,
        75,
        83,
        50,
        66,
        55,
        66,
        33,
        70,
        95,
        71,
        53,
        97,
        91,
        98,
        74,
        104,
        74,
        82,
        71,
        67,
        122,
        128,
        69,
        135,
        97,
        23,
        74,
        90,
        97,
        68,
        17,
        54,
        53,
        63,
        61,
        92,
        145,
        80,
        51,
        88,
        43,
        81,
        37,
        67,
        132,
        47,
        100,
        157,
        78,
        92,
        69,
        32,
        99,
        5,
        98,
        129,
        67,
        66,
        88,
        70,
        61,
        67,
        47,
        77
    ],
    "params": {
        "max_episodes": 2000,
        "max_steps": 500,
        "batch_size": 64,
        "learning_rate": 2e-05,
        "gamma": 0.99,
        "initial_epsilon": 0.2,
        "epsilon_decay": 0.997,
        "min_epsilon": 0.05,
        "memory_size": 200000,
        "target_update_freq": 10,
        "checkpoint_freq": 50,
        "resource_monitor_freq": 10
    },
    "resource_summary": "Training Time: 5:55:45\nAvg CPU Usage: 41.7%\nAvg Memory Usage: 5.7%\nAvg GPU Usage: 2.0%\nAvg GPU Memory: 368.7MB"
}