{
    "episode": 1700,
    "best_reward": 4087.1912804683857,
    "best_success_rate": 0.9,
    "recent_rewards": [
        689.8155544658553,
        2672.0669693679415,
        2619.4567867339956,
        1325.0058825742105,
        1755.0045759920222,
        2312.809135347121,
        3549.243482009708,
        1563.5668364529822,
        1960.6657166941588,
        1150.9617968860266,
        3397.6775653001473,
        1022.0361804188846,
        2339.885209535858,
        2764.663829532638,
        3308.0439316866327,
        2018.1502815643892,
        1769.015587849603,
        2147.787856431959,
        2744.8666615928114,
        3421.311166934517,
        3547.016766623911,
        2226.034198980476,
        3146.668598414167,
        3609.23785018316,
        538.7681383660392,
        209.87242858107962,
        2103.7463390588287,
        399.9,
        2057.9843653274133,
        2940.105004392507,
        2513.614447284221,
        2942.5969753881277,
        1641.5030969928555,
        3137.8931761513672,
        2205.431375018046,
        2120.861919977044,
        2254.960151256166,
        3478.2099920273345,
        2464.986691055074,
        919.1951922411854,
        3302.70044553277,
        2151.0769300050015,
        2767.675475029907,
        2059.8747508936367,
        2078.504208700645,
        3800.0022061986624,
        2249.3017051131274,
        2959.535565911058,
        566.176715414321,
        3702.255338334398,
        1219.901575521666,
        2436.544521879851,
        1567.7419256966805,
        1010.9653616927626,
        2220.8617049935724,
        399.9,
        2100.144848501832,
        3093.96716636059,
        1609.6412995311487,
        1180.7238249005932,
        2204.8478047839985,
        2361.3193416251424,
        1855.4584329873137,
        2836.8788308640783,
        2474.1524749169694,
        1850.238718598544,
        1254.203221811818,
        2726.4803682722163,
        2604.141193904858,
        1312.3006224690623,
        399.9,
        1537.64838279896,
        2488.4698495200787,
        476.78817667693045,
        1724.9946366856796,
        3275.8701053528953,
        1830.4024225123478,
        1880.7278347274012,
        2733.9950235384345,
        3142.945447168533,
        2555.778825451066,
        2504.1550978663236,
        521.4275002396645,
        2210.973801982524,
        3425.7145681308493,
        2184.5801782268836,
        2525.8515743678404,
        2598.93297394449,
        2024.3404548136066,
        2237.091315500072,
        1153.2597586393204,
        2327.179836408235,
        268.27092084114474,
        2459.964190910512,
        2320.260229718083,
        1464.128475145012,
        1583.4328337541128,
        2356.05189588147,
        2380.7186007798978,
        2470.668303932539
    ],
    "recent_successes": [
        1,
        1,
        1,
        0,
        0,
        0,
        1,
        0,
        0,
        0,
        1,
        0,
        1,
        1,
        1,
        1,
        0,
        1,
        1,
        1,
        1,
        1,
        1,
        1,
        1,
        1,
        1,
        1,
        1,
        1,
        1,
        0,
        0,
        1,
        1,
        0,
        0,
        1,
        1,
        1,
        1,
        0,
        1,
        1,
        1,
        1,
        1,
        1,
        1,
        1,
        0,
        1,
        0,
        0,
        1,
        1,
        1,
        1,
        0,
        1,
        0,
        1,
        1,
        1,
        1,
        1,
        0,
        1,
        1,
        0,
        1,
        0,
        1,
        1,
        0,
        1,
        0,
        0,
        1,
        1,
        1,
        1,
        1,
        1,
        1,
        1,
        1,
        1,
        1,
        1,
        0,
        1,
        1,
        1,
        1,
        0,
        0,
        1,
        1,
        1
    ],
    "recent_collisions": [
        0,
        0,
        0,
        1,
        1,
        1,
        0,
        1,
        1,
        1,
        0,
        1,
        0,
        0,
        0,
        0,
        1,
        0,
        0,
        0,
        0,
        0,
        0,
        0,
        0,
        0,
        0,
        0,
        0,
        0,
        0,
        1,
        1,
        0,
        0,
        1,
        1,
        0,
        0,
        0,
        0,
        1,
        0,
        0,
        0,
        0,
        0,
        0,
        0,
        0,
        1,
        0,
        1,
        1,
        0,
        0,
        0,
        0,
        1,
        0,
        1,
        0,
        0,
        0,
        0,
        0,
        1,
        0,
        0,
        1,
        0,
        1,
        0,
        0,
        1,
        0,
        1,
        1,
        0,
        0,
        0,
        0,
        0,
        0,
        0,
        0,
        0,
        0,
        0,
        0,
        1,
        0,
        0,
        0,
        0,
        1,
        1,
        0,
        0,
        0
    ],
    "recent_steps": [
        35,
        73,
        77,
        70,
        93,
        103,
        139,
        58,
        67,
        53,
        139,
        56,
        68,
        79,
        141,
        73,
        103,
        83,
        86,
        104,
        129,
        77,
        108,
        120,
        20,
        28,
        93,
        1,
        57,
        97,
        80,
        125,
        56,
        127,
        89,
        87,
        104,
        157,
        97,
        18,
        119,
        96,
        77,
        51,
        82,
        142,
        88,
        95,
        10,
        117,
        54,
        62,
        53,
        49,
        67,
        1,
        90,
        135,
        85,
        25,
        95,
        94,
        79,
        84,
        105,
        44,
        65,
        76,
        76,
        60,
        1,
        64,
        74,
        26,
        88,
        106,
        109,
        66,
        78,
        123,
        69,
        71,
        7,
        67,
        103,
        63,
        75,
        83,
        50,
        66,
        55,
        66,
        33,
        70,
        95,
        71,
        53,
        97,
        91,
        98
    ],
    "params": {
        "max_episodes": 2000,
        "max_steps": 500,
        "batch_size": 64,
        "learning_rate": 2e-05,
        "gamma": 0.99,
        "initial_epsilon": 0.2,
        "epsilon_decay": 0.997,
        "min_epsilon": 0.05,
        "memory_size": 200000,
        "target_update_freq": 10,
        "checkpoint_freq": 50,
        "resource_monitor_freq": 10
    },
    "resource_summary": "Training Time: 5:45:45\nAvg CPU Usage: 41.7%\nAvg Memory Usage: 5.7%\nAvg GPU Usage: 2.0%\nAvg GPU Memory: 368.7MB"
}