{
    "episode": 1550,
    "best_reward": 4087.1912804683857,
    "best_success_rate": 0.8,
    "recent_rewards": [
        3210.6261529239937,
        2302.4534072199863,
        2379.529202251098,
        369.86340945459466,
        399.9,
        816.4186406449928,
        1494.8967976967897,
        2684.425253983925,
        2053.0306847685847,
        2116.835922836577,
        2274.7141332339597,
        2283.5372571648745,
        2305.735942071346,
        2495.52379704123,
        2373.9908932932613,
        1196.7946630045883,
        1752.5997629781325,
        2237.5579036577597,
        3977.5194186631784,
        2170.2140653285746,
        399.9,
        2048.485696835449,
        3182.2587957797746,
        1861.1066629203958,
        1404.6728248472205,
        3226.4511304384214,
        744.8228487973072,
        2065.0787831719763,
        3081.3516419821103,
        2123.487474518954,
        1534.5514984535223,
        2470.883011208268,
        1957.0389661045508,
        1735.2369030637192,
        652.9122207680083,
        1571.8609125693745,
        2331.0223542383383,
        2570.8664868652077,
        2742.144141934964,
        1873.4149361233892,
        2984.7246548104513,
        1703.825781787561,
        2925.0037589995613,
        1743.418893742924,
        1945.4424599094827,
        1344.1208289902168,
        1965.421109519487,
        3144.709260502972,
        3433.0308862019315,
        728.004200272281,
        1384.686417741992,
        3080.941332174743,
        1963.5784273397417,
        1461.705142716495,
        3602.401332612916,
        2860.1482031433347,
        2503.7713767312252,
        2282.09385346111,
        790.426048207966,
        502.0815323975632,
        1679.7046319321225,
        1896.8545638780229,
        3220.9739862179085,
        2326.911549006139,
        629.6763420617362,
        3009.927701499559,
        1605.3445572573742,
        2213.171570352788,
        1863.6059687187485,
        2591.522722280728,
        1567.252799221763,
        1523.1491116131851,
        2114.2613508624477,
        1978.4672226542853,
        2524.663297464628,
        1479.9687224623995,
        3187.715687871616,
        399.9,
        2786.0026134065,
        826.5625930260258,
        399.9,
        2179.2377781106698,
        2877.009804616747,
        2008.0774195254498,
        2202.4250364487857,
        1984.3757851836203,
        1528.018975128874,
        1806.481669541068,
        2656.9270363718365,
        3031.1427257893642,
        1643.9115667620183,
        1178.3083052210534,
        602.13285335565,
        1686.0930415629243,
        2567.521528092699,
        2449.979167998294,
        1167.7332641871787,
        1594.1176405515425,
        399.9,
        2473.5016632011666
    ],
    "recent_successes": [
        1,
        1,
        1,
        1,
        1,
        1,
        0,
        1,
        1,
        1,
        0,
        0,
        1,
        1,
        1,
        0,
        0,
        1,
        1,
        0,
        1,
        1,
        1,
        1,
        0,
        1,
        1,
        1,
        1,
        1,
        0,
        1,
        0,
        0,
        1,
        0,
        1,
        1,
        1,
        0,
        1,
        0,
        1,
        0,
        1,
        0,
        1,
        1,
        1,
        1,
        0,
        1,
        0,
        0,
        1,
        1,
        1,
        1,
        1,
        1,
        0,
        1,
        1,
        1,
        1,
        1,
        0,
        0,
        0,
        1,
        0,
        0,
        0,
        1,
        1,
        0,
        0,
        1,
        1,
        1,
        1,
        1,
        1,
        1,
        1,
        0,
        0,
        0,
        1,
        1,
        0,
        0,
        1,
        0,
        1,
        1,
        0,
        0,
        1,
        1
    ],
    "recent_collisions": [
        0,
        0,
        0,
        0,
        0,
        0,
        1,
        0,
        0,
        0,
        1,
        1,
        0,
        0,
        0,
        1,
        1,
        0,
        0,
        1,
        0,
        0,
        0,
        0,
        1,
        0,
        0,
        0,
        0,
        0,
        1,
        0,
        1,
        1,
        0,
        1,
        0,
        0,
        0,
        1,
        0,
        1,
        0,
        1,
        0,
        1,
        0,
        0,
        0,
        0,
        1,
        0,
        1,
        1,
        0,
        0,
        0,
        0,
        0,
        0,
        1,
        0,
        0,
        0,
        0,
        0,
        1,
        1,
        1,
        0,
        1,
        1,
        1,
        0,
        0,
        1,
        1,
        0,
        0,
        0,
        0,
        0,
        0,
        0,
        0,
        1,
        1,
        1,
        0,
        0,
        1,
        1,
        0,
        1,
        0,
        0,
        1,
        1,
        0,
        0
    ],
    "recent_steps": [
        91,
        64,
        72,
        32,
        1,
        20,
        54,
        75,
        59,
        87,
        111,
        105,
        68,
        96,
        65,
        85,
        66,
        89,
        154,
        113,
        1,
        58,
        92,
        78,
        50,
        113,
        44,
        59,
        89,
        66,
        86,
        77,
        67,
        53,
        13,
        86,
        64,
        80,
        81,
        66,
        87,
        126,
        83,
        53,
        90,
        49,
        82,
        106,
        129,
        15,
        65,
        85,
        84,
        53,
        118,
        97,
        79,
        97,
        16,
        26,
        56,
        49,
        134,
        67,
        12,
        89,
        89,
        129,
        112,
        74,
        86,
        82,
        96,
        52,
        71,
        53,
        134,
        1,
        108,
        16,
        1,
        64,
        88,
        82,
        67,
        64,
        90,
        86,
        76,
        118,
        90,
        59,
        11,
        103,
        75,
        68,
        56,
        83,
        1,
        98
    ],
    "params": {
        "max_episodes": 2000,
        "max_steps": 500,
        "batch_size": 64,
        "learning_rate": 2e-05,
        "gamma": 0.99,
        "initial_epsilon": 0.2,
        "epsilon_decay": 0.997,
        "min_epsilon": 0.05,
        "memory_size": 200000,
        "target_update_freq": 10,
        "checkpoint_freq": 50,
        "resource_monitor_freq": 10
    },
    "resource_summary": "Training Time: 5:15:20\nAvg CPU Usage: 41.7%\nAvg Memory Usage: 5.6%\nAvg GPU Usage: 2.0%\nAvg GPU Memory: 368.7MB"
}