{
    "episode": 300,
    "best_reward": 4022.2679800849846,
    "best_success_rate": 0.8,
    "recent_rewards": [
        2393.483881144002,
        1303.8541334252986,
        1794.107615133659,
        2411.5358242846037,
        2679.0092782220445,
        1869.506355011365,
        3546.091256790146,
        1287.2887631432932,
        399.9,
        1177.2793780067673,
        460.4914075397464,
        983.9197477152,
        440.2737687849276,
        3523.3441770752893,
        1554.6000056471576,
        3029.531112145204,
        394.5666748664676,
        2681.7488211585487,
        213.78320294264688,
        1521.9584584227719,
        3951.9390533810274,
        2757.1881631316523,
        1734.9142680775935,
        953.8261594291996,
        3121.541945080595,
        2155.3524135716034,
        806.9903055073717,
        1819.4118776038276,
        2160.8953465147206,
        2142.4779057774504,
        1405.0439438958242,
        2635.6522562201467,
        3215.2720904756547,
        2111.9290424264286,
        2261.3516536985944,
        439.6406596334134,
        1104.1226250025156,
        3175.4434587327746,
        2205.5372853439353,
        3122.676632164238,
        1502.4558975741822,
        2895.445178434076,
        1433.1763059923767,
        1702.823834462598,
        3849.314124099127,
        693.8595326028943,
        2592.8168494302736,
        1988.5652313003109,
        1452.3126440720278,
        1195.2741302802917,
        1419.3098647387556,
        1899.2578129766607,
        1697.104482860568,
        4022.2679800849846,
        2629.7482820913983,
        1706.4524442232328,
        3984.513856899683,
        428.8715946110905,
        3338.550414646018,
        3037.682790072694,
        399.9,
        1826.725481573931,
        2046.383848238673,
        1965.416749451274,
        1378.1260377593112,
        1253.777357038876,
        2102.134688402224,
        1121.0171593991397,
        3487.2346222766737,
        399.9,
        2334.0961005141035,
        2474.8360115581086,
        1627.004261940564,
        1947.8707505549025,
        2126.6720723633853,
        3190.560765128894,
        538.8917266100274,
        1658.9690044353529,
        3991.122593620238,
        3074.2982242511007,
        1714.9250964344008,
        1027.9254046452406,
        726.2237076688682,
        3031.5655225057485,
        3137.373885141414,
        3112.2020880260293,
        2474.9736541998777,
        2703.8429537051356,
        2278.3916704079343,
        1135.2948873309183,
        644.7537034316531,
        1224.4118306912749,
        2144.873663938421,
        2189.044264167242,
        1749.9791001110648,
        3528.833146583069,
        629.9950520982637,
        1408.0805410826263,
        3477.408353159192,
        3651.1318684286466
    ],
    "recent_successes": [
        0,
        0,
        0,
        1,
        1,
        1,
        1,
        0,
        1,
        0,
        1,
        0,
        0,
        1,
        0,
        1,
        1,
        1,
        1,
        0,
        1,
        0,
        0,
        0,
        1,
        1,
        1,
        0,
        1,
        1,
        0,
        1,
        1,
        1,
        1,
        1,
        0,
        1,
        1,
        1,
        0,
        1,
        0,
        0,
        1,
        0,
        1,
        0,
        0,
        0,
        0,
        1,
        0,
        1,
        0,
        0,
        1,
        1,
        1,
        1,
        1,
        0,
        0,
        1,
        0,
        0,
        1,
        0,
        1,
        1,
        1,
        1,
        0,
        0,
        1,
        1,
        1,
        0,
        1,
        1,
        0,
        0,
        1,
        1,
        1,
        1,
        0,
        0,
        1,
        0,
        1,
        0,
        1,
        1,
        0,
        1,
        0,
        0,
        1,
        1
    ],
    "recent_collisions": [
        1,
        1,
        1,
        0,
        0,
        0,
        0,
        1,
        0,
        1,
        0,
        1,
        1,
        0,
        1,
        0,
        0,
        0,
        0,
        1,
        0,
        1,
        1,
        1,
        0,
        0,
        0,
        1,
        0,
        0,
        1,
        0,
        0,
        0,
        0,
        0,
        1,
        0,
        0,
        0,
        1,
        0,
        1,
        1,
        0,
        1,
        0,
        1,
        1,
        1,
        1,
        0,
        1,
        0,
        1,
        1,
        0,
        0,
        0,
        0,
        0,
        1,
        1,
        0,
        1,
        1,
        0,
        1,
        0,
        0,
        0,
        0,
        1,
        1,
        0,
        0,
        0,
        1,
        0,
        0,
        1,
        1,
        0,
        0,
        0,
        0,
        1,
        1,
        0,
        1,
        0,
        1,
        0,
        0,
        1,
        0,
        1,
        1,
        0,
        0
    ],
    "recent_steps": [
        152,
        52,
        102,
        96,
        83,
        100,
        161,
        53,
        1,
        57,
        31,
        60,
        68,
        126,
        56,
        245,
        28,
        98,
        43,
        96,
        132,
        199,
        99,
        54,
        229,
        206,
        22,
        90,
        54,
        120,
        62,
        77,
        142,
        129,
        65,
        3,
        57,
        128,
        57,
        92,
        58,
        79,
        52,
        91,
        162,
        69,
        234,
        93,
        89,
        52,
        63,
        46,
        92,
        154,
        139,
        94,
        162,
        29,
        132,
        110,
        1,
        101,
        90,
        91,
        90,
        62,
        52,
        57,
        157,
        1,
        75,
        81,
        92,
        94,
        61,
        130,
        8,
        94,
        137,
        99,
        99,
        55,
        17,
        81,
        152,
        141,
        143,
        170,
        63,
        51,
        15,
        51,
        104,
        61,
        93,
        151,
        66,
        55,
        187,
        137
    ],
    "params": {
        "max_episodes": 2000,
        "max_steps": 500,
        "batch_size": 64,
        "learning_rate": 2e-05,
        "gamma": 0.99,
        "initial_epsilon": 0.2,
        "epsilon_decay": 0.997,
        "min_epsilon": 0.05,
        "memory_size": 200000,
        "target_update_freq": 10,
        "checkpoint_freq": 50,
        "resource_monitor_freq": 10
    },
    "resource_summary": "Training Time: 1:29:15\nAvg CPU Usage: 42.0%\nAvg Memory Usage: 5.4%\nAvg GPU Usage: 1.9%\nAvg GPU Memory: 367.5MB"
}