{
    "episode": 700,
    "best_reward": 4087.1912804683857,
    "best_success_rate": 0.8,
    "recent_rewards": [
        2662.4973220165525,
        2379.1586709210587,
        1442.783230047811,
        3251.8721366789127,
        1567.3331694333679,
        2594.072953671198,
        2294.131067017171,
        492.1755349689365,
        2296.3025734717708,
        559.5307190523159,
        2953.534240089752,
        3564.6868910352377,
        2516.2579732486806,
        1669.7628116074152,
        1780.1104132204603,
        1510.8167255287958,
        1641.1390241201846,
        2382.1778195048155,
        1687.3767435817585,
        1451.8542341323182,
        1398.148575623434,
        2636.4231824167464,
        1516.4722657023735,
        1274.6584366451423,
        1759.502023568703,
        1050.0121352847946,
        2626.142399097815,
        2492.2657614577474,
        2004.3794561586878,
        3195.6542591991397,
        2242.449168554261,
        3235.2043652405227,
        1534.0019584111578,
        2608.957166209064,
        2775.6699529438706,
        1802.4882271672843,
        2625.2829661453643,
        2827.5828017006625,
        587.1828977690841,
        1666.6821694233868,
        2857.333293047895,
        2043.9539375891743,
        1151.7832487530864,
        1511.8067980031683,
        2346.9947000479488,
        2775.927588653432,
        1439.7115183807407,
        2327.4768867916578,
        3005.646248212576,
        713.2604868881972,
        1955.7361847825841,
        1983.9312862222453,
        2717.6221994462185,
        529.2758869212977,
        2837.6425418072786,
        2868.635589731265,
        488.00788594926775,
        1606.1820577430638,
        1353.084595925979,
        708.6031995018989,
        2083.862578098461,
        1928.589712625197,
        2491.9392778757747,
        2801.351309098108,
        1478.6968875783891,
        2271.026953172295,
        3047.3164287672075,
        726.2262674494107,
        3532.8419182080834,
        808.4422489798851,
        2512.567734424109,
        1769.317811932527,
        2210.1822470569023,
        1800.7751298889154,
        1902.7663955236,
        984.5461025717356,
        2691.6564629627705,
        1790.340729190991,
        2975.737718649708,
        286.11988329597034,
        399.9,
        1746.2042696206463,
        2564.7651047925942,
        1181.3812562775704,
        2218.311653092719,
        1958.6624735078199,
        1423.9811753822826,
        1820.396043159837,
        314.17541219663127,
        677.4915120348068,
        2168.0993611469817,
        1528.1273442510844,
        381.70898729144807,
        2865.877766893842,
        2536.799504832204,
        267.8897863049285,
        399.9,
        3262.1857594502935,
        2647.4502077926586,
        2017.518908744569
    ],
    "recent_successes": [
        1,
        1,
        0,
        1,
        0,
        1,
        1,
        1,
        1,
        1,
        1,
        1,
        1,
        0,
        0,
        0,
        0,
        1,
        0,
        0,
        0,
        1,
        0,
        0,
        0,
        0,
        1,
        1,
        1,
        1,
        1,
        1,
        0,
        1,
        1,
        0,
        1,
        1,
        1,
        0,
        1,
        0,
        1,
        0,
        1,
        1,
        0,
        1,
        1,
        1,
        0,
        1,
        1,
        1,
        1,
        1,
        1,
        0,
        0,
        1,
        1,
        0,
        1,
        1,
        0,
        1,
        1,
        1,
        1,
        1,
        1,
        0,
        1,
        0,
        0,
        0,
        1,
        1,
        1,
        1,
        1,
        0,
        1,
        0,
        1,
        1,
        0,
        1,
        1,
        1,
        1,
        0,
        1,
        0,
        1,
        1,
        1,
        1,
        1,
        1
    ],
    "recent_collisions": [
        0,
        0,
        1,
        0,
        1,
        0,
        0,
        0,
        0,
        0,
        0,
        0,
        0,
        1,
        1,
        1,
        1,
        0,
        1,
        1,
        1,
        0,
        1,
        1,
        1,
        1,
        0,
        0,
        0,
        0,
        0,
        0,
        1,
        0,
        0,
        1,
        0,
        0,
        0,
        1,
        0,
        1,
        0,
        1,
        0,
        0,
        1,
        0,
        0,
        0,
        1,
        0,
        0,
        0,
        0,
        0,
        0,
        1,
        1,
        0,
        0,
        1,
        0,
        0,
        1,
        0,
        0,
        0,
        0,
        0,
        0,
        1,
        0,
        1,
        1,
        1,
        0,
        0,
        0,
        0,
        0,
        1,
        0,
        1,
        0,
        0,
        1,
        0,
        0,
        0,
        0,
        1,
        0,
        1,
        0,
        0,
        0,
        0,
        0,
        0
    ],
    "recent_steps": [
        80,
        91,
        59,
        97,
        83,
        72,
        74,
        7,
        58,
        9,
        131,
        144,
        74,
        55,
        87,
        79,
        64,
        71,
        54,
        75,
        78,
        112,
        64,
        53,
        65,
        67,
        82,
        71,
        56,
        131,
        60,
        102,
        53,
        72,
        80,
        94,
        78,
        80,
        21,
        82,
        108,
        71,
        24,
        59,
        65,
        91,
        70,
        70,
        93,
        18,
        71,
        82,
        79,
        8,
        113,
        82,
        5,
        54,
        56,
        11,
        89,
        70,
        102,
        103,
        62,
        95,
        91,
        39,
        116,
        14,
        69,
        83,
        94,
        67,
        69,
        67,
        74,
        80,
        93,
        30,
        1,
        80,
        91,
        64,
        89,
        66,
        75,
        80,
        24,
        22,
        88,
        58,
        34,
        103,
        82,
        22,
        1,
        112,
        95,
        78
    ],
    "params": {
        "max_episodes": 2000,
        "max_steps": 500,
        "batch_size": 64,
        "learning_rate": 2e-05,
        "gamma": 0.99,
        "initial_epsilon": 0.2,
        "epsilon_decay": 0.997,
        "min_epsilon": 0.05,
        "memory_size": 200000,
        "target_update_freq": 10,
        "checkpoint_freq": 50,
        "resource_monitor_freq": 10
    },
    "resource_summary": "Training Time: 2:44:33\nAvg CPU Usage: 42.0%\nAvg Memory Usage: 5.5%\nAvg GPU Usage: 2.0%\nAvg GPU Memory: 368.4MB"
}