{
    "episode": 950,
    "best_reward": 4087.1912804683857,
    "best_success_rate": 0.8,
    "recent_rewards": [
        2526.63279420206,
        2166.6518620274987,
        2004.6937564789705,
        1482.3308733436581,
        1354.6202585669794,
        2128.272558773705,
        1451.8474793446808,
        2162.8598518379326,
        1142.2963874605612,
        1719.2569984717052,
        1891.8954247312295,
        3107.8521343888083,
        2452.4584662992866,
        2693.282346411251,
        2664.061652686764,
        1790.8603396170279,
        566.134460189983,
        2615.9995837647207,
        1769.2315675645566,
        1569.6874985428994,
        1686.8406663825067,
        1981.1048345301788,
        928.1344777766521,
        1684.3192569321818,
        399.9,
        1325.8472096483408,
        1637.2269874082676,
        1481.7172625970531,
        1606.2086544541173,
        2018.9783126708833,
        3632.2529803809166,
        1481.3223340331642,
        1531.0565100329752,
        2939.9461250160925,
        2005.2648024557204,
        1671.81171902503,
        1974.0130340095186,
        1605.9152133563155,
        1863.8899867137072,
        2939.485619367196,
        545.0413492170765,
        691.9924529280308,
        1132.2870136658503,
        3006.6738755394745,
        753.0705280250365,
        1622.2955399710847,
        474.8597035166991,
        2760.8367989204853,
        1785.8482952092957,
        1834.2038965129839,
        1420.9863482293367,
        1051.7663466510664,
        1350.848920400482,
        2463.556412272097,
        2234.404476575813,
        1661.4293888547872,
        2583.1388063870863,
        2490.38069323622,
        649.5737281981664,
        1786.8145632186263,
        1208.9062849379407,
        1569.9726548327023,
        635.6137676832766,
        1759.6702299443084,
        1512.4148064885455,
        1967.0211080946603,
        2341.8121587608707,
        1627.048328875993,
        1424.0308949774842,
        2659.212221465403,
        1652.3217291369222,
        2362.192094016597,
        1482.0697528328976,
        3086.7073535842583,
        1480.9238592760573,
        1193.1777891967563,
        1562.0278912716885,
        1494.5017310800995,
        1743.1370542603547,
        1480.2032693169767,
        1486.4007581675794,
        1465.2858811476387,
        1882.954286528327,
        2281.885308814237,
        1454.890492193558,
        1823.3910191188252,
        2288.003730522205,
        1359.5440282933284,
        1551.116335248632,
        1727.8210148270534,
        1798.0901882984554,
        1406.6607926450545,
        1236.4045583307181,
        1676.0203024337013,
        1582.4138326647917,
        1370.4957458500526,
        1563.9364407565886,
        1057.206893038721,
        1847.691453045137,
        1761.869135544591
    ],
    "recent_successes": [
        1,
        1,
        1,
        0,
        0,
        0,
        0,
        0,
        0,
        0,
        1,
        1,
        1,
        1,
        1,
        0,
        1,
        1,
        0,
        0,
        0,
        1,
        0,
        0,
        1,
        0,
        0,
        0,
        0,
        0,
        1,
        0,
        0,
        0,
        1,
        0,
        0,
        0,
        0,
        0,
        1,
        1,
        0,
        0,
        1,
        0,
        1,
        1,
        0,
        0,
        0,
        0,
        0,
        1,
        0,
        0,
        1,
        1,
        1,
        0,
        0,
        0,
        1,
        0,
        0,
        0,
        0,
        0,
        0,
        1,
        0,
        1,
        0,
        1,
        0,
        0,
        0,
        0,
        0,
        0,
        0,
        0,
        0,
        1,
        0,
        0,
        0,
        0,
        0,
        0,
        0,
        0,
        0,
        1,
        1,
        0,
        0,
        0,
        0,
        0
    ],
    "recent_collisions": [
        0,
        0,
        0,
        1,
        1,
        1,
        1,
        1,
        1,
        1,
        0,
        0,
        0,
        0,
        0,
        1,
        0,
        0,
        1,
        1,
        1,
        0,
        1,
        1,
        0,
        1,
        1,
        1,
        1,
        1,
        0,
        1,
        1,
        1,
        0,
        1,
        1,
        1,
        1,
        1,
        0,
        0,
        1,
        1,
        0,
        1,
        0,
        0,
        1,
        1,
        1,
        1,
        1,
        0,
        1,
        1,
        0,
        0,
        0,
        1,
        1,
        1,
        0,
        1,
        1,
        1,
        1,
        1,
        1,
        0,
        1,
        0,
        1,
        0,
        1,
        1,
        1,
        1,
        1,
        1,
        1,
        1,
        1,
        0,
        1,
        1,
        1,
        1,
        1,
        1,
        1,
        1,
        1,
        0,
        0,
        1,
        1,
        1,
        1,
        1
    ],
    "recent_steps": [
        69,
        69,
        50,
        51,
        53,
        77,
        69,
        76,
        69,
        87,
        69,
        101,
        78,
        85,
        102,
        67,
        7,
        72,
        54,
        53,
        58,
        87,
        57,
        76,
        1,
        72,
        79,
        70,
        63,
        91,
        105,
        52,
        54,
        100,
        57,
        60,
        104,
        63,
        61,
        104,
        8,
        44,
        57,
        104,
        15,
        52,
        35,
        84,
        59,
        87,
        52,
        48,
        54,
        73,
        72,
        77,
        75,
        80,
        15,
        68,
        57,
        56,
        39,
        67,
        55,
        78,
        84,
        86,
        53,
        105,
        51,
        76,
        74,
        93,
        54,
        60,
        51,
        54,
        63,
        67,
        77,
        54,
        88,
        90,
        69,
        59,
        78,
        87,
        56,
        85,
        83,
        71,
        70,
        72,
        74,
        52,
        61,
        63,
        62,
        69
    ],
    "params": {
        "max_episodes": 2000,
        "max_steps": 500,
        "batch_size": 64,
        "learning_rate": 2e-05,
        "gamma": 0.99,
        "initial_epsilon": 0.2,
        "epsilon_decay": 0.997,
        "min_epsilon": 0.05,
        "memory_size": 200000,
        "target_update_freq": 10,
        "checkpoint_freq": 50,
        "resource_monitor_freq": 10
    },
    "resource_summary": "Training Time: 3:28:10\nAvg CPU Usage: 41.8%\nAvg Memory Usage: 5.6%\nAvg GPU Usage: 2.0%\nAvg GPU Memory: 368.5MB"
}