{
    "episode": 1100,
    "best_reward": 4087.1912804683857,
    "best_success_rate": 0.8,
    "recent_rewards": [
        399.9,
        1673.7512986867869,
        2390.6631336409596,
        2594.797425961775,
        2694.852888707716,
        2487.833600194993,
        1474.922827065135,
        3133.723792384163,
        1753.1440839478732,
        617.4213546344524,
        1626.441471060369,
        1510.6429518649484,
        1644.3361158114617,
        2432.4356281756964,
        2016.174942183996,
        399.9,
        1545.9254051060907,
        2859.871296127037,
        1751.4556179269046,
        1749.6195356159267,
        822.8603551520243,
        2514.8328904463283,
        1668.6971084063894,
        1233.0304050817338,
        2360.394065433172,
        672.188708426992,
        2945.947377768032,
        2986.8101900503975,
        2772.526524533474,
        2618.9842646733023,
        1372.1642554278453,
        534.3758636320746,
        1685.6100604214182,
        2773.513771149641,
        2528.5792990223194,
        1148.8036431707383,
        635.3394192721671,
        379.90743605445965,
        746.3500711262759,
        2313.68941920456,
        1985.250982306574,
        1330.187781092219,
        1558.685174299888,
        2433.532398681664,
        1545.9700429006868,
        1746.3127046133873,
        399.9,
        2343.9730264999926,
        1288.8386356853382,
        3209.267503890282,
        1561.0679909188368,
        1399.8914550571196,
        3015.872163009688,
        2448.4479978547433,
        1576.432507562468,
        1254.4190815130519,
        2331.1234280381527,
        1442.3359578198895,
        399.9,
        2883.1808036028083,
        1460.4554893076413,
        2093.5335523133217,
        2426.9984691581817,
        1683.9342596313963,
        1893.049264527176,
        2438.2855874483016,
        1677.4955135233254,
        1336.3341127543504,
        399.9,
        2121.111531308539,
        1352.6644455170444,
        2228.5879015584633,
        2694.6710752384765,
        3205.3107760735993,
        1829.2948394808432,
        2598.1061719766185,
        1251.1190878518646,
        1519.8751275321433,
        2347.201946162657,
        1578.913738661893,
        3531.4125825948495,
        399.9,
        2295.8576096514817,
        3310.3888978973005,
        1879.3696687124902,
        399.9,
        3460.4525404636797,
        1763.0651068529492,
        2716.6205473337604,
        2690.1957482407956,
        679.7616781199233,
        399.9,
        2145.8694821211593,
        1504.9961621400562,
        2346.1696517258306,
        2950.1051193070375,
        1438.670673343547,
        2878.5596865075695,
        2443.2572458001055,
        1518.9043285116418
    ],
    "recent_successes": [
        1,
        0,
        1,
        1,
        1,
        1,
        0,
        1,
        0,
        1,
        0,
        0,
        0,
        1,
        0,
        1,
        0,
        1,
        0,
        0,
        1,
        1,
        0,
        0,
        1,
        1,
        1,
        1,
        0,
        1,
        0,
        1,
        0,
        1,
        0,
        0,
        1,
        1,
        1,
        1,
        0,
        0,
        0,
        1,
        0,
        0,
        1,
        1,
        0,
        1,
        0,
        0,
        1,
        1,
        0,
        0,
        1,
        0,
        1,
        1,
        0,
        0,
        1,
        0,
        0,
        1,
        0,
        0,
        1,
        1,
        0,
        1,
        1,
        1,
        0,
        1,
        0,
        0,
        1,
        0,
        1,
        1,
        1,
        1,
        0,
        1,
        1,
        0,
        1,
        1,
        1,
        1,
        1,
        0,
        0,
        1,
        0,
        1,
        1,
        0
    ],
    "recent_collisions": [
        0,
        1,
        0,
        0,
        0,
        0,
        1,
        0,
        1,
        0,
        1,
        1,
        1,
        0,
        1,
        0,
        1,
        0,
        1,
        1,
        0,
        0,
        1,
        1,
        0,
        0,
        0,
        0,
        1,
        0,
        1,
        0,
        1,
        0,
        1,
        1,
        0,
        0,
        0,
        0,
        1,
        1,
        1,
        0,
        1,
        1,
        0,
        0,
        1,
        0,
        1,
        1,
        0,
        0,
        1,
        1,
        0,
        1,
        0,
        0,
        1,
        1,
        0,
        1,
        1,
        0,
        1,
        1,
        0,
        0,
        1,
        0,
        0,
        0,
        1,
        0,
        1,
        1,
        0,
        1,
        0,
        0,
        0,
        0,
        1,
        0,
        0,
        1,
        0,
        0,
        0,
        0,
        0,
        1,
        1,
        0,
        1,
        0,
        0,
        1
    ],
    "recent_steps": [
        1,
        60,
        102,
        83,
        86,
        97,
        82,
        98,
        75,
        21,
        55,
        75,
        73,
        83,
        81,
        1,
        58,
        89,
        98,
        76,
        22,
        76,
        101,
        77,
        97,
        10,
        113,
        87,
        104,
        97,
        55,
        6,
        95,
        81,
        103,
        64,
        39,
        38,
        25,
        62,
        73,
        53,
        74,
        93,
        78,
        69,
        1,
        92,
        59,
        98,
        78,
        87,
        97,
        74,
        79,
        63,
        92,
        50,
        1,
        88,
        57,
        89,
        74,
        57,
        82,
        78,
        52,
        70,
        1,
        60,
        73,
        68,
        105,
        100,
        107,
        86,
        75,
        56,
        91,
        50,
        111,
        1,
        90,
        100,
        84,
        1,
        105,
        64,
        84,
        101,
        23,
        1,
        66,
        80,
        98,
        88,
        79,
        90,
        68,
        77
    ],
    "params": {
        "max_episodes": 2000,
        "max_steps": 500,
        "batch_size": 64,
        "learning_rate": 2e-05,
        "gamma": 0.99,
        "initial_epsilon": 0.2,
        "epsilon_decay": 0.997,
        "min_epsilon": 0.05,
        "memory_size": 200000,
        "target_update_freq": 10,
        "checkpoint_freq": 50,
        "resource_monitor_freq": 10
    },
    "resource_summary": "Training Time: 3:53:47\nAvg CPU Usage: 41.8%\nAvg Memory Usage: 5.6%\nAvg GPU Usage: 2.0%\nAvg GPU Memory: 368.6MB"
}