{
    "episode": 550,
    "best_reward": 4087.1912804683857,
    "best_success_rate": 0.8,
    "recent_rewards": [
        2360.7581316847295,
        1337.9267898192056,
        3604.0612112522094,
        1599.3571838011476,
        2863.325680818771,
        2181.250399799184,
        982.2045904939093,
        622.591485317039,
        3431.265803792051,
        3421.37866692319,
        851.2321258419596,
        613.6226493354893,
        2096.7128996205483,
        2668.609732514164,
        2940.0372999993388,
        3506.31179547641,
        1946.5426776238808,
        1293.2912981352217,
        2672.244471885859,
        2639.3845706255934,
        1915.4916823655342,
        442.2742205604196,
        1647.3507826345617,
        687.7691959942654,
        1619.7498714501044,
        1284.4920270706384,
        1265.0039591270772,
        1984.5006906692424,
        336.5139390722165,
        1012.8855131898545,
        3067.2514009542865,
        956.9671913183523,
        3555.3667122541797,
        1641.4281032779816,
        1448.8893777294986,
        1661.93965485053,
        2434.6897403471244,
        2539.2015879711366,
        2679.1150311402475,
        2844.2132221829866,
        2667.3200147565453,
        1008.537028464535,
        1688.0238469324222,
        1535.9939562442394,
        1287.6281030453306,
        1350.5473464598506,
        1575.4542526855944,
        2174.147515911287,
        2820.93969453024,
        2044.024616895365,
        2125.3223561448485,
        1213.8019822990864,
        1996.3633435571537,
        2866.335430737849,
        1582.0270096879124,
        2004.5368896022733,
        1030.6895550832169,
        1598.2567556634258,
        2953.4754172117105,
        708.9735264425956,
        2867.153979533206,
        1494.9860460581922,
        1585.190136635435,
        1420.4659208189153,
        1807.790303300747,
        1376.0625109633386,
        2756.683679209191,
        1428.4989727171553,
        1333.2792406268347,
        1074.5659324848798,
        1264.979414854688,
        3252.962567878191,
        254.21192048655786,
        698.1884594845687,
        2431.0880942329877,
        3357.00497403587,
        1366.8052330817443,
        399.9,
        1063.9870471066442,
        2764.4907978922965,
        1772.9368585837128,
        2281.12410631287,
        1831.05757961153,
        1926.4421522063083,
        1621.0415899115976,
        1885.7250098106342,
        2210.0359141299928,
        2937.7496287606127,
        533.9539790727147,
        2888.314027079994,
        1397.9917283062364,
        2681.0671647654467,
        4087.1912804683857,
        1508.6466139981405,
        2509.2450898418647,
        1468.530817384539,
        3107.4519297067345,
        2005.1174487570838,
        1565.9826094444736,
        1549.9339718635813
    ],
    "recent_successes": [
        1,
        0,
        1,
        1,
        1,
        1,
        0,
        1,
        1,
        1,
        0,
        1,
        1,
        1,
        1,
        1,
        0,
        0,
        1,
        1,
        0,
        1,
        0,
        1,
        0,
        0,
        0,
        1,
        1,
        0,
        1,
        0,
        1,
        0,
        0,
        0,
        1,
        1,
        1,
        0,
        1,
        0,
        0,
        0,
        0,
        0,
        0,
        1,
        1,
        0,
        1,
        0,
        1,
        0,
        0,
        0,
        1,
        0,
        1,
        1,
        0,
        0,
        0,
        0,
        0,
        0,
        1,
        0,
        0,
        0,
        0,
        1,
        1,
        1,
        1,
        1,
        0,
        1,
        1,
        1,
        0,
        1,
        1,
        1,
        1,
        0,
        1,
        1,
        1,
        1,
        0,
        1,
        1,
        0,
        1,
        0,
        1,
        1,
        0,
        0
    ],
    "recent_collisions": [
        0,
        1,
        0,
        0,
        0,
        0,
        1,
        0,
        0,
        0,
        1,
        0,
        0,
        0,
        0,
        0,
        1,
        1,
        0,
        0,
        1,
        0,
        1,
        0,
        1,
        1,
        1,
        0,
        0,
        1,
        0,
        1,
        0,
        1,
        1,
        1,
        0,
        0,
        0,
        1,
        0,
        1,
        1,
        1,
        1,
        1,
        1,
        0,
        0,
        1,
        0,
        1,
        0,
        1,
        1,
        1,
        0,
        1,
        0,
        0,
        1,
        1,
        1,
        1,
        1,
        1,
        0,
        1,
        1,
        1,
        1,
        0,
        0,
        0,
        0,
        0,
        1,
        0,
        0,
        0,
        1,
        0,
        0,
        0,
        0,
        1,
        0,
        0,
        0,
        0,
        1,
        0,
        0,
        1,
        0,
        1,
        0,
        0,
        1,
        1
    ],
    "recent_steps": [
        83,
        55,
        186,
        69,
        147,
        99,
        59,
        12,
        176,
        164,
        57,
        31,
        65,
        89,
        105,
        164,
        99,
        55,
        80,
        113,
        87,
        14,
        52,
        37,
        54,
        50,
        51,
        84,
        26,
        56,
        150,
        55,
        164,
        57,
        96,
        65,
        73,
        87,
        94,
        170,
        104,
        54,
        83,
        65,
        55,
        78,
        56,
        69,
        127,
        100,
        100,
        54,
        82,
        161,
        79,
        98,
        29,
        58,
        93,
        19,
        150,
        82,
        54,
        55,
        83,
        59,
        85,
        58,
        54,
        59,
        52,
        121,
        40,
        11,
        103,
        133,
        52,
        1,
        22,
        77,
        59,
        90,
        44,
        53,
        70,
        94,
        69,
        98,
        25,
        80,
        57,
        82,
        163,
        83,
        77,
        55,
        105,
        80,
        94,
        52
    ],
    "params": {
        "max_episodes": 2000,
        "max_steps": 500,
        "batch_size": 64,
        "learning_rate": 2e-05,
        "gamma": 0.99,
        "initial_epsilon": 0.2,
        "epsilon_decay": 0.997,
        "min_epsilon": 0.05,
        "memory_size": 200000,
        "target_update_freq": 10,
        "checkpoint_freq": 50,
        "resource_monitor_freq": 10
    },
    "resource_summary": "Training Time: 2:18:29\nAvg CPU Usage: 42.0%\nAvg Memory Usage: 5.5%\nAvg GPU Usage: 2.0%\nAvg GPU Memory: 368.2MB"
}