{
    "episode": 250,
    "best_reward": 3951.9390533810274,
    "best_success_rate": 0.8,
    "recent_rewards": [
        2164.6645071990015,
        1297.1189581838448,
        711.4052856376043,
        1297.3850451137844,
        2677.4351391949726,
        2959.6352208028447,
        464.35769137368277,
        977.074914172642,
        2882.464817114839,
        2157.3517950063538,
        1436.4689459680874,
        1883.650860579836,
        3015.4676688150166,
        3012.7379561260004,
        887.6650325943688,
        946.0467729932119,
        2105.2004146548006,
        2645.635710951485,
        1812.1475569477902,
        256.6982744323921,
        679.2127789644344,
        1195.5034514280303,
        3705.6166491303206,
        1977.6440518482661,
        1061.4099562344027,
        3791.895535086492,
        411.0395798483149,
        1014.6017092816038,
        2724.8383028533085,
        1432.3871611796826,
        3245.391662442039,
        712.8981483334412,
        1377.2295801634948,
        1837.8605480251044,
        2231.7383515492725,
        2482.4501476999562,
        2354.7807487020236,
        527.1334189478113,
        1847.9741262205432,
        638.3499325880467,
        1686.0900499219,
        668.4874185441969,
        2088.5648186698145,
        2951.7462210795134,
        2962.4150785645993,
        2124.5642062961365,
        1754.1704718948645,
        1664.94552846023,
        2042.5143499226513,
        2479.3140411055756,
        2393.483881144002,
        1303.8541334252986,
        1794.107615133659,
        2411.5358242846037,
        2679.0092782220445,
        1869.506355011365,
        3546.091256790146,
        1287.2887631432932,
        399.9,
        1177.2793780067673,
        460.4914075397464,
        983.9197477152,
        440.2737687849276,
        3523.3441770752893,
        1554.6000056471576,
        3029.531112145204,
        394.5666748664676,
        2681.7488211585487,
        213.78320294264688,
        1521.9584584227719,
        3951.9390533810274,
        2757.1881631316523,
        1734.9142680775935,
        953.8261594291996,
        3121.541945080595,
        2155.3524135716034,
        806.9903055073717,
        1819.4118776038276,
        2160.8953465147206,
        2142.4779057774504,
        1405.0439438958242,
        2635.6522562201467,
        3215.2720904756547,
        2111.9290424264286,
        2261.3516536985944,
        439.6406596334134,
        1104.1226250025156,
        3175.4434587327746,
        2205.5372853439353,
        3122.676632164238,
        1502.4558975741822,
        2895.445178434076,
        1433.1763059923767,
        1702.823834462598,
        3849.314124099127,
        693.8595326028943,
        2592.8168494302736,
        1988.5652313003109,
        1452.3126440720278,
        1195.2741302802917
    ],
    "recent_successes": [
        1,
        0,
        1,
        0,
        1,
        1,
        1,
        0,
        1,
        0,
        0,
        0,
        1,
        1,
        1,
        0,
        1,
        1,
        0,
        1,
        1,
        0,
        1,
        1,
        0,
        1,
        0,
        0,
        1,
        0,
        1,
        1,
        0,
        0,
        0,
        1,
        1,
        1,
        0,
        1,
        1,
        1,
        1,
        1,
        1,
        1,
        1,
        0,
        1,
        1,
        0,
        0,
        0,
        1,
        1,
        1,
        1,
        0,
        1,
        0,
        1,
        0,
        0,
        1,
        0,
        1,
        1,
        1,
        1,
        0,
        1,
        0,
        0,
        0,
        1,
        1,
        1,
        0,
        1,
        1,
        0,
        1,
        1,
        1,
        1,
        1,
        0,
        1,
        1,
        1,
        0,
        1,
        0,
        0,
        1,
        0,
        1,
        0,
        0,
        0
    ],
    "recent_collisions": [
        0,
        1,
        0,
        1,
        0,
        0,
        0,
        1,
        0,
        1,
        1,
        1,
        0,
        0,
        0,
        1,
        0,
        0,
        1,
        0,
        0,
        1,
        0,
        0,
        1,
        0,
        1,
        1,
        0,
        1,
        0,
        0,
        1,
        1,
        1,
        0,
        0,
        0,
        1,
        0,
        0,
        0,
        0,
        0,
        0,
        0,
        0,
        1,
        0,
        0,
        1,
        1,
        1,
        0,
        0,
        0,
        0,
        1,
        0,
        1,
        0,
        1,
        1,
        0,
        1,
        0,
        0,
        0,
        0,
        1,
        0,
        1,
        1,
        1,
        0,
        0,
        0,
        1,
        0,
        0,
        1,
        0,
        0,
        0,
        0,
        0,
        1,
        0,
        0,
        0,
        1,
        0,
        1,
        1,
        0,
        1,
        0,
        1,
        1,
        1
    ],
    "recent_steps": [
        64,
        58,
        17,
        60,
        74,
        83,
        4,
        61,
        133,
        94,
        61,
        98,
        83,
        248,
        17,
        58,
        90,
        77,
        101,
        49,
        16,
        75,
        164,
        48,
        57,
        154,
        189,
        59,
        85,
        58,
        113,
        19,
        62,
        101,
        104,
        67,
        299,
        33,
        190,
        9,
        113,
        51,
        57,
        82,
        469,
        115,
        424,
        91,
        248,
        261,
        152,
        52,
        102,
        96,
        83,
        100,
        161,
        53,
        1,
        57,
        31,
        60,
        68,
        126,
        56,
        245,
        28,
        98,
        43,
        96,
        132,
        199,
        99,
        54,
        229,
        206,
        22,
        90,
        54,
        120,
        62,
        77,
        142,
        129,
        65,
        3,
        57,
        128,
        57,
        92,
        58,
        79,
        52,
        91,
        162,
        69,
        234,
        93,
        89,
        52
    ],
    "params": {
        "max_episodes": 2000,
        "max_steps": 500,
        "batch_size": 64,
        "learning_rate": 2e-05,
        "gamma": 0.99,
        "initial_epsilon": 0.2,
        "epsilon_decay": 0.997,
        "min_epsilon": 0.05,
        "memory_size": 200000,
        "target_update_freq": 10,
        "checkpoint_freq": 50,
        "resource_monitor_freq": 10
    },
    "resource_summary": "Training Time: 1:18:22\nAvg CPU Usage: 42.1%\nAvg Memory Usage: 5.4%\nAvg GPU Usage: 1.9%\nAvg GPU Memory: 367.2MB"
}