{
    "episode": 50,
    "best_reward": 3595.3810218091403,
    "best_success_rate": 0.8,
    "recent_rewards": [
        1796.062342577637,
        -1427.1900687902998,
        399.9,
        674.3867141194833,
        399.9,
        2559.651344956742,
        2050.3197820858986,
        2314.341272837384,
        1220.7905050688732,
        1781.3718397835878,
        632.7616621802163,
        1978.6356633329272,
        2802.94613233328,
        2668.071068896549,
        1997.303450813543,
        2751.074018611197,
        1712.3561124969547,
        -469.1697275285835,
        399.9,
        246.53317526610144,
        1223.081796730145,
        2029.7314412861747,
        1446.4335054392157,
        2351.212716274739,
        1736.4621059061008,
        1841.9767400138612,
        399.9,
        2924.174723742783,
        3362.1690319803347,
        376.0242908585074,
        2711.6021126954965,
        403.4479908817848,
        1870.0665009177987,
        3328.732848828156,
        512.0840358467078,
        2488.776783580309,
        3595.3810218091403,
        136.58949107739858,
        3560.3507245067944,
        2059.2118681597694,
        2985.5709403369638,
        1875.9059170815606,
        2481.8860056183125,
        2946.5640814142566,
        2450.631818372618,
        2410.636115897366,
        2291.2935976331983,
        2704.273178661075,
        340.94154273375153,
        1854.798441556119,
        2023.7786013291532
    ],
    "recent_successes": [
        0,
        0,
        1,
        0,
        1,
        0,
        0,
        1,
        0,
        0,
        1,
        1,
        1,
        1,
        0,
        1,
        1,
        0,
        1,
        1,
        0,
        1,
        0,
        1,
        0,
        0,
        1,
        1,
        1,
        1,
        1,
        1,
        0,
        1,
        1,
        1,
        0,
        0,
        1,
        1,
        1,
        1,
        1,
        1,
        1,
        0,
        1,
        1,
        0,
        0,
        0
    ],
    "recent_collisions": [
        1,
        1,
        0,
        1,
        0,
        1,
        1,
        0,
        1,
        1,
        0,
        0,
        0,
        0,
        1,
        0,
        0,
        1,
        0,
        0,
        1,
        0,
        1,
        0,
        1,
        1,
        0,
        0,
        0,
        0,
        0,
        0,
        1,
        0,
        0,
        0,
        1,
        1,
        0,
        0,
        0,
        0,
        0,
        0,
        0,
        1,
        0,
        0,
        1,
        1,
        1
    ],
    "recent_steps": [
        75,
        399,
        1,
        378,
        1,
        216,
        294,
        309,
        61,
        119,
        17,
        130,
        167,
        125,
        127,
        102,
        403,
        466,
        1,
        195,
        175,
        192,
        190,
        167,
        59,
        178,
        1,
        156,
        129,
        58,
        154,
        72,
        179,
        175,
        78,
        108,
        231,
        215,
        144,
        61,
        122,
        106,
        77,
        417,
        232,
        128,
        343,
        243,
        464,
        114,
        90
    ],
    "params": {
        "max_episodes": 2000,
        "max_steps": 500,
        "batch_size": 64,
        "learning_rate": 2e-05,
        "gamma": 0.99,
        "initial_epsilon": 0.2,
        "epsilon_decay": 0.997,
        "min_epsilon": 0.05,
        "memory_size": 200000,
        "target_update_freq": 10,
        "checkpoint_freq": 50,
        "resource_monitor_freq": 10
    },
    "resource_summary": "Training Time: 0:20:54\nAvg CPU Usage: 42.6%\nAvg Memory Usage: 5.1%\nAvg GPU Usage: 1.7%\nAvg GPU Memory: 361.3MB"
}