{
    "episode": 800,
    "best_reward": 4087.1912804683857,
    "best_success_rate": 0.8,
    "recent_rewards": [
        3726.674079359031,
        574.9285256244907,
        2289.27861197411,
        1944.4706171078478,
        2341.6903149756863,
        1390.6464637910728,
        316.2099310642954,
        1693.547246640614,
        1591.4198572134121,
        399.9,
        2216.3532284634666,
        1799.5188392449243,
        3260.126709575281,
        1461.9591239798565,
        1468.2278860909908,
        1509.6900972159565,
        2207.128817385219,
        1769.3122159708935,
        3145.638811517202,
        1662.8647927172256,
        2330.7079732026564,
        2110.5446221501193,
        1909.4192815122262,
        2441.5940959512795,
        1539.1075637097154,
        2677.178086834844,
        1315.5935042261858,
        554.4852037951523,
        1984.9455255868365,
        1594.4584520270123,
        1506.6099483799137,
        1916.198018797902,
        1627.650991872641,
        3173.367774597943,
        1640.8023507583341,
        1534.7220928060274,
        1271.8706636217264,
        2960.7410538874365,
        2409.8519801905595,
        399.9,
        2995.99879985248,
        2562.8421667313705,
        1542.885414917901,
        1803.9776857747388,
        1766.6260102666752,
        1726.3008711824623,
        3615.8788808485338,
        1382.2558374173395,
        2150.2509457703345,
        2093.132992116695,
        693.6540097840883,
        1078.242320058904,
        1566.6976531941664,
        2014.3211282599832,
        3270.346063304718,
        399.9,
        1109.949380457332,
        2851.0200907465314,
        3686.393817006353,
        2735.8006332881564,
        3437.819750888186,
        1577.8589525179793,
        1923.3614202755803,
        1221.5142696530725,
        1436.4474518746063,
        1201.198699208211,
        1475.7538065971496,
        3294.179451869495,
        1707.991993809647,
        3266.65176551676,
        2358.15976035907,
        2122.0430494463812,
        1719.4776354357007,
        1937.6194195672028,
        728.3038289691286,
        1893.1811749396675,
        2750.771231001249,
        1547.6782226220416,
        1169.7045355001724,
        1425.8762274766752,
        2148.6324131280376,
        1955.3401066389254,
        1614.191892145053,
        1163.7528012712044,
        1904.727616398574,
        2539.845568712332,
        2351.125004467254,
        771.7840377951852,
        1638.7768164021113,
        1580.902491580559,
        2964.2685346046646,
        2473.795695074418,
        1730.0318496543766,
        1355.1450680655978,
        1470.2321488192058,
        2714.896780042942,
        1654.9178237603644,
        3282.6754632261595,
        1918.5579611136259,
        1541.433507690358
    ],
    "recent_successes": [
        1,
        1,
        1,
        0,
        1,
        0,
        1,
        0,
        0,
        1,
        1,
        0,
        1,
        0,
        0,
        0,
        1,
        0,
        1,
        0,
        1,
        1,
        0,
        1,
        0,
        1,
        0,
        1,
        0,
        0,
        0,
        0,
        0,
        1,
        0,
        0,
        0,
        1,
        1,
        1,
        1,
        0,
        0,
        0,
        0,
        0,
        1,
        0,
        1,
        1,
        1,
        0,
        0,
        1,
        1,
        1,
        0,
        1,
        1,
        1,
        1,
        0,
        1,
        0,
        0,
        0,
        0,
        1,
        0,
        1,
        1,
        1,
        0,
        1,
        1,
        0,
        1,
        0,
        0,
        0,
        1,
        1,
        0,
        1,
        1,
        1,
        1,
        1,
        0,
        0,
        1,
        1,
        0,
        0,
        0,
        1,
        0,
        1,
        1,
        0
    ],
    "recent_collisions": [
        0,
        0,
        0,
        1,
        0,
        1,
        0,
        1,
        1,
        0,
        0,
        1,
        0,
        1,
        1,
        1,
        0,
        1,
        0,
        1,
        0,
        0,
        1,
        0,
        1,
        0,
        1,
        0,
        1,
        1,
        1,
        1,
        1,
        0,
        1,
        1,
        1,
        0,
        0,
        0,
        0,
        1,
        1,
        1,
        1,
        1,
        0,
        1,
        0,
        0,
        0,
        1,
        1,
        0,
        0,
        0,
        1,
        0,
        0,
        0,
        0,
        1,
        0,
        1,
        1,
        1,
        1,
        0,
        1,
        0,
        0,
        0,
        1,
        0,
        0,
        1,
        0,
        1,
        1,
        1,
        0,
        0,
        1,
        0,
        0,
        0,
        0,
        0,
        1,
        1,
        0,
        0,
        1,
        1,
        1,
        0,
        1,
        0,
        0,
        1
    ],
    "recent_steps": [
        111,
        29,
        96,
        91,
        66,
        76,
        31,
        58,
        61,
        1,
        74,
        90,
        96,
        79,
        53,
        55,
        86,
        66,
        102,
        63,
        92,
        87,
        87,
        77,
        55,
        99,
        49,
        32,
        74,
        52,
        53,
        72,
        57,
        97,
        55,
        72,
        53,
        83,
        70,
        1,
        92,
        137,
        54,
        94,
        64,
        82,
        104,
        65,
        89,
        55,
        44,
        62,
        49,
        82,
        101,
        1,
        64,
        87,
        134,
        103,
        102,
        57,
        81,
        70,
        67,
        50,
        82,
        96,
        64,
        121,
        70,
        92,
        80,
        47,
        25,
        88,
        98,
        53,
        53,
        74,
        57,
        67,
        55,
        29,
        47,
        100,
        86,
        22,
        83,
        53,
        87,
        67,
        81,
        78,
        80,
        70,
        78,
        104,
        54,
        53
    ],
    "params": {
        "max_episodes": 2000,
        "max_steps": 500,
        "batch_size": 64,
        "learning_rate": 2e-05,
        "gamma": 0.99,
        "initial_epsilon": 0.2,
        "epsilon_decay": 0.997,
        "min_epsilon": 0.05,
        "memory_size": 200000,
        "target_update_freq": 10,
        "checkpoint_freq": 50,
        "resource_monitor_freq": 10
    },
    "resource_summary": "Training Time: 3:02:17\nAvg CPU Usage: 41.9%\nAvg Memory Usage: 5.5%\nAvg GPU Usage: 2.0%\nAvg GPU Memory: 368.4MB"
}