{
    "episode": 1250,
    "best_reward": 4087.1912804683857,
    "best_success_rate": 0.8,
    "recent_rewards": [
        1856.8817057540402,
        912.5101874817815,
        2973.256933165336,
        1991.170743501645,
        765.4251852670723,
        2790.878541904387,
        1555.4041196389076,
        2598.3484500623035,
        1610.5482656828278,
        668.3879819723048,
        2879.0421424114,
        1380.9716342813535,
        1770.295029431973,
        515.0921416403783,
        1814.634789073063,
        3163.6887878080192,
        1306.0138867431867,
        1491.4775564972622,
        1508.1036119090286,
        1895.57094629416,
        1883.0854971688689,
        1930.4187719515476,
        2906.7629913111596,
        2116.655650662998,
        1620.4752880420856,
        1405.0416018609767,
        2319.3741385341355,
        1929.665240594656,
        949.8170539513221,
        1909.419516305932,
        1405.6218623405143,
        2236.053512483742,
        1107.94569893872,
        2031.3344018399343,
        1599.3181960203233,
        2620.3768755118263,
        2900.1429908156615,
        1339.3477432851305,
        3305.2508137938344,
        2646.7508679821785,
        1258.1363372816277,
        3035.487274082877,
        1511.4473924951599,
        1049.7684618131004,
        363.54084028664886,
        3050.762132909678,
        399.9,
        561.408340129404,
        2677.5781310478437,
        2585.579186392715,
        1236.1557177178643,
        1703.2776348786188,
        1313.5508927814024,
        1956.563330879534,
        2647.4576366088036,
        1953.502369588565,
        206.09054857730882,
        1463.8984144942813,
        1239.8349957720077,
        2068.479717556635,
        2907.398747803531,
        1515.1061552712176,
        2040.2274523388842,
        718.0260663555912,
        2223.9718400359247,
        1998.554332652155,
        741.8882871046396,
        2140.6070812578464,
        1490.9443319093436,
        1443.1499602400954,
        2092.422463932925,
        399.9,
        2381.753689911499,
        2254.5758614434876,
        1966.0366152034912,
        1516.20399168647,
        1589.0658632374323,
        1502.7886273941929,
        3321.0082486810784,
        2393.2445217632135,
        2298.082008476639,
        1151.633278536388,
        2781.3275148245298,
        2209.2838947957403,
        1519.0366367726056,
        2249.1042477841497,
        2570.572884833333,
        3142.973120439469,
        2307.6136438899766,
        1598.603810419583,
        2963.2477865815827,
        3450.9461653266735,
        2089.6647779411765,
        1667.4450751368286,
        1526.1411822002644,
        2932.264935439399,
        1659.6423624545514,
        1783.6606842499266,
        1924.7702989350762,
        1594.0280584631828
    ],
    "recent_successes": [
        0,
        1,
        1,
        0,
        1,
        1,
        0,
        1,
        0,
        1,
        1,
        0,
        0,
        1,
        0,
        1,
        0,
        0,
        0,
        1,
        0,
        1,
        0,
        0,
        0,
        0,
        1,
        0,
        1,
        0,
        0,
        1,
        0,
        1,
        0,
        1,
        1,
        0,
        1,
        1,
        0,
        1,
        0,
        0,
        1,
        1,
        1,
        1,
        1,
        1,
        0,
        0,
        0,
        0,
        1,
        0,
        1,
        0,
        1,
        0,
        1,
        0,
        1,
        1,
        0,
        0,
        1,
        0,
        0,
        0,
        0,
        1,
        1,
        1,
        0,
        0,
        0,
        0,
        1,
        1,
        1,
        0,
        1,
        1,
        0,
        1,
        1,
        1,
        1,
        0,
        1,
        1,
        0,
        0,
        0,
        0,
        0,
        0,
        0,
        0
    ],
    "recent_collisions": [
        1,
        0,
        0,
        1,
        0,
        0,
        1,
        0,
        1,
        0,
        0,
        1,
        1,
        0,
        1,
        0,
        1,
        1,
        1,
        0,
        1,
        0,
        1,
        1,
        1,
        1,
        0,
        1,
        0,
        1,
        1,
        0,
        1,
        0,
        1,
        0,
        0,
        1,
        0,
        0,
        1,
        0,
        1,
        1,
        0,
        0,
        0,
        0,
        0,
        0,
        1,
        1,
        1,
        1,
        0,
        1,
        0,
        1,
        0,
        1,
        0,
        1,
        0,
        0,
        1,
        1,
        0,
        1,
        1,
        1,
        1,
        0,
        0,
        0,
        1,
        1,
        1,
        1,
        0,
        0,
        0,
        1,
        0,
        0,
        1,
        0,
        0,
        0,
        0,
        1,
        0,
        0,
        1,
        1,
        1,
        1,
        1,
        1,
        1,
        1
    ],
    "recent_steps": [
        70,
        21,
        82,
        104,
        17,
        81,
        48,
        85,
        99,
        14,
        85,
        56,
        89,
        9,
        97,
        96,
        47,
        77,
        74,
        80,
        92,
        66,
        119,
        101,
        56,
        69,
        88,
        77,
        22,
        94,
        86,
        86,
        76,
        51,
        78,
        79,
        109,
        47,
        96,
        105,
        83,
        96,
        81,
        47,
        26,
        87,
        1,
        8,
        76,
        77,
        69,
        84,
        53,
        49,
        106,
        67,
        28,
        53,
        30,
        88,
        94,
        50,
        61,
        34,
        117,
        92,
        19,
        79,
        81,
        82,
        93,
        1,
        69,
        67,
        79,
        53,
        51,
        76,
        98,
        81,
        62,
        72,
        103,
        70,
        54,
        67,
        83,
        111,
        69,
        89,
        83,
        127,
        104,
        99,
        84,
        95,
        86,
        58,
        89,
        81
    ],
    "params": {
        "max_episodes": 2000,
        "max_steps": 500,
        "batch_size": 64,
        "learning_rate": 2e-05,
        "gamma": 0.99,
        "initial_epsilon": 0.2,
        "epsilon_decay": 0.997,
        "min_epsilon": 0.05,
        "memory_size": 200000,
        "target_update_freq": 10,
        "checkpoint_freq": 50,
        "resource_monitor_freq": 10
    },
    "resource_summary": "Training Time: 4:20:39\nAvg CPU Usage: 41.7%\nAvg Memory Usage: 5.6%\nAvg GPU Usage: 2.0%\nAvg GPU Memory: 368.6MB"
}