{
    "training_time": [
        2.7581887245178223,
        269.98754024505615,
        522.9998724460602,
        715.6935451030731,
        925.4911785125732,
        1254.3812775611877
    ],
    "cpu_usage": [
        45.4,
        41.8,
        41.6,
        42.4,
        42.5,
        41.9
    ],
    "memory_usage": [
        3.582891477261402,
        5.418693028004574,
        5.4267152164920445,
        5.431169253658401,
        5.43532799554301,
        5.443251752269898
    ],
    "gpu_usage": [
        0.0,
        2.0,
        2.0,
        2.0,
        2.0,
        2.0
    ],
    "gpu_memory": [
        323.0,
        369.0,
        369.0,
        369.0,
        369.0,
        369.0
    ]
}