{
    "training_time": [
        2.7581887245178223,
        269.98754024505615,
        522.9998724460602,
        715.6935451030731,
        925.4911785125732,
        1254.3812775611877,
        1448.3547885417938,
        1581.9315075874329,
        1900.1233932971954,
        2174.4448792934418,
        2425.7137322425842,
        2563.1075527668,
        2744.085462808609,
        2892.5091490745544,
        3024.6535410881042,
        3216.832951784134,
        3299.4995839595795,
        3439.7921204566956,
        3573.3787713050842,
        3727.1383154392242,
        3971.04948925972
    ],
    "cpu_usage": [
        45.4,
        41.8,
        41.6,
        42.4,
        42.5,
        41.9,
        41.5,
        41.5,
        41.6,
        41.6,
        41.6,
        41.7,
        42.3,
        42.0,
        41.3,
        43.0,
        41.3,
        43.5,
        42.0,
        41.4,
        41.5
    ],
    "memory_usage": [
        3.582891477261402,
        5.418693028004574,
        5.4267152164920445,
        5.431169253658401,
        5.43532799554301,
        5.443251752269898,
        5.448542459401205,
        5.4506341343135825,
        5.456982982871151,
        5.4632333996681375,
        5.468671754440319,
        5.474749915656285,
        5.476841590568663,
        5.480040622787592,
        5.482993575605066,
        5.487152317489675,
        5.491606354656032,
        5.49273831990273,
        5.494879210695398,
        5.498078242914328,
        5.503122870644179
    ],
    "gpu_usage": [
        0.0,
        2.0,
        2.0,
        2.0,
        2.0,
        2.0,
        2.0,
        2.0,
        2.0,
        2.0,
        2.0,
        3.0,
        2.0,
        2.0,
        3.0,
        2.0,
        2.0,
        2.0,
        2.0,
        1.0,
        2.0
    ],
    "gpu_memory": [
        323.0,
        369.0,
        369.0,
        369.0,
        369.0,
        369.0,
        369.0,
        369.0,
        369.0,
        369.0,
        369.0,
        369.0,
        369.0,
        369.0,
        369.0,
        369.0,
        369.0,
        369.0,
        369.0,
        369.0,
        369.0
    ]
}