{
    "training_time": [
        2.7581887245178223
    ],
    "cpu_usage": [
        45.4
    ],
    "memory_usage": [
        3.582891477261402
    ],
    "gpu_usage": [
        0.0
    ],
    "gpu_memory": [
        323.0
    ]
}