{
    "training_time": [
        2.7581887245178223,
        269.98754024505615,
        522.9998724460602,
        715.6935451030731,
        925.4911785125732,
        1254.3812775611877,
        1448.3547885417938,
        1581.9315075874329,
        1900.1233932971954,
        2174.4448792934418,
        2425.7137322425842
    ],
    "cpu_usage": [
        45.4,
        41.8,
        41.6,
        42.4,
        42.5,
        41.9,
        41.5,
        41.5,
        41.6,
        41.6,
        41.6
    ],
    "memory_usage": [
        3.582891477261402,
        5.418693028004574,
        5.4267152164920445,
        5.431169253658401,
        5.43532799554301,
        5.443251752269898,
        5.448542459401205,
        5.4506341343135825,
        5.456982982871151,
        5.4632333996681375,
        5.468671754440319
    ],
    "gpu_usage": [
        0.0,
        2.0,
        2.0,
        2.0,
        2.0,
        2.0,
        2.0,
        2.0,
        2.0,
        2.0,
        2.0
    ],
    "gpu_memory": [
        323.0,
        369.0,
        369.0,
        369.0,
        369.0,
        369.0,
        369.0,
        369.0,
        369.0,
        369.0,
        369.0
    ]
}