{
    "model_path": "/home/alma/catkin_ws/src/dqn3/models/stage1/model_ep1600_20241107_071043.pth",
    "episode_number": 1600,
    "evaluation_time": "2024-11-08 00:21:23",
    "results_by_level": {
        "level_0": {
            "goal": [
                0.8,
                0.0
            ],
            "metrics": {
                "success_count": 10,
                "collision_count": 0,
                "timeout_count": 0,
                "episode_rewards": [
                    163.63200620700843,
                    650.2579290099034,
                    167.91363686314668,
                    193.81473159375764,
                    218.97722215595087,
                    174.61368211981573,
                    208.32424817523375,
                    510.32062406261366,
                    505.9861943818347,
                    155.29365813794064
                ],
                "episode_steps": [
                    133,
                    141,
                    132,
                    123,
                    103,
                    116,
                    111,
                    63,
                    53,
                    114
                ],
                "path_lengths": [
                    1.1599438169926757,
                    1.3351770121032676,
                    1.1999416808236754,
                    1.2187147072295146,
                    1.1616442387869605,
                    1.0866260343784828,
                    1.156750822301628,
                    0.846032890659308,
                    0.6706291354905215,
                    1.1766026113273456
                ],
                "completion_times": [
                    14.405231952667236,
                    15.29507565498352,
                    14.200448274612427,
                    13.215041875839233,
                    11.201574325561523,
                    12.54279637336731,
                    11.95600962638855,
                    6.832158327102661,
                    5.648791313171387,
                    12.381418704986572
                ],
                "min_distances": [
                    0.5308781176357871,
                    0.267888689284982,
                    0.4963230580402045,
                    0.44069262525939196,
                    0.3350418746455453,
                    0.36818144771792716,
                    0.3524412291227301,
                    0.26253811250083725,
                    0.26772420108569167,
                    0.4847261821001624
                ]
            },
            "summary": {
                "success_rate": 100.0,
                "collision_rate": 0.0,
                "timeout_rate": 0.0,
                "avg_reward": 294.9133932707206,
                "avg_steps": 108.9,
                "avg_path_length": 1.1012062950093378,
                "optimal_path_length": 0.8,
                "path_efficiency": 0.7264760505144192,
                "avg_completion_time": 11.767854642868041,
                "min_distance_to_goal": 0.26253811250083725
            }
        },
        "level_1": {
            "goal": [
                1.5,
                0.0
            ],
            "metrics": {
                "success_count": 10,
                "collision_count": 0,
                "timeout_count": 0,
                "episode_rewards": [
                    131.6605369836814,
                    660.7441349675526,
                    114.55235881585017,
                    646.6952338707586,
                    96.2899907670564,
                    622.0308320357954,
                    682.3167346792982,
                    101.53271805151215,
                    170.97704979821276,
                    130.4461198683652
                ],
                "episode_steps": [
                    101,
                    94,
                    87,
                    81,
                    88,
                    76,
                    98,
                    94,
                    97,
                    103
                ],
                "path_lengths": [
                    1.276082324702519,
                    1.5300571463116057,
                    1.164450410545208,
                    1.4035526518289645,
                    1.1529047468070954,
                    1.4058442230251265,
                    1.5353479325009962,
                    1.1823812778532923,
                    1.2628330177740286,
                    1.2016751186125776
                ],
                "completion_times": [
                    10.804471254348755,
                    10.03405213356018,
                    9.366754293441772,
                    8.69211220741272,
                    9.581462383270264,
                    8.076618432998657,
                    10.403122901916504,
                    10.101705312728882,
                    10.53207540512085,
                    11.207792520523071
                ],
                "min_distances": [
                    0.7545642699839658,
                    0.26363901855227734,
                    0.8261945897290361,
                    0.26362326112219664,
                    0.8296155136664304,
                    0.268744218921784,
                    0.2642243961889253,
                    0.7956865149889496,
                    0.7253841249787859,
                    0.7888218441145457
                ]
            },
            "summary": {
                "success_rate": 100.0,
                "collision_rate": 0.0,
                "timeout_rate": 0.0,
                "avg_reward": 335.72457098380823,
                "avg_steps": 91.9,
                "avg_path_length": 1.3115128849961413,
                "optimal_path_length": 1.5,
                "path_efficiency": 1.1437173184954361,
                "avg_completion_time": 9.880016684532166,
                "min_distance_to_goal": 0.26362326112219664
            }
        },
        "level_2": {
            "goal": [
                2.0,
                2.0
            ],
            "metrics": {
                "success_count": 10,
                "collision_count": 0,
                "timeout_count": 0,
                "episode_rewards": [
                    989.5888467455306,
                    947.1960112127892,
                    1076.3740329800028,
                    1008.3088821813798,
                    1019.9155252811493,
                    1015.0123707427053,
                    1077.3257693877144,
                    1004.7231329789962,
                    983.1820276744689,
                    1130.554549148532
                ],
                "episode_steps": [
                    185,
                    174,
                    205,
                    195,
                    192,
                    210,
                    202,
                    182,
                    176,
                    215
                ],
                "path_lengths": [
                    2.9134406077392887,
                    2.9386741098323674,
                    3.039202652487484,
                    3.010604232025512,
                    2.987476586616863,
                    3.4477730687055974,
                    3.103879025092375,
                    2.971714222475502,
                    2.9719130863559067,
                    3.1799156221438394
                ],
                "completion_times": [
                    20.039704084396362,
                    18.740039110183716,
                    22.01056981086731,
                    21.07064414024353,
                    20.56443738937378,
                    22.763880252838135,
                    21.81539797782898,
                    19.594598054885864,
                    19.033825635910034,
                    23.152368545532227
                ],