{
    "model_path": "/home/alma/catkin_ws/src/dqn3/models/stage1/model_ep1600_20241107_071043.pth",
    "episode_number": 1600,
    "evaluation_time": "2024-11-07 10:50:34",
    "results_by_level": {
        "level_0": {
            "goal": [
                1.0,
                1.5
            ],
            "metrics": {
                "success_count": 10,
                "collision_count": 0,
                "timeout_count": 0,
                "episode_rewards": [
                    653.1797749613847,
                    754.3281817796053,
                    850.9481165566161,
                    652.8739599479795,
                    705.79203293072,
                    743.9054259685029,
                    813.5365812079017,
                    549.3843825527476,
                    787.1511979872871,
                    769.6005258955597
                ],
                "episode_steps": [
                    344,
                    352,
                    336,
                    308,
                    318,
                    332,
                    334,
                    293,
                    336,
                    340
                ],
                "path_lengths": [
                    4.387182476391395,
                    4.303696781759258,
                    4.650249056435858,
                    4.305228590518623,
                    4.259699583781519,
                    4.41316383166703,
                    4.532383405327914,
                    4.200686866624165,
                    4.5193800956575165,
                    4.397925334207594
                ],
                "completion_times": [
                    37.09744906425476,
                    37.987616300582886,
                    35.35706400871277,
                    32.17504167556763,
                    33.26557278633118,
                    35.84423112869263,
                    35.6847939491272,
                    31.106444120407104,
                    36.05757021903992,
                    36.695228099823
                ],
                "min_distances": [
                    0.6383618752046321,
                    0.5887075540233632,
                    0.5258145070521449,
                    0.6347151389823699,
                    0.5904395796898962,
                    0.5854747545472769,
                    0.5590143915053059,
                    0.6839180443904186,
                    0.5645130851618025,
                    0.5732236016852744
                ]
            },
            "summary": {
                "success_rate": 100.0,
                "collision_rate": 0.0,
                "timeout_rate": 0.0,
                "avg_reward": 728.0700179788304,
                "avg_steps": 329.3,
                "avg_path_length": 4.396959602237087,
                "optimal_path_length": 1.8027756377319946,
                "path_efficiency": 0.41000504912867014,
                "avg_completion_time": 35.12710113525391,
                "min_distance_to_goal": 0.5258145070521449
            }
        },
        "level_1": {
            "goal": [
                2.0,
                0.5
            ],
            "metrics": {
                "success_count": 10,
                "collision_count": 0,
                "timeout_count": 0,
                "episode_rewards": [
                    120.82182118052341,
                    171.24617387644128,
                    183.30056854696141,
                    197.54624393140728,
                    200.43188531531774,
                    217.89340512671848,
                    276.27153478553237,
                    217.26140132993646,
                    227.74565193632492,
                    165.42191509355956
                ],
                "episode_steps": [
                    90,
                    91,
                    150,
                    165,
                    161,
                    109,
                    115,
                    168,
                    153,
                    146
                ],
                "path_lengths": [
                    1.0902359439848577,
                    1.2545472630198211,
                    1.7081437506145036,
                    1.9035961592266197,
                    1.710993635780239,
                    1.5940382594591385,
                    1.5820711923295632,
                    1.9447750514213065,
                    1.6521534618582439,
                    1.8325772009211216
                ],
                "completion_times": [
                    9.534165382385254,
                    9.616537094116211,
                    16.235682249069214,
                    17.798712968826294,
                    17.57444739341736,
                    11.881832599639893,
                    12.32024621963501,
                    18.1908597946167,
                    16.591644287109375,
                    15.763622522354126
                ],
                "min_distances": [
                    1.4399367924849378,
                    1.0444729812760134,
                    1.2647985419226777,
                    1.3741972631238888,
                    1.3005256619605605,
                    0.8140027006877852,
                    0.7969942163550666,
                    1.2884387154255585,
                    1.2367656922179602,
                    1.275980474909952
                ]
            },
            "summary": {
                "success_rate": 100.0,
                "collision_rate": 0.0,
                "timeout_rate": 0.0,
                "avg_reward": 197.79406011227232,
                "avg_steps": 134.8,
                "avg_path_length": 1.6273131918615416,
                "optimal_path_length": 2.0615528128088303,
                "path_efficiency": 1.2668445282192708,
                "avg_completion_time": 14.550775051116943,
                "min_distance_to_goal": 0.7969942163550666
            }
        },
        "level_2": {
            "goal": [
                1.5,
                -2.0
            ],
            "metrics": {
                "success_count": 10,
                "collision_count": 0,
                "timeout_count": 0,
                "episode_rewards": [
                    878.925444253728,
                    904.1984175816624,
                    1069.631127669647,
                    1006.2824061215259,
                    1018.146327275442,
                    905.2486110939018,
                    1259.5947386078615,
                    942.2808808851285,
                    1034.177630794359,
                    909.810678102634
                ],
                "episode_steps": [
                    161,
                    179,
                    326,
                    215,
                    307,
                    173,
                    300,
                    189,
                    220,
                    177
                ],
                "path_lengths": [
                    3.2626978944697758,
                    3.695004844010695,
                    5.349735599241495,
                    3.907246179134372,
                    5.062696226255694,
                    3.3085500049104253,
                    5.075892512070321,
                    3.4656563810380483,
                    3.89157570094729,
                    3.374109354828974
                ],
                "completion_times": [
                    17.610620498657227,
                    19.641806602478027,
                    35.88150238990784,
                    23.206977128982544,
                    33.658010721206665,
                    18.586048126220703,
                    32.5650954246521,
                    20.651198148727417,
                    23.9170241355896,
                    19.379228353500366
                ],