{
    "episode": 1800,
    "best_reward": 2974.2353880348387,
    "best_success_rate": 0.97,
    "recent_rewards": [
        383.1104362526685,
        433.4744139621786,
        1455.3710356053627,
        698.6105634752548,
        14.896901922440478,
        394.43075837771664,
        266.3687231801982,
        919.1176438193663,
        598.8159988385635,
        345.75834376044565,
        41.142577433037246,
        156.89407776393202,
        154.9012960528255,
        1122.3039765804701,
        550.2899823377085,
        795.0322793117481,
        901.878291782743,
        941.9129540013879,
        -27.535615022628562,
        284.6030316950257,
        433.81041116298366,
        26.541227948940417,
        596.4467631194063,
        927.553928366472,
        506.4220787500059,
        667.7362757932301,
        383.15517872815326,
        1176.910823137077,
        834.9327821474687,
        112.46768152818936,
        547.2161098401604,
        28.933658893319574,
        1095.560092824067,
        1127.690091803225,
        670.026999442656,
        922.5702071109417,
        965.5261137834493,
        961.3489812444075,
        400.7532273749106,
        10.654520442524529,
        955.8591860617823,
        741.3526360421627,
        775.3001440096544,
        430.80187632329825,
        502.1266115423025,
        595.3767724003608,
        680.6739369388944,
        63.062771085668885,
        724.84014690923,
        363.4659083319783,
        564.8605094205313,
        386.15762150052365,
        880.7987928394698,
        1035.7213433531917,
        542.7642444637206,
        586.0580565103443,
        1058.5395811091723,
        812.5845951550559,
        1340.7347754031014,
        553.1225389211513,
        937.2184106741165,
        1036.8187024692004,
        502.53983261294366,
        783.7203752290603,
        637.877116560632,
        31.32211493303356,
        899.2110161117159,
        619.1413282244546,
        83.61039647680647,
        1137.7307399854571,
        1486.1791734876456,
        482.03179796964787,
        559.9718072222819,
        689.6388713984979,
        79.64822411394209,
        931.4416896349302,
        744.084540628661,
        258.7024696451099,
        636.1984725372558,
        247.16776860425307,
        -52.387276330990346,
        1330.6307372824235,
        349.5,
        448.6486682093316,
        568.0246862276683,
        409.94945679333637,
        1021.808676289515,
        570.8773329438882,
        573.4001175612359,
        133.22868425584076,
        1048.1426591890058,
        472.95370587717724,
        600.1075520578635,
        218.7683467489863,
        1275.9030123425466,
        574.3563716300085,
        551.8637873008031,
        1622.359019736309,
        323.30006371545096,
        1378.1170369299082
    ],
    "recent_successes": [
        1,
        1,
        1,
        1,
        0,
        1,
        1,
        1,
        1,
        1,
        0,
        1,
        1,
        1,
        1,
        1,
        1,
        1,
        0,
        1,
        1,
        0,
        1,
        1,
        1,
        1,
        1,
        1,
        1,
        1,
        1,
        0,
        1,
        1,
        1,
        1,
        1,
        1,
        1,
        0,
        1,
        1,
        1,
        1,
        1,
        1,
        1,
        1,
        1,
        1,
        1,
        1,
        1,
        1,
        1,
        1,
        1,
        1,
        1,
        1,
        1,
        1,
        1,
        1,
        1,
        0,
        1,
        1,
        1,
        1,
        1,
        1,
        1,
        1,
        1,
        1,
        1,
        1,
        1,
        1,
        0,
        1,
        1,
        1,
        1,
        1,
        1,
        1,
        1,
        1,
        1,
        1,
        1,
        1,
        1,
        1,
        1,
        1,
        1,
        1
    ],
    "recent_collisions": [
        0,
        0,
        0,
        0,
        0,
        0,
        0,
        0,
        0,
        0,
        0,
        0,
        0,
        0,
        0,
        0,
        0,
        0,
        0,
        0,
        0,
        0,
        0,
        0,
        0,
        0,
        0,
        0,
        0,
        0,
        0,
        0,
        0,
        0,
        0,
        0,
        0,
        0,
        0,
        0,
        0,
        0,
        0,
        0,
        0,
        0,
        0,
        0,
        0,
        0,
        0,
        0,
        0,
        0,
        0,
        0,
        0,
        0,
        0,
        0,
        0,
        0,
        0,
        0,
        0,
        0,
        0,
        0,
        0,
        0,
        0,
        0,
        0,
        0,
        0,
        0,
        0,
        0,
        0,
        0,
        1,
        0,
        0,
        0,
        0,
        0,
        0,
        0,
        0,
        0,
        0,
        0,
        0,
        0,
        0,
        0,
        0,
        0,
        0,
        0
    ],
    "recent_steps": [
        159,
        198,
        329,
        154,
        89,
        148,
        145,
        468,
        121,
        154,
        74,
        100,
        99,
        270,
        188,
        121,
        176,
        191,
        57,
        130,
        25,
        67,
        96,
        200,
        77,
        97,
        145,
        303,
        286,
        90,
        182,
        42,
        218,
        491,
        111,
        154,
        229,
        220,
        207,
        48,
        357,
        274,
        157,
        21,
        222,
        73,
        211,
        57,
        140,
        175,
        244,
        97,
        331,
        216,
        80,
        180,
        217,
        139,
        500,
        83,
        204,
        331,
        212,
        127,
        259,
        62,
        330,
        183,
        74,
        221,
        428,
        176,
        74,
        277,
        60,
        202,
        215,
        131,
        244,
        196,
        61,
        355,
        1,
        64,
        264,
        150,
        176,
        65,
        67,
        72,
        420,
        42,
        194,
        104,
        326,
        107,
        191,
        418,
        115,
        500
    ],
    "params": {
        "max_episodes": 2500,
        "max_steps": 500,
        "batch_size": 64,
        "learning_rate": 5e-05,
        "gamma": 0.99,
        "initial_epsilon": 0.2,
        "epsilon_decay": 0.998,
        "min_epsilon": 0.02,
        "memory_size": 100000,
        "target_update_freq": 5
    }
}