{
    "episode": 1700,
    "best_reward": 2974.2353880348387,
    "best_success_rate": 0.97,
    "recent_rewards": [
        960.7969669491151,
        1363.3606070706264,
        399.64160906758775,
        432.10759494601905,
        449.3496647113295,
        1103.159706417007,
        661.5021580905291,
        538.3014561750422,
        1162.705526734122,
        799.3989641090814,
        988.5851102948934,
        399.64720225844394,
        1110.485057076615,
        415.78761867993785,
        221.796867690083,
        126.65973709721831,
        349.5,
        626.9508363893035,
        489.2014146932596,
        1392.6038801657082,
        969.0308164123327,
        209.93857157063863,
        997.9177048096359,
        293.34569335717094,
        423.0818904315389,
        442.71987010522537,
        1049.6322881951778,
        35.25080160091605,
        276.53223188462215,
        614.8100154960209,
        741.0219059662105,
        220.9200906968731,
        866.9142948386063,
        53.75279570522633,
        606.1563833351223,
        680.6172508334757,
        114.94671015680078,
        1112.7465575265935,
        845.674604431237,
        1210.4843431523072,
        753.8702554942284,
        865.9870073228182,
        19.142900811977313,
        1228.900691950169,
        349.5,
        644.7680787808906,
        1309.640188165455,
        764.9699439625449,
        45.06120311962695,
        -62.07822448320074,
        -69.18756677191183,
        282.2137995033932,
        137.20978246805754,
        990.5697629898165,
        936.6567528284454,
        784.3945076820539,
        190.86091801464812,
        70.1635083909284,
        371.11031810309373,
        1142.8731019537013,
        1016.9289868585141,
        1236.84403251232,
        465.6431998686483,
        197.3957452553226,
        -32.59551513283816,
        396.98357678650467,
        235.25676620862873,
        943.7914274951913,
        615.3731944401129,
        505.4862371211322,
        886.0447257659202,
        867.1509909219678,
        1382.3648995725484,
        579.7970689135583,
        1023.9566595119197,
        301.3282287523136,
        735.0791984786499,
        324.98681393448027,
        409.7054174976538,
        934.1440015371667,
        491.77983438843614,
        330.3305477366783,
        922.6368368258547,
        1455.9676068593178,
        848.5695611634536,
        1418.374404842396,
        1371.1192843680046,
        1580.0486445659092,
        1672.1214560497547,
        495.7483797990789,
        636.4971910960376,
        -24.496584557496575,
        192.86607913714948,
        820.8095334860686,
        -12.797885161134133,
        905.3294169037779,
        1011.6767579450008,
        318.48042779495245,
        677.1436288280897,
        398.24645209965433
    ],
    "recent_successes": [
        1,
        1,
        1,
        1,
        1,
        1,
        1,
        1,
        1,
        1,
        1,
        1,
        1,
        1,
        1,
        1,
        1,
        1,
        1,
        1,
        1,
        1,
        1,
        1,
        1,
        1,
        1,
        0,
        1,
        1,
        1,
        1,
        1,
        1,
        1,
        1,
        1,
        1,
        1,
        1,
        1,
        1,
        0,
        1,
        1,
        1,
        1,
        1,
        0,
        0,
        0,
        1,
        1,
        1,
        1,
        1,
        1,
        1,
        1,
        1,
        1,
        1,
        1,
        1,
        0,
        1,
        1,
        1,
        1,
        1,
        1,
        1,
        1,
        1,
        1,
        1,
        1,
        1,
        1,
        1,
        1,
        1,
        1,
        1,
        1,
        1,
        1,
        1,
        1,
        1,
        1,
        0,
        1,
        1,
        0,
        1,
        1,
        1,
        1,
        1
    ],
    "recent_collisions": [
        0,
        0,
        0,
        0,
        0,
        0,
        0,
        0,
        0,
        0,
        0,
        0,
        0,
        0,
        0,
        0,
        0,
        0,
        0,
        0,
        0,
        0,
        0,
        0,
        0,
        0,
        0,
        0,
        0,
        0,
        0,
        0,
        0,
        0,
        0,
        0,
        0,
        0,
        0,
        0,
        0,
        0,
        0,
        0,
        0,
        0,
        0,
        0,
        0,
        1,
        1,
        0,
        0,
        0,
        0,
        0,
        0,
        0,
        0,
        0,
        0,
        0,
        0,
        0,
        0,
        0,
        0,
        0,
        0,
        0,
        0,
        0,
        0,
        0,
        0,
        0,
        0,
        0,
        0,
        0,
        0,
        0,
        0,
        0,
        0,
        0,
        0,
        0,
        0,
        0,
        0,
        0,
        0,
        0,
        0,
        0,
        0,
        0,
        0,
        0
    ],
    "recent_steps": [
        214,
        500,
        144,
        177,
        77,
        195,
        115,
        86,
        299,
        133,
        218,
        146,
        257,
        188,
        117,
        91,
        1,
        220,
        227,
        435,
        198,
        80,
        423,
        117,
        177,
        36,
        184,
        49,
        106,
        107,
        500,
        107,
        146,
        49,
        256,
        216,
        91,
        246,
        149,
        246,
        278,
        416,
        61,
        207,
        1,
        182,
        249,
        30,
        53,
        67,
        60,
        149,
        73,
        189,
        166,
        137,
        81,
        52,
        184,
        257,
        186,
        367,
        187,
        101,
        67,
        39,
        100,
        412,
        284,
        50,
        189,
        151,
        500,
        210,
        425,
        193,
        105,
        112,
        186,
        249,
        63,
        146,
        171,
        500,
        152,
        500,
        500,
        378,
        440,
        261,
        232,
        72,
        135,
        272,
        39,
        148,
        179,
        128,
        242,
        164
    ],
    "params": {
        "max_episodes": 2500,
        "max_steps": 500,
        "batch_size": 64,
        "learning_rate": 5e-05,
        "gamma": 0.99,
        "initial_epsilon": 0.2,
        "epsilon_decay": 0.998,
        "min_epsilon": 0.02,
        "memory_size": 100000,
        "target_update_freq": 5
    }
}