{
    "episode": 2100,
    "best_reward": 2974.2353880348387,
    "best_success_rate": 0.99,
    "recent_rewards": [
        224.64543683121374,
        944.630956897961,
        401.5321276443269,
        437.55925875613156,
        717.4769863812705,
        1028.3694620143458,
        701.7414963236724,
        1140.8158707240702,
        349.5,
        437.0446768396647,
        669.7509053420133,
        816.4761914122374,
        167.0103862949171,
        711.9085682372828,
        900.4878018072972,
        404.6464663410894,
        990.0101151176591,
        763.4933284713754,
        376.1005955427696,
        -47.115533584168816,
        810.7926841429546,
        1079.979186437906,
        -39.45370794186587,
        909.199605164107,
        880.0283581983418,
        477.7310673408058,
        1327.9999388819592,
        1024.6335843587688,
        549.0630583977452,
        824.2374969354162,
        381.6128627204166,
        515.7299731874846,
        60.42809546560642,
        1301.7395144409757,
        799.0421307188244,
        775.0383673235926,
        704.9455108857325,
        618.0559467314059,
        513.6977304431248,
        321.7876018385243,
        739.9829342166724,
        962.2255862447987,
        559.8659971396193,
        1441.0138226051317,
        740.5465639147363,
        977.2724881972912,
        283.2389228537083,
        1200.1695347431037,
        992.0322879073459,
        649.1416547615845,
        109.7168577768744,
        168.2546851372643,
        696.321147693166,
        1252.3981669142765,
        995.706756654454,
        899.8350908613812,
        14.762896011697123,
        1062.8479917356603,
        555.0637138804927,
        802.7785094434187,
        754.2020315165116,
        626.6581063143149,
        200.8997698262724,
        988.2610987313424,
        654.9918426422995,
        724.0417423032799,
        592.7780516888804,
        461.2558824717349,
        1061.5108908188495,
        167.84315122055716,
        141.56796911406428,
        901.6187497775353,
        1491.7235446946459,
        1025.295716371122,
        571.9213766224805,
        517.0307370848986,
        579.4993832095373,
        919.6940117899799,
        511.01333942305604,
        318.4072806517635,
        233.60714030637786,
        1352.6456312754276,
        808.9408597415381,
        160.69802666805393,
        1020.0607588932052,
        320.12073228492585,
        409.9581868452975,
        467.3443369392817,
        571.300205690396,
        108.54647483553997,
        1001.6895498783724,
        806.016537395622,
        936.9180366759504,
        395.31535190126965,
        73.58202812067069,
        464.1507398959528,
        492.92113500367526,
        956.2115694091029,
        1531.651445394402,
        1054.3210142743949
    ],
    "recent_successes": [
        1,
        1,
        1,
        1,
        1,
        1,
        1,
        1,
        1,
        1,
        1,
        1,
        1,
        1,
        1,
        1,
        1,
        1,
        1,
        0,
        1,
        1,
        0,
        1,
        1,
        1,
        1,
        1,
        1,
        1,
        1,
        1,
        1,
        1,
        1,
        1,
        1,
        1,
        1,
        1,
        1,
        1,
        1,
        1,
        1,
        1,
        1,
        1,
        1,
        1,
        1,
        1,
        1,
        1,
        1,
        1,
        0,
        1,
        1,
        1,
        1,
        1,
        1,
        1,
        1,
        1,
        1,
        1,
        1,
        1,
        1,
        1,
        1,
        1,
        1,
        1,
        1,
        1,
        1,
        1,
        1,
        1,
        1,
        1,
        1,
        1,
        1,
        1,
        1,
        1,
        1,
        1,
        1,
        1,
        1,
        1,
        1,
        1,
        1,
        1
    ],
    "recent_collisions": [
        0,
        0,
        0,
        0,
        0,
        0,
        0,
        0,
        0,
        0,
        0,
        0,
        0,
        0,
        0,
        0,
        0,
        0,
        0,
        0,
        0,
        0,
        0,
        0,
        0,
        0,
        0,
        0,
        0,
        0,
        0,
        0,
        0,
        0,
        0,
        0,
        0,
        0,
        0,
        0,
        0,
        0,
        0,
        0,
        0,
        0,
        0,
        0,
        0,
        0,
        0,
        0,
        0,
        0,
        0,
        0,
        0,
        0,
        0,
        0,
        0,
        0,
        0,
        0,
        0,
        0,
        0,
        0,
        0,
        0,
        0,
        0,
        0,
        0,
        0,
        0,
        0,
        0,
        0,
        0,
        0,
        0,
        0,
        0,
        0,
        0,
        0,
        0,
        0,
        0,
        0,
        0,
        0,
        0,
        0,
        0,
        0,
        0,
        0,
        0
    ],
    "recent_steps": [
        61,
        193,
        283,
        74,
        109,
        500,
        245,
        272,
        1,
        47,
        293,
        157,
        88,
        110,
        186,
        190,
        338,
        131,
        247,
        33,
        204,
        193,
        62,
        299,
        174,
        56,
        463,
        184,
        221,
        284,
        148,
        73,
        65,
        369,
        351,
        122,
        153,
        175,
        187,
        154,
        160,
        159,
        68,
        375,
        299,
        57,
        98,
        376,
        185,
        138,
        67,
        103,
        291,
        373,
        291,
        193,
        27,
        197,
        69,
        323,
        157,
        114,
        85,
        198,
        149,
        224,
        73,
        46,
        500,
        94,
        83,
        178,
        453,
        216,
        192,
        165,
        205,
        243,
        233,
        104,
        90,
        282,
        250,
        77,
        270,
        163,
        145,
        36,
        280,
        63,
        320,
        129,
        200,
        149,
        53,
        261,
        46,
        170,
        422,
        194
    ],
    "params": {
        "max_episodes": 2500,
        "max_steps": 500,
        "batch_size": 64,
        "learning_rate": 5e-05,
        "gamma": 0.99,
        "initial_epsilon": 0.2,
        "epsilon_decay": 0.998,
        "min_epsilon": 0.02,
        "memory_size": 100000,
        "target_update_freq": 5
    }
}