{
    "episode": 1000,
    "best_reward": 2974.2353880348387,
    "best_success_rate": 0.97,
    "recent_rewards": [
        55.50799905769048,
        610.0006306906024,
        1350.3065329344997,
        812.0814646297306,
        928.4129836066206,
        751.6258764810442,
        173.18679894154974,
        746.6287999341766,
        57.90748703865668,
        978.8273116769387,
        -22.54432151104558,
        809.4372959176437,
        771.3677344325611,
        231.95623210489168,
        956.4830469136391,
        683.3525560391814,
        836.0684670788166,
        420.49524206568555,
        -40.18258387612491,
        1188.3346750479157,
        886.2197602809593,
        349.5,
        633.040711579302,
        1232.2381420740078,
        1138.224113219445,
        73.47065345223137,
        411.9115800465802,
        192.38713821541342,
        581.4248999104173,
        796.8450967560701,
        131.38866540267793,
        1115.4029571324666,
        177.37491230934629,
        110.68235896691664,
        888.9602282462647,
        1028.8346001812884,
        889.4676683197699,
        1102.1200394100001,
        836.7416264654097,
        880.9840556698753,
        478.77302774908594,
        855.2889953377403,
        362.8484170726544,
        551.0811534893726,
        331.5132381205377,
        349.5,
        962.6948744813973,
        837.7388728436622,
        821.9577310971588,
        1322.9641904200037,
        944.4630307475036,
        392.65526146030913,
        893.3198195376533,
        30.222813808838424,
        1059.4871055530737,
        456.436515603517,
        406.3611012540879,
        1612.2785157225544,
        651.7098110975717,
        1213.1167641795466,
        1271.9818885792968,
        413.7150551119446,
        18.867156828565754,
        978.0337472355502,
        1638.9608336805313,
        299.49435360264965,
        349.5,
        1186.721549729923,
        673.8780957660814,
        881.410601021125,
        1139.143131766882,
        420.2617626890176,
        801.4878489989328,
        325.0463295311924,
        1200.0783821044388,
        313.951361465922,
        1022.9472255118828,
        422.6192449043764,
        318.3138674915114,
        1180.9262965003322,
        1595.9324803382394,
        382.2300569408221,
        76.72147027829618,
        642.1266779810561,
        -22.114863930839547,
        -36.082673156845516,
        941.6026743795665,
        917.1667075225397,
        239.41099407165632,
        887.0666917983657,
        870.6436820976854,
        374.70414773782784,
        772.5488248376085,
        628.6323811687754,
        1549.3253414586488,
        868.3242125470415,
        170.6769569763942,
        506.17081793358886,
        517.3693218498719,
        860.6217384722364
    ],
    "recent_successes": [
        1,
        1,
        1,
        1,
        1,
        1,
        1,
        1,
        1,
        1,
        0,
        1,
        1,
        1,
        1,
        1,
        1,
        1,
        0,
        1,
        1,
        1,
        1,
        1,
        1,
        1,
        1,
        1,
        1,
        1,
        1,
        1,
        1,
        1,
        1,
        1,
        1,
        1,
        1,
        1,
        1,
        1,
        1,
        1,
        1,
        1,
        1,
        1,
        1,
        1,
        1,
        1,
        1,
        0,
        1,
        1,
        1,
        1,
        1,
        1,
        1,
        1,
        0,
        1,
        1,
        1,
        1,
        1,
        1,
        1,
        1,
        1,
        1,
        1,
        1,
        1,
        1,
        1,
        1,
        1,
        1,
        1,
        1,
        1,
        0,
        0,
        1,
        1,
        1,
        1,
        1,
        1,
        1,
        1,
        1,
        1,
        1,
        1,
        1,
        1
    ],
    "recent_collisions": [
        0,
        0,
        0,
        0,
        0,
        0,
        0,
        0,
        0,
        0,
        0,
        0,
        0,
        0,
        0,
        0,
        0,
        0,
        0,
        0,
        0,
        0,
        0,
        0,
        0,
        0,
        0,
        0,
        0,
        0,
        0,
        0,
        0,
        0,
        0,
        0,
        0,
        0,
        0,
        0,
        0,
        0,
        0,
        0,
        0,
        0,
        0,
        0,
        0,
        0,
        0,
        0,
        0,
        0,
        0,
        0,
        0,
        0,
        0,
        0,
        0,
        0,
        0,
        0,
        0,
        0,
        0,
        0,
        0,
        0,
        0,
        0,
        0,
        0,
        0,
        0,
        0,
        0,
        0,
        0,
        0,
        0,
        0,
        0,
        0,
        0,
        0,
        0,
        0,
        0,
        0,
        0,
        0,
        0,
        0,
        0,
        0,
        0,
        0,
        0
    ],
    "recent_steps": [
        117,
        94,
        500,
        127,
        421,
        112,
        125,
        356,
        58,
        186,
        38,
        145,
        255,
        106,
        171,
        248,
        133,
        252,
        28,
        245,
        175,
        1,
        259,
        500,
        208,
        90,
        217,
        91,
        224,
        173,
        74,
        500,
        133,
        101,
        195,
        208,
        234,
        500,
        165,
        374,
        178,
        172,
        140,
        136,
        162,
        1,
        157,
        141,
        155,
        500,
        174,
        188,
        153,
        39,
        221,
        184,
        208,
        383,
        194,
        260,
        463,
        57,
        80,
        243,
        500,
        62,
        1,
        357,
        131,
        170,
        225,
        169,
        138,
        158,
        324,
        122,
        339,
        71,
        164,
        304,
        360,
        179,
        91,
        202,
        47,
        28,
        179,
        205,
        110,
        145,
        163,
        158,
        109,
        108,
        500,
        141,
        165,
        44,
        217,
        265
    ],
    "params": {
        "max_episodes": 2500,
        "max_steps": 500,
        "batch_size": 64,
        "learning_rate": 5e-05,
        "gamma": 0.99,
        "initial_epsilon": 0.2,
        "epsilon_decay": 0.998,
        "min_epsilon": 0.02,
        "memory_size": 100000,
        "target_update_freq": 5
    }
}