{
    "episode": 1200,
    "best_reward": 2974.2353880348387,
    "best_success_rate": 0.97,
    "recent_rewards": [
        990.217756151144,
        843.7049449113141,
        75.64470331731246,
        900.0844611616467,
        469.0267474667908,
        -15.328402153546932,
        1247.54231475269,
        477.736735682882,
        1102.1435242631474,
        593.9525815705663,
        1065.8890097262076,
        905.5128053227306,
        1989.562160855195,
        1499.812210628795,
        1326.2790137782192,
        349.28189109942764,
        762.398804874319,
        197.4354888048577,
        96.30828106453903,
        995.0886520800393,
        129.21784382605404,
        917.9675315493951,
        620.3787612622608,
        73.21888744197071,
        1008.3502949295822,
        386.3893083356917,
        1466.330703745447,
        681.2685382172518,
        1071.4691000796915,
        808.9465286449354,
        39.42973854966252,
        445.5490365583614,
        124.3070790051388,
        641.4451855160855,
        613.659982718545,
        658.8149571848869,
        376.56181969752504,
        823.3637341632881,
        543.5002886134636,
        349.5,
        -126.12802226609534,
        590.4884793614646,
        349.5,
        199.00495364892635,
        532.9792593291411,
        642.7526862127365,
        507.73842560050855,
        1772.4998626610898,
        665.0382280068379,
        189.85715984350065,
        961.0042265841378,
        37.730663400510565,
        1008.7683645776008,
        256.430073576285,
        300.08865074128687,
        349.5,
        918.9916231000711,
        -39.531048628200125,
        1067.252366144871,
        527.1279967848938,
        925.210904995467,
        613.4677051463739,
        594.2131973854978,
        114.67530363116279,
        443.53239646517034,
        327.4500230633914,
        842.2290588559962,
        460.10859610831983,
        1321.8175410893955,
        504.66253728374863,
        67.53129197867085,
        129.89469027496057,
        1349.3351098993962,
        999.2141930111759,
        626.1983821913202,
        63.025341505624915,
        -33.94282123266248,
        745.1319659308879,
        686.3881632941823,
        1450.6687547094355,
        1042.8535942910173,
        841.368464138149,
        83.67405076404279,
        14.779357117843432,
        984.9297830620127,
        963.0172339626039,
        1115.9278255635402,
        1370.154667196996,
        880.0692994520343,
        720.9171238939718,
        1795.3711817087255,
        820.8594209789729,
        365.21624389805487,
        341.9683054708822,
        1221.7707352766615,
        572.4354373729736,
        445.77362608068927,
        -7.01695889421535,
        489.15070849714823,
        825.2701556906696
    ],
    "recent_successes": [
        1,
        1,
        1,
        1,
        1,
        0,
        1,
        1,
        1,
        1,
        1,
        1,
        1,
        1,
        1,
        1,
        1,
        1,
        1,
        1,
        1,
        1,
        1,
        1,
        1,
        1,
        1,
        1,
        1,
        1,
        0,
        1,
        1,
        1,
        1,
        1,
        1,
        1,
        1,
        1,
        0,
        1,
        1,
        1,
        1,
        1,
        1,
        1,
        1,
        1,
        1,
        0,
        1,
        1,
        1,
        1,
        1,
        0,
        1,
        1,
        1,
        1,
        1,
        1,
        1,
        1,
        1,
        1,
        1,
        1,
        1,
        1,
        1,
        1,
        1,
        1,
        0,
        1,
        1,
        1,
        1,
        1,
        1,
        0,
        1,
        1,
        1,
        1,
        1,
        1,
        1,
        1,
        1,
        1,
        1,
        1,
        1,
        0,
        1,
        1
    ],
    "recent_collisions": [
        0,
        0,
        0,
        0,
        0,
        0,
        0,
        0,
        0,
        0,
        0,
        0,
        0,
        0,
        0,
        0,
        0,
        0,
        0,
        0,
        0,
        0,
        0,
        0,
        0,
        0,
        0,
        0,
        0,
        0,
        0,
        0,
        0,
        0,
        0,
        0,
        0,
        0,
        0,
        0,
        1,
        0,
        0,
        0,
        0,
        0,
        0,
        0,
        0,
        0,
        0,
        0,
        0,
        0,
        0,
        0,
        0,
        0,
        0,
        0,
        0,
        0,
        0,
        0,
        0,
        0,
        0,
        0,
        0,
        0,
        0,
        0,
        0,
        0,
        0,
        0,
        0,
        0,
        0,
        0,
        0,
        0,
        0,
        0,
        0,
        0,
        0,
        0,
        0,
        0,
        0,
        0,
        0,
        0,
        0,
        0,
        0,
        0,
        0,
        0
    ],
    "recent_steps": [
        181,
        172,
        87,
        156,
        122,
        61,
        283,
        318,
        300,
        89,
        256,
        144,
        482,
        367,
        500,
        222,
        150,
        85,
        141,
        397,
        185,
        153,
        247,
        125,
        224,
        45,
        371,
        118,
        201,
        151,
        123,
        47,
        72,
        63,
        88,
        318,
        165,
        136,
        64,
        1,
        33,
        294,
        1,
        97,
        223,
        299,
        209,
        466,
        267,
        119,
        170,
        70,
        344,
        158,
        142,
        1,
        183,
        59,
        266,
        184,
        182,
        198,
        75,
        58,
        72,
        198,
        287,
        203,
        487,
        187,
        95,
        76,
        438,
        369,
        253,
        76,
        59,
        114,
        229,
        500,
        211,
        173,
        146,
        38,
        234,
        169,
        350,
        423,
        135,
        221,
        417,
        263,
        4,
        140,
        479,
        85,
        75,
        26,
        267,
        294
    ],
    "params": {
        "max_episodes": 2500,
        "max_steps": 500,
        "batch_size": 64,
        "learning_rate": 5e-05,
        "gamma": 0.99,
        "initial_epsilon": 0.2,
        "epsilon_decay": 0.998,
        "min_epsilon": 0.02,
        "memory_size": 100000,
        "target_update_freq": 5
    }
}