{
    "episode": 1100,
    "best_reward": 2974.2353880348387,
    "best_success_rate": 0.97,
    "recent_rewards": [
        913.6132090544828,
        847.5475062962471,
        675.7605195504541,
        278.48196038607057,
        479.64943940576984,
        475.74700179895905,
        693.6625591189643,
        1000.7176500935728,
        1107.2590528352596,
        793.5369815180753,
        882.5607717638532,
        460.5349464337909,
        397.39607178250344,
        491.5251917364418,
        1021.7487491130544,
        349.5,
        288.2540144789274,
        306.643740368755,
        837.0898381065748,
        1522.9957936144747,
        682.2685321032016,
        813.1566970667301,
        282.67700336195423,
        830.0600802071436,
        380.04320803131327,
        488.47817948650754,
        276.68788406873966,
        36.87642194943635,
        401.4336716412118,
        478.742542422474,
        992.3919724066856,
        498.0075248398116,
        775.2095306506834,
        -33.5563591201536,
        1795.2687629948377,
        746.7695634563363,
        223.96433229127734,
        228.7740973109577,
        1409.8866462769263,
        306.5584852089249,
        648.0586561601107,
        883.4271760969963,
        1301.6221360950606,
        351.5452986333395,
        340.75212824040983,
        1149.5568310281376,
        1129.0624244995188,
        115.17607754205909,
        303.9645004766677,
        263.6642404306153,
        427.6244694345155,
        -41.77598175236345,
        352.4125223042767,
        125.46888031740855,
        199.9287736080691,
        1278.3488399790522,
        1388.9412451332944,
        643.2194856696135,
        846.2513406903603,
        366.5561897556631,
        -43.74812309030136,
        593.6875650066021,
        332.8393483260881,
        671.4016087476936,
        1096.762942795568,
        812.3854395049316,
        133.37741075745504,
        751.9595928908456,
        693.3158908213413,
        1144.3476981693898,
        833.348281965542,
        768.0674995308719,
        -1.1630934110501983,
        160.9168342823612,
        169.85020548373376,
        489.29529244319684,
        627.9547079477887,
        1449.6811417560025,
        547.3774309898745,
        355.4938088975343,
        1313.8065355171575,
        130.57747351535284,
        446.4541335981581,
        667.4903928954683,
        231.57349732643235,
        367.5956121184196,
        230.8979017587867,
        930.0349783217265,
        631.1493505509358,
        957.1618486500984,
        952.257783791913,
        1671.4998573866771,
        767.9930020597388,
        -30.07740780306689,
        398.5877412855061,
        561.6556152796321,
        496.0872814497534,
        898.3402229982349,
        280.2477448606717,
        980.4963481745903
    ],
    "recent_successes": [
        1,
        1,
        1,
        1,
        1,
        1,
        1,
        1,
        1,
        1,
        1,
        1,
        1,
        1,
        1,
        1,
        1,
        1,
        1,
        1,
        1,
        1,
        1,
        1,
        1,
        1,
        1,
        0,
        1,
        1,
        1,
        1,
        1,
        0,
        1,
        1,
        1,
        1,
        1,
        1,
        1,
        1,
        1,
        1,
        1,
        1,
        1,
        1,
        1,
        1,
        1,
        0,
        1,
        1,
        1,
        1,
        1,
        1,
        1,
        1,
        0,
        1,
        1,
        1,
        1,
        1,
        1,
        1,
        1,
        1,
        1,
        1,
        0,
        1,
        1,
        1,
        1,
        1,
        1,
        1,
        1,
        1,
        1,
        1,
        1,
        1,
        1,
        1,
        1,
        1,
        1,
        1,
        1,
        0,
        1,
        1,
        1,
        1,
        1,
        1
    ],
    "recent_collisions": [
        0,
        0,
        0,
        0,
        0,
        0,
        0,
        0,
        0,
        0,
        0,
        0,
        0,
        0,
        0,
        0,
        0,
        0,
        0,
        0,
        0,
        0,
        0,
        0,
        0,
        0,
        0,
        0,
        0,
        0,
        0,
        0,
        0,
        0,
        0,
        0,
        0,
        0,
        0,
        0,
        0,
        0,
        0,
        0,
        0,
        0,
        0,
        0,
        0,
        0,
        0,
        0,
        0,
        0,
        0,
        0,
        0,
        0,
        0,
        0,
        0,
        0,
        0,
        0,
        0,
        0,
        0,
        0,
        0,
        0,
        0,
        0,
        0,
        0,
        0,
        0,
        0,
        0,
        0,
        0,
        0,
        0,
        0,
        0,
        0,
        0,
        0,
        0,
        0,
        0,
        0,
        0,
        0,
        0,
        0,
        0,
        0,
        0,
        0,
        0
    ],
    "recent_steps": [
        192,
        192,
        183,
        65,
        179,
        161,
        114,
        207,
        383,
        106,
        159,
        36,
        177,
        215,
        324,
        1,
        122,
        57,
        142,
        500,
        205,
        290,
        151,
        409,
        174,
        56,
        122,
        50,
        41,
        173,
        189,
        183,
        262,
        45,
        380,
        135,
        107,
        107,
        385,
        145,
        123,
        155,
        416,
        123,
        162,
        353,
        395,
        102,
        139,
        38,
        166,
        32,
        213,
        81,
        113,
        380,
        279,
        98,
        381,
        165,
        26,
        203,
        157,
        237,
        236,
        249,
        71,
        295,
        259,
        433,
        143,
        279,
        108,
        114,
        87,
        159,
        245,
        434,
        159,
        149,
        440,
        98,
        26,
        211,
        130,
        45,
        121,
        241,
        251,
        190,
        227,
        500,
        221,
        34,
        159,
        172,
        74,
        162,
        120,
        243
    ],
    "params": {
        "max_episodes": 2500,
        "max_steps": 500,
        "batch_size": 64,
        "learning_rate": 5e-05,
        "gamma": 0.99,
        "initial_epsilon": 0.2,
        "epsilon_decay": 0.998,
        "min_epsilon": 0.02,
        "memory_size": 100000,
        "target_update_freq": 5
    }
}