{
    "episode": 2500,
    "best_reward": 2974.2353880348387,
    "best_success_rate": 1.0,
    "recent_rewards": [
        349.5,
        1346.8574521997195,
        487.23164551735226,
        168.69077154997876,
        451.9537443193085,
        785.3309841202271,
        691.6764172184502,
        530.0624809481518,
        786.2956332753032,
        379.9112930108598,
        41.028369715014406,
        846.9151563186143,
        357.7465698928883,
        1421.550128562706,
        1046.7516292525843,
        564.6350295692981,
        905.2186134666385,
        701.6160314686982,
        614.5898437515299,
        979.1058535839785,
        710.2000829598961,
        554.538031823651,
        288.0542067441466,
        314.9749917601054,
        412.72623583745144,
        400.2333851683933,
        635.3184968993615,
        1339.4606813742407,
        905.0656827423803,
        1299.8778509807482,
        499.63970157958727,
        360.4767277601978,
        735.3311138162492,
        52.955571125210895,
        765.8696297945727,
        96.03642215192721,
        773.8832148555667,
        971.5740671198257,
        414.0782860100753,
        349.5,
        772.1152233701368,
        765.5794054492087,
        216.23299616168964,
        351.6471848392015,
        462.7808652373824,
        1520.3133779983052,
        502.26750190200306,
        281.08180768276696,
        802.6937178311149,
        1268.0671235047082,
        108.76446389880175,
        533.7324085736361,
        320.623215512334,
        972.4491897978661,
        483.04115153228554,
        294.73053164211115,
        822.509888783352,
        599.3971540613534,
        766.7397538700428,
        903.2012304328853,
        982.1589315136973,
        1263.4843954806865,
        914.2172004746124,
        275.32067879302326,
        1075.4421105651488,
        1606.3164822986146,
        379.82724407345654,
        826.0123293482501,
        750.07970084801,
        79.65649209744362,
        464.45030710058427,
        1172.8120046030024,
        587.5026213064554,
        264.10311332696165,
        1031.3575970475986,
        766.876121189191,
        932.7488534489249,
        475.810490578863,
        941.0086862718476,
        982.1392250035203,
        1216.56080354795,
        1285.7221882949034,
        195.36148254814196,
        -24.578817341352448,
        12.40384235848559,
        68.23259429395333,
        349.5,
        784.806716987463,
        748.8173182698324,
        650.5086042057487,
        894.6556344652134,
        942.517126273124,
        976.917246908473,
        357.0015232493018,
        521.6215833994547,
        835.3082317347419,
        377.185839072052,
        760.8184785469587,
        631.8795732013664,
        1031.054305657017
    ],
    "recent_successes": [
        1,
        1,
        1,
        1,
        1,
        1,
        1,
        1,
        1,
        1,
        0,
        1,
        1,
        1,
        1,
        1,
        1,
        1,
        1,
        1,
        1,
        1,
        1,
        1,
        1,
        1,
        1,
        1,
        1,
        1,
        1,
        1,
        1,
        1,
        1,
        1,
        1,
        1,
        1,
        1,
        1,
        1,
        1,
        1,
        1,
        1,
        1,
        1,
        1,
        1,
        1,
        1,
        1,
        1,
        1,
        1,
        1,
        1,
        1,
        1,
        1,
        1,
        1,
        1,
        1,
        1,
        1,
        1,
        1,
        1,
        1,
        1,
        1,
        1,
        1,
        1,
        1,
        1,
        1,
        1,
        1,
        1,
        1,
        0,
        0,
        1,
        1,
        1,
        1,
        1,
        1,
        1,
        1,
        1,
        1,
        1,
        1,
        1,
        1,
        1
    ],
    "recent_collisions": [
        0,
        0,
        0,
        0,
        0,
        0,
        0,
        0,
        0,
        0,
        0,
        0,
        0,
        0,
        0,
        0,
        0,
        0,
        0,
        0,
        0,
        0,
        0,
        0,
        0,
        0,
        0,
        0,
        0,
        0,
        0,
        0,
        0,
        0,
        0,
        0,
        0,
        0,
        0,
        0,
        0,
        0,
        0,
        0,
        0,
        0,
        0,
        0,
        0,
        0,
        0,
        0,
        0,
        0,
        0,
        0,
        0,
        0,
        0,
        0,
        0,
        0,
        0,
        0,
        0,
        0,
        0,
        0,
        0,
        0,
        0,
        0,
        0,
        0,
        0,
        0,
        0,
        0,
        0,
        0,
        0,
        0,
        0,
        0,
        0,
        0,
        0,
        0,
        0,
        0,
        0,
        0,
        0,
        0,
        0,
        0,
        0,
        0,
        0,
        0
    ],
    "recent_steps": [
        1,
        415,
        51,
        84,
        197,
        341,
        344,
        98,
        289,
        150,
        68,
        389,
        128,
        377,
        288,
        85,
        196,
        121,
        218,
        205,
        321,
        170,
        155,
        128,
        22,
        159,
        120,
        285,
        223,
        290,
        48,
        37,
        120,
        62,
        376,
        75,
        115,
        373,
        173,
        1,
        136,
        122,
        138,
        136,
        157,
        268,
        155,
        108,
        400,
        262,
        65,
        188,
        250,
        200,
        46,
        77,
        168,
        263,
        124,
        169,
        201,
        500,
        191,
        116,
        272,
        393,
        31,
        126,
        205,
        63,
        45,
        303,
        274,
        132,
        203,
        150,
        192,
        164,
        223,
        165,
        500,
        256,
        97,
        32,
        29,
        121,
        1,
        268,
        128,
        129,
        233,
        219,
        198,
        165,
        54,
        150,
        189,
        309,
        92,
        254
    ],
    "params": {
        "max_episodes": 2500,
        "max_steps": 500,
        "batch_size": 64,
        "learning_rate": 5e-05,
        "gamma": 0.99,
        "initial_epsilon": 0.2,
        "epsilon_decay": 0.998,
        "min_epsilon": 0.02,
        "memory_size": 100000,
        "target_update_freq": 5
    }
}