{
    "episode": 400,
    "best_reward": 2974.2353880348387,
    "best_success_rate": 0.86,
    "recent_rewards": [
        182.32259123932715,
        872.1773125968955,
        867.4345653118089,
        1280.1380879050962,
        -59.950927582948935,
        121.76108661860984,
        71.36910321458984,
        -10.797353840638607,
        963.0967831530319,
        178.45519411684367,
        407.497666655237,
        820.522740749261,
        911.9042778735617,
        169.3339307150378,
        369.7603014510046,
        717.4283968592997,
        -39.106290886563116,
        856.6576653818136,
        441.9036326535762,
        -86.97541881356082,
        1180.6505762333638,
        554.8713394897488,
        205.78047473946424,
        1101.6705478549793,
        -60.45894203511065,
        713.6030967866969,
        1207.37105442544,
        76.08394977085348,
        337.14996349661675,
        1456.5570091011177,
        350.0868584850383,
        522.5970067612745,
        141.1450292231539,
        87.93876627856409,
        480.9356760581128,
        935.3683153348302,
        977.912143014359,
        -97.40525527074352,
        120.02972884945672,
        516.7415543281638,
        655.0730354300267,
        470.1838406686462,
        496.070252263753,
        872.2729628511855,
        156.9784208279637,
        1073.8868479375633,
        56.586060360817406,
        -94.32644847572206,
        603.5620606747875,
        319.86149017029425,
        670.4014935980705,
        -63.593960172425604,
        877.0504897698612,
        1125.479344957179,
        751.1387527272369,
        319.20141678901024,
        464.423623185968,
        799.6895750577331,
        535.286306464998,
        -21.615215553337322,
        3.06197309290836,
        485.8431859682487,
        349.2348359472301,
        992.2939419376823,
        75.71175781280905,
        873.5673584152396,
        349.5,
        399.0806376121982,
        513.4717237403138,
        877.0218465623155,
        814.7202831131436,
        -58.20929447057682,
        349.5,
        1134.2184015065407,
        1516.5083102866029,
        337.9002967693536,
        563.9213665846481,
        1060.8708048757965,
        1356.0948936622976,
        881.6371817009484,
        1311.6644768875715,
        806.1373819543246,
        1029.7716323526051,
        484.02135353022794,
        395.50406452699235,
        1143.724183638579,
        2049.4703151966173,
        541.0322852456447,
        633.1123196449785,
        813.9063850804068,
        -64.61555435016848,
        1044.6003933068168,
        -1.488974317372282,
        543.1755767959519,
        -12.886964569014637,
        601.2967251612075,
        458.03553422146445,
        662.5631466162995,
        824.8004411284968,
        717.7480643842463
    ],
    "recent_successes": [
        1,
        1,
        1,
        1,
        0,
        1,
        1,
        0,
        1,
        1,
        1,
        1,
        1,
        1,
        1,
        1,
        0,
        1,
        1,
        0,
        1,
        1,
        1,
        1,
        0,
        1,
        1,
        1,
        1,
        1,
        1,
        1,
        1,
        1,
        1,
        1,
        1,
        0,
        1,
        1,
        1,
        1,
        1,
        1,
        1,
        1,
        1,
        0,
        1,
        1,
        1,
        0,
        1,
        1,
        1,
        1,
        1,
        1,
        1,
        0,
        0,
        1,
        1,
        1,
        1,
        1,
        1,
        1,
        1,
        1,
        1,
        0,
        1,
        1,
        1,
        1,
        1,
        1,
        1,
        1,
        1,
        1,
        1,
        1,
        1,
        1,
        1,
        1,
        1,
        1,
        0,
        1,
        0,
        1,
        0,
        1,
        1,
        1,
        1,
        1
    ],
    "recent_collisions": [
        0,
        0,
        0,
        0,
        1,
        0,
        0,
        0,
        0,
        0,
        0,
        0,
        0,
        0,
        0,
        0,
        0,
        0,
        0,
        1,
        0,
        0,
        0,
        0,
        1,
        0,
        0,
        0,
        0,
        0,
        0,
        0,
        0,
        0,
        0,
        0,
        0,
        1,
        0,
        0,
        0,
        0,
        0,
        0,
        0,
        0,
        0,
        1,
        0,
        0,
        0,
        1,
        0,
        0,
        0,
        0,
        0,
        0,
        0,
        0,
        0,
        0,
        0,
        0,
        0,
        0,
        0,
        0,
        0,
        0,
        0,
        1,
        0,
        0,
        0,
        0,
        0,
        0,
        0,
        0,
        0,
        0,
        0,
        0,
        0,
        0,
        0,
        0,
        0,
        0,
        1,
        0,
        0,
        0,
        0,
        0,
        0,
        0,
        0,
        0
    ],
    "recent_steps": [
        102,
        153,
        266,
        222,
        107,
        219,
        74,
        38,
        268,
        93,
        154,
        174,
        147,
        116,
        230,
        82,
        25,
        300,
        252,
        31,
        323,
        304,
        136,
        60,
        27,
        128,
        500,
        74,
        75,
        396,
        56,
        63,
        67,
        67,
        201,
        460,
        483,
        24,
        95,
        351,
        345,
        72,
        68,
        178,
        162,
        257,
        69,
        26,
        89,
        129,
        344,
        63,
        176,
        228,
        344,
        135,
        150,
        144,
        178,
        34,
        31,
        56,
        114,
        211,
        92,
        167,
        1,
        144,
        98,
        182,
        366,
        25,
        1,
        269,
        349,
        160,
        102,
        189,
        351,
        148,
        410,
        149,
        479,
        225,
        261,
        238,
        417,
        240,
        108,
        191,
        97,
        196,
        27,
        253,
        56,
        206,
        181,
        198,
        154,
        110
    ],
    "params": {
        "max_episodes": 2500,
        "max_steps": 500,
        "batch_size": 64,
        "learning_rate": 5e-05,
        "gamma": 0.99,
        "initial_epsilon": 0.2,
        "epsilon_decay": 0.998,
        "min_epsilon": 0.02,
        "memory_size": 100000,
        "target_update_freq": 5
    }
}