{
    "episode": 1300,
    "best_reward": 2974.2353880348387,
    "best_success_rate": 0.97,
    "recent_rewards": [
        84.07487622124577,
        152.74788613659481,
        501.2679969782549,
        1022.2127979009251,
        542.1072650461754,
        786.866975435365,
        700.114202681891,
        505.48178013474586,
        -35.41870878048978,
        746.9561656798245,
        1194.3835345087766,
        223.4204726859639,
        42.96562126265965,
        810.7551293660913,
        867.4716150024507,
        261.38784707574575,
        57.32712382865128,
        450.64348281662205,
        494.6259709922647,
        -18.14003497057209,
        495.69057096501274,
        901.3309317817776,
        492.4382353150444,
        709.4916235428708,
        688.6398497962581,
        583.2818480031502,
        976.3445903010166,
        160.82384956628698,
        449.27232681785665,
        765.7917054689931,
        55.48755719238463,
        646.1196172805273,
        1034.4973517719661,
        568.9990977259044,
        82.7182088339728,
        910.7361306816621,
        1088.8833567667662,
        204.41270133281796,
        732.4870816930396,
        578.8977656494329,
        857.3083619799207,
        844.7253498370837,
        117.42922677276681,
        464.7638528426332,
        749.5016124849415,
        1225.243603207853,
        43.14266549393929,
        309.0681874026681,
        848.9945290902048,
        1890.284295693211,
        718.9168209685461,
        1619.709241995225,
        592.3119511051427,
        546.1132121514554,
        23.222818970594417,
        452.7213180271225,
        472.29727593225533,
        1026.5479946221062,
        187.66809126193039,
        441.5817475651502,
        336.47302365192655,
        879.1792266402252,
        1224.9218732488584,
        1162.1403221010457,
        915.725101002163,
        850.0472722615535,
        839.2242779688056,
        731.602421811859,
        489.0821531719862,
        779.642031173969,
        996.1184841962774,
        1061.8930984340616,
        595.0684451980064,
        855.0656812889567,
        750.2148871019331,
        1145.986311211262,
        745.204408369345,
        1155.7594877935535,
        261.3246504481259,
        470.8728799404221,
        65.20928883059727,
        815.4643660135881,
        624.3810350285939,
        901.8116128864118,
        644.1956754633591,
        569.281941106387,
        921.8063233593004,
        261.27556968513625,
        358.4401490676045,
        946.0164395120638,
        622.9333110547591,
        1138.0581734733776,
        1523.9418508513636,
        800.235985291933,
        86.611998274419,
        471.4468877418818,
        455.9484863253513,
        1310.4881255527018,
        1311.4751148138882,
        556.2911040710998
    ],
    "recent_successes": [
        1,
        1,
        1,
        1,
        1,
        1,
        1,
        1,
        0,
        1,
        1,
        1,
        0,
        1,
        1,
        1,
        1,
        1,
        1,
        0,
        1,
        1,
        1,
        1,
        1,
        1,
        1,
        1,
        1,
        1,
        1,
        1,
        1,
        1,
        1,
        1,
        1,
        1,
        1,
        1,
        1,
        1,
        1,
        1,
        1,
        1,
        0,
        1,
        1,
        1,
        1,
        1,
        1,
        1,
        0,
        1,
        1,
        1,
        1,
        1,
        1,
        1,
        1,
        1,
        1,
        1,
        1,
        1,
        1,
        1,
        1,
        1,
        1,
        1,
        1,
        1,
        1,
        1,
        1,
        1,
        1,
        1,
        1,
        1,
        1,
        1,
        1,
        1,
        1,
        1,
        1,
        1,
        1,
        1,
        1,
        1,
        1,
        1,
        1,
        1
    ],
    "recent_collisions": [
        0,
        0,
        0,
        0,
        0,
        0,
        0,
        0,
        0,
        0,
        0,
        0,
        0,
        0,
        0,
        0,
        0,
        0,
        0,
        0,
        0,
        0,
        0,
        0,
        0,
        0,
        0,
        0,
        0,
        0,
        0,
        0,
        0,
        0,
        0,
        0,
        0,
        0,
        0,
        0,
        0,
        0,
        0,
        0,
        0,
        0,
        0,
        0,
        0,
        0,
        0,
        0,
        0,
        0,
        0,
        0,
        0,
        0,
        0,
        0,
        0,
        0,
        0,
        0,
        0,
        0,
        0,
        0,
        0,
        0,
        0,
        0,
        0,
        0,
        0,
        0,
        0,
        0,
        0,
        0,
        0,
        0,
        0,
        0,
        0,
        0,
        0,
        0,
        0,
        0,
        0,
        0,
        0,
        0,
        0,
        0,
        0,
        0,
        0,
        0
    ],
    "recent_steps": [
        60,
        159,
        248,
        230,
        78,
        208,
        311,
        60,
        38,
        179,
        500,
        103,
        62,
        320,
        164,
        145,
        64,
        153,
        172,
        62,
        55,
        256,
        171,
        203,
        283,
        197,
        256,
        112,
        159,
        127,
        59,
        247,
        93,
        152,
        80,
        160,
        279,
        92,
        103,
        34,
        157,
        191,
        78,
        180,
        179,
        233,
        53,
        109,
        253,
        494,
        99,
        453,
        158,
        111,
        39,
        24,
        96,
        330,
        125,
        163,
        183,
        217,
        500,
        474,
        175,
        154,
        146,
        274,
        198,
        170,
        187,
        500,
        178,
        135,
        120,
        468,
        278,
        500,
        115,
        39,
        71,
        155,
        100,
        212,
        196,
        245,
        191,
        125,
        170,
        437,
        98,
        233,
        348,
        141,
        55,
        37,
        35,
        500,
        426,
        142
    ],
    "params": {
        "max_episodes": 2500,
        "max_steps": 500,
        "batch_size": 64,
        "learning_rate": 5e-05,
        "gamma": 0.99,
        "initial_epsilon": 0.2,
        "epsilon_decay": 0.998,
        "min_epsilon": 0.02,
        "memory_size": 100000,
        "target_update_freq": 5
    }
}