{
    "episode": 500,
    "best_reward": 2974.2353880348387,
    "best_success_rate": 0.92,
    "recent_rewards": [
        -31.018809877841207,
        711.8926463039572,
        1044.1417225687123,
        432.1693125308919,
        2308.1402858861125,
        289.8790344387022,
        223.96622038789337,
        602.8425962656914,
        -26.970857643186363,
        518.0204657196966,
        349.5,
        482.07035546608245,
        625.1649575135792,
        645.2066498798307,
        798.5819547647078,
        920.9126060467978,
        250.4683701532315,
        127.38666071036596,
        137.59916591878113,
        620.3499961581847,
        903.2404025288024,
        1331.7698795331908,
        301.16668137788014,
        614.6540302911081,
        349.5,
        311.85914849853367,
        634.294505196087,
        -44.47171877476762,
        778.6814090644224,
        368.54077132866536,
        75.10388729514892,
        941.9593279235612,
        895.2635736968701,
        733.5375021188014,
        722.3784240607074,
        1841.6212412410578,
        890.9115165180232,
        349.5,
        125.42477695966662,
        1446.2530183687113,
        728.0789015826662,
        449.40160215385254,
        620.28513293902,
        512.9191823686787,
        536.1280606568168,
        501.65651748836217,
        -65.79102241567739,
        743.490122826174,
        395.02861527811115,
        230.13817395686704,
        1018.0529422965318,
        641.3999132151175,
        74.09941681040755,
        470.49531004666403,
        787.1136405965981,
        645.7822354832491,
        742.4364886061312,
        1203.639018926279,
        169.114651123603,
        1158.3872473462527,
        -54.371832059824584,
        959.1386125898658,
        316.9200565356997,
        687.268569202763,
        600.1016818921087,
        492.7723549607666,
        97.51145272971866,
        900.553066565247,
        497.2542222330792,
        651.5018485114836,
        446.8235830468159,
        571.7695415833817,
        277.749774463362,
        633.2439038043112,
        121.22126012630287,
        782.4135008833626,
        1004.3915988578698,
        1666.3740795910044,
        703.8065990819291,
        792.855635146252,
        -202.69298889217464,
        462.0755321316643,
        650.4978854633819,
        356.00392084829974,
        1517.6128599157557,
        46.71899454950534,
        558.7636643362191,
        140.48730632372025,
        623.0239813223886,
        864.735256727242,
        429.492025180274,
        771.5826426915992,
        79.0871591147006,
        838.6272283637835,
        14.563793248102243,
        989.9146565508595,
        1849.0068990465256,
        1066.3512111406878,
        646.8866063939361,
        746.5471294547528
    ],
    "recent_successes": [
        0,
        1,
        1,
        1,
        1,
        1,
        1,
        1,
        0,
        1,
        1,
        1,
        1,
        1,
        1,
        1,
        1,
        1,
        1,
        1,
        1,
        1,
        1,
        1,
        1,
        1,
        1,
        0,
        1,
        1,
        1,
        1,
        1,
        1,
        1,
        1,
        1,
        1,
        1,
        1,
        1,
        1,
        1,
        1,
        1,
        1,
        0,
        1,
        1,
        1,
        1,
        1,
        1,
        1,
        1,
        1,
        1,
        1,
        1,
        1,
        0,
        1,
        1,
        1,
        1,
        1,
        1,
        1,
        1,
        1,
        1,
        1,
        1,
        1,
        1,
        1,
        1,
        1,
        1,
        1,
        0,
        1,
        1,
        1,
        1,
        0,
        1,
        1,
        1,
        1,
        1,
        1,
        1,
        1,
        0,
        1,
        1,
        1,
        1,
        1
    ],
    "recent_collisions": [
        0,
        0,
        0,
        0,
        0,
        0,
        0,
        0,
        0,
        0,
        0,
        0,
        0,
        0,
        0,
        0,
        0,
        0,
        0,
        0,
        0,
        0,
        0,
        0,
        0,
        0,
        0,
        0,
        0,
        0,
        0,
        0,
        0,
        0,
        0,
        0,
        0,
        0,
        0,
        0,
        0,
        0,
        0,
        0,
        0,
        0,
        1,
        0,
        0,
        0,
        0,
        0,
        0,
        0,
        0,
        0,
        0,
        0,
        0,
        0,
        1,
        0,
        0,
        0,
        0,
        0,
        0,
        0,
        0,
        0,
        0,
        0,
        0,
        0,
        0,
        0,
        0,
        0,
        0,
        0,
        1,
        0,
        0,
        0,
        0,
        0,
        0,
        0,
        0,
        0,
        0,
        0,
        0,
        0,
        0,
        0,
        0,
        0,
        0,
        0
    ],
    "recent_steps": [
        31,
        125,
        289,
        170,
        52,
        130,
        113,
        199,
        32,
        209,
        1,
        178,
        145,
        234,
        500,
        218,
        138,
        77,
        60,
        446,
        188,
        500,
        144,
        209,
        1,
        234,
        256,
        25,
        154,
        228,
        73,
        198,
        202,
        290,
        115,
        74,
        241,
        1,
        66,
        387,
        212,
        33,
        92,
        59,
        67,
        61,
        57,
        248,
        196,
        98,
        201,
        248,
        60,
        59,
        128,
        205,
        180,
        236,
        166,
        262,
        47,
        176,
        167,
        110,
        206,
        64,
        160,
        203,
        152,
        275,
        331,
        183,
        295,
        97,
        82,
        132,
        226,
        422,
        199,
        319,
        65,
        42,
        300,
        153,
        68,
        46,
        72,
        86,
        346,
        146,
        24,
        130,
        62,
        148,
        81,
        288,
        443,
        500,
        242,
        133
    ],
    "params": {
        "max_episodes": 2500,
        "max_steps": 500,
        "batch_size": 64,
        "learning_rate": 5e-05,
        "gamma": 0.99,
        "initial_epsilon": 0.2,
        "epsilon_decay": 0.998,
        "min_epsilon": 0.02,
        "memory_size": 100000,
        "target_update_freq": 5
    }
}