{
    "episode": 100,
    "best_reward": 1816.2468764828923,
    "best_success_rate": 0.8064516129032258,
    "recent_rewards": [
        411.84541519504074,
        189.3082410705175,
        602.7676369132014,
        349.5,
        -65.21214931234212,
        43.18811657325753,
        309.5065814737039,
        226.92938562206294,
        -28.17949815836461,
        991.4524096802395,
        374.43840960375934,
        440.5130812283868,
        1338.7737332897027,
        153.00118712614727,
        177.1277996355795,
        98.03896658101246,
        121.55822075196691,
        -63.28196915738455,
        359.5443774449194,
        -21.690910869811546,
        393.3010733204485,
        575.3259419129554,
        82.87923428990007,
        9.274810973808329,
        203.09779103965084,
        108.57510020226186,
        782.7323665875705,
        50.54035573052663,
        190.54906343510697,
        490.8671623831914,
        -17.926215076291044,
        247.89426760501436,
        -144.6867998390919,
        -46.710216035206386,
        -38.361264590454056,
        366.4485370976338,
        22.882556737708857,
        159.88367802134553,
        14.732771677894945,
        13.096943257783693,
        495.6107851208445,
        -16.29867775980142,
        1816.2468764828923,
        446.10635337909423,
        -13.149238495799324,
        1368.974181270124,
        -96.60552070171912,
        -10.090574399854518,
        95.40911936840251,
        358.25091607218224,
        2.0015393803834627,
        294.43334806671743,
        825.1100368871544,
        62.97337100707587,
        349.5,
        328.11979311682285,
        599.2258077425429,
        545.9113852298676,
        255.73359309026586,
        -38.755021761770905,
        335.7793690917642,
        349.5,
        617.8078529446984,
        606.7521809991978,
        -39.86581606296433,
        -64.39743568765206,
        509.07745243836877,
        -98.71023301601662,
        225.3874698638694,
        -59.06259550141948,
        19.154670848065223,
        306.80956513540286,
        81.77897015627171,
        283.2088242256657,
        71.79633194326928,
        35.170196457077836,
        -58.195088170865404,
        202.5358329303536,
        15.621308045455123,
        867.1273017048406,
        -34.87201729625441,
        808.228373542834,
        254.4097022851785,
        -70.95374169693488,
        -45.80503925276912,
        788.7515454040444,
        349.435435903819,
        -73.5005306720936,
        -78.48246090858429,
        1071.6673046870733,
        170.3412373911019,
        574.9081684950417,
        -108.83336734296279,
        60.398028380955616,
        -71.64490157035746,
        5.773294326483153,
        29.92159161108529,
        133.0878801888256,
        669.446664473861,
        117.64835325434997
    ],
    "recent_successes": [
        1,
        1,
        1,
        1,
        0,
        0,
        1,
        1,
        0,
        1,
        1,
        1,
        1,
        1,
        1,
        1,
        1,
        0,
        1,
        0,
        1,
        1,
        1,
        0,
        1,
        1,
        1,
        1,
        1,
        1,
        0,
        1,
        0,
        0,
        0,
        1,
        0,
        1,
        0,
        0,
        1,
        0,
        1,
        1,
        0,
        1,
        0,
        0,
        1,
        1,
        0,
        1,
        1,
        1,
        1,
        1,
        1,
        1,
        1,
        0,
        1,
        1,
        1,
        1,
        0,
        0,
        1,
        0,
        1,
        0,
        0,
        1,
        1,
        1,
        1,
        0,
        0,
        1,
        0,
        1,
        0,
        1,
        1,
        0,
        0,
        1,
        1,
        0,
        0,
        1,
        1,
        1,
        0,
        1,
        0,
        0,
        0,
        1,
        1,
        1
    ],
    "recent_collisions": [
        0,
        0,
        0,
        0,
        1,
        0,
        0,
        0,
        0,
        0,
        0,
        0,
        0,
        0,
        0,
        0,
        0,
        1,
        0,
        0,
        0,
        0,
        0,
        0,
        0,
        0,
        0,
        0,
        0,
        0,
        0,
        0,
        1,
        0,
        0,
        0,
        0,
        0,
        0,
        0,
        0,
        0,
        0,
        0,
        0,
        0,
        1,
        0,
        0,
        0,
        0,
        0,
        0,
        0,
        0,
        0,
        0,
        0,
        0,
        0,
        0,
        0,
        0,
        0,
        0,
        1,
        0,
        1,
        0,
        1,
        0,
        0,
        0,
        0,
        0,
        0,
        1,
        0,
        0,
        0,
        0,
        0,
        0,
        1,
        0,
        0,
        0,
        1,
        1,
        0,
        0,
        0,
        1,
        0,
        1,
        0,
        0,
        0,
        0,
        0
    ],
    "recent_steps": [
        209,
        52,
        315,
        1,
        28,
        39,
        178,
        126,
        26,
        377,
        305,
        169,
        141,
        108,
        109,
        62,
        238,
        34,
        208,
        33,
        218,
        115,
        57,
        29,
        120,
        73,
        188,
        55,
        100,
        223,
        33,
        198,
        46,
        31,
        79,
        156,
        74,
        54,
        130,
        98,
        203,
        33,
        400,
        188,
        34,
        297,
        48,
        39,
        24,
        135,
        74,
        127,
        154,
        92,
        1,
        88,
        246,
        276,
        112,
        35,
        176,
        1,
        216,
        84,
        76,
        26,
        50,
        43,
        104,
        61,
        57,
        202,
        80,
        194,
        54,
        108,
        29,
        98,
        59,
        255,
        27,
        147,
        139,
        47,
        33,
        146,
        57,
        27,
        33,
        274,
        32,
        58,
        35,
        24,
        55,
        59,
        27,
        52,
        89,
        126
    ],
    "params": {
        "max_episodes": 2500,
        "max_steps": 500,
        "batch_size": 64,
        "learning_rate": 5e-05,
        "gamma": 0.99,
        "initial_epsilon": 0.2,
        "epsilon_decay": 0.998,
        "min_epsilon": 0.02,
        "memory_size": 100000,
        "target_update_freq": 5
    }
}