{
    "episode": 1400,
    "best_reward": 2974.2353880348387,
    "best_success_rate": 0.97,
    "recent_rewards": [
        432.81635707346925,
        423.74543148610366,
        -42.165606004974975,
        349.5,
        895.7151230636138,
        787.9135603137007,
        1051.714292470325,
        830.4175911613931,
        275.96205068360524,
        381.1687978001744,
        697.22058769837,
        695.8745381002162,
        437.5939727310419,
        1048.1274309302507,
        951.4934519693392,
        1377.1543451627817,
        542.8884875470434,
        688.3581718270091,
        806.4144135724014,
        540.0270475186585,
        594.6738816239672,
        936.6932767717419,
        155.86879840498676,
        741.9045943331511,
        842.8878391774479,
        945.6327576076825,
        1597.2734849649082,
        802.39593141641,
        476.8181759613633,
        198.3756319616623,
        710.3188827408978,
        23.764075932807373,
        727.8173188325189,
        935.0554342361313,
        100.21696664824921,
        918.4860858389877,
        1036.990794317447,
        1073.2959527514106,
        821.7141674590573,
        603.6412671198625,
        765.3841881705997,
        -49.82639385826815,
        1037.7323658015162,
        893.7057995679527,
        85.02332869180668,
        825.5902602202212,
        912.624365168592,
        434.5618403755939,
        691.9188249491457,
        522.3772838975261,
        799.19193026185,
        352.5051696246859,
        -2.5991838445696374,
        1516.676629725333,
        473.187318110917,
        550.6778650231674,
        655.5346106467456,
        889.8577971813397,
        646.245957063209,
        732.4090831772994,
        1301.9631422783802,
        58.04276206760241,
        720.5191925289901,
        650.014512904379,
        552.416021085667,
        1373.5890016328997,
        290.7972650211907,
        898.5939262310408,
        1259.0607340697743,
        9.88262019954746,
        351.2521229563016,
        399.99185048956997,
        1481.7020955148034,
        846.0518966301906,
        20.230853013438832,
        615.1045549091593,
        618.5510818744692,
        380.9604988976175,
        285.2616471438574,
        1056.1501473689427,
        884.1973130219263,
        373.6022369826496,
        872.4459705151162,
        480.2508700220317,
        1582.9816966592796,
        853.2168237509247,
        1301.9074554023612,
        1155.1398059238852,
        1400.3062820376445,
        485.0759545083704,
        31.030839150999952,
        595.6584470390071,
        913.7369516772997,
        495.76559683951166,
        179.29089128853911,
        1024.6979346963876,
        252.7885155457278,
        856.8319754758655,
        934.2272735607866,
        888.8719110394776
    ],
    "recent_successes": [
        1,
        1,
        0,
        1,
        1,
        1,
        1,
        1,
        1,
        1,
        1,
        1,
        1,
        1,
        1,
        1,
        1,
        1,
        1,
        1,
        1,
        1,
        1,
        1,
        1,
        1,
        1,
        1,
        1,
        1,
        1,
        0,
        1,
        1,
        1,
        1,
        1,
        1,
        1,
        1,
        1,
        0,
        1,
        1,
        1,
        1,
        1,
        1,
        1,
        1,
        1,
        1,
        0,
        1,
        1,
        1,
        1,
        1,
        1,
        1,
        1,
        1,
        1,
        1,
        1,
        1,
        1,
        1,
        1,
        0,
        1,
        1,
        1,
        1,
        0,
        1,
        1,
        1,
        1,
        1,
        1,
        1,
        1,
        1,
        1,
        1,
        1,
        1,
        1,
        1,
        0,
        1,
        1,
        1,
        1,
        1,
        1,
        1,
        1,
        1
    ],
    "recent_collisions": [
        0,
        0,
        0,
        0,
        0,
        0,
        0,
        0,
        0,
        0,
        0,
        0,
        0,
        0,
        0,
        0,
        0,
        0,
        0,
        0,
        0,
        0,
        0,
        0,
        0,
        0,
        0,
        0,
        0,
        0,
        0,
        0,
        0,
        0,
        0,
        0,
        0,
        0,
        0,
        0,
        0,
        0,
        0,
        0,
        0,
        0,
        0,
        0,
        0,
        0,
        0,
        0,
        0,
        0,
        0,
        0,
        0,
        0,
        0,
        0,
        0,
        0,
        0,
        0,
        0,
        0,
        0,
        0,
        0,
        0,
        0,
        0,
        0,
        0,
        0,
        0,
        0,
        0,
        0,
        0,
        0,
        0,
        0,
        0,
        0,
        0,
        0,
        0,
        0,
        0,
        0,
        0,
        0,
        0,
        0,
        0,
        0,
        0,
        0,
        0
    ],
    "recent_steps": [
        191,
        23,
        70,
        1,
        265,
        404,
        243,
        216,
        159,
        8,
        179,
        267,
        242,
        312,
        171,
        345,
        271,
        126,
        356,
        126,
        97,
        233,
        89,
        319,
        136,
        200,
        500,
        132,
        231,
        100,
        134,
        104,
        256,
        206,
        27,
        213,
        195,
        363,
        280,
        297,
        116,
        27,
        233,
        169,
        87,
        134,
        217,
        20,
        200,
        210,
        180,
        211,
        37,
        409,
        186,
        201,
        247,
        156,
        143,
        117,
        315,
        80,
        231,
        134,
        107,
        372,
        155,
        157,
        386,
        48,
        189,
        163,
        321,
        202,
        55,
        275,
        178,
        151,
        123,
        285,
        343,
        13,
        296,
        257,
        332,
        195,
        276,
        256,
        347,
        181,
        44,
        107,
        154,
        62,
        109,
        284,
        240,
        372,
        180,
        257
    ],
    "params": {
        "max_episodes": 2500,
        "max_steps": 500,
        "batch_size": 64,
        "learning_rate": 5e-05,
        "gamma": 0.99,
        "initial_epsilon": 0.2,
        "epsilon_decay": 0.998,
        "min_epsilon": 0.02,
        "memory_size": 100000,
        "target_update_freq": 5
    }
}