{
    "episode": 1500,
    "best_reward": 2974.2353880348387,
    "best_success_rate": 0.97,
    "recent_rewards": [
        901.8912939344333,
        259.2955339059065,
        555.1298653971396,
        752.1696194728779,
        -23.859343611796902,
        439.4645309043043,
        640.8056438559856,
        1157.947926879113,
        604.157455106504,
        52.899666262652914,
        1082.8702695005259,
        880.1903072299959,
        508.3873336578213,
        961.1525653399665,
        1061.4077507412958,
        491.94801097126265,
        -44.10433673852512,
        280.57646756855223,
        711.1705943728118,
        821.95782613091,
        1143.5199220894306,
        129.49750297069548,
        1409.7186328204427,
        818.6935273061949,
        663.9537310079081,
        1110.0679205096108,
        782.1493087083954,
        807.5729858364025,
        303.2436115264236,
        606.644609342708,
        732.3971166740348,
        950.9784315753002,
        604.6418076200325,
        740.0823486889685,
        637.4081087242257,
        887.0706542373881,
        956.7006724354708,
        894.2457696456929,
        2063.4939449075796,
        1500.069999106784,
        1088.5326745048708,
        549.7891115972125,
        600.696772755163,
        1486.727390187912,
        58.39776811328073,
        957.3900764691932,
        500.1517681233263,
        259.55445977877565,
        168.60767409287283,
        356.00936180962185,
        1111.94117149924,
        735.39889002603,
        277.4323415635899,
        1311.3426574313942,
        33.148270267718146,
        309.46357881566934,
        408.007146225797,
        1063.5696204020298,
        724.2416852747143,
        409.6374898722031,
        589.3947361190853,
        -21.415215400837212,
        531.7431048146061,
        925.4126395984711,
        1330.4198522497604,
        978.1835306820711,
        471.14400739935525,
        757.0641965941417,
        527.3220898386816,
        1132.1769024576906,
        1139.6153381525014,
        1182.4160427523034,
        727.4556695905517,
        488.1955274209989,
        1382.1653177657508,
        33.73394586381718,
        447.17071587962835,
        166.81798295905077,
        1037.5508701028275,
        939.1641028636177,
        488.8869142293697,
        1904.1223369418044,
        738.8815971112472,
        707.6053269955083,
        693.6582985156206,
        835.8512559911451,
        705.7129681098409,
        929.9854278436552,
        408.28636053296157,
        835.4371206511721,
        179.1893412119528,
        59.01637764739249,
        198.23150196131667,
        341.0268330442711,
        117.93940119606066,
        -4.59056295445933,
        1293.8133520786516,
        102.26306929848171,
        813.3454368730555,
        215.76000245944942
    ],
    "recent_successes": [
        1,
        1,
        1,
        1,
        0,
        1,
        1,
        1,
        1,
        1,
        1,
        1,
        1,
        1,
        1,
        1,
        0,
        1,
        1,
        1,
        1,
        1,
        1,
        1,
        1,
        1,
        1,
        1,
        1,
        1,
        1,
        1,
        1,
        1,
        1,
        1,
        1,
        1,
        1,
        1,
        1,
        1,
        1,
        1,
        1,
        1,
        1,
        1,
        1,
        1,
        1,
        1,
        1,
        1,
        0,
        1,
        1,
        1,
        1,
        1,
        1,
        0,
        1,
        1,
        1,
        1,
        1,
        1,
        1,
        1,
        1,
        1,
        1,
        1,
        1,
        0,
        1,
        1,
        1,
        1,
        1,
        1,
        1,
        1,
        1,
        1,
        1,
        1,
        1,
        1,
        1,
        1,
        1,
        1,
        1,
        0,
        1,
        1,
        1,
        1
    ],
    "recent_collisions": [
        0,
        0,
        0,
        0,
        0,
        0,
        0,
        0,
        0,
        0,
        0,
        0,
        0,
        0,
        0,
        0,
        0,
        0,
        0,
        0,
        0,
        0,
        0,
        0,
        0,
        0,
        0,
        0,
        0,
        0,
        0,
        0,
        0,
        0,
        0,
        0,
        0,
        0,
        0,
        0,
        0,
        0,
        0,
        0,
        0,
        0,
        0,
        0,
        0,
        0,
        0,
        0,
        0,
        0,
        0,
        0,
        0,
        0,
        0,
        0,
        0,
        0,
        0,
        0,
        0,
        0,
        0,
        0,
        0,
        0,
        0,
        0,
        0,
        0,
        0,
        0,
        0,
        0,
        0,
        0,
        0,
        0,
        0,
        0,
        0,
        0,
        0,
        0,
        0,
        0,
        0,
        0,
        0,
        0,
        0,
        0,
        0,
        0,
        0,
        0
    ],
    "recent_steps": [
        293,
        166,
        61,
        320,
        67,
        324,
        101,
        500,
        105,
        55,
        480,
        147,
        123,
        367,
        274,
        168,
        32,
        119,
        115,
        196,
        445,
        121,
        375,
        201,
        179,
        500,
        300,
        283,
        188,
        98,
        113,
        378,
        94,
        115,
        78,
        132,
        221,
        148,
        484,
        425,
        239,
        180,
        292,
        386,
        52,
        258,
        63,
        150,
        73,
        242,
        213,
        120,
        105,
        500,
        45,
        121,
        161,
        266,
        128,
        234,
        251,
        35,
        55,
        153,
        417,
        178,
        254,
        147,
        204,
        208,
        230,
        496,
        151,
        262,
        397,
        31,
        50,
        210,
        210,
        171,
        65,
        394,
        323,
        246,
        235,
        251,
        113,
        192,
        174,
        154,
        86,
        76,
        132,
        145,
        152,
        47,
        261,
        62,
        130,
        135
    ],
    "params": {
        "max_episodes": 2500,
        "max_steps": 500,
        "batch_size": 64,
        "learning_rate": 5e-05,
        "gamma": 0.99,
        "initial_epsilon": 0.2,
        "epsilon_decay": 0.998,
        "min_epsilon": 0.02,
        "memory_size": 100000,
        "target_update_freq": 5
    }
}