{
    "episode": 2400,
    "best_reward": 2974.2353880348387,
    "best_success_rate": 0.99,
    "recent_rewards": [
        12.09638062555777,
        453.3936536229179,
        871.897579273585,
        432.4510476832412,
        450.68191669884425,
        271.05835171055924,
        1294.9144817515103,
        828.6359423523355,
        909.7091760048855,
        659.2794991437685,
        923.4807632631162,
        556.6119381433327,
        856.6723559024398,
        596.8311986977344,
        962.1513276735773,
        1153.0301402674386,
        545.1807647576105,
        463.00904323056614,
        915.2178301804,
        906.6216195188218,
        975.1144006198031,
        533.8811580043404,
        1471.424147741633,
        1220.2665005103631,
        150.508288602949,
        881.6059837020159,
        936.6631659083502,
        229.45467842503558,
        449.6262321485525,
        78.37919354963662,
        794.7518411245671,
        451.1144186149273,
        220.10038038227628,
        252.95878017106503,
        1580.731715867008,
        790.5992264926982,
        231.92960738383144,
        1131.007007703169,
        860.6118163235745,
        1070.3560469731658,
        625.6229578183236,
        1255.6208430296847,
        544.7609779872435,
        632.7069330213164,
        710.5630291757285,
        643.3415234592994,
        878.1189193767212,
        772.9125054483928,
        995.3924376028025,
        546.6443960283211,
        504.2628634401599,
        604.7923253852937,
        466.10281312155814,
        473.24365770563065,
        1582.735092294076,
        855.865850061721,
        768.9482812518206,
        893.1164972279679,
        668.0168333022576,
        771.3827856671737,
        1294.960793330254,
        968.1140741444308,
        210.28359719631123,
        214.33621020797125,
        937.8238424878451,
        614.2348715068434,
        372.2110716484925,
        280.6955314619212,
        323.2359146936797,
        617.8225186018622,
        696.3134397128201,
        850.4520374036106,
        273.561108032284,
        327.4811731301174,
        320.9784435208901,
        822.483190024933,
        105.50870204529366,
        675.697128256475,
        769.0402138703838,
        1121.6384893626491,
        594.4173762155981,
        274.96085429823694,
        513.262346858269,
        459.14170240596115,
        446.3188641517799,
        257.18097445118286,
        87.91425515888079,
        994.8743225322189,
        815.6794714625961,
        55.46621046958819,
        1113.4588648772283,
        553.5078854873847,
        502.08894461851594,
        1248.9919655814929,
        234.13661012667416,
        70.0103669094124,
        448.80759374664933,
        1386.944315993433,
        1666.0501450720874,
        349.5
    ],
    "recent_successes": [
        0,
        1,
        1,
        1,
        1,
        1,
        1,
        1,
        1,
        1,
        1,
        1,
        1,
        1,
        1,
        1,
        1,
        1,
        1,
        1,
        1,
        1,
        1,
        1,
        1,
        1,
        1,
        1,
        1,
        1,
        1,
        1,
        1,
        1,
        1,
        1,
        1,
        1,
        1,
        1,
        1,
        1,
        1,
        1,
        1,
        1,
        1,
        1,
        1,
        1,
        1,
        1,
        1,
        1,
        1,
        1,
        1,
        1,
        1,
        1,
        1,
        1,
        1,
        1,
        1,
        1,
        1,
        1,
        1,
        1,
        1,
        1,
        1,
        1,
        1,
        1,
        1,
        1,
        1,
        1,
        1,
        1,
        1,
        1,
        1,
        1,
        1,
        1,
        1,
        1,
        1,
        1,
        1,
        1,
        1,
        1,
        1,
        1,
        1,
        1
    ],
    "recent_collisions": [
        0,
        0,
        0,
        0,
        0,
        0,
        0,
        0,
        0,
        0,
        0,
        0,
        0,
        0,
        0,
        0,
        0,
        0,
        0,
        0,
        0,
        0,
        0,
        0,
        0,
        0,
        0,
        0,
        0,
        0,
        0,
        0,
        0,
        0,
        0,
        0,
        0,
        0,
        0,
        0,
        0,
        0,
        0,
        0,
        0,
        0,
        0,
        0,
        0,
        0,
        0,
        0,
        0,
        0,
        0,
        0,
        0,
        0,
        0,
        0,
        0,
        0,
        0,
        0,
        0,
        0,
        0,
        0,
        0,
        0,
        0,
        0,
        0,
        0,
        0,
        0,
        0,
        0,
        0,
        0,
        0,
        0,
        0,
        0,
        0,
        0,
        0,
        0,
        0,
        0,
        0,
        0,
        0,
        0,
        0,
        0,
        0,
        0,
        0,
        0
    ],
    "recent_steps": [
        54,
        31,
        172,
        196,
        158,
        204,
        316,
        129,
        155,
        158,
        228,
        135,
        169,
        275,
        289,
        318,
        99,
        59,
        167,
        202,
        341,
        86,
        387,
        300,
        116,
        315,
        155,
        103,
        166,
        68,
        172,
        224,
        115,
        131,
        282,
        279,
        134,
        315,
        372,
        283,
        88,
        262,
        224,
        168,
        309,
        138,
        165,
        122,
        500,
        232,
        42,
        298,
        81,
        149,
        310,
        148,
        115,
        414,
        142,
        131,
        500,
        210,
        133,
        111,
        185,
        81,
        202,
        108,
        175,
        94,
        353,
        140,
        215,
        137,
        124,
        389,
        95,
        313,
        337,
        500,
        177,
        107,
        149,
        92,
        29,
        181,
        114,
        186,
        143,
        65,
        260,
        88,
        74,
        372,
        125,
        59,
        178,
        304,
        500,
        1
    ],
    "params": {
        "max_episodes": 2500,
        "max_steps": 500,
        "batch_size": 64,
        "learning_rate": 5e-05,
        "gamma": 0.99,
        "initial_epsilon": 0.2,
        "epsilon_decay": 0.998,
        "min_epsilon": 0.02,
        "memory_size": 100000,
        "target_update_freq": 5
    }
}