{
    "episode": 1600,
    "best_reward": 2974.2353880348387,
    "best_success_rate": 0.97,
    "recent_rewards": [
        676.4028570065205,
        525.4096747069298,
        -40.09914253534836,
        849.6616046158221,
        704.9175520315144,
        1099.4990825087252,
        1736.312364306846,
        909.8600144522214,
        286.23449997050733,
        522.9530437925348,
        930.6768096577757,
        713.5127439573199,
        370.8592602232243,
        882.2094505080098,
        750.0172313713941,
        709.4464628422807,
        680.9230212192464,
        514.5001706645388,
        568.2956541799742,
        810.4195631849833,
        867.0068545635178,
        449.94586950993767,
        985.8129305616983,
        773.3159565641724,
        284.54390305271045,
        828.5534731211005,
        818.7621627379253,
        716.8023736833887,
        94.02192960877875,
        100.89395124597262,
        141.82769677475977,
        15.84522040621016,
        1162.6847185722518,
        605.6847983715363,
        -114.22421021422889,
        603.3227848339995,
        414.69697245853047,
        1400.3192807498608,
        135.15647604034683,
        1220.2537535895617,
        -26.753461961362504,
        563.9671588116878,
        865.3269715574213,
        -25.122139501272017,
        763.1649418235327,
        1512.2021487584407,
        1260.7910879859537,
        433.099353889672,
        605.0761719112185,
        1540.069729826042,
        949.6645582654811,
        394.81794449023664,
        48.79622937791379,
        1423.7814736893172,
        740.744162107185,
        286.9119196249269,
        483.2713903662377,
        762.4921075032853,
        641.0490083596181,
        432.3770338949536,
        479.5459488094164,
        838.4431508750555,
        32.0014203271551,
        651.8478287772912,
        323.32082111845926,
        861.10174519364,
        914.8383149490221,
        1134.86440199697,
        349.5,
        568.1473497390638,
        954.8687024040013,
        758.3077069810134,
        1438.062931004591,
        421.3550128866427,
        787.0294257375182,
        958.7568600666078,
        515.6443606777392,
        349.5,
        831.0478502516451,
        624.4509314132218,
        344.8017684269443,
        699.3236682453373,
        349.5,
        -6.9440935980125005,
        1602.5488691827688,
        671.3123223245807,
        471.72806826641767,
        727.209595058538,
        545.921307264022,
        963.4461048742091,
        849.4742934607624,
        678.9192168559595,
        1153.0427896988708,
        801.2961975487066,
        910.4705716606909,
        852.7632299259504,
        712.8098730455353,
        494.5113502335374,
        751.9187686600884,
        -27.676535962896395
    ],
    "recent_successes": [
        1,
        1,
        0,
        1,
        1,
        1,
        1,
        1,
        1,
        1,
        1,
        1,
        1,
        1,
        1,
        1,
        1,
        1,
        1,
        1,
        1,
        1,
        1,
        1,
        1,
        1,
        1,
        1,
        1,
        1,
        1,
        0,
        1,
        1,
        0,
        1,
        1,
        1,
        1,
        1,
        0,
        1,
        1,
        0,
        1,
        1,
        1,
        1,
        1,
        1,
        1,
        1,
        0,
        1,
        1,
        1,
        1,
        1,
        1,
        1,
        1,
        1,
        0,
        1,
        1,
        1,
        1,
        1,
        1,
        1,
        1,
        1,
        1,
        1,
        1,
        1,
        1,
        1,
        1,
        1,
        1,
        1,
        1,
        0,
        1,
        1,
        1,
        1,
        1,
        1,
        1,
        1,
        1,
        1,
        1,
        1,
        1,
        1,
        1,
        0
    ],
    "recent_collisions": [
        0,
        0,
        0,
        0,
        0,
        0,
        0,
        0,
        0,
        0,
        0,
        0,
        0,
        0,
        0,
        0,
        0,
        0,
        0,
        0,
        0,
        0,
        0,
        0,
        0,
        0,
        0,
        0,
        0,
        0,
        0,
        0,
        0,
        0,
        1,
        0,
        0,
        0,
        0,
        0,
        0,
        0,
        0,
        0,
        0,
        0,
        0,
        0,
        0,
        0,
        0,
        0,
        0,
        0,
        0,
        0,
        0,
        0,
        0,
        0,
        0,
        0,
        0,
        0,
        0,
        0,
        0,
        0,
        0,
        0,
        0,
        0,
        0,
        0,
        0,
        0,
        0,
        0,
        0,
        0,
        0,
        0,
        0,
        0,
        0,
        0,
        0,
        0,
        0,
        0,
        0,
        0,
        0,
        0,
        0,
        0,
        0,
        0,
        0,
        0
    ],
    "recent_steps": [
        225,
        174,
        23,
        156,
        269,
        247,
        431,
        170,
        148,
        69,
        172,
        117,
        126,
        212,
        145,
        279,
        218,
        171,
        98,
        141,
        39,
        31,
        202,
        125,
        173,
        126,
        271,
        208,
        61,
        53,
        89,
        60,
        458,
        235,
        43,
        242,
        56,
        500,
        74,
        486,
        60,
        249,
        155,
        31,
        227,
        411,
        256,
        44,
        92,
        500,
        170,
        132,
        32,
        500,
        232,
        122,
        193,
        208,
        241,
        82,
        92,
        145,
        60,
        112,
        155,
        173,
        208,
        240,
        1,
        63,
        273,
        121,
        500,
        13,
        148,
        213,
        171,
        1,
        167,
        260,
        195,
        97,
        1,
        38,
        477,
        132,
        37,
        106,
        202,
        184,
        233,
        277,
        259,
        275,
        158,
        183,
        187,
        174,
        285,
        33
    ],
    "params": {
        "max_episodes": 2500,
        "max_steps": 500,
        "batch_size": 64,
        "learning_rate": 5e-05,
        "gamma": 0.99,
        "initial_epsilon": 0.2,
        "epsilon_decay": 0.998,
        "min_epsilon": 0.02,
        "memory_size": 100000,
        "target_update_freq": 5
    }
}