{
    "episode": 2300,
    "best_reward": 2974.2353880348387,
    "best_success_rate": 0.99,
    "recent_rewards": [
        669.2762988417458,
        1085.6065175134138,
        269.5732605218219,
        466.8828239433403,
        856.0048515978294,
        712.2995657440014,
        354.29464703423474,
        933.1027276767003,
        1262.752510175651,
        991.0074266410388,
        746.5028537703589,
        155.89035199270882,
        505.2095563237415,
        192.8934148193713,
        500.27639713653,
        606.2212978107231,
        699.9225880893241,
        387.6196104750975,
        1465.8658880882836,
        1153.5070896396965,
        1696.1063950638477,
        101.90365908545061,
        494.97313683667664,
        753.2108627209859,
        2.609021158934439,
        363.29958286994236,
        1259.6622781667556,
        1109.7745909720004,
        854.2256887363917,
        339.1657588736182,
        71.26399992130544,
        872.0285451572606,
        1219.2130913370715,
        587.4908460162217,
        778.547213888113,
        996.3562467299565,
        229.04519063755163,
        761.3041671865512,
        54.03015469066128,
        308.03223041243865,
        1175.9687162499567,
        824.8772739580473,
        974.3937079054604,
        803.8178320680794,
        732.7650575005636,
        347.81402795142805,
        1451.5639005824662,
        844.9922505413562,
        63.06187737979673,
        1098.9860542789352,
        829.1588340768955,
        1644.61574148633,
        1004.4625202429714,
        852.6032608745492,
        105.3631194476435,
        323.7260528952958,
        753.141250618369,
        787.5260177220767,
        1194.7175576444517,
        532.0280568906746,
        457.8906066415086,
        234.8340788070189,
        1524.5344553468951,
        714.7491251535764,
        87.32478385889033,
        677.2118802405304,
        884.7271769008826,
        805.2435298456662,
        815.2782677646852,
        1145.7039438837899,
        617.7615054289254,
        815.4941953728487,
        869.2160299682545,
        1300.7464411694182,
        872.5467105436185,
        668.9044327753941,
        1043.258346198434,
        68.50789503319459,
        557.5095571800406,
        276.0779517746618,
        1409.9329004406459,
        169.08424232141732,
        1096.3601388706948,
        589.3976675006843,
        1427.0984754200806,
        960.6995445190902,
        1302.0765372352298,
        1222.3107768338296,
        1089.4887018710108,
        707.9418509739667,
        82.92628178910833,
        287.97134272502973,
        1316.404774251785,
        1023.567825399937,
        560.6032377467095,
        1276.365765628561,
        646.7914753827189,
        207.0027980972078,
        1237.0852517174258,
        117.77504385491812
    ],
    "recent_successes": [
        1,
        1,
        1,
        1,
        1,
        1,
        1,
        1,
        1,
        1,
        1,
        1,
        1,
        1,
        1,
        1,
        1,
        1,
        1,
        1,
        1,
        1,
        1,
        1,
        0,
        1,
        1,
        1,
        1,
        1,
        1,
        1,
        1,
        1,
        1,
        1,
        1,
        1,
        1,
        1,
        1,
        1,
        1,
        1,
        1,
        1,
        1,
        1,
        1,
        1,
        1,
        1,
        1,
        1,
        1,
        1,
        1,
        1,
        1,
        1,
        1,
        1,
        1,
        1,
        1,
        1,
        1,
        1,
        1,
        1,
        1,
        1,
        1,
        1,
        1,
        1,
        1,
        1,
        1,
        1,
        1,
        1,
        1,
        1,
        1,
        1,
        1,
        1,
        1,
        1,
        1,
        1,
        1,
        1,
        1,
        1,
        1,
        1,
        1,
        1
    ],
    "recent_collisions": [
        0,
        0,
        0,
        0,
        0,
        0,
        0,
        0,
        0,
        0,
        0,
        0,
        0,
        0,
        0,
        0,
        0,
        0,
        0,
        0,
        0,
        0,
        0,
        0,
        0,
        0,
        0,
        0,
        0,
        0,
        0,
        0,
        0,
        0,
        0,
        0,
        0,
        0,
        0,
        0,
        0,
        0,
        0,
        0,
        0,
        0,
        0,
        0,
        0,
        0,
        0,
        0,
        0,
        0,
        0,
        0,
        0,
        0,
        0,
        0,
        0,
        0,
        0,
        0,
        0,
        0,
        0,
        0,
        0,
        0,
        0,
        0,
        0,
        0,
        0,
        0,
        0,
        0,
        0,
        0,
        0,
        0,
        0,
        0,
        0,
        0,
        0,
        0,
        0,
        0,
        0,
        0,
        0,
        0,
        0,
        0,
        0,
        0,
        0,
        0
    ],
    "recent_steps": [
        277,
        487,
        115,
        76,
        253,
        117,
        173,
        431,
        350,
        281,
        126,
        102,
        95,
        111,
        175,
        235,
        255,
        203,
        382,
        315,
        376,
        91,
        238,
        153,
        36,
        126,
        500,
        193,
        164,
        129,
        50,
        164,
        500,
        109,
        132,
        222,
        112,
        123,
        73,
        84,
        500,
        289,
        220,
        215,
        233,
        41,
        315,
        318,
        51,
        198,
        173,
        368,
        208,
        406,
        86,
        157,
        231,
        146,
        494,
        220,
        173,
        88,
        483,
        210,
        62,
        233,
        173,
        127,
        131,
        235,
        185,
        232,
        146,
        500,
        167,
        127,
        116,
        59,
        271,
        60,
        373,
        151,
        208,
        98,
        347,
        188,
        500,
        500,
        220,
        168,
        57,
        138,
        500,
        253,
        185,
        338,
        216,
        72,
        500,
        78
    ],
    "params": {
        "max_episodes": 2500,
        "max_steps": 500,
        "batch_size": 64,
        "learning_rate": 5e-05,
        "gamma": 0.99,
        "initial_epsilon": 0.2,
        "epsilon_decay": 0.998,
        "min_epsilon": 0.02,
        "memory_size": 100000,
        "target_update_freq": 5
    }
}