{
    "episode": 600,
    "best_reward": 2974.2353880348387,
    "best_success_rate": 0.93,
    "recent_rewards": [
        808.7762039084439,
        1087.2922699535538,
        1041.5258720471036,
        738.4459638811954,
        -29.53031324860379,
        844.8612278772051,
        1021.3451494233545,
        978.1231060466089,
        513.9825453138194,
        400.52998360591766,
        902.7636159215784,
        575.5772171136326,
        995.8375839823757,
        893.6209525960255,
        1022.4026542563838,
        683.3110656716856,
        250.7887952666829,
        261.12134189398745,
        1165.1678813695514,
        -2.291661884183128,
        339.39688976215155,
        590.2393061601481,
        850.9596715935133,
        349.5,
        -41.872671376361694,
        360.76165835030173,
        66.44684576310061,
        1139.7452716791872,
        223.77474315403379,
        430.35634111351925,
        1097.800237731012,
        198.99492387144034,
        1080.1222240720383,
        354.47305270527255,
        449.04313405150435,
        1110.8137341581605,
        983.2262447328305,
        608.9408969447202,
        850.4498037241717,
        636.8136838020914,
        645.357806932049,
        1548.65871733018,
        1047.043897736368,
        349.5,
        853.5224519871556,
        611.3801362771173,
        -29.235936956533152,
        730.7574784165292,
        940.7351313610529,
        1237.6072726575171,
        849.4594573725388,
        493.2677231129162,
        1134.71776681592,
        1646.1210453792075,
        1040.5545232597815,
        219.4859681181441,
        -50.47131189713212,
        1035.5598650832344,
        357.96916524385927,
        1410.8311565801212,
        1390.4296932413574,
        9.006975000153886,
        1113.5368872816728,
        781.512173052178,
        937.2794801369575,
        979.5250530666754,
        2952.529424760557,
        -35.53809338614818,
        544.0759194647578,
        806.1985516233399,
        386.0277648098462,
        1025.0022790828602,
        1015.5745587465061,
        931.5747861920731,
        836.1938874190123,
        1078.3033938050808,
        661.3117698708401,
        593.9702428951853,
        706.2031478219953,
        1014.5220081523626,
        760.2738435527738,
        5.668518022869819,
        1343.0713009282958,
        1202.7370154623702,
        599.4934444855975,
        951.6795619040693,
        700.5843316815872,
        338.9696902695314,
        583.5236687063816,
        490.35186385876034,
        463.8557272858475,
        1213.9249379977457,
        1773.3793315100006,
        43.09903240785309,
        592.9222660258125,
        560.72590618962,
        363.3138710831711,
        953.6581273181803,
        423.0738802349868,
        1871.4128748551614
    ],
    "recent_successes": [
        1,
        1,
        1,
        1,
        0,
        1,
        1,
        1,
        1,
        1,
        1,
        1,
        1,
        1,
        1,
        1,
        1,
        1,
        1,
        0,
        1,
        1,
        1,
        1,
        0,
        1,
        1,
        1,
        1,
        1,
        1,
        1,
        1,
        1,
        1,
        1,
        1,
        1,
        1,
        1,
        1,
        1,
        1,
        1,
        1,
        1,
        0,
        1,
        1,
        1,
        1,
        1,
        1,
        1,
        1,
        1,
        0,
        1,
        1,
        1,
        1,
        0,
        1,
        1,
        1,
        1,
        1,
        0,
        1,
        1,
        1,
        1,
        1,
        1,
        1,
        1,
        1,
        1,
        1,
        1,
        1,
        0,
        1,
        1,
        1,
        1,
        1,
        1,
        1,
        1,
        1,
        1,
        1,
        0,
        1,
        1,
        1,
        1,
        1,
        1
    ],
    "recent_collisions": [
        0,
        0,
        0,
        0,
        0,
        0,
        0,
        0,
        0,
        0,
        0,
        0,
        0,
        0,
        0,
        0,
        0,
        0,
        0,
        0,
        0,
        0,
        0,
        0,
        0,
        0,
        0,
        0,
        0,
        0,
        0,
        0,
        0,
        0,
        0,
        0,
        0,
        0,
        0,
        0,
        0,
        0,
        0,
        0,
        0,
        0,
        0,
        0,
        0,
        0,
        0,
        0,
        0,
        0,
        0,
        0,
        1,
        0,
        0,
        0,
        0,
        0,
        0,
        0,
        0,
        0,
        0,
        0,
        0,
        0,
        0,
        0,
        0,
        0,
        0,
        0,
        0,
        0,
        0,
        0,
        0,
        0,
        0,
        0,
        0,
        0,
        0,
        0,
        0,
        0,
        0,
        0,
        0,
        0,
        0,
        0,
        0,
        0,
        0,
        0
    ],
    "recent_steps": [
        138,
        186,
        228,
        235,
        116,
        168,
        224,
        186,
        61,
        142,
        169,
        204,
        396,
        341,
        255,
        384,
        110,
        59,
        330,
        37,
        127,
        270,
        182,
        1,
        37,
        149,
        64,
        500,
        95,
        55,
        315,
        128,
        219,
        184,
        28,
        260,
        202,
        122,
        238,
        183,
        106,
        500,
        179,
        1,
        148,
        155,
        61,
        263,
        500,
        267,
        170,
        50,
        247,
        449,
        220,
        130,
        76,
        228,
        27,
        316,
        308,
        23,
        489,
        279,
        246,
        194,
        389,
        24,
        72,
        137,
        226,
        248,
        210,
        464,
        278,
        291,
        92,
        214,
        122,
        198,
        317,
        50,
        410,
        231,
        89,
        238,
        134,
        197,
        87,
        144,
        146,
        272,
        199,
        55,
        221,
        67,
        171,
        200,
        30,
        500
    ],
    "params": {
        "max_episodes": 2500,
        "max_steps": 500,
        "batch_size": 64,
        "learning_rate": 5e-05,
        "gamma": 0.99,
        "initial_epsilon": 0.2,
        "epsilon_decay": 0.998,
        "min_epsilon": 0.02,
        "memory_size": 100000,
        "target_update_freq": 5
    }
}