{
    "episode": 1900,
    "best_reward": 2974.2353880348387,
    "best_success_rate": 0.97,
    "recent_rewards": [
        -19.57772534649459,
        -51.682741646468244,
        628.4139057580715,
        463.4313699034318,
        330.24928634346026,
        1318.9786772255138,
        1183.3225711797227,
        319.3092917363751,
        1199.7168009234579,
        929.7359852675708,
        1182.165478449782,
        631.1671303214084,
        438.7048531786214,
        435.27022008064716,
        513.6562301989816,
        -13.737656024075847,
        180.3090893930863,
        482.7338854758211,
        112.69195020011753,
        98.01477396760146,
        141.822473819307,
        38.4872005999228,
        806.8626800762262,
        1048.9238639747252,
        888.3809169801862,
        319.0466607257934,
        758.620124633109,
        1656.4242911210852,
        655.1803332379841,
        601.6017599232557,
        694.8268908859638,
        1014.8595001552203,
        1578.6157698189859,
        912.0109184449973,
        992.3918503642908,
        233.17613239826724,
        196.65356661017825,
        865.2194825157866,
        1469.2363120399787,
        8.297045238073565,
        400.80561257554825,
        1306.3266918837905,
        1453.9605128336705,
        1279.0220543774128,
        688.6436612213708,
        199.4699336711068,
        655.7175549948089,
        479.5572771009129,
        512.2936090004677,
        60.32982070756847,
        613.5068762480402,
        874.3002131247747,
        1452.858024491577,
        39.70135114635008,
        218.86240172744965,
        1550.9183139639879,
        439.8218089590299,
        721.1100985765561,
        1076.1885486792785,
        796.6051242419657,
        348.16941747350995,
        1149.988527056047,
        850.1743561767528,
        954.1720724374218,
        716.2122220147098,
        684.9476501266012,
        527.4530212986847,
        80.7499453053764,
        396.9217892934064,
        1053.3602992262079,
        656.7104452616347,
        848.8971407350207,
        1080.4381053690593,
        597.8684518512292,
        298.72677081632116,
        680.849673229639,
        829.1122941314278,
        228.3420861863703,
        153.19048368596324,
        352.13078838487047,
        767.8125778722185,
        674.0243713488472,
        1039.0688773068275,
        569.9637013297187,
        982.1410885762009,
        474.2374283066383,
        504.4195560650924,
        1251.4910776839747,
        680.5809229356864,
        957.2249996673924,
        1284.701996991409,
        504.05501718752964,
        442.7244599027691,
        1148.9265631285757,
        135.06521686350789,
        484.6108735066955,
        832.175669828162,
        1057.4554279652357,
        424.9659631063923,
        509.9053026499266
    ],
    "recent_successes": [
        0,
        0,
        1,
        1,
        1,
        1,
        1,
        1,
        1,
        1,
        1,
        1,
        1,
        1,
        1,
        0,
        1,
        1,
        1,
        1,
        1,
        0,
        1,
        1,
        1,
        1,
        1,
        1,
        1,
        1,
        1,
        1,
        1,
        1,
        1,
        1,
        1,
        1,
        1,
        0,
        1,
        1,
        1,
        1,
        1,
        1,
        1,
        1,
        1,
        1,
        1,
        1,
        1,
        0,
        1,
        1,
        1,
        1,
        1,
        1,
        1,
        1,
        1,
        1,
        1,
        1,
        1,
        1,
        1,
        1,
        1,
        1,
        1,
        1,
        1,
        1,
        1,
        1,
        1,
        1,
        1,
        1,
        1,
        1,
        1,
        1,
        1,
        1,
        1,
        1,
        1,
        1,
        1,
        1,
        1,
        1,
        1,
        1,
        1,
        1
    ],
    "recent_collisions": [
        0,
        1,
        0,
        0,
        0,
        0,
        0,
        0,
        0,
        0,
        0,
        0,
        0,
        0,
        0,
        0,
        0,
        0,
        0,
        0,
        0,
        0,
        0,
        0,
        0,
        0,
        0,
        0,
        0,
        0,
        0,
        0,
        0,
        0,
        0,
        0,
        0,
        0,
        0,
        0,
        0,
        0,
        0,
        0,
        0,
        0,
        0,
        0,
        0,
        0,
        0,
        0,
        0,
        0,
        0,
        0,
        0,
        0,
        0,
        0,
        0,
        0,
        0,
        0,
        0,
        0,
        0,
        0,
        0,
        0,
        0,
        0,
        0,
        0,
        0,
        0,
        0,
        0,
        0,
        0,
        0,
        0,
        0,
        0,
        0,
        0,
        0,
        0,
        0,
        0,
        0,
        0,
        0,
        0,
        0,
        0,
        0,
        0,
        0,
        0
    ],
    "recent_steps": [
        68,
        31,
        112,
        167,
        122,
        327,
        248,
        133,
        305,
        161,
        303,
        91,
        26,
        212,
        258,
        31,
        83,
        176,
        251,
        59,
        86,
        51,
        223,
        374,
        144,
        319,
        276,
        455,
        252,
        253,
        253,
        239,
        435,
        146,
        407,
        99,
        97,
        191,
        500,
        112,
        211,
        377,
        388,
        500,
        100,
        89,
        229,
        58,
        164,
        125,
        294,
        140,
        500,
        58,
        91,
        453,
        28,
        185,
        250,
        159,
        155,
        459,
        246,
        500,
        250,
        109,
        97,
        66,
        189,
        231,
        154,
        322,
        287,
        162,
        206,
        101,
        159,
        93,
        60,
        151,
        238,
        382,
        252,
        185,
        197,
        89,
        51,
        418,
        263,
        500,
        363,
        65,
        266,
        273,
        89,
        179,
        144,
        219,
        80,
        79
    ],
    "params": {
        "max_episodes": 2500,
        "max_steps": 500,
        "batch_size": 64,
        "learning_rate": 5e-05,
        "gamma": 0.99,
        "initial_epsilon": 0.2,
        "epsilon_decay": 0.998,
        "min_epsilon": 0.02,
        "memory_size": 100000,
        "target_update_freq": 5
    }
}