{
    "episode": 2200,
    "best_reward": 2974.2353880348387,
    "best_success_rate": 0.99,
    "recent_rewards": [
        59.47061154031823,
        726.9982890721361,
        749.6354702309361,
        467.04182460270295,
        637.0047161183742,
        447.73780100052664,
        467.7740016229725,
        918.412381970245,
        411.4190461602797,
        -12.53906977626636,
        104.21277897608493,
        263.2767758738993,
        444.6318793837954,
        532.1641201188471,
        820.0558653085795,
        747.5865274326309,
        1253.0099514711396,
        75.41613870887804,
        538.4616748871389,
        129.23963044214833,
        349.5,
        1081.7617337159736,
        1385.3829442385866,
        435.8841724154236,
        1093.4441158826517,
        1091.514398886398,
        139.7908813253859,
        658.5781033505348,
        910.580091919339,
        1268.5988882879492,
        1597.3185388244974,
        393.56158661747327,
        244.60285512094788,
        949.9980404756052,
        519.9781413364524,
        643.6546998055036,
        331.0488126270302,
        693.0695163656552,
        518.7884949513021,
        169.2359341180553,
        454.1616181189173,
        802.359726139053,
        477.63100516567374,
        115.66281334099303,
        1089.774890508706,
        53.48988042957245,
        1055.6361290704604,
        1132.8802747778805,
        980.4415212926078,
        391.02192378946836,
        863.5153372423213,
        426.3193003156762,
        -32.4487036523211,
        1347.976686924639,
        1003.0535737264111,
        837.0352423256188,
        542.7767062012824,
        834.1301570558064,
        675.6021432984774,
        122.40255982347283,
        427.68043949997286,
        790.5836007714927,
        123.73906476379796,
        1273.8722192464913,
        1570.142933926927,
        342.32713560066924,
        464.3941921315294,
        399.4162235381003,
        338.96115051475357,
        121.83669148997342,
        730.7425398412975,
        237.79045433550877,
        25.75057405353843,
        1032.294857244759,
        796.0241991084199,
        1081.572138938459,
        948.6734626485759,
        1186.1017599083975,
        349.5,
        652.7519857865275,
        524.0370277924233,
        1494.9529023324185,
        818.1165904738765,
        318.58333915460116,
        788.7409985480587,
        755.6745800347142,
        534.037892295744,
        574.2881438207379,
        54.50197629347724,
        666.062447081575,
        741.6468220467485,
        101.79683708811032,
        775.0435653204017,
        530.1257131320392,
        738.7487827572523,
        229.55648589342036,
        1039.6584303562302,
        417.88189034807783,
        756.7627517576993,
        1309.6958441574816
    ],
    "recent_successes": [
        1,
        1,
        1,
        1,
        1,
        1,
        1,
        1,
        1,
        0,
        1,
        1,
        1,
        1,
        1,
        1,
        1,
        1,
        1,
        1,
        1,
        1,
        1,
        1,
        1,
        1,
        1,
        1,
        1,
        1,
        1,
        1,
        1,
        1,
        1,
        1,
        1,
        1,
        1,
        1,
        1,
        1,
        1,
        1,
        1,
        1,
        1,
        1,
        1,
        1,
        1,
        1,
        0,
        1,
        1,
        1,
        1,
        1,
        1,
        1,
        1,
        1,
        1,
        1,
        1,
        1,
        1,
        1,
        1,
        1,
        1,
        1,
        0,
        1,
        1,
        1,
        1,
        1,
        1,
        1,
        1,
        1,
        1,
        1,
        1,
        1,
        1,
        1,
        1,
        1,
        1,
        1,
        1,
        1,
        1,
        1,
        1,
        1,
        1,
        1
    ],
    "recent_collisions": [
        0,
        0,
        0,
        0,
        0,
        0,
        0,
        0,
        0,
        0,
        0,
        0,
        0,
        0,
        0,
        0,
        0,
        0,
        0,
        0,
        0,
        0,
        0,
        0,
        0,
        0,
        0,
        0,
        0,
        0,
        0,
        0,
        0,
        0,
        0,
        0,
        0,
        0,
        0,
        0,
        0,
        0,
        0,
        0,
        0,
        0,
        0,
        0,
        0,
        0,
        0,
        0,
        0,
        0,
        0,
        0,
        0,
        0,
        0,
        0,
        0,
        0,
        0,
        0,
        0,
        0,
        0,
        0,
        0,
        0,
        0,
        0,
        0,
        0,
        0,
        0,
        0,
        0,
        0,
        0,
        0,
        0,
        0,
        0,
        0,
        0,
        0,
        0,
        0,
        0,
        0,
        0,
        0,
        0,
        0,
        0,
        0,
        0,
        0,
        0
    ],
    "recent_steps": [
        81,
        135,
        148,
        183,
        134,
        132,
        211,
        174,
        22,
        43,
        92,
        151,
        66,
        64,
        144,
        170,
        316,
        99,
        218,
        68,
        1,
        137,
        500,
        134,
        264,
        500,
        85,
        156,
        195,
        341,
        378,
        181,
        129,
        183,
        256,
        158,
        154,
        233,
        203,
        91,
        78,
        183,
        214,
        69,
        347,
        53,
        242,
        464,
        196,
        138,
        341,
        24,
        35,
        326,
        195,
        122,
        94,
        344,
        253,
        34,
        160,
        132,
        78,
        314,
        357,
        171,
        159,
        152,
        189,
        62,
        270,
        120,
        58,
        370,
        169,
        241,
        287,
        500,
        1,
        86,
        218,
        477,
        180,
        128,
        131,
        110,
        118,
        194,
        54,
        94,
        246,
        79,
        127,
        215,
        196,
        88,
        169,
        163,
        115,
        358
    ],
    "params": {
        "max_episodes": 2500,
        "max_steps": 500,
        "batch_size": 64,
        "learning_rate": 5e-05,
        "gamma": 0.99,
        "initial_epsilon": 0.2,
        "epsilon_decay": 0.998,
        "min_epsilon": 0.02,
        "memory_size": 100000,
        "target_update_freq": 5
    }
}