{
    "episode": 800,
    "best_reward": 2974.2353880348387,
    "best_success_rate": 0.95,
    "recent_rewards": [
        563.7243077028945,
        782.5255766242002,
        727.5097207072866,
        1349.1809697884764,
        927.1040640738536,
        50.167856439090315,
        664.5081293518157,
        800.8609208107673,
        972.2284003727277,
        1400.2803165117048,
        797.3145204097161,
        453.212652075585,
        469.50545711411604,
        1127.4875427714428,
        1034.3803480233673,
        310.690639819266,
        326.7714586783742,
        660.9272450317371,
        415.395985368987,
        247.1890033509955,
        107.88516517026193,
        738.1370689381021,
        851.5285095653146,
        828.0164398560927,
        161.02127981876686,
        1141.5257952405796,
        800.997522401892,
        965.1338362737058,
        -42.29186909162969,
        408.1494590230782,
        723.5474595408216,
        -3.7567258330712434,
        571.9762431186384,
        718.9768065493619,
        628.178204679863,
        964.6254225174353,
        567.6219850423865,
        372.1163104859896,
        128.32111018431323,
        438.1965377221694,
        457.59723767632215,
        1221.495497180838,
        1293.2709003220177,
        -42.5352662357829,
        482.26652536026336,
        431.0294145047692,
        583.9806741840446,
        387.3681900284413,
        39.79524313666576,
        197.9034861902701,
        352.0719794926165,
        626.2787745315345,
        1230.1916752870625,
        412.1441410136197,
        34.79740255040258,
        65.26907536275817,
        730.5201175395332,
        431.0733636474231,
        703.088518282882,
        43.56704405547197,
        3.8900177122334583,
        287.174723334888,
        385.3347364168287,
        349.5,
        1345.8152737216328,
        1118.2504017583244,
        -34.042130775620635,
        837.0443147935051,
        481.8080626237654,
        349.5,
        247.3745845801327,
        607.1230135308045,
        481.69348479009403,
        1053.4162279939553,
        998.1242711092575,
        307.75665789079017,
        355.2772202769902,
        851.5358049538504,
        190.0417121229841,
        356.5562893293874,
        105.12640589340805,
        1159.2634450479043,
        1533.4234065511196,
        561.0451053051637,
        349.5,
        919.4949847793052,
        251.33216840057344,
        383.72594569677904,
        839.4651839679765,
        847.4873407711505,
        611.4187774996135,
        -22.15131692934662,
        814.6955168801757,
        823.1307846186838,
        343.47409536769794,
        885.2508734789417,
        978.8389140069162,
        89.14290093108318,
        1033.4347419976218,
        158.24236636693945
    ],
    "recent_successes": [
        1,
        1,
        1,
        1,
        1,
        1,
        1,
        1,
        1,
        1,
        1,
        1,
        1,
        1,
        1,
        1,
        1,
        1,
        1,
        1,
        1,
        1,
        1,
        1,
        1,
        1,
        1,
        1,
        0,
        1,
        1,
        0,
        1,
        1,
        1,
        1,
        1,
        1,
        1,
        1,
        1,
        1,
        1,
        0,
        1,
        1,
        1,
        1,
        0,
        1,
        1,
        1,
        1,
        1,
        0,
        1,
        1,
        1,
        1,
        0,
        0,
        1,
        1,
        1,
        1,
        1,
        0,
        1,
        1,
        1,
        1,
        1,
        1,
        1,
        1,
        1,
        1,
        1,
        1,
        1,
        1,
        1,
        1,
        1,
        1,
        1,
        1,
        1,
        1,
        1,
        1,
        0,
        1,
        1,
        1,
        1,
        1,
        1,
        1,
        1
    ],
    "recent_collisions": [
        0,
        0,
        0,
        0,
        0,
        0,
        0,
        0,
        0,
        0,
        0,
        0,
        0,
        0,
        0,
        0,
        0,
        0,
        0,
        0,
        0,
        0,
        0,
        0,
        0,
        0,
        0,
        0,
        0,
        0,
        0,
        0,
        0,
        0,
        0,
        0,
        0,
        0,
        0,
        0,
        0,
        0,
        0,
        0,
        0,
        0,
        0,
        0,
        0,
        0,
        0,
        0,
        0,
        0,
        0,
        0,
        0,
        0,
        0,
        0,
        0,
        0,
        0,
        0,
        0,
        0,
        0,
        0,
        0,
        0,
        0,
        0,
        0,
        0,
        0,
        0,
        0,
        0,
        0,
        0,
        0,
        0,
        0,
        0,
        0,
        0,
        0,
        0,
        0,
        0,
        0,
        0,
        0,
        0,
        0,
        0,
        0,
        0,
        0,
        0
    ],
    "recent_steps": [
        68,
        270,
        102,
        500,
        266,
        62,
        199,
        139,
        183,
        205,
        137,
        63,
        316,
        267,
        189,
        67,
        162,
        231,
        232,
        122,
        68,
        110,
        143,
        195,
        116,
        281,
        368,
        200,
        28,
        191,
        284,
        33,
        185,
        198,
        342,
        247,
        95,
        175,
        79,
        178,
        284,
        299,
        284,
        54,
        345,
        190,
        115,
        168,
        62,
        97,
        145,
        113,
        270,
        204,
        54,
        63,
        117,
        72,
        280,
        56,
        50,
        186,
        36,
        1,
        291,
        334,
        24,
        161,
        254,
        1,
        165,
        96,
        217,
        217,
        260,
        192,
        162,
        150,
        105,
        145,
        73,
        217,
        331,
        231,
        1,
        162,
        120,
        145,
        163,
        166,
        346,
        35,
        146,
        172,
        123,
        161,
        212,
        65,
        246,
        102
    ],
    "params": {
        "max_episodes": 2500,
        "max_steps": 500,
        "batch_size": 64,
        "learning_rate": 5e-05,
        "gamma": 0.99,
        "initial_epsilon": 0.2,
        "epsilon_decay": 0.998,
        "min_epsilon": 0.02,
        "memory_size": 100000,
        "target_update_freq": 5
    }
}