{
    "episode": 200,
    "best_reward": 2974.2353880348387,
    "best_success_rate": 0.8064516129032258,
    "recent_rewards": [
        -31.09757270364048,
        -87.78471086550701,
        -14.511486798337813,
        -50.10332315883659,
        -50.515552708704085,
        715.3806028040652,
        -66.9654065603086,
        349.5,
        72.46769603361113,
        -74.68568308259167,
        174.37015783527465,
        536.5262769241783,
        467.80655017279815,
        604.7460994105303,
        -75.10288295291103,
        264.6908999546399,
        1.534905029884925,
        64.83609640181552,
        -29.11835174387464,
        -54.37413815324523,
        585.8191054211119,
        -81.35551838017699,
        797.0453146305117,
        -79.22208230038895,
        644.7417870239084,
        -73.52305692009233,
        107.83031754071429,
        -50.731126405076694,
        74.78301095573435,
        570.1544291260291,
        776.7217325057206,
        27.07137455226615,
        -16.790964960119823,
        -42.873775490151914,
        -51.12840443457222,
        -63.74827306752153,
        -69.10077682404012,
        -30.796153882720546,
        -117.0079694672788,
        -63.89161770054346,
        133.21067712097502,
        -18.997794365161297,
        -74.5834225559078,
        -48.21587758876487,
        274.0010116559786,
        354.0660223483658,
        730.5559448717016,
        -5.452632805793684,
        -113.24613643313344,
        113.9349091966148,
        97.80357056920003,
        555.5034642965279,
        1006.3800720377856,
        452.2949915165385,
        362.53245497922956,
        -46.68513983207785,
        -124.39680683267707,
        44.544162591262534,
        -32.183448194309676,
        -75.17375140392657,
        -82.41638569733608,
        -55.736798926594886,
        175.9163541165994,
        260.5886508421697,
        114.05415216607318,
        584.3304132236171,
        -85.232983350742,
        338.7804563844059,
        308.2899582862263,
        992.6349471752322,
        16.254200417873946,
        475.1945658975935,
        -52.572864522905775,
        964.7712159798306,
        658.640205465163,
        -95.32633764078597,
        141.14228927409653,
        -47.76062068663133,
        426.906769727628,
        -40.593593854691534,
        969.2081582562794,
        487.9216949516815,
        -26.68433567672413,
        -35.38755434834914,
        349.5,
        955.0676273529768,
        1009.6235233891807,
        2974.2353880348387,
        222.15580177150568,
        416.27308096070163,
        30.984392082538932,
        228.16836703729092,
        -109.42945995613628,
        624.0473966633722,
        441.7346379115555,
        663.399286732328,
        362.42265238315395,
        750.2676487987172,
        -76.63231470452305,
        -82.40430356830774
    ],
    "recent_successes": [
        0,
        0,
        0,
        0,
        0,
        1,
        0,
        1,
        1,
        0,
        1,
        1,
        1,
        1,
        0,
        1,
        0,
        1,
        0,
        0,
        1,
        0,
        1,
        0,
        1,
        0,
        1,
        0,
        1,
        1,
        1,
        0,
        0,
        0,
        0,
        0,
        0,
        0,
        0,
        0,
        1,
        0,
        0,
        0,
        1,
        1,
        1,
        0,
        0,
        1,
        1,
        1,
        1,
        1,
        1,
        0,
        0,
        0,
        0,
        0,
        0,
        0,
        1,
        1,
        1,
        1,
        0,
        1,
        1,
        1,
        0,
        1,
        0,
        1,
        1,
        0,
        1,
        0,
        1,
        0,
        1,
        1,
        0,
        0,
        1,
        1,
        1,
        1,
        1,
        1,
        0,
        1,
        0,
        1,
        1,
        1,
        1,
        1,
        0,
        0
    ],
    "recent_collisions": [
        0,
        1,
        0,
        1,
        1,
        0,
        1,
        0,
        0,
        1,
        0,
        0,
        0,
        0,
        1,
        0,
        0,
        0,
        0,
        1,
        0,
        1,
        0,
        1,
        0,
        1,
        0,
        1,
        0,
        0,
        0,
        0,
        0,
        0,
        1,
        1,
        1,
        0,
        1,
        1,
        0,
        0,
        1,
        0,
        0,
        0,
        0,
        0,
        1,
        0,
        0,
        0,
        0,
        0,
        0,
        0,
        1,
        0,
        0,
        1,
        1,
        1,
        0,
        0,
        0,
        0,
        1,
        0,
        0,
        0,
        0,
        0,
        1,
        0,
        0,
        1,
        0,
        0,
        0,
        0,
        0,
        0,
        0,
        0,
        0,
        0,
        0,
        0,
        0,
        0,
        0,
        0,
        1,
        0,
        0,
        0,
        0,
        0,
        1,
        1
    ],
    "recent_steps": [
        55,
        46,
        69,
        39,
        41,
        116,
        54,
        1,
        115,
        44,
        78,
        87,
        209,
        280,
        57,
        34,
        54,
        102,
        56,
        96,
        267,
        29,
        147,
        55,
        205,
        46,
        81,
        36,
        108,
        263,
        231,
        43,
        31,
        36,
        90,
        58,
        41,
        37,
        92,
        48,
        57,
        31,
        34,
        30,
        116,
        231,
        286,
        30,
        49,
        105,
        100,
        266,
        311,
        231,
        4,
        38,
        67,
        65,
        36,
        54,
        52,
        33,
        114,
        150,
        73,
        142,
        50,
        187,
        188,
        229,
        35,
        320,
        57,
        235,
        297,
        65,
        108,
        64,
        182,
        51,
        208,
        292,
        55,
        65,
        1,
        144,
        365,
        135,
        51,
        191,
        121,
        98,
        70,
        97,
        264,
        280,
        55,
        348,
        25,
        57
    ],
    "params": {
        "max_episodes": 2500,
        "max_steps": 500,
        "batch_size": 64,
        "learning_rate": 5e-05,
        "gamma": 0.99,
        "initial_epsilon": 0.2,
        "epsilon_decay": 0.998,
        "min_epsilon": 0.02,
        "memory_size": 100000,
        "target_update_freq": 5
    }
}