{
    "episode": 300,
    "best_reward": 2974.2353880348387,
    "best_success_rate": 0.8064516129032258,
    "recent_rewards": [
        305.71870041543997,
        744.2396281258767,
        1240.1327472853934,
        14.278056852651986,
        96.94927459286784,
        1149.2970312497557,
        357.85294881323443,
        -61.0147347006979,
        6.482821542378559,
        350.34066111162144,
        2.695214019013889,
        -54.7119956550663,
        709.4766964940554,
        225.55970497873682,
        567.049383470721,
        1149.9267966875639,
        -43.46278167222643,
        183.71617496449878,
        435.93744525468003,
        -89.07131778314644,
        381.43356587711094,
        -26.569530369323896,
        -71.16964480301792,
        -54.828826787766275,
        473.78195428931167,
        -54.36079828777171,
        211.23931273797888,
        527.3873708038956,
        495.4796211072001,
        778.5398641816323,
        -136.1691023014467,
        194.71555256698116,
        -35.40617056523223,
        -55.675147632226185,
        1107.5762637880616,
        111.07575089061012,
        66.41064556510156,
        1000.8036627222441,
        484.9583286770339,
        714.2970062926177,
        -25.69094762097565,
        13.682060839753262,
        1159.3130088030284,
        232.5541934933318,
        -125.89173016327499,
        21.159862283617855,
        -39.11905137241098,
        762.7427437177661,
        901.7565128292351,
        206.94449330336465,
        313.4419987727848,
        295.54756145582843,
        -36.7659566928226,
        789.1093741161279,
        638.2176533359647,
        423.3614812799184,
        772.7756133223957,
        1081.8415514785638,
        -0.11402963133205901,
        -36.19665611344048,
        682.1608497258312,
        171.98640329550364,
        1006.21540549336,
        810.2739103299687,
        251.91898316052755,
        1455.2395074529245,
        -4.44783064644281,
        417.9638191590629,
        261.280172426248,
        -62.88463463717121,
        526.6764810822458,
        112.46728278073435,
        677.6680706802784,
        187.7396822476587,
        815.6949821503547,
        395.061404205812,
        385.13458489232073,
        1149.7451790761997,
        -23.341081158449768,
        -57.57935433205168,
        97.94484733549373,
        475.82999742003415,
        718.2948998381305,
        131.4377877534807,
        41.7204021430166,
        424.2988236880244,
        -46.844738478254015,
        130.894084462822,
        20.19398988026242,
        275.8371603109344,
        72.56892731999004,
        4.13828868002966,
        1076.5095703473075,
        535.6969690167834,
        76.95367363803135,
        -122.53807404324714,
        1091.1878342310795,
        -17.775683233348985,
        287.21067860534555,
        684.5264334016542
    ],
    "recent_successes": [
        1,
        1,
        1,
        0,
        1,
        1,
        1,
        0,
        0,
        1,
        0,
        0,
        1,
        1,
        1,
        1,
        0,
        1,
        1,
        0,
        1,
        0,
        0,
        0,
        1,
        0,
        1,
        1,
        1,
        1,
        0,
        1,
        0,
        0,
        1,
        1,
        1,
        1,
        1,
        1,
        0,
        0,
        1,
        1,
        0,
        0,
        0,
        1,
        1,
        1,
        1,
        1,
        0,
        1,
        1,
        1,
        1,
        1,
        0,
        0,
        1,
        1,
        1,
        1,
        1,
        1,
        0,
        1,
        1,
        0,
        1,
        1,
        1,
        1,
        1,
        1,
        1,
        1,
        0,
        0,
        1,
        1,
        1,
        1,
        0,
        1,
        0,
        1,
        0,
        1,
        1,
        0,
        1,
        1,
        1,
        0,
        1,
        0,
        1,
        1
    ],
    "recent_collisions": [
        0,
        0,
        0,
        0,
        0,
        0,
        0,
        1,
        0,
        0,
        0,
        1,
        0,
        0,
        0,
        0,
        0,
        0,
        0,
        1,
        0,
        0,
        1,
        1,
        0,
        1,
        0,
        0,
        0,
        0,
        1,
        0,
        0,
        1,
        0,
        0,
        0,
        0,
        0,
        0,
        0,
        0,
        0,
        0,
        1,
        0,
        0,
        0,
        0,
        0,
        0,
        0,
        0,
        0,
        0,
        0,
        0,
        0,
        0,
        0,
        0,
        0,
        0,
        0,
        0,
        0,
        0,
        0,
        0,
        1,
        0,
        0,
        0,
        0,
        0,
        0,
        0,
        0,
        0,
        1,
        0,
        0,
        0,
        0,
        0,
        0,
        0,
        0,
        0,
        0,
        0,
        0,
        0,
        0,
        0,
        1,
        0,
        0,
        0,
        0
    ],
    "recent_steps": [
        146,
        187,
        500,
        62,
        57,
        290,
        201,
        27,
        78,
        165,
        49,
        26,
        274,
        113,
        105,
        255,
        31,
        38,
        44,
        29,
        7,
        31,
        65,
        46,
        173,
        61,
        82,
        56,
        221,
        225,
        87,
        29,
        42,
        25,
        500,
        41,
        91,
        249,
        36,
        201,
        29,
        48,
        396,
        156,
        57,
        53,
        39,
        289,
        190,
        99,
        243,
        141,
        30,
        150,
        96,
        240,
        122,
        29,
        125,
        30,
        116,
        101,
        248,
        155,
        122,
        163,
        58,
        218,
        24,
        62,
        196,
        109,
        131,
        120,
        172,
        13,
        172,
        312,
        30,
        25,
        74,
        221,
        117,
        54,
        71,
        182,
        27,
        60,
        36,
        153,
        79,
        56,
        260,
        201,
        76,
        34,
        214,
        33,
        138,
        266
    ],
    "params": {
        "max_episodes": 2500,
        "max_steps": 500,
        "batch_size": 64,
        "learning_rate": 5e-05,
        "gamma": 0.99,
        "initial_epsilon": 0.2,
        "epsilon_decay": 0.998,
        "min_epsilon": 0.02,
        "memory_size": 100000,
        "target_update_freq": 5
    }
}