{
    "episode": 700,
    "best_reward": 2974.2353880348387,
    "best_success_rate": 0.93,
    "recent_rewards": [
        483.73541736566165,
        99.82961946114014,
        1405.2204300446203,
        1153.9140925335498,
        549.456143307142,
        776.1668765283398,
        1159.215253914716,
        883.4788445887632,
        54.13457191330488,
        -32.30487887162984,
        979.3015329160305,
        515.3619954176899,
        513.6250502113056,
        448.8350584820772,
        595.9871856351822,
        223.24218392766252,
        1074.878352495721,
        1126.0830336557651,
        857.3636755465683,
        438.42393689582,
        1803.4046949337549,
        -2.840714410617352,
        729.0519782506176,
        885.4744748841109,
        -15.911239453664336,
        215.39315535460838,
        959.094023622613,
        301.9665617316254,
        1115.3049594327092,
        539.6494513723723,
        443.52436362819077,
        354.6646697482803,
        89.26410407881707,
        1288.5214415369564,
        566.799755749025,
        645.0327431934359,
        469.888341612657,
        349.4554301993839,
        207.6968524064058,
        444.2128167842611,
        514.2463565117343,
        455.8058989414733,
        836.7640150581077,
        793.8198152435068,
        614.2086888382227,
        229.9404839409059,
        601.6072207597042,
        85.69197768397024,
        462.00159184095696,
        248.99154259483794,
        96.39398344211884,
        571.8745182916301,
        730.826432254825,
        772.3035184144599,
        723.505270496099,
        900.6180299459688,
        1376.0693378623246,
        754.1897360787486,
        34.832304741527295,
        10.25247663727481,
        1103.905800760669,
        1033.23167387953,
        380.08313715067493,
        151.02726711406524,
        895.2311441180151,
        553.3467179728175,
        1130.7356088170336,
        477.4530249055666,
        46.00481551437346,
        1088.9570767035166,
        1014.2623745384151,
        811.0340424617875,
        427.0997169891957,
        794.851377570163,
        1821.3869311674641,
        362.02398079024783,
        1204.7080683123281,
        224.61915659533037,
        676.4182966375845,
        1128.2023715054609,
        258.5276219790908,
        139.47929236996904,
        491.77441412031806,
        417.6789369392512,
        556.4406488152916,
        98.68550893295978,
        980.6791726862969,
        445.78298398432975,
        727.3891465315334,
        1044.7268411211282,
        1100.842499911374,
        136.03626992405577,
        1325.7535156729332,
        14.121729745423664,
        406.2072890213153,
        1291.584904097679,
        908.7272708774824,
        575.3423288260841,
        -23.465373186448062,
        926.3728967220011
    ],
    "recent_successes": [
        1,
        1,
        1,
        1,
        1,
        1,
        1,
        1,
        1,
        0,
        1,
        1,
        1,
        1,
        1,
        1,
        1,
        1,
        1,
        1,
        1,
        0,
        1,
        1,
        0,
        1,
        1,
        1,
        1,
        1,
        1,
        1,
        1,
        1,
        1,
        1,
        1,
        1,
        1,
        1,
        1,
        1,
        1,
        1,
        1,
        1,
        1,
        1,
        1,
        1,
        1,
        1,
        1,
        1,
        1,
        1,
        1,
        1,
        0,
        0,
        1,
        1,
        1,
        1,
        1,
        1,
        1,
        1,
        0,
        1,
        1,
        1,
        1,
        1,
        1,
        1,
        1,
        1,
        1,
        1,
        1,
        1,
        1,
        1,
        1,
        1,
        1,
        1,
        1,
        1,
        1,
        1,
        1,
        0,
        1,
        1,
        1,
        1,
        0,
        1
    ],
    "recent_collisions": [
        0,
        0,
        0,
        0,
        0,
        0,
        0,
        0,
        0,
        0,
        0,
        0,
        0,
        0,
        0,
        0,
        0,
        0,
        0,
        0,
        0,
        0,
        0,
        0,
        0,
        0,
        0,
        0,
        0,
        0,
        0,
        0,
        0,
        0,
        0,
        0,
        0,
        0,
        0,
        0,
        0,
        0,
        0,
        0,
        0,
        0,
        0,
        0,
        0,
        0,
        0,
        0,
        0,
        0,
        0,
        0,
        0,
        0,
        0,
        0,
        0,
        0,
        0,
        0,
        0,
        0,
        0,
        0,
        0,
        0,
        0,
        0,
        0,
        0,
        0,
        0,
        0,
        0,
        0,
        0,
        0,
        0,
        0,
        0,
        0,
        0,
        0,
        0,
        0,
        0,
        0,
        0,
        0,
        0,
        0,
        0,
        0,
        0,
        0,
        0
    ],
    "recent_steps": [
        40,
        65,
        500,
        278,
        74,
        127,
        500,
        421,
        62,
        32,
        212,
        183,
        67,
        35,
        239,
        107,
        214,
        487,
        200,
        43,
        500,
        34,
        102,
        163,
        28,
        23,
        203,
        132,
        264,
        163,
        39,
        194,
        113,
        500,
        193,
        279,
        155,
        139,
        114,
        266,
        30,
        180,
        160,
        153,
        105,
        219,
        227,
        58,
        47,
        140,
        130,
        80,
        120,
        229,
        321,
        337,
        500,
        260,
        122,
        49,
        238,
        248,
        158,
        98,
        162,
        204,
        262,
        161,
        108,
        231,
        196,
        268,
        291,
        136,
        500,
        119,
        279,
        94,
        119,
        500,
        142,
        70,
        202,
        25,
        217,
        156,
        216,
        35,
        307,
        464,
        195,
        115,
        300,
        93,
        28,
        330,
        261,
        165,
        90,
        278
    ],
    "params": {
        "max_episodes": 2500,
        "max_steps": 500,
        "batch_size": 64,
        "learning_rate": 5e-05,
        "gamma": 0.99,
        "initial_epsilon": 0.2,
        "epsilon_decay": 0.998,
        "min_epsilon": 0.02,
        "memory_size": 100000,
        "target_update_freq": 5
    }
}