{
    "episode": 900,
    "best_reward": 2974.2353880348387,
    "best_success_rate": 0.95,
    "recent_rewards": [
        359.14814151800755,
        574.7171792756828,
        -58.44923232908499,
        -67.1884554947683,
        821.4647332676634,
        431.8312808573776,
        439.5784060853801,
        800.0939888035247,
        744.2693885041389,
        449.4756833554469,
        101.44048874271627,
        214.63187105034405,
        47.13221688616059,
        256.46215917975746,
        228.438944896152,
        124.84178608060975,
        439.6303473712792,
        815.9863995460681,
        -33.912597692730074,
        925.431945624375,
        715.8257320147907,
        414.6316008403982,
        471.3436289944349,
        916.8425203468278,
        411.5757729245752,
        158.90806341964003,
        -23.083012732661828,
        810.3146134187807,
        786.4117547515883,
        1665.5893309743103,
        696.2777372103866,
        500.93506002115873,
        521.2956157846883,
        -40.000108956797604,
        416.159115257386,
        167.0210049989102,
        872.2143454370488,
        1375.5297922531174,
        355.4507110175947,
        787.8521925476572,
        618.6866365342138,
        526.5351735845387,
        1012.521093441268,
        32.590640616577474,
        403.3504901966694,
        437.5759043978503,
        443.4515151487175,
        970.8425983266278,
        244.80513582785937,
        1105.1469985202223,
        1222.1309234809596,
        786.0910945811244,
        1438.2818122801605,
        1114.1581931506053,
        1053.1101478999058,
        267.7364932430154,
        794.1962767299897,
        192.27380237328146,
        789.693559691617,
        810.8871913952096,
        380.2518696293014,
        662.6253801515273,
        265.73715742975816,
        1665.588510359695,
        618.0678402559321,
        664.5430338029512,
        162.83610926334813,
        991.0056554175696,
        866.8431435076197,
        982.5320033811292,
        1221.9476047213298,
        673.6809327250271,
        573.7215796682899,
        274.4717784208344,
        -33.45377066170475,
        1168.594823549716,
        607.7866479319794,
        861.0614952442022,
        630.6188084513525,
        456.37159517121165,
        1316.3407222113392,
        1077.4576929506493,
        112.73753820333201,
        1022.0243680202203,
        1522.9670192157146,
        668.6632005082838,
        214.82747992360837,
        931.5353334060353,
        796.2677906438785,
        268.8798854858099,
        940.7256810655283,
        1839.8912919387326,
        1201.8292244693885,
        1372.1506620280538,
        1095.8496042724732,
        85.76298697174227,
        932.8297688799178,
        1104.7351024680845,
        319.4438664679403,
        608.2684715166808
    ],
    "recent_successes": [
        1,
        1,
        0,
        0,
        1,
        1,
        1,
        1,
        1,
        1,
        1,
        1,
        0,
        1,
        1,
        1,
        1,
        1,
        0,
        1,
        1,
        1,
        1,
        1,
        1,
        1,
        0,
        1,
        1,
        1,
        1,
        1,
        1,
        0,
        1,
        1,
        1,
        1,
        1,
        1,
        1,
        1,
        1,
        0,
        1,
        1,
        1,
        1,
        1,
        1,
        1,
        1,
        1,
        1,
        1,
        1,
        1,
        1,
        1,
        1,
        1,
        1,
        1,
        1,
        1,
        1,
        1,
        1,
        1,
        1,
        1,
        1,
        1,
        1,
        0,
        1,
        1,
        1,
        1,
        1,
        1,
        1,
        1,
        1,
        1,
        1,
        1,
        1,
        1,
        1,
        1,
        1,
        1,
        1,
        1,
        1,
        1,
        1,
        1,
        1
    ],
    "recent_collisions": [
        0,
        0,
        1,
        1,
        0,
        0,
        0,
        0,
        0,
        0,
        0,
        0,
        0,
        0,
        0,
        0,
        0,
        0,
        0,
        0,
        0,
        0,
        0,
        0,
        0,
        0,
        0,
        0,
        0,
        0,
        0,
        0,
        0,
        0,
        0,
        0,
        0,
        0,
        0,
        0,
        0,
        0,
        0,
        0,
        0,
        0,
        0,
        0,
        0,
        0,
        0,
        0,
        0,
        0,
        0,
        0,
        0,
        0,
        0,
        0,
        0,
        0,
        0,
        0,
        0,
        0,
        0,
        0,
        0,
        0,
        0,
        0,
        0,
        0,
        0,
        0,
        0,
        0,
        0,
        0,
        0,
        0,
        0,
        0,
        0,
        0,
        0,
        0,
        0,
        0,
        0,
        0,
        0,
        0,
        0,
        0,
        0,
        0,
        0,
        0
    ],
    "recent_steps": [
        118,
        291,
        32,
        28,
        236,
        18,
        32,
        245,
        326,
        28,
        100,
        110,
        55,
        104,
        26,
        129,
        193,
        184,
        26,
        177,
        129,
        231,
        45,
        206,
        129,
        135,
        29,
        144,
        149,
        394,
        213,
        188,
        90,
        27,
        24,
        83,
        153,
        449,
        159,
        311,
        272,
        126,
        213,
        40,
        249,
        183,
        30,
        500,
        131,
        208,
        290,
        148,
        500,
        228,
        215,
        206,
        138,
        115,
        248,
        247,
        134,
        228,
        65,
        500,
        239,
        89,
        47,
        288,
        149,
        223,
        336,
        258,
        228,
        169,
        35,
        219,
        224,
        168,
        245,
        43,
        408,
        258,
        77,
        203,
        327,
        251,
        182,
        207,
        151,
        124,
        190,
        98,
        343,
        330,
        251,
        59,
        171,
        206,
        153,
        252
    ],
    "params": {
        "max_episodes": 2500,
        "max_steps": 500,
        "batch_size": 64,
        "learning_rate": 5e-05,
        "gamma": 0.99,
        "initial_epsilon": 0.2,
        "epsilon_decay": 0.998,
        "min_epsilon": 0.02,
        "memory_size": 100000,
        "target_update_freq": 5
    }
}