{
    "episode": 800,
    "best_reward": 823.8699173922964,
    "best_success_rate": 1.0,
    "recent_rewards": [
        -185.12084017949368,
        535.6389533365175,
        414.8020873756045,
        -152.4471827646659,
        705.9198838537496,
        418.8752026333915,
        649.7033120812553,
        714.2306961817686,
        632.7169521715647,
        -121.56644512194377,
        370.04640012342884,
        765.451438911863,
        587.6337463516995,
        549.3300898718933,
        -135.87156599804337,
        585.6269220927345,
        627.4406200315902,
        757.6469259280025,
        492.321930670545,
        378.19878294197656,
        690.5350188046815,
        729.3871117256055,
        470.72851353195506,
        590.4897601614135,
        790.8429685065346,
        723.7127691635081,
        475.44865449909094,
        698.6907190612912,
        773.2902743352197,
        823.8699173922964,
        372.72574233263754,
        749.3150152160997,
        570.9224368566341,
        759.3382552481617,
        39.09902187508297,
        743.2653904904327,
        -175.46516274629028,
        471.96581102050664,
        698.0458957407182,
        461.78030503761954,
        645.6589704186835,
        717.2517861017263,
        309.31408797593065,
        58.84694544786221,
        554.4466940225377,
        102.81507104741078,
        645.9980352124333,
        649.1814925784199,
        589.6294729458816,
        456.5467386625141,
        314.6655854836704,
        215.88481768688808,
        708.8945094546226,
        369.75083829693466,
        677.3682273204207,
        768.6873139202409,
        425.2098611814166,
        723.2894840116111,
        689.0748579725055,
        652.0994513625769,
        584.2896972818559,
        334.7763175541435,
        440.17993733563264,
        636.637548905529,
        453.20288756615685,
        599.876784846376,
        449.0012096790832,
        504.6634647628578,
        373.4558073041063,
        720.1036954825125,
        681.6309287775381,
        374.26504156377007,
        738.9256887100811,
        790.1912526190165,
        724.5331287367555,
        395.52450085299137,
        599.4450074289668,
        373.9355202017334,
        702.2931152255243,
        682.6944908401769,
        681.1183978870195,
        399.53223022230526,
        591.5425649101342,
        705.399055878185,
        -124.0676174008645,
        670.3426379120762,
        430.6713354260984,
        283.56022142390606,
        361.4366086443867,
        682.7286571887807,
        807.932022211509,
        668.0274038531775,
        748.2073951841496,
        804.9500043920899,
        799.9186571494363,
        -164.61684980841207,
        699.3769970107996,
        406.5573831227992,
        752.3810855307968,
        -72.4334814210136
    ],
    "recent_successes": [
        0,
        1,
        1,
        0,
        1,
        1,
        1,
        1,
        1,
        0,
        1,
        1,
        1,
        1,
        0,
        1,
        1,
        1,
        1,
        1,
        1,
        1,
        1,
        1,
        1,
        1,
        1,
        1,
        1,
        1,
        1,
        1,
        1,
        1,
        0,
        1,
        0,
        1,
        1,
        1,
        1,
        1,
        1,
        1,
        1,
        1,
        1,
        1,
        1,
        1,
        1,
        1,
        1,
        1,
        1,
        1,
        1,
        1,
        1,
        1,
        1,
        1,
        1,
        1,
        1,
        1,
        1,
        1,
        1,
        1,
        1,
        1,
        1,
        1,
        1,
        1,
        1,
        1,
        1,
        1,
        1,
        1,
        1,
        1,
        0,
        1,
        1,
        1,
        1,
        1,
        1,
        1,
        1,
        1,
        1,
        0,
        1,
        1,
        1,
        0
    ],
    "recent_collisions": [
        1,
        0,
        0,
        1,
        0,
        0,
        0,
        0,
        0,
        1,
        0,
        0,
        0,
        0,
        1,
        0,
        0,
        0,
        0,
        0,
        0,
        0,
        0,
        0,
        0,
        0,
        0,
        0,
        0,
        0,
        0,
        0,
        0,
        0,
        0,
        0,
        1,
        0,
        0,
        0,
        0,
        0,
        0,
        0,
        0,
        0,
        0,
        0,
        0,
        0,
        0,
        0,
        0,
        0,
        0,
        0,
        0,
        0,
        0,
        0,
        0,
        0,
        0,
        0,
        0,
        0,
        0,
        0,
        0,
        0,
        0,
        0,
        0,
        0,
        0,
        0,
        0,
        0,
        0,
        0,
        0,
        0,
        0,
        0,
        1,
        0,
        0,
        0,
        0,
        0,
        0,
        0,
        0,
        0,
        0,
        1,
        0,
        0,
        0,
        1
    ],
    "recent_steps": [
        58,
        206,
        197,
        142,
        159,
        201,
        188,
        155,
        157,
        123,
        189,
        145,
        168,
        203,
        159,
        161,
        155,
        143,
        203,
        184,
        149,
        147,
        179,
        169,
        147,
        153,
        189,
        143,
        151,
        138,
        210,
        141,
        180,
        147,
        66,
        140,
        89,
        196,
        167,
        284,
        156,
        141,
        213,
        83,
        148,
        600,
        152,
        155,
        152,
        179,
        213,
        188,
        148,
        223,
        132,
        138,
        192,
        156,
        161,
        159,
        136,
        226,
        191,
        137,
        181,
        166,
        198,
        190,
        193,
        142,
        142,
        189,
        150,
        130,
        200,
        174,
        148,
        168,
        164,
        161,
        132,
        187,
        175,
        145,
        68,
        150,
        201,
        210,
        174,
        150,
        138,
        154,
        131,
        171,
        145,
        66,
        146,
        187,
        147,
        66
    ],
    "params": {
        "max_episodes": 1500,
        "max_steps": 600,
        "batch_size": 64,
        "learning_rate": 3e-05,
        "gamma": 0.99,
        "initial_epsilon": 0.15,
        "epsilon_decay": 0.999,
        "min_epsilon": 0.02,
        "memory_size": 150000,
        "target_update_freq": 5,
        "checkpoint_freq": 100,
        "resource_monitor_freq": 10
    },
    "resource_summary": "Training Time: 5:47:14\nAvg CPU Usage: 58.3%\nAvg Memory Usage: 2.7%"
}