{
    "episode": 300,
    "best_reward": 780.6825122116088,
    "best_success_rate": 0.75,
    "recent_rewards": [
        -143.1576785834763,
        475.008120428198,
        -219.59562475540395,
        472.7450137118549,
        165.82595697543937,
        -66.99962161930081,
        393.7626663018209,
        -143.7745818905116,
        588.1934641339435,
        594.8577333239244,
        -154.83890316290234,
        582.8385433763168,
        -151.74583868638345,
        653.9622960381881,
        -141.14384652427196,
        -139.20328468477277,
        553.3687683531805,
        -136.4968475386648,
        -164.92663138295,
        528.9139272923252,
        -104.41120313994155,
        756.3944109331281,
        407.4270141061561,
        -149.02946926662517,
        568.2400466715964,
        -63.817275146434056,
        437.57247543985875,
        555.7162362060343,
        -129.38616526764855,
        -100.59993223589856,
        -153.89479563271328,
        478.0929183816875,
        -110.67784929792202,
        300.82463500979145,
        651.2529161433588,
        -138.10890222197568,
        -22.927604134882507,
        569.429716662658,
        -170.91698219573567,
        -216.71681915146854,
        677.9823221219448,
        570.8862565078435,
        78.36942509307028,
        632.3739951516995,
        312.773727768513,
        -171.9778551404352,
        468.2142093333244,
        -4.950790811652162,
        -151.51270145178108,
        780.6825122116088,
        473.36073201929,
        513.7990639192717,
        618.9969971620869,
        474.4804077345789,
        -145.72820246887545,
        22.69530619324729,
        -21.560273319071023,
        539.8009564734355,
        605.7051315071217,
        474.3875009590181,
        674.6385316261374,
        631.3644689839767,
        496.85744479089294,
        10.214238228418608,
        -157.74366817974752,
        -33.54721990539636,
        -30.02615257404907,
        -267.64108159938115,
        -141.49247404907044,
        -136.79492649171948,
        -14.255657748018713,
        -155.33961334539092,
        610.135344270919,
        619.1514344934428,
        -47.178156327643464,
        669.4615294332328,
        544.2627174685672,
        -63.34888206789792,
        -147.07439973665606,
        -61.95843103247975,
        649.39629096366,
        550.7483510114879,
        583.4472986857546,
        -152.2595112391973,
        -6.640515007834779,
        545.9751792880284,
        -16.441511048291957,
        -40.52319068134441,
        -174.87368891549343,
        -77.28004388690226,
        341.673934701761,
        248.40692283283957,
        -65.98214266506004,
        577.7909388360192,
        -0.11790672819276438,
        -21.232694235006605,
        -144.60683575694347,
        -178.8355358081972,
        622.6619169547563,
        -19.968502367639402
    ],
    "recent_successes": [
        0,
        1,
        0,
        1,
        1,
        0,
        1,
        0,
        1,
        1,
        0,
        1,
        0,
        1,
        0,
        0,
        1,
        0,
        0,
        1,
        0,
        1,
        1,
        0,
        1,
        0,
        1,
        1,
        0,
        0,
        0,
        1,
        0,
        1,
        1,
        0,
        0,
        1,
        0,
        0,
        1,
        1,
        1,
        1,
        1,
        0,
        1,
        0,
        0,
        1,
        1,
        1,
        1,
        1,
        0,
        0,
        0,
        1,
        1,
        1,
        1,
        1,
        1,
        0,
        0,
        0,
        0,
        0,
        0,
        0,
        0,
        0,
        1,
        1,
        0,
        1,
        1,
        0,
        0,
        0,
        1,
        1,
        1,
        0,
        0,
        1,
        0,
        0,
        0,
        0,
        1,
        1,
        0,
        1,
        0,
        0,
        0,
        0,
        1,
        0
    ],
    "recent_collisions": [
        1,
        0,
        1,
        0,
        0,
        1,
        0,
        1,
        0,
        0,
        1,
        0,
        1,
        0,
        1,
        1,
        0,
        1,
        1,
        0,
        1,
        0,
        0,
        1,
        0,
        1,
        0,
        0,
        1,
        1,
        1,
        0,
        1,
        0,
        0,
        1,
        0,
        0,
        1,
        1,
        0,
        0,
        0,
        0,
        0,
        1,
        0,
        0,
        1,
        0,
        0,
        0,
        0,
        0,
        1,
        0,
        0,
        0,
        0,
        0,
        0,
        0,
        0,
        0,
        1,
        0,
        0,
        1,
        1,
        1,
        0,
        1,
        0,
        0,
        0,
        0,
        0,
        1,
        1,
        1,
        0,
        0,
        0,
        1,
        0,
        0,
        0,
        0,
        1,
        1,
        0,
        0,
        1,
        0,
        0,
        0,
        1,
        1,
        0,
        0
    ],
    "recent_steps": [
        56,
        150,
        354,
        150,
        147,
        154,
        144,
        142,
        146,
        144,
        59,
        131,
        56,
        142,
        114,
        102,
        133,
        60,
        59,
        143,
        49,
        114,
        146,
        54,
        126,
        117,
        229,
        179,
        59,
        171,
        53,
        127,
        257,
        150,
        127,
        99,
        178,
        133,
        57,
        128,
        129,
        142,
        145,
        126,
        137,
        61,
        160,
        110,
        58,
        129,
        158,
        129,
        146,
        149,
        54,
        117,
        117,
        124,
        122,
        141,
        133,
        136,
        129,
        120,
        57,
        133,
        126,
        97,
        99,
        58,
        142,
        167,
        169,
        140,
        121,
        131,
        141,
        130,
        67,
        119,
        138,
        149,
        139,
        95,
        154,
        154,
        127,
        130,
        153,
        68,
        152,
        148,
        146,
        130,
        140,
        128,
        74,
        76,
        149,
        120
    ],
    "params": {
        "max_episodes": 1500,
        "max_steps": 600,
        "batch_size": 64,
        "learning_rate": 3e-05,
        "gamma": 0.99,
        "initial_epsilon": 0.15,
        "epsilon_decay": 0.999,
        "min_epsilon": 0.02,
        "memory_size": 150000,
        "target_update_freq": 5,
        "checkpoint_freq": 100,
        "resource_monitor_freq": 10
    },
    "resource_summary": "Training Time: 1:55:54\nAvg CPU Usage: 60.2%\nAvg Memory Usage: 2.8%"
}