{
    "episode": 400,
    "best_reward": 780.6825122116088,
    "best_success_rate": 0.8,
    "recent_rewards": [
        453.7510170055574,
        575.9372582627035,
        -138.36715110973927,
        -188.47705365087262,
        590.3937973023799,
        635.8396163623349,
        -176.03088523715115,
        554.7445889891733,
        82.99998006061118,
        -59.79091416642344,
        336.9620432205913,
        -40.98151268190607,
        480.3797337708629,
        12.180618132909899,
        629.2144929908541,
        692.5081687946829,
        -41.89980030778424,
        660.2085698865442,
        613.9800566723067,
        -182.93670524056662,
        702.3569186738332,
        651.4802518025573,
        1.6310479575690167,
        743.6416136192727,
        517.8166195162457,
        585.8348308182108,
        -31.92931715982492,
        523.7582619906336,
        55.33878183059594,
        122.12259253470778,
        49.714891784738974,
        387.418819481928,
        -35.74737016362357,
        630.6449102526814,
        -166.946148598812,
        169.29266397914577,
        -39.90156978968742,
        521.1067240948041,
        416.20897899289594,
        495.6024270722364,
        27.438696664392324,
        574.5224904111915,
        131.2780861939975,
        -171.91386452412814,
        587.1805021743501,
        678.8946249507267,
        -22.053540203287113,
        150.56350239004848,
        655.7406873481318,
        56.79082044880506,
        52.86779285044917,
        642.9243954811946,
        -162.99883590652996,
        481.2662581726306,
        129.1345906695221,
        337.2467554129661,
        -55.07602235064148,
        -167.47960737977522,
        -164.90636499490066,
        23.98383572190076,
        577.9919839239666,
        -176.96887774509196,
        619.9556909257901,
        273.08338238167187,
        30.07444255109518,
        659.0846942476394,
        125.33558115375843,
        -181.15183844314305,
        526.4770323532412,
        -140.49400827655447,
        -77.84819924125112,
        -150.99338164417446,
        -35.455624092564804,
        650.323181887004,
        586.688222332114,
        54.76093659405926,
        -179.49785927884642,
        408.5438315452726,
        665.062841556676,
        640.2477273777463,
        43.06071335465034,
        143.08486168203956,
        -174.16245515513367,
        550.2784514153432,
        579.767148747598,
        545.1046101102762,
        376.9089134075932,
        107.60218532613692,
        682.9455799935431,
        703.9216445221894,
        670.3375894958056,
        -66.0661645251652,
        609.6665890870968,
        37.65533802724795,
        697.3126318179525,
        77.35494143718635,
        -178.38214533485882,
        214.067680894608,
        1.6159909047742431,
        680.9293428884173
    ],
    "recent_successes": [
        1,
        1,
        0,
        0,
        1,
        1,
        0,
        1,
        1,
        0,
        1,
        0,
        1,
        0,
        1,
        1,
        0,
        1,
        1,
        0,
        1,
        1,
        0,
        1,
        1,
        1,
        0,
        1,
        1,
        1,
        0,
        1,
        0,
        1,
        0,
        1,
        0,
        1,
        1,
        1,
        0,
        1,
        1,
        0,
        1,
        1,
        0,
        1,
        1,
        1,
        1,
        1,
        0,
        1,
        1,
        1,
        0,
        0,
        0,
        0,
        1,
        0,
        1,
        1,
        0,
        1,
        1,
        0,
        1,
        0,
        0,
        0,
        0,
        1,
        1,
        1,
        0,
        1,
        1,
        1,
        0,
        1,
        0,
        1,
        1,
        1,
        1,
        1,
        1,
        1,
        1,
        0,
        1,
        0,
        1,
        1,
        0,
        1,
        0,
        1
    ],
    "recent_collisions": [
        0,
        0,
        1,
        1,
        0,
        0,
        1,
        0,
        0,
        1,
        0,
        0,
        0,
        0,
        0,
        0,
        0,
        0,
        0,
        1,
        0,
        0,
        0,
        0,
        0,
        0,
        0,
        0,
        0,
        0,
        0,
        0,
        0,
        0,
        1,
        0,
        0,
        0,
        0,
        0,
        0,
        0,
        0,
        1,
        0,
        0,
        0,
        0,
        0,
        0,
        0,
        0,
        1,
        0,
        0,
        0,
        1,
        1,
        1,
        0,
        0,
        1,
        0,
        0,
        0,
        0,
        0,
        1,
        0,
        1,
        1,
        1,
        0,
        0,
        0,
        0,
        1,
        0,
        0,
        0,
        0,
        0,
        1,
        0,
        0,
        0,
        0,
        0,
        0,
        0,
        0,
        1,
        0,
        0,
        0,
        0,
        1,
        0,
        0,
        0
    ],
    "recent_steps": [
        150,
        234,
        65,
        167,
        138,
        139,
        98,
        145,
        149,
        136,
        162,
        96,
        141,
        145,
        143,
        134,
        114,
        129,
        136,
        60,
        138,
        134,
        153,
        146,
        152,
        143,
        131,
        149,
        230,
        154,
        148,
        220,
        55,
        137,
        67,
        132,
        59,
        138,
        162,
        148,
        160,
        139,
        125,
        81,
        127,
        143,
        53,
        134,
        123,
        227,
        170,
        134,
        65,
        147,
        118,
        145,
        57,
        86,
        54,
        392,
        142,
        58,
        145,
        151,
        184,
        142,
        245,
        65,
        154,
        109,
        52,
        55,
        53,
        141,
        131,
        183,
        153,
        139,
        159,
        143,
        198,
        138,
        84,
        148,
        165,
        143,
        220,
        139,
        157,
        157,
        281,
        52,
        156,
        187,
        155,
        197,
        87,
        165,
        213,
        147
    ],
    "params": {
        "max_episodes": 1500,
        "max_steps": 600,
        "batch_size": 64,
        "learning_rate": 3e-05,
        "gamma": 0.99,
        "initial_epsilon": 0.15,
        "epsilon_decay": 0.999,
        "min_epsilon": 0.02,
        "memory_size": 150000,
        "target_update_freq": 5,
        "checkpoint_freq": 100,
        "resource_monitor_freq": 10
    },
    "resource_summary": "Training Time: 2:38:49\nAvg CPU Usage: 60.9%\nAvg Memory Usage: 2.8%"
}