{
    "episode": 700,
    "best_reward": 817.6893576153238,
    "best_success_rate": 0.95,
    "recent_rewards": [
        459.75668299039165,
        -184.34132108301014,
        636.9055189600684,
        538.9080699874008,
        686.9132796742634,
        -128.42771162276654,
        655.1102906086239,
        -78.3759866748984,
        556.920704664725,
        494.7093631999503,
        718.9089395021733,
        724.8025084651565,
        326.71922555280565,
        643.6427122912297,
        703.4233768458853,
        -6.838133581370329,
        614.1800459642556,
        -113.3654682151899,
        -188.99402823346648,
        587.2694772985533,
        665.1954779787307,
        623.1798886682825,
        652.2797969849701,
        11.91743760471877,
        619.6959180340532,
        634.4803772116461,
        731.3955506859263,
        612.7012511790259,
        628.1640106822736,
        605.5047320702276,
        742.9039676171925,
        433.5381159523065,
        479.3307514054072,
        650.5684875627567,
        -170.76584924329666,
        637.1100597976015,
        693.1351957583471,
        -190.47874372810148,
        701.8229921129853,
        -121.35618154513006,
        576.5368444094836,
        306.8976699759746,
        599.809805251853,
        674.9208736549956,
        -106.70490774210369,
        658.0683832478603,
        -105.38871950336843,
        663.5622152714258,
        -170.81437517055858,
        359.1806275380222,
        590.8627123227919,
        774.0358641471644,
        607.710902821449,
        811.2552269387354,
        -158.44949157804487,
        658.7590974023783,
        398.9770356389986,
        -159.03053837574492,
        586.921064715078,
        -213.90141935257876,
        648.0502741960285,
        659.7924257559885,
        436.46569083354984,
        36.65754321981021,
        647.4543211147242,
        763.2318503463051,
        431.24370845689145,
        491.8567734330151,
        746.9328751819027,
        673.2736733575309,
        689.025691123504,
        682.3865239458692,
        788.4550441135557,
        747.0550059150235,
        633.2841185937847,
        686.4710566352852,
        -121.48951979039447,
        660.2933420664939,
        487.4123997413671,
        -119.85250409309042,
        743.27076353479,
        743.4288397861003,
        2.737380397669,
        413.7982420062373,
        600.8500039883114,
        398.5570287859641,
        586.0393815373571,
        730.6293769801379,
        303.7616227599907,
        672.9321347569166,
        652.0255054667688,
        607.2522108397733,
        710.0038577947787,
        679.2822006540007,
        350.0038269068554,
        618.9180042124643,
        681.5757066466125,
        518.8015680027733,
        693.2155465086728,
        -187.23602294800307
    ],
    "recent_successes": [
        1,
        0,
        1,
        1,
        1,
        0,
        1,
        0,
        1,
        1,
        1,
        1,
        1,
        1,
        1,
        0,
        1,
        0,
        0,
        1,
        1,
        1,
        1,
        0,
        1,
        1,
        1,
        1,
        1,
        1,
        1,
        1,
        1,
        1,
        0,
        1,
        1,
        0,
        1,
        0,
        1,
        1,
        1,
        1,
        0,
        1,
        0,
        1,
        0,
        1,
        1,
        1,
        1,
        1,
        0,
        1,
        1,
        0,
        1,
        0,
        1,
        1,
        1,
        0,
        1,
        1,
        1,
        1,
        1,
        1,
        1,
        1,
        1,
        1,
        1,
        1,
        0,
        1,
        1,
        0,
        1,
        1,
        0,
        1,
        1,
        1,
        1,
        1,
        1,
        1,
        1,
        1,
        1,
        1,
        1,
        1,
        1,
        1,
        1,
        0
    ],
    "recent_collisions": [
        0,
        1,
        0,
        0,
        0,
        1,
        0,
        1,
        0,
        0,
        0,
        0,
        0,
        0,
        0,
        0,
        0,
        1,
        1,
        0,
        0,
        0,
        0,
        0,
        0,
        0,
        0,
        0,
        0,
        0,
        0,
        0,
        0,
        0,
        1,
        0,
        0,
        1,
        0,
        1,
        0,
        0,
        0,
        0,
        1,
        0,
        1,
        0,
        1,
        0,
        0,
        0,
        0,
        0,
        1,
        0,
        0,
        1,
        0,
        1,
        0,
        0,
        0,
        0,
        0,
        0,
        0,
        0,
        0,
        0,
        0,
        0,
        0,
        0,
        0,
        0,
        1,
        0,
        0,
        1,
        0,
        0,
        0,
        0,
        0,
        0,
        0,
        0,
        0,
        0,
        0,
        0,
        0,
        0,
        0,
        0,
        0,
        0,
        0,
        1
    ],
    "recent_steps": [
        207,
        63,
        194,
        200,
        163,
        72,
        156,
        69,
        191,
        202,
        190,
        134,
        163,
        194,
        213,
        157,
        155,
        177,
        100,
        145,
        138,
        152,
        158,
        87,
        168,
        160,
        151,
        180,
        192,
        137,
        156,
        195,
        243,
        155,
        64,
        137,
        140,
        68,
        159,
        71,
        148,
        211,
        153,
        159,
        140,
        163,
        154,
        143,
        75,
        177,
        145,
        146,
        142,
        131,
        68,
        156,
        186,
        68,
        150,
        125,
        142,
        148,
        181,
        79,
        171,
        144,
        171,
        204,
        145,
        153,
        153,
        173,
        128,
        138,
        170,
        152,
        125,
        195,
        184,
        69,
        181,
        139,
        70,
        204,
        144,
        188,
        173,
        144,
        199,
        165,
        149,
        149,
        142,
        181,
        197,
        147,
        150,
        243,
        179,
        53
    ],
    "params": {
        "max_episodes": 1500,
        "max_steps": 600,
        "batch_size": 64,
        "learning_rate": 3e-05,
        "gamma": 0.99,
        "initial_epsilon": 0.15,
        "epsilon_decay": 0.999,
        "min_epsilon": 0.02,
        "memory_size": 150000,
        "target_update_freq": 5,
        "checkpoint_freq": 100,
        "resource_monitor_freq": 10
    },
    "resource_summary": "Training Time: 4:58:47\nAvg CPU Usage: 59.1%\nAvg Memory Usage: 2.7%"
}