{
    "episode": 600,
    "best_reward": 817.6893576153238,
    "best_success_rate": 0.95,
    "recent_rewards": [
        598.6599304557215,
        543.1410171974493,
        742.5299640846899,
        700.644691758934,
        457.3690586645693,
        -202.76246337068534,
        660.4045021277415,
        365.4987234232748,
        -34.49321288000877,
        774.3881959704951,
        493.5298149255768,
        405.23053091365995,
        -179.61784497195583,
        590.8664665945398,
        78.8728428497954,
        700.4183078026815,
        746.754288022111,
        622.5144984309036,
        383.2429527619408,
        678.4632972138979,
        415.770023015716,
        657.128749638797,
        388.63476399555555,
        439.55394614003933,
        -167.4661545513439,
        805.1536924396279,
        436.63115021748206,
        720.4674797784314,
        719.8274419300944,
        658.7238960600097,
        69.63724087839039,
        463.590153900053,
        -52.02649653844716,
        527.2016566657569,
        -174.56529411181668,
        699.786006941212,
        -132.81488273927582,
        614.1582102563254,
        638.0834578182244,
        754.8917934545049,
        392.6277536777124,
        543.3219898278211,
        -131.6145513859512,
        664.5705621891835,
        468.7519675444522,
        712.7442620014795,
        504.33304887305724,
        -151.71966307452197,
        -114.25254756441504,
        -162.97105942989882,
        -102.63472113524415,
        655.9731631682321,
        653.0533456656626,
        707.7745639882423,
        802.942274922783,
        455.4909576160784,
        232.24389253309894,
        641.0903939556645,
        817.6893576153238,
        355.86306941650975,
        -124.8266615058154,
        764.9381527778711,
        578.7796502725419,
        529.3228871564993,
        527.2192390512839,
        660.5429311917953,
        521.379032847212,
        665.5170248357888,
        653.480235107709,
        545.1749215161956,
        712.5341551678029,
        715.3512613967332,
        -175.55676179409082,
        628.3781187261443,
        -162.33527294200982,
        646.053081905256,
        11.097857265608738,
        406.1731141354883,
        749.6421062446327,
        742.960296471014,
        484.4299501550172,
        500.5311727851901,
        675.7815376235388,
        -71.08866674950036,
        683.0974583241187,
        726.0386729249951,
        791.0652971965322,
        703.9241897789406,
        302.8142657909942,
        510.16773993482303,
        536.3257417814384,
        574.4487092155449,
        451.64535355806515,
        563.1284418655605,
        563.8132105725715,
        690.2827499953661,
        609.7207444528567,
        447.8612643706782,
        622.1561543867911,
        662.8238795617331
    ],
    "recent_successes": [
        1,
        1,
        1,
        1,
        1,
        0,
        1,
        1,
        0,
        1,
        1,
        1,
        0,
        1,
        1,
        1,
        1,
        1,
        1,
        1,
        1,
        1,
        1,
        1,
        0,
        1,
        1,
        1,
        1,
        1,
        1,
        1,
        0,
        1,
        0,
        1,
        0,
        1,
        1,
        1,
        1,
        1,
        0,
        1,
        1,
        1,
        1,
        0,
        0,
        0,
        0,
        1,
        1,
        1,
        1,
        1,
        1,
        1,
        1,
        1,
        0,
        1,
        1,
        1,
        1,
        1,
        1,
        1,
        1,
        1,
        1,
        1,
        0,
        1,
        0,
        1,
        0,
        1,
        1,
        1,
        1,
        1,
        1,
        0,
        1,
        1,
        1,
        1,
        1,
        1,
        1,
        1,
        1,
        1,
        1,
        1,
        1,
        1,
        1,
        1
    ],
    "recent_collisions": [
        0,
        0,
        0,
        0,
        0,
        1,
        0,
        0,
        0,
        0,
        0,
        0,
        1,
        0,
        0,
        0,
        0,
        0,
        0,
        0,
        0,
        0,
        0,
        0,
        1,
        0,
        0,
        0,
        0,
        0,
        0,
        0,
        1,
        0,
        1,
        0,
        1,
        0,
        0,
        0,
        0,
        0,
        1,
        0,
        0,
        0,
        0,
        1,
        1,
        1,
        1,
        0,
        0,
        0,
        0,
        0,
        0,
        0,
        0,
        0,
        1,
        0,
        0,
        0,
        0,
        0,
        0,
        0,
        0,
        0,
        0,
        0,
        1,
        0,
        1,
        0,
        0,
        0,
        0,
        0,
        0,
        0,
        0,
        1,
        0,
        0,
        0,
        0,
        0,
        0,
        0,
        0,
        0,
        0,
        0,
        0,
        0,
        0,
        0,
        0
    ],
    "recent_steps": [
        158,
        174,
        149,
        182,
        178,
        170,
        158,
        158,
        76,
        160,
        271,
        199,
        63,
        199,
        178,
        155,
        142,
        169,
        297,
        160,
        218,
        181,
        191,
        226,
        63,
        142,
        231,
        161,
        152,
        175,
        187,
        205,
        74,
        206,
        181,
        144,
        124,
        129,
        172,
        144,
        261,
        174,
        139,
        167,
        195,
        138,
        194,
        63,
        139,
        131,
        135,
        152,
        125,
        133,
        125,
        262,
        136,
        155,
        125,
        181,
        170,
        142,
        187,
        164,
        186,
        158,
        203,
        279,
        150,
        227,
        145,
        155,
        71,
        179,
        66,
        154,
        72,
        245,
        149,
        139,
        229,
        228,
        144,
        77,
        148,
        125,
        144,
        200,
        204,
        196,
        223,
        174,
        185,
        247,
        153,
        156,
        153,
        234,
        168,
        145
    ],
    "params": {
        "max_episodes": 1500,
        "max_steps": 600,
        "batch_size": 64,
        "learning_rate": 3e-05,
        "gamma": 0.99,
        "initial_epsilon": 0.15,
        "epsilon_decay": 0.999,
        "min_epsilon": 0.02,
        "memory_size": 150000,
        "target_update_freq": 5,
        "checkpoint_freq": 100,
        "resource_monitor_freq": 10
    },
    "resource_summary": "Training Time: 4:13:54\nAvg CPU Usage: 59.7%\nAvg Memory Usage: 2.7%"
}