{
    "episode": 100,
    "best_reward": 732.8094748978554,
    "best_success_rate": 0.5,
    "recent_rewards": [
        -144.68051711877447,
        -185.5347578572649,
        -141.17717870771307,
        -145.877702483414,
        -142.02003895430755,
        613.2619515806889,
        -119.91888138469375,
        -129.24915117518913,
        -122.4332983691898,
        -164.43903975789942,
        -198.26815581722246,
        -70.96924021598237,
        -139.81002239632448,
        412.60071554442516,
        -259.700338756003,
        -135.92151713967593,
        405.42816101556906,
        -135.71803069035766,
        67.35209119680687,
        421.5291073014596,
        -195.4440563870363,
        -116.89314748086862,
        2.6515217340919435,
        -241.51003874420707,
        450.45159343623374,
        -236.7659599709138,
        -168.81266111413072,
        -134.97943807756997,
        -150.00912925944434,
        -20.081951844553267,
        432.47240427361135,
        -145.93528750955713,
        438.9521706660619,
        169.27314169226364,
        -164.6849262998613,
        634.8058150890831,
        693.8829849425097,
        -184.70952384935075,
        -107.48411994530875,
        -41.504491299077216,
        -149.3974795846649,
        476.0325246918599,
        -198.79852310622235,
        402.7056187533024,
        674.5782939852039,
        426.1486192901151,
        -134.99600349327227,
        712.3718516139729,
        -143.73694633914232,
        -62.355672936028014,
        -150.67218623097048,
        1.9916536455259717,
        506.1595017068297,
        -147.0367677905826,
        264.05488191725794,
        -175.70570129740747,
        -204.95221604431617,
        364.9503615815879,
        -153.75002827784343,
        -77.50283000118456,
        -113.69010481124288,
        -52.16608324041678,
        -152.25385505022004,
        -123.0050625959606,
        -187.84308596263241,
        486.87663590146826,
        308.8939566636561,
        490.2621110972891,
        -209.14299352597024,
        -164.77570886498907,
        -166.8728874135437,
        -158.21036185283643,
        -124.09888454855943,
        -73.91550180473234,
        -144.3885482484284,
        -149.5018879875879,
        -151.56484857936312,
        -176.9106962464132,
        -138.6137277767448,
        -53.66854354725113,
        12.852285173961008,
        149.00496969178428,
        323.7575043538353,
        541.0510106846934,
        264.26630558687185,
        -161.94495252059883,
        -35.54604539762306,
        618.6458760029064,
        -160.37562165863355,
        59.02905974507145,
        56.102203336019535,
        -138.69934511238267,
        -162.4781581790477,
        -151.28478053672853,
        -212.7330414862292,
        0.5206694104375487,
        732.8094748978554,
        539.5045613577088,
        -146.91859352784613,
        -171.5884117850701
    ],
    "recent_successes": [
        0,
        0,
        0,
        0,
        0,
        1,
        0,
        0,
        0,
        0,
        0,
        0,
        0,
        1,
        0,
        0,
        1,
        0,
        1,
        1,
        0,
        0,
        0,
        0,
        1,
        0,
        0,
        0,
        0,
        0,
        1,
        0,
        1,
        1,
        0,
        1,
        1,
        0,
        0,
        0,
        0,
        1,
        0,
        1,
        1,
        1,
        0,
        1,
        0,
        0,
        0,
        0,
        1,
        0,
        1,
        0,
        0,
        1,
        0,
        0,
        0,
        0,
        0,
        0,
        0,
        1,
        1,
        1,
        0,
        0,
        0,
        0,
        0,
        0,
        0,
        0,
        0,
        0,
        0,
        0,
        0,
        1,
        1,
        1,
        1,
        0,
        0,
        1,
        0,
        1,
        1,
        0,
        0,
        0,
        0,
        0,
        1,
        1,
        0,
        0
    ],
    "recent_collisions": [
        1,
        1,
        1,
        1,
        1,
        0,
        1,
        1,
        1,
        1,
        1,
        1,
        1,
        0,
        1,
        1,
        0,
        1,
        0,
        0,
        1,
        1,
        0,
        1,
        0,
        1,
        1,
        1,
        1,
        0,
        0,
        1,
        0,
        0,
        1,
        0,
        0,
        1,
        1,
        0,
        1,
        0,
        1,
        0,
        0,
        0,
        1,
        0,
        1,
        1,
        1,
        0,
        0,
        1,
        0,
        1,
        1,
        0,
        1,
        1,
        1,
        1,
        1,
        1,
        1,
        0,
        0,
        0,
        1,
        1,
        1,
        1,
        1,
        1,
        1,
        1,
        1,
        1,
        1,
        1,
        0,
        0,
        0,
        0,
        0,
        1,
        0,
        0,
        1,
        0,
        0,
        1,
        1,
        1,
        1,
        0,
        0,
        0,
        1,
        1
    ],
    "recent_steps": [
        70,
        120,
        46,
        56,
        49,
        127,
        43,
        179,
        37,
        132,
        142,
        236,
        54,
        212,
        213,
        50,
        204,
        168,
        151,
        230,
        114,
        64,
        301,
        188,
        209,
        74,
        61,
        50,
        44,
        120,
        166,
        46,
        173,
        289,
        58,
        133,
        143,
        60,
        183,
        57,
        156,
        164,
        90,
        191,
        132,
        156,
        40,
        127,
        45,
        173,
        58,
        130,
        151,
        42,
        146,
        57,
        57,
        210,
        53,
        59,
        182,
        133,
        62,
        47,
        112,
        190,
        152,
        194,
        74,
        60,
        62,
        205,
        143,
        146,
        50,
        50,
        70,
        70,
        64,
        157,
        170,
        154,
        152,
        157,
        142,
        70,
        133,
        136,
        56,
        152,
        203,
        47,
        164,
        63,
        59,
        102,
        146,
        155,
        50,
        60
    ],
    "params": {
        "max_episodes": 1500,
        "max_steps": 600,
        "batch_size": 64,
        "learning_rate": 3e-05,
        "gamma": 0.99,
        "initial_epsilon": 0.15,
        "epsilon_decay": 0.999,
        "min_epsilon": 0.02,
        "memory_size": 150000,
        "target_update_freq": 5,
        "checkpoint_freq": 100,
        "resource_monitor_freq": 10
    },
    "resource_summary": "Training Time: 0:35:32\nAvg CPU Usage: 57.6%\nAvg Memory Usage: 2.8%"
}