{
    "episode": 1300,
    "best_reward": 846.3523173943645,
    "best_success_rate": 1.0,
    "recent_rewards": [
        746.8392587241592,
        683.2350487092715,
        23.721744956557693,
        496.23663637540847,
        679.0491376784246,
        557.3661733351037,
        700.341221211173,
        567.718391296688,
        735.4220057868004,
        767.4577361211918,
        577.1555113049305,
        485.10662784470264,
        665.3541627623988,
        720.2250292039413,
        713.1762466786449,
        440.1719793061524,
        771.5309379044957,
        731.3454343904368,
        670.2816818900284,
        467.29445415947055,
        811.9393404509796,
        802.2313003827027,
        484.56152353543655,
        752.6132500184672,
        453.21781338000665,
        724.542362453616,
        746.425947222284,
        762.8323936354518,
        525.8791979533936,
        408.16576285847924,
        700.0727740350251,
        775.296744832335,
        813.4661312836564,
        781.2125234196237,
        456.2977358929101,
        680.8524889959417,
        497.65997293368855,
        520.9799960811649,
        820.3362054178723,
        462.51949604576157,
        357.5400503997865,
        813.1372121701423,
        803.1264066847241,
        713.5170772466447,
        665.8448962125133,
        514.7004985714483,
        761.3917941774805,
        458.5294184673845,
        796.1681207613444,
        739.1567095323932,
        87.47003336380152,
        785.7766136484197,
        714.7438480762053,
        709.0844368286787,
        789.8207573644537,
        785.9054240630414,
        824.4935186682503,
        742.3408445743727,
        709.3266681598743,
        846.3523173943645,
        529.2902783221562,
        492.71546422941174,
        80.81303860157762,
        503.052563190125,
        747.243858444006,
        697.7653464771231,
        779.7028073369739,
        752.0327267479936,
        709.1516602152719,
        714.3918230297022,
        533.7855813443314,
        779.7113325592413,
        440.3251275046667,
        786.3522527931656,
        732.5457994928871,
        721.4948757332318,
        761.9510575987986,
        414.19799943824756,
        761.0726410674459,
        806.8586464453477,
        716.3226268177168,
        732.9496096870564,
        784.1960356617533,
        679.0160464782208,
        730.3809933033241,
        552.9286101654784,
        787.8434202641456,
        524.5342296161542,
        795.1063217439454,
        738.1498919738099,
        697.0346233379036,
        751.5854194161104,
        533.6866830131253,
        761.450865454872,
        532.8491924352543,
        482.89386132094546,
        774.1755206316459,
        737.812855405158,
        702.3510922983075,
        477.83769985987567
    ],
    "recent_successes": [
        1,
        1,
        0,
        1,
        1,
        1,
        1,
        1,
        1,
        1,
        1,
        1,
        1,
        1,
        1,
        1,
        1,
        1,
        1,
        1,
        1,
        1,
        1,
        1,
        1,
        1,
        1,
        1,
        1,
        1,
        1,
        1,
        1,
        1,
        1,
        1,
        1,
        1,
        1,
        1,
        1,
        1,
        1,
        1,
        1,
        1,
        1,
        1,
        1,
        1,
        1,
        1,
        1,
        1,
        1,
        1,
        1,
        1,
        1,
        1,
        1,
        1,
        1,
        1,
        1,
        1,
        1,
        1,
        1,
        1,
        1,
        1,
        1,
        1,
        1,
        1,
        1,
        1,
        1,
        1,
        1,
        1,
        1,
        1,
        1,
        1,
        1,
        1,
        1,
        1,
        1,
        1,
        1,
        1,
        1,
        1,
        1,
        1,
        1,
        1
    ],
    "recent_collisions": [
        0,
        0,
        0,
        0,
        0,
        0,
        0,
        0,
        0,
        0,
        0,
        0,
        0,
        0,
        0,
        0,
        0,
        0,
        0,
        0,
        0,
        0,
        0,
        0,
        0,
        0,
        0,
        0,
        0,
        0,
        0,
        0,
        0,
        0,
        0,
        0,
        0,
        0,
        0,
        0,
        0,
        0,
        0,
        0,
        0,
        0,
        0,
        0,
        0,
        0,
        0,
        0,
        0,
        0,
        0,
        0,
        0,
        0,
        0,
        0,
        0,
        0,
        0,
        0,
        0,
        0,
        0,
        0,
        0,
        0,
        0,
        0,
        0,
        0,
        0,
        0,
        0,
        0,
        0,
        0,
        0,
        0,
        0,
        0,
        0,
        0,
        0,
        0,
        0,
        0,
        0,
        0,
        0,
        0,
        0,
        0,
        0,
        0,
        0,
        0
    ],
    "recent_steps": [
        132,
        161,
        128,
        177,
        165,
        196,
        161,
        177,
        174,
        193,
        200,
        148,
        172,
        147,
        153,
        198,
        133,
        158,
        173,
        177,
        136,
        117,
        178,
        131,
        182,
        129,
        161,
        124,
        194,
        122,
        159,
        151,
        136,
        140,
        173,
        160,
        182,
        193,
        127,
        202,
        117,
        120,
        152,
        164,
        164,
        171,
        130,
        189,
        131,
        165,
        163,
        122,
        166,
        124,
        146,
        174,
        131,
        137,
        189,
        128,
        195,
        223,
        128,
        182,
        164,
        167,
        134,
        153,
        142,
        166,
        178,
        180,
        238,
        135,
        169,
        168,
        157,
        174,
        143,
        141,
        130,
        164,
        143,
        169,
        161,
        190,
        144,
        173,
        122,
        143,
        178,
        135,
        193,
        137,
        210,
        192,
        141,
        165,
        173,
        188
    ],
    "params": {
        "max_episodes": 1500,
        "max_steps": 600,
        "batch_size": 64,
        "learning_rate": 3e-05,
        "gamma": 0.99,
        "initial_epsilon": 0.15,
        "epsilon_decay": 0.999,
        "min_epsilon": 0.02,
        "memory_size": 150000,
        "target_update_freq": 5,
        "checkpoint_freq": 100,
        "resource_monitor_freq": 10
    },
    "resource_summary": "Training Time: 9:34:34\nAvg CPU Usage: 56.5%\nAvg Memory Usage: 2.7%"
}