{
    "episode": 1100,
    "best_reward": 828.265130720961,
    "best_success_rate": 1.0,
    "recent_rewards": [
        420.4640261311888,
        749.306700315881,
        710.0897381287851,
        749.3879247537932,
        709.4119112438058,
        678.1369528351845,
        492.4781188179485,
        701.2015480817283,
        824.6946375564823,
        738.8774743608109,
        438.3795658866243,
        690.7647693879991,
        597.6196394506608,
        325.08632080310724,
        712.9701325468593,
        694.436197229327,
        678.4973839779655,
        736.6877176502327,
        664.6508303313951,
        735.2726964778597,
        661.690393698984,
        727.4572751282136,
        745.4643216019929,
        782.5248943445797,
        539.1710673944098,
        698.0988464465122,
        574.6823509866692,
        730.2830270775718,
        828.265130720961,
        725.0063682617167,
        510.56450788700977,
        505.4108481707203,
        802.5340373062447,
        574.6150742205512,
        536.1004427709372,
        821.1210096927337,
        702.8067337171857,
        550.6997943825246,
        761.7768793296257,
        827.7989210644089,
        704.218895171081,
        616.5272991829331,
        668.4544841594976,
        738.8743653669935,
        676.2322931209599,
        485.2084851909026,
        794.5459213186493,
        769.535124838292,
        634.8178584059345,
        704.4668942127655,
        427.92266712695994,
        671.1989539482648,
        790.8055699176778,
        614.6384839296979,
        393.3055527716232,
        690.542381612335,
        539.1168478565655,
        453.3725885378525,
        773.9842019897362,
        807.9086241950672,
        679.1774775331581,
        -18.34704545078624,
        758.6609171130026,
        772.8574874622616,
        437.56717715638393,
        450.4009432656644,
        770.7034685949914,
        536.5374419966432,
        -27.10126606331397,
        714.7604575597986,
        802.0752459030246,
        765.2595378339116,
        713.153568733178,
        659.0337303542454,
        387.80743538733714,
        732.7918631738254,
        738.7000009724468,
        678.7032326462012,
        400.3526582384594,
        457.2459123126775,
        49.51750722796642,
        710.7880489060618,
        368.1113500421427,
        777.0670966084554,
        496.96850085735497,
        732.5019459193426,
        810.6045056311948,
        768.8130939677601,
        681.1186656297834,
        728.1483903630683,
        791.3145032204386,
        587.3192626191217,
        555.9069491577967,
        662.4198096242447,
        443.35828772189444,
        503.01989927190203,
        689.7912405400172,
        487.34354407984296,
        768.2921077209473,
        744.7753099038955
    ],
    "recent_successes": [
        1,
        1,
        1,
        1,
        1,
        1,
        1,
        1,
        1,
        1,
        1,
        1,
        1,
        1,
        1,
        1,
        1,
        1,
        1,
        1,
        1,
        1,
        1,
        1,
        1,
        1,
        1,
        1,
        1,
        1,
        1,
        1,
        1,
        1,
        1,
        1,
        1,
        1,
        1,
        1,
        1,
        1,
        1,
        1,
        1,
        1,
        1,
        1,
        1,
        1,
        1,
        1,
        1,
        1,
        1,
        1,
        1,
        1,
        1,
        1,
        1,
        0,
        1,
        1,
        1,
        1,
        1,
        1,
        0,
        1,
        1,
        1,
        1,
        1,
        1,
        1,
        1,
        1,
        1,
        1,
        0,
        1,
        1,
        1,
        1,
        1,
        1,
        1,
        1,
        1,
        1,
        1,
        1,
        1,
        1,
        1,
        1,
        1,
        1,
        1
    ],
    "recent_collisions": [
        0,
        0,
        0,
        0,
        0,
        0,
        0,
        0,
        0,
        0,
        0,
        0,
        0,
        0,
        0,
        0,
        0,
        0,
        0,
        0,
        0,
        0,
        0,
        0,
        0,
        0,
        0,
        0,
        0,
        0,
        0,
        0,
        0,
        0,
        0,
        0,
        0,
        0,
        0,
        0,
        0,
        0,
        0,
        0,
        0,
        0,
        0,
        0,
        0,
        0,
        0,
        0,
        0,
        0,
        0,
        0,
        0,
        0,
        0,
        0,
        0,
        0,
        0,
        0,
        0,
        0,
        0,
        0,
        0,
        0,
        0,
        0,
        0,
        0,
        0,
        0,
        0,
        0,
        0,
        0,
        0,
        0,
        0,
        0,
        0,
        0,
        0,
        0,
        0,
        0,
        0,
        0,
        0,
        0,
        0,
        0,
        0,
        0,
        0,
        0
    ],
    "recent_steps": [
        182,
        153,
        152,
        149,
        136,
        148,
        209,
        153,
        132,
        136,
        222,
        156,
        147,
        173,
        137,
        150,
        149,
        131,
        150,
        141,
        149,
        136,
        146,
        120,
        197,
        160,
        195,
        155,
        130,
        129,
        204,
        213,
        121,
        203,
        199,
        136,
        147,
        206,
        138,
        131,
        147,
        151,
        144,
        149,
        167,
        198,
        127,
        134,
        163,
        166,
        212,
        140,
        134,
        180,
        192,
        140,
        184,
        197,
        142,
        126,
        144,
        62,
        132,
        156,
        119,
        185,
        122,
        148,
        65,
        134,
        148,
        139,
        151,
        175,
        116,
        142,
        124,
        173,
        183,
        168,
        81,
        139,
        193,
        144,
        190,
        130,
        124,
        133,
        173,
        128,
        129,
        147,
        160,
        179,
        167,
        192,
        161,
        196,
        136,
        129
    ],
    "params": {
        "max_episodes": 1500,
        "max_steps": 600,
        "batch_size": 64,
        "learning_rate": 3e-05,
        "gamma": 0.99,
        "initial_epsilon": 0.15,
        "epsilon_decay": 0.999,
        "min_epsilon": 0.02,
        "memory_size": 150000,
        "target_update_freq": 5,
        "checkpoint_freq": 100,
        "resource_monitor_freq": 10
    },
    "resource_summary": "Training Time: 7:58:47\nAvg CPU Usage: 57.1%\nAvg Memory Usage: 2.7%"
}