{
    "episode": 1200,
    "best_reward": 828.265130720961,
    "best_success_rate": 1.0,
    "recent_rewards": [
        713.1426267423947,
        684.7032135390791,
        658.1667574546959,
        759.7717901693597,
        356.16629979057143,
        370.3441742040792,
        -184.1253419258376,
        516.6369422192797,
        711.2042947612354,
        776.052881158701,
        671.3260923358082,
        507.79662565851345,
        515.2356775060678,
        525.3759960690481,
        766.3499363142928,
        727.6948040413346,
        493.0270890191113,
        685.9201809665728,
        384.98795499399455,
        811.7335949434819,
        394.05065030799136,
        517.5818716641688,
        783.9589025352318,
        721.2682133002354,
        821.191357293607,
        784.4204253011574,
        779.7585991869039,
        476.7610825887717,
        448.2970859793943,
        516.6154185284274,
        465.66315737863476,
        733.3685642654143,
        428.05261801605826,
        719.0144802562129,
        707.3525363340895,
        740.7063798889001,
        731.8479927391406,
        466.09445697043884,
        771.0563419540108,
        746.2507861783571,
        761.6261975985353,
        642.4227098862158,
        720.7010426398415,
        662.7643537219401,
        749.4408838942568,
        730.8244456906248,
        677.4374248359127,
        759.0451220978629,
        763.6111574067234,
        406.8705619568546,
        808.7792518723958,
        809.3870763668929,
        688.6219285683976,
        306.3323277961859,
        731.8176537403364,
        412.0626479223858,
        467.6528056534657,
        756.6123393148605,
        669.7328762099789,
        785.3138449546948,
        770.9621490479626,
        775.730463902319,
        651.2614912688638,
        731.351855752898,
        713.5635286505951,
        450.6011524110975,
        534.9903110728968,
        442.4949681155184,
        482.9574029742038,
        449.62716254884685,
        663.196914994705,
        725.0563885185035,
        707.4076176366679,
        707.7132300851472,
        667.8202666297655,
        748.2636950241337,
        804.7189868547374,
        719.6568431756338,
        476.6642256518916,
        736.9351342105729,
        597.3834797726633,
        668.377603085032,
        704.6920558145825,
        595.9989080097912,
        733.8482220281405,
        711.0475525801698,
        738.7799910620237,
        542.164772991523,
        748.9719413794094,
        703.1650391468486,
        671.8405905149659,
        745.6082633754447,
        791.8955344368308,
        543.1906477539876,
        756.3195903523439,
        662.6695329014159,
        811.197969931645,
        747.0794344402774,
        757.8862753748808,
        748.984742103051
    ],
    "recent_successes": [
        1,
        1,
        1,
        1,
        1,
        1,
        0,
        1,
        1,
        1,
        1,
        1,
        1,
        1,
        1,
        1,
        1,
        1,
        1,
        1,
        1,
        1,
        1,
        1,
        1,
        1,
        1,
        1,
        1,
        1,
        1,
        1,
        1,
        1,
        1,
        1,
        1,
        1,
        1,
        1,
        1,
        1,
        1,
        1,
        1,
        1,
        1,
        1,
        1,
        1,
        1,
        1,
        1,
        1,
        1,
        1,
        1,
        1,
        1,
        1,
        1,
        1,
        1,
        1,
        1,
        1,
        1,
        1,
        1,
        1,
        1,
        1,
        1,
        1,
        1,
        1,
        1,
        1,
        1,
        1,
        1,
        1,
        1,
        1,
        1,
        1,
        1,
        1,
        1,
        1,
        1,
        1,
        1,
        1,
        1,
        1,
        1,
        1,
        1,
        1
    ],
    "recent_collisions": [
        0,
        0,
        0,
        0,
        0,
        0,
        1,
        0,
        0,
        0,
        0,
        0,
        0,
        0,
        0,
        0,
        0,
        0,
        0,
        0,
        0,
        0,
        0,
        0,
        0,
        0,
        0,
        0,
        0,
        0,
        0,
        0,
        0,
        0,
        0,
        0,
        0,
        0,
        0,
        0,
        0,
        0,
        0,
        0,
        0,
        0,
        0,
        0,
        0,
        0,
        0,
        0,
        0,
        0,
        0,
        0,
        0,
        0,
        0,
        0,
        0,
        0,
        0,
        0,
        0,
        0,
        0,
        0,
        0,
        0,
        0,
        0,
        0,
        0,
        0,
        0,
        0,
        0,
        0,
        0,
        0,
        0,
        0,
        0,
        0,
        0,
        0,
        0,
        0,
        0,
        0,
        0,
        0,
        0,
        0,
        0,
        0,
        0,
        0,
        0
    ],
    "recent_steps": [
        164,
        134,
        137,
        151,
        169,
        178,
        79,
        180,
        171,
        129,
        148,
        214,
        202,
        185,
        149,
        158,
        194,
        166,
        188,
        135,
        191,
        192,
        139,
        174,
        126,
        134,
        128,
        214,
        205,
        188,
        203,
        169,
        183,
        133,
        162,
        154,
        158,
        210,
        128,
        164,
        169,
        148,
        166,
        158,
        145,
        168,
        161,
        172,
        136,
        121,
        128,
        140,
        171,
        183,
        147,
        128,
        173,
        146,
        161,
        165,
        177,
        154,
        163,
        139,
        159,
        186,
        180,
        182,
        165,
        188,
        202,
        153,
        173,
        191,
        156,
        157,
        135,
        168,
        173,
        180,
        171,
        169,
        131,
        190,
        192,
        171,
        159,
        196,
        138,
        160,
        144,
        170,
        174,
        191,
        174,
        127,
        129,
        143,
        167,
        120
    ],
    "params": {
        "max_episodes": 1500,
        "max_steps": 600,
        "batch_size": 64,
        "learning_rate": 3e-05,
        "gamma": 0.99,
        "initial_epsilon": 0.15,
        "epsilon_decay": 0.999,
        "min_epsilon": 0.02,
        "memory_size": 150000,
        "target_update_freq": 5,
        "checkpoint_freq": 100,
        "resource_monitor_freq": 10
    },
    "resource_summary": "Training Time: 8:47:09\nAvg CPU Usage: 56.8%\nAvg Memory Usage: 2.7%"
}