{
    "episode": 900,
    "best_reward": 826.072587126452,
    "best_success_rate": 1.0,
    "recent_rewards": [
        428.82335515461403,
        742.5862079541787,
        387.628695398021,
        817.3612219259737,
        403.64570652964096,
        775.9087203535092,
        794.2725478760401,
        720.5076786205118,
        610.647688407305,
        665.6960968128119,
        730.7756457973171,
        701.2938539865419,
        722.7193417715462,
        669.6918208037085,
        679.9133573844665,
        403.704715531543,
        672.6937420104754,
        612.0499945491208,
        716.0556471901239,
        682.2739190757734,
        761.0912496412398,
        739.9327431509573,
        544.4010543125913,
        -131.140492868875,
        -8.92852761932312,
        50.4572104873732,
        716.1457237923368,
        450.0045684555,
        741.9098196456531,
        670.8270196779459,
        649.1824446317511,
        801.9807935613073,
        683.7930576053034,
        781.6994608139066,
        668.6143263274096,
        688.5872457355816,
        387.99340121308745,
        621.6736409484035,
        390.64377022871815,
        719.8641343453703,
        601.6859185507053,
        534.3864810600408,
        740.2703080771774,
        691.3962946360666,
        740.3330890320607,
        528.7120356649475,
        672.6293386998566,
        664.9512957885357,
        749.8137438990603,
        667.8684868294921,
        710.638404588249,
        470.8696877092555,
        662.4200034860818,
        718.2187622082458,
        669.5568692193816,
        619.8441522679719,
        667.2558502757173,
        706.392164952607,
        591.5359979213449,
        726.2341448831575,
        655.2952665919918,
        19.156246578430128,
        681.8354449744843,
        -89.33166825435963,
        769.3001718226265,
        -157.43344477030615,
        787.4073685295377,
        807.2511365101457,
        771.0439935880637,
        748.752914918059,
        744.1020974071264,
        673.15877863449,
        736.1860117222093,
        692.7178732166792,
        826.072587126452,
        785.8465719176644,
        788.9354385872695,
        762.6558246878059,
        763.6833844085368,
        779.3152671362183,
        -164.369044096703,
        392.2728544973745,
        825.3770039391432,
        740.2900021057937,
        11.28157497213867,
        475.7808301031796,
        16.914769304867733,
        700.1321634907255,
        644.2267750376084,
        724.1266391740513,
        -128.92913362152092,
        696.6812459717768,
        79.85428563190395,
        752.1164052456593,
        763.3205918319677,
        -188.56931712542962,
        755.4150404168822,
        47.4980521381969,
        49.95684486057387,
        45.10991900105934
    ],
    "recent_successes": [
        1,
        1,
        1,
        1,
        1,
        1,
        1,
        1,
        1,
        1,
        1,
        1,
        1,
        1,
        1,
        1,
        1,
        1,
        1,
        1,
        1,
        1,
        1,
        0,
        0,
        1,
        1,
        1,
        1,
        1,
        1,
        1,
        1,
        1,
        1,
        1,
        1,
        1,
        1,
        1,
        1,
        1,
        1,
        1,
        1,
        1,
        1,
        1,
        1,
        1,
        1,
        1,
        1,
        1,
        1,
        1,
        1,
        1,
        1,
        1,
        1,
        0,
        1,
        0,
        1,
        0,
        1,
        1,
        1,
        1,
        1,
        1,
        1,
        1,
        1,
        1,
        1,
        1,
        1,
        1,
        0,
        1,
        1,
        1,
        0,
        1,
        0,
        1,
        1,
        1,
        0,
        1,
        1,
        1,
        1,
        0,
        1,
        0,
        0,
        0
    ],
    "recent_collisions": [
        0,
        0,
        0,
        0,
        0,
        0,
        0,
        0,
        0,
        0,
        0,
        0,
        0,
        0,
        0,
        0,
        0,
        0,
        0,
        0,
        0,
        0,
        0,
        1,
        0,
        0,
        0,
        0,
        0,
        0,
        0,
        0,
        0,
        0,
        0,
        0,
        0,
        0,
        0,
        0,
        0,
        0,
        0,
        0,
        0,
        0,
        0,
        0,
        0,
        0,
        0,
        0,
        0,
        0,
        0,
        0,
        0,
        0,
        0,
        0,
        0,
        0,
        0,
        1,
        0,
        1,
        0,
        0,
        0,
        0,
        0,
        0,
        0,
        0,
        0,
        0,
        0,
        0,
        0,
        0,
        1,
        0,
        0,
        0,
        0,
        0,
        0,
        0,
        0,
        0,
        1,
        0,
        0,
        0,
        0,
        1,
        0,
        0,
        0,
        0
    ],
    "recent_steps": [
        188,
        147,
        192,
        127,
        195,
        141,
        126,
        154,
        133,
        158,
        152,
        162,
        157,
        231,
        229,
        234,
        154,
        173,
        177,
        154,
        140,
        163,
        185,
        67,
        64,
        67,
        136,
        195,
        144,
        167,
        140,
        147,
        154,
        164,
        177,
        151,
        192,
        176,
        205,
        153,
        163,
        187,
        172,
        133,
        154,
        165,
        124,
        155,
        140,
        140,
        149,
        179,
        159,
        158,
        152,
        142,
        139,
        150,
        155,
        129,
        166,
        64,
        154,
        73,
        148,
        68,
        136,
        150,
        138,
        167,
        145,
        158,
        144,
        139,
        122,
        130,
        134,
        136,
        149,
        131,
        76,
        190,
        128,
        123,
        87,
        149,
        67,
        142,
        150,
        133,
        64,
        176,
        71,
        127,
        157,
        59,
        134,
        81,
        78,
        69
    ],
    "params": {
        "max_episodes": 1500,
        "max_steps": 600,
        "batch_size": 64,
        "learning_rate": 3e-05,
        "gamma": 0.99,
        "initial_epsilon": 0.15,
        "epsilon_decay": 0.999,
        "min_epsilon": 0.02,
        "memory_size": 150000,
        "target_update_freq": 5,
        "checkpoint_freq": 100,
        "resource_monitor_freq": 10
    },
    "resource_summary": "Training Time: 6:29:42\nAvg CPU Usage: 57.8%\nAvg Memory Usage: 2.7%"
}