{
    "episode": 1000,
    "best_reward": 1869.1274375393016,
    "best_success_rate": 1.0,
    "curriculum_level": 3,
    "recent_rewards": [
        807.9524489380557,
        895.3596757409016,
        884.3869930764746,
        852.0415151252175,
        805.859887540844,
        832.873594528445,
        812.879337755126,
        857.8511115512131,
        817.2011377947603,
        854.4569937871638,
        860.2397735671971,
        56.601151767548345,
        902.8932075917351,
        853.8880657811825,
        700.0006973155591,
        831.4972633566466,
        818.9564319251167,
        698.2161980259689,
        839.3185941993041,
        828.8068228791412,
        824.8200773753827,
        722.6789442286088,
        767.3853755933181,
        777.5758003766978,
        804.6640154538579,
        798.9092824156503,
        870.0253409480677,
        936.06529562491,
        785.6721462471623,
        836.9708691675543,
        776.7915193491388,
        856.6202802131326,
        807.0717660005449,
        875.2549542490527,
        773.4142108473116,
        848.3034409534737,
        781.9757979262642,
        744.6949267403893,
        821.9174774842727,
        778.7834331538378,
        753.4334498840974,
        729.083243250072,
        -12.888272673598578,
        803.14467724052,
        833.6547672467354,
        737.8589087835345,
        711.0074534718349,
        796.0566274004333,
        8.43431099289947,
        790.269414328872,
        773.1696318512737,
        819.8142535879399,
        733.2396970840845,
        764.9832885272718,
        903.2115561946229,
        852.3206654544531,
        39.005818465578784,
        767.9318762305008,
        27.908662456343734,
        835.6967274647419,
        900.8591798186203,
        22.428772438788087,
        821.9005128314229,
        782.6980577307864,
        778.9401775904198,
        95.51679864377016,
        888.8623675089374,
        57.20648473501646,
        20.200115659522396,
        821.8379642221414,
        791.3909905379849,
        866.3763907106019,
        859.578334418273,
        882.7137310193,
        905.0963965725597,
        799.8578438085382,
        781.9947123685117,
        834.2161612277548,
        899.6448956629096,
        871.6523284753998,
        880.0214446761242,
        827.6946189487131,
        846.9013829173944,
        821.8472366162825,
        855.1525650374018,
        5.5237456184711675,
        873.3860880618857,
        868.6728708154934,
        833.5963872025523,
        786.1464110673062,
        776.4631435026296,
        832.0187126506141,
        860.503628879779,
        932.2435965319676,
        983.8936664177454,
        758.1623174636019,
        815.0746847449323,
        872.2388464726303,
        789.6605446587768,
        895.7342811201246
    ],
    "recent_successes": [
        1,
        1,
        1,
        1,
        1,
        1,
        1,
        1,
        1,
        1,
        1,
        1,
        1,
        1,
        1,
        1,
        1,
        1,
        1,
        1,
        1,
        1,
        1,
        1,
        1,
        1,
        1,
        1,
        1,
        1,
        1,
        1,
        1,
        1,
        1,
        1,
        1,
        1,
        1,
        1,
        1,
        1,
        0,
        1,
        1,
        1,
        1,
        1,
        0,
        1,
        1,
        1,
        1,
        1,
        1,
        1,
        0,
        1,
        0,
        1,
        1,
        0,
        1,
        1,
        1,
        1,
        1,
        1,
        0,
        1,
        1,
        1,
        1,
        1,
        1,
        1,
        1,
        1,
        1,
        1,
        1,
        1,
        1,
        1,
        1,
        0,
        1,
        1,
        1,
        1,
        1,
        1,
        1,
        1,
        1,
        1,
        1,
        1,
        1,
        1
    ],
    "recent_collisions": [
        0,
        0,
        0,
        0,
        0,
        0,
        0,
        0,
        0,
        0,
        0,
        0,
        0,
        0,
        0,
        0,
        0,
        0,
        0,
        0,
        0,
        0,
        0,
        0,
        0,
        0,
        0,
        0,
        0,
        0,
        0,
        0,
        0,
        0,
        0,
        0,
        0,
        0,
        0,
        0,
        0,
        0,
        0,
        0,
        0,
        0,
        0,
        0,
        0,
        0,
        0,
        0,
        0,
        0,
        0,
        0,
        0,
        0,
        0,
        0,
        0,
        0,
        0,
        0,
        0,
        0,
        0,
        0,
        0,
        0,
        0,
        0,
        0,
        0,
        0,
        0,
        0,
        0,
        0,
        0,
        0,
        0,
        0,
        0,
        0,
        0,
        0,
        0,
        0,
        0,
        0,
        0,
        0,
        0,
        0,
        0,
        0,
        0,
        0,
        0
    ],
    "recent_steps": [
        127,
        158,
        157,
        147,
        136,
        139,
        134,
        159,
        137,
        151,
        142,
        54,
        158,
        152,
        108,
        147,
        139,
        120,
        148,
        139,
        136,
        119,
        136,
        128,
        138,
        136,
        146,
        192,
        131,
        133,
        128,
        189,
        142,
        181,
        119,
        153,
        140,
        124,
        150,
        134,
        135,
        121,
        35,
        131,
        143,
        123,
        103,
        150,
        50,
        140,
        138,
        143,
        123,
        133,
        170,
        168,
        49,
        128,
        56,
        145,
        164,
        54,
        147,
        135,
        134,
        73,
        180,
        57,
        48,
        153,
        128,
        158,
        160,
        165,
        176,
        139,
        138,
        147,
        168,
        162,
        157,
        148,
        158,
        147,
        143,
        44,
        173,
        148,
        163,
        137,
        135,
        148,
        145,
        175,
        232,
        134,
        154,
        154,
        140,
        175
    ],
    "params": {
        "max_episodes": 1500,
        "max_steps": 500,
        "batch_size": 64,
        "learning_rate": 0.0001,
        "gamma": 0.99,
        "initial_epsilon": 1.0,
        "epsilon_decay": 0.995,
        "min_epsilon": 0.05,
        "memory_size": 100000,
        "target_update_freq": 5,
        "curriculum_stages": 4
    }
}