{
    "episode": 1500,
    "best_reward": 1869.1274375393016,
    "best_success_rate": 1.0,
    "curriculum_level": 3,
    "recent_rewards": [
        920.4106179625373,
        865.7357637734166,
        911.0952413577176,
        947.002531473852,
        886.7492155201048,
        858.772001003284,
        946.021194619941,
        955.0821403204808,
        860.8133643578196,
        927.340314743033,
        967.2291802135479,
        896.8211680749466,
        860.8267350137921,
        919.0432020028809,
        832.3224006370224,
        915.184681482668,
        871.2843352943361,
        854.4778902338395,
        929.9359208084014,
        925.7055894303079,
        873.1074027454242,
        876.9572061573753,
        901.5670702353603,
        848.2386326212807,
        879.9799944257187,
        843.8174729328226,
        899.3779766548731,
        900.346328507714,
        859.5856862098253,
        917.9561215827731,
        935.1832759958104,
        885.6831500136229,
        834.1740768774011,
        891.3913714383791,
        882.831441387657,
        813.7072058980334,
        867.6378431984785,
        915.7344183660987,
        857.5348728952562,
        902.9455738306622,
        928.8749312784639,
        882.4975228425712,
        926.5701353237248,
        889.2631277930848,
        885.110099936709,
        882.0237091660338,
        870.2454080707905,
        900.9321446995839,
        880.9177864336034,
        862.428521275993,
        874.1778135197347,
        856.8634430561718,
        918.90118319745,
        918.6582789023323,
        849.9981593743223,
        886.638607535473,
        920.5912849856326,
        844.2854348103448,
        902.2154672580813,
        896.6036399600291,
        898.1277873617207,
        929.2790238575262,
        840.2462111955782,
        893.7733654485285,
        880.090330861718,
        925.5448347048086,
        905.2961745380529,
        917.037492967273,
        921.3412460076686,
        888.9783131375727,
        922.700797135769,
        865.8193521592927,
        873.8656595991554,
        866.5407093529648,
        917.6303406909091,
        902.4593146444427,
        832.7824272537603,
        905.0981830897205,
        863.2874760563187,
        877.9556697323608,
        956.1869557727834,
        926.0861177922627,
        992.2153610145035,
        904.2711984936902,
        865.3746987968005,
        902.5170285176688,
        933.5192468866303,
        889.7157297745986,
        874.0399690718184,
        889.5380483176064,
        853.4955543341482,
        897.274525262925,
        889.3739665858956,
        873.6060077549673,
        906.1505225606666,
        932.3705033100359,
        1000.9412647378863,
        866.3003065307255,
        907.2393203233389,
        870.1429171367104
    ],
    "recent_successes": [
        1,
        1,
        1,
        1,
        1,
        1,
        1,
        1,
        1,
        1,
        1,
        1,
        1,
        1,
        1,
        1,
        1,
        1,
        1,
        1,
        1,
        1,
        1,
        1,
        1,
        1,
        1,
        1,
        1,
        1,
        1,
        1,
        1,
        1,
        1,
        1,
        1,
        1,
        1,
        1,
        1,
        1,
        1,
        1,
        1,
        1,
        1,
        1,
        1,
        1,
        1,
        1,
        1,
        1,
        1,
        1,
        1,
        1,
        1,
        1,
        1,
        1,
        1,
        1,
        1,
        1,
        1,
        1,
        1,
        1,
        1,
        1,
        1,
        1,
        1,
        1,
        1,
        1,
        1,
        1,
        1,
        1,
        1,
        1,
        1,
        1,
        1,
        1,
        1,
        1,
        1,
        1,
        1,
        1,
        1,
        1,
        1,
        1,
        1,
        1
    ],
    "recent_collisions": [
        0,
        0,
        0,
        0,
        0,
        0,
        0,
        0,
        0,
        0,
        0,
        0,
        0,
        0,
        0,
        0,
        0,
        0,
        0,
        0,
        0,
        0,
        0,
        0,
        0,
        0,
        0,
        0,
        0,
        0,
        0,
        0,
        0,
        0,
        0,
        0,
        0,
        0,
        0,
        0,
        0,
        0,
        0,
        0,
        0,
        0,
        0,
        0,
        0,
        0,
        0,
        0,
        0,
        0,
        0,
        0,
        0,
        0,
        0,
        0,
        0,
        0,
        0,
        0,
        0,
        0,
        0,
        0,
        0,
        0,
        0,
        0,
        0,
        0,
        0,
        0,
        0,
        0,
        0,
        0,
        0,
        0,
        0,
        0,
        0,
        0,
        0,
        0,
        0,
        0,
        0,
        0,
        0,
        0,
        0,
        0,
        0,
        0,
        0,
        0
    ],
    "recent_steps": [
        176,
        152,
        165,
        175,
        164,
        144,
        170,
        174,
        161,
        198,
        178,
        155,
        157,
        168,
        143,
        169,
        158,
        151,
        169,
        172,
        152,
        149,
        158,
        148,
        152,
        141,
        168,
        152,
        149,
        163,
        173,
        154,
        141,
        151,
        153,
        136,
        155,
        158,
        147,
        164,
        185,
        156,
        168,
        153,
        149,
        156,
        149,
        154,
        153,
        149,
        151,
        146,
        166,
        167,
        148,
        159,
        162,
        145,
        159,
        155,
        158,
        188,
        142,
        165,
        148,
        166,
        161,
        176,
        169,
        165,
        163,
        149,
        152,
        153,
        163,
        158,
        142,
        153,
        146,
        144,
        173,
        164,
        210,
        154,
        146,
        159,
        170,
        156,
        164,
        165,
        144,
        157,
        162,
        152,
        165,
        165,
        185,
        148,
        159,
        157
    ],
    "params": {
        "max_episodes": 1500,
        "max_steps": 500,
        "batch_size": 64,
        "learning_rate": 0.0001,
        "gamma": 0.99,
        "initial_epsilon": 1.0,
        "epsilon_decay": 0.995,
        "min_epsilon": 0.05,
        "memory_size": 100000,
        "target_update_freq": 5,
        "curriculum_stages": 4
    }
}