{
    "episode": 1400,
    "best_reward": 1869.1274375393016,
    "best_success_rate": 1.0,
    "curriculum_level": 3,
    "recent_rewards": [
        904.8637502265796,
        989.0927793081419,
        893.3294458015425,
        888.3342375364016,
        889.9391908995492,
        839.496961638602,
        81.66728052335623,
        1020.6850655786443,
        195.99761896332268,
        851.3455746151699,
        979.8920151552702,
        933.8791168498346,
        920.1958218721993,
        177.22989280733594,
        950.7734375172724,
        819.1081197817688,
        864.7846535178078,
        848.206462630425,
        857.6877848084076,
        87.62640281418751,
        988.0367571485615,
        953.7939148555372,
        894.5061882868137,
        67.34863497919511,
        848.742086681409,
        876.0613087775183,
        893.2163442953681,
        934.6270575161066,
        902.7588549686601,
        899.3228504609747,
        880.5097651176013,
        822.2128977248336,
        946.0182836324309,
        915.3832453128304,
        918.8800626906022,
        920.2759432145339,
        891.3761618501053,
        907.6377660344364,
        899.3427264178897,
        938.3637625846818,
        864.8345804199267,
        897.7180414296549,
        883.4843141212134,
        901.1634151345744,
        910.0242434471563,
        885.1179830626081,
        877.1790394991245,
        946.0937137848135,
        864.849309000934,
        997.4547863456285,
        841.1758986659213,
        871.3153742463694,
        967.560449471102,
        917.9930794200807,
        885.6666918989333,
        918.162394101337,
        928.413330764015,
        915.7385540205496,
        902.2470992967449,
        969.0271529832708,
        130.61028356371236,
        915.7301335989497,
        919.3527470224684,
        868.1363951946267,
        915.9942283691148,
        900.0112526604223,
        837.9678605289697,
        922.3829818936634,
        854.7473973645583,
        1287.1136883234963,
        963.6016480744171,
        889.9829590664856,
        867.2348417372492,
        948.2142902776026,
        968.8322044253014,
        934.2991790296293,
        883.019161817401,
        904.214441673565,
        916.8409424144903,
        830.8029259767281,
        911.6662946940792,
        1038.57818793802,
        851.4205500336273,
        919.375813972586,
        282.54658826620096,
        1033.2181477285062,
        892.1483812337184,
        932.4186205941844,
        976.1150499588305,
        889.8890267329714,
        925.4001794282813,
        811.6613825925311,
        900.415823806996,
        900.7478434315991,
        942.144947889413,
        949.5906935302377,
        151.80704322084404,
        901.6862381764286,
        88.958817644876,
        920.4106179625373
    ],
    "recent_successes": [
        1,
        1,
        1,
        1,
        1,
        1,
        1,
        1,
        1,
        1,
        1,
        1,
        1,
        1,
        1,
        1,
        1,
        1,
        1,
        1,
        1,
        1,
        1,
        1,
        1,
        1,
        1,
        1,
        1,
        1,
        1,
        1,
        1,
        1,
        1,
        1,
        1,
        1,
        1,
        1,
        1,
        1,
        1,
        1,
        1,
        1,
        1,
        1,
        1,
        1,
        1,
        1,
        1,
        1,
        1,
        1,
        1,
        1,
        1,
        1,
        1,
        1,
        1,
        1,
        1,
        1,
        1,
        1,
        1,
        1,
        1,
        1,
        1,
        1,
        1,
        1,
        1,
        1,
        1,
        1,
        1,
        1,
        1,
        1,
        1,
        1,
        1,
        1,
        1,
        1,
        1,
        1,
        1,
        1,
        1,
        1,
        1,
        1,
        1,
        1
    ],
    "recent_collisions": [
        0,
        0,
        0,
        0,
        0,
        0,
        0,
        0,
        0,
        0,
        0,
        0,
        0,
        0,
        0,
        0,
        0,
        0,
        0,
        0,
        0,
        0,
        0,
        0,
        0,
        0,
        0,
        0,
        0,
        0,
        0,
        0,
        0,
        0,
        0,
        0,
        0,
        0,
        0,
        0,
        0,
        0,
        0,
        0,
        0,
        0,
        0,
        0,
        0,
        0,
        0,
        0,
        0,
        0,
        0,
        0,
        0,
        0,
        0,
        0,
        0,
        0,
        0,
        0,
        0,
        0,
        0,
        0,
        0,
        0,
        0,
        0,
        0,
        0,
        0,
        0,
        0,
        0,
        0,
        0,
        0,
        0,
        0,
        0,
        0,
        0,
        0,
        0,
        0,
        0,
        0,
        0,
        0,
        0,
        0,
        0,
        0,
        0,
        0,
        0
    ],
    "recent_steps": [
        166,
        192,
        151,
        150,
        160,
        147,
        68,
        196,
        111,
        146,
        180,
        162,
        160,
        103,
        173,
        140,
        147,
        142,
        146,
        80,
        214,
        163,
        163,
        57,
        141,
        149,
        158,
        166,
        154,
        162,
        157,
        139,
        174,
        167,
        164,
        169,
        162,
        164,
        155,
        164,
        153,
        157,
        161,
        156,
        163,
        158,
        157,
        172,
        156,
        190,
        144,
        148,
        174,
        164,
        158,
        159,
        167,
        162,
        164,
        183,
        81,
        163,
        165,
        154,
        164,
        155,
        149,
        166,
        146,
        364,
        194,
        165,
        165,
        170,
        217,
        180,
        153,
        158,
        166,
        214,
        176,
        213,
        145,
        172,
        207,
        253,
        162,
        167,
        186,
        167,
        175,
        137,
        160,
        160,
        174,
        173,
        95,
        163,
        66,
        176
    ],
    "params": {
        "max_episodes": 1500,
        "max_steps": 500,
        "batch_size": 64,
        "learning_rate": 0.0001,
        "gamma": 0.99,
        "initial_epsilon": 1.0,
        "epsilon_decay": 0.995,
        "min_epsilon": 0.05,
        "memory_size": 100000,
        "target_update_freq": 5,
        "curriculum_stages": 4
    }
}