{
    "episode": 500,
    "best_reward": 1562.6083293506044,
    "best_success_rate": 1.0,
    "curriculum_level": 3,
    "recent_rewards": [
        862.5344847761655,
        776.4192050998425,
        76.97691923583804,
        129.1100833443674,
        76.49053183381136,
        940.9531495673023,
        951.3312908122778,
        952.5518310056519,
        682.4882402096614,
        945.7338394633366,
        894.0159585552922,
        886.7657662523102,
        1008.9845989049797,
        855.6989500373321,
        962.5052965963536,
        792.3675641562298,
        913.2290334026874,
        884.9504950267793,
        858.2069319383269,
        820.9578325230766,
        907.0557734099061,
        892.2701550212146,
        903.7384869123216,
        726.8882243239683,
        876.196477467061,
        873.8763321944353,
        996.5039749248358,
        816.1564677261329,
        867.3142381541473,
        846.9262623935336,
        847.0899842938968,
        68.96705871403745,
        77.4710433872797,
        839.831773802056,
        98.3060044854671,
        873.7028894248967,
        86.78357200599766,
        785.5996374803077,
        580.9412999364715,
        792.7324963576248,
        20.572698067639607,
        819.0759885301641,
        865.1926956784848,
        898.0354890093289,
        802.6732407162672,
        927.449023721737,
        1003.2012104009005,
        566.5504147830068,
        789.6074155425636,
        558.7198794780371,
        768.9931757651904,
        894.1085414796697,
        928.4453185333925,
        865.5911956388998,
        912.5911328710367,
        694.4966740593293,
        819.2131003932425,
        807.2898650861662,
        883.0723600942301,
        897.7999078839567,
        772.2594807176242,
        587.7234228237228,
        800.6116970097753,
        630.6621331500617,
        701.1025583922437,
        817.4244103004619,
        581.3747677520979,
        807.0616141538062,
        824.8579847461805,
        551.8511246645174,
        609.9636907656459,
        803.5215357619029,
        899.1224085977556,
        842.4827940414372,
        852.2163088483406,
        629.7605388882716,
        826.829228700908,
        798.0409349788014,
        822.0456819891452,
        759.4795595855321,
        825.074777493767,
        797.9124343409436,
        813.2097493955695,
        838.5197390662926,
        836.8772843143145,
        791.5356859143398,
        849.5368618270383,
        796.175309393801,
        803.4411129009261,
        669.0248895137154,
        807.7115684965358,
        828.9030452194395,
        770.774919714028,
        848.3917900238853,
        878.5778606308343,
        808.9278704941453,
        833.0081037647568,
        852.543864312754,
        830.8835296885504,
        836.7434360065428
    ],
    "recent_successes": [
        1,
        1,
        1,
        1,
        1,
        1,
        1,
        1,
        1,
        1,
        1,
        1,
        1,
        1,
        1,
        1,
        1,
        1,
        1,
        1,
        1,
        1,
        1,
        1,
        1,
        1,
        1,
        1,
        1,
        1,
        1,
        1,
        1,
        1,
        1,
        1,
        1,
        1,
        1,
        1,
        0,
        1,
        1,
        1,
        1,
        1,
        1,
        1,
        1,
        1,
        1,
        1,
        1,
        1,
        1,
        1,
        1,
        1,
        1,
        1,
        1,
        1,
        1,
        1,
        1,
        1,
        1,
        1,
        1,
        1,
        1,
        1,
        1,
        1,
        1,
        1,
        1,
        1,
        1,
        1,
        1,
        1,
        1,
        1,
        1,
        1,
        1,
        1,
        1,
        1,
        1,
        1,
        1,
        1,
        1,
        1,
        1,
        1,
        1,
        1
    ],
    "recent_collisions": [
        0,
        0,
        0,
        0,
        0,
        0,
        0,
        0,
        0,
        0,
        0,
        0,
        0,
        0,
        0,
        0,
        0,
        0,
        0,
        0,
        0,
        0,
        0,
        0,
        0,
        0,
        0,
        0,
        0,
        0,
        0,
        0,
        0,
        0,
        0,
        0,
        0,
        0,
        0,
        0,
        0,
        0,
        0,
        0,
        0,
        0,
        0,
        0,
        0,
        0,
        0,
        0,
        0,
        0,
        0,
        0,
        0,
        0,
        0,
        0,
        0,
        0,
        0,
        0,
        0,
        0,
        0,
        0,
        0,
        0,
        0,
        0,
        0,
        0,
        0,
        0,
        0,
        0,
        0,
        0,
        0,
        0,
        0,
        0,
        0,
        0,
        0,
        0,
        0,
        0,
        0,
        0,
        0,
        0,
        0,
        0,
        0,
        0,
        0,
        0
    ],
    "recent_steps": [
        145,
        128,
        63,
        80,
        63,
        185,
        177,
        193,
        201,
        173,
        159,
        157,
        218,
        152,
        173,
        132,
        157,
        153,
        141,
        140,
        162,
        175,
        161,
        197,
        162,
        175,
        213,
        127,
        166,
        165,
        160,
        60,
        62,
        158,
        69,
        153,
        66,
        193,
        188,
        122,
        43,
        132,
        151,
        185,
        126,
        163,
        224,
        165,
        125,
        175,
        153,
        198,
        172,
        143,
        159,
        175,
        136,
        132,
        147,
        157,
        129,
        166,
        193,
        145,
        165,
        145,
        135,
        126,
        153,
        161,
        149,
        126,
        176,
        139,
        146,
        161,
        137,
        121,
        134,
        159,
        163,
        132,
        128,
        143,
        135,
        132,
        155,
        127,
        129,
        141,
        132,
        147,
        125,
        166,
        175,
        128,
        149,
        168,
        142,
        150
    ],
    "params": {
        "max_episodes": 1500,
        "max_steps": 500,
        "batch_size": 64,
        "learning_rate": 0.0001,
        "gamma": 0.99,
        "initial_epsilon": 1.0,
        "epsilon_decay": 0.995,
        "min_epsilon": 0.05,
        "memory_size": 100000,
        "target_update_freq": 5,
        "curriculum_stages": 4
    }
}