{
    "episode": 1300,
    "best_reward": 1869.1274375393016,
    "best_success_rate": 1.0,
    "curriculum_level": 3,
    "recent_rewards": [
        856.4330519793145,
        894.5547852866687,
        900.1235075748846,
        842.2217502392473,
        39.46248347200455,
        845.900474917946,
        385.683129016512,
        897.2408409127778,
        59.01858825909591,
        828.9727803516607,
        880.4939492653374,
        842.7184003099821,
        939.3194541495747,
        893.355970994656,
        820.9170165188269,
        811.6271190894911,
        238.28518979826381,
        1023.6182121201296,
        883.3658839118101,
        151.744267887894,
        890.8364468282224,
        871.9786454870527,
        876.3836785752181,
        872.565887118009,
        874.0393569189341,
        790.5076533590259,
        844.7976812065464,
        164.05378474820364,
        814.6186953970831,
        950.3067560364543,
        839.585412371374,
        360.9360832001664,
        1007.6139638149327,
        171.5013606974598,
        899.2392996628558,
        950.8860752196008,
        180.25471153679925,
        873.6691334515538,
        850.5018737932461,
        844.7036834400237,
        956.8550115362677,
        784.6504346104923,
        895.6131641289335,
        873.6290939257887,
        950.1852499124388,
        180.0939034706365,
        970.6305096202576,
        894.4686362898992,
        997.1726928824571,
        874.7216603292694,
        51.555257817564694,
        99.45630999007545,
        917.9403866084531,
        58.40067137625073,
        862.3138191491214,
        907.0950983092398,
        878.0358523444496,
        67.68658821984761,
        878.8372292991405,
        936.1220320747288,
        870.3278090948633,
        908.6572211064117,
        80.27542488720786,
        875.566269907648,
        833.6276178951744,
        886.7527929478169,
        824.8231759457362,
        886.4146248392615,
        929.3930158175442,
        919.4621118574868,
        157.46836091628046,
        903.5704232284953,
        727.9221353930437,
        884.0278843174383,
        912.1635381300102,
        854.8709371492879,
        940.4094933389546,
        854.8934028409312,
        882.404826937463,
        630.4508056068051,
        966.4665271141696,
        920.1683642022222,
        47.99075487724403,
        57.578319536609456,
        959.6348459669357,
        889.9321976322248,
        956.1295604840311,
        92.44786862437053,
        858.6727903374756,
        880.0905625773032,
        841.6301008583988,
        852.8702395931107,
        950.3429334656223,
        827.1166808971752,
        91.42202589943079,
        917.7829350864719,
        898.2281173108256,
        871.3297522258129,
        868.1229088101825,
        902.7326179919534
    ],
    "recent_successes": [
        1,
        1,
        1,
        1,
        0,
        1,
        1,
        1,
        1,
        1,
        1,
        1,
        1,
        1,
        1,
        1,
        1,
        1,
        1,
        1,
        1,
        1,
        1,
        1,
        1,
        1,
        1,
        1,
        1,
        1,
        1,
        1,
        1,
        1,
        1,
        1,
        1,
        1,
        1,
        1,
        1,
        1,
        1,
        1,
        1,
        1,
        1,
        1,
        1,
        1,
        1,
        1,
        1,
        1,
        1,
        1,
        1,
        1,
        1,
        1,
        1,
        1,
        1,
        1,
        1,
        1,
        1,
        1,
        1,
        1,
        1,
        1,
        1,
        1,
        1,
        1,
        1,
        1,
        1,
        1,
        1,
        1,
        0,
        1,
        1,
        1,
        1,
        1,
        1,
        1,
        1,
        1,
        1,
        1,
        1,
        1,
        1,
        1,
        1,
        1
    ],
    "recent_collisions": [
        0,
        0,
        0,
        0,
        0,
        0,
        0,
        0,
        0,
        0,
        0,
        0,
        0,
        0,
        0,
        0,
        0,
        0,
        0,
        0,
        0,
        0,
        0,
        0,
        0,
        0,
        0,
        0,
        0,
        0,
        0,
        0,
        0,
        0,
        0,
        0,
        0,
        0,
        0,
        0,
        0,
        0,
        0,
        0,
        0,
        0,
        0,
        0,
        0,
        0,
        0,
        0,
        0,
        0,
        0,
        0,
        0,
        0,
        0,
        0,
        0,
        0,
        0,
        0,
        0,
        0,
        0,
        0,
        0,
        0,
        0,
        0,
        0,
        0,
        0,
        0,
        0,
        0,
        0,
        0,
        0,
        0,
        0,
        0,
        0,
        0,
        0,
        0,
        0,
        0,
        0,
        0,
        0,
        0,
        0,
        0,
        0,
        0,
        0,
        0
    ],
    "recent_steps": [
        139,
        160,
        159,
        140,
        52,
        140,
        201,
        167,
        60,
        145,
        154,
        145,
        169,
        150,
        143,
        131,
        120,
        230,
        153,
        88,
        152,
        150,
        148,
        157,
        149,
        129,
        143,
        96,
        144,
        178,
        149,
        202,
        218,
        105,
        163,
        175,
        102,
        144,
        143,
        143,
        176,
        128,
        162,
        156,
        172,
        108,
        179,
        172,
        189,
        154,
        54,
        70,
        160,
        56,
        147,
        174,
        167,
        64,
        157,
        205,
        156,
        162,
        62,
        151,
        139,
        152,
        139,
        151,
        163,
        160,
        95,
        162,
        187,
        159,
        165,
        151,
        175,
        156,
        159,
        191,
        179,
        159,
        64,
        55,
        181,
        156,
        176,
        66,
        146,
        154,
        148,
        145,
        176,
        137,
        71,
        164,
        170,
        146,
        161,
        161
    ],
    "params": {
        "max_episodes": 1500,
        "max_steps": 500,
        "batch_size": 64,
        "learning_rate": 0.0001,
        "gamma": 0.99,
        "initial_epsilon": 1.0,
        "epsilon_decay": 0.995,
        "min_epsilon": 0.05,
        "memory_size": 100000,
        "target_update_freq": 5,
        "curriculum_stages": 4
    }
}