{
    "episode": 100,
    "best_reward": 889.4789956947295,
    "best_success_rate": 0.93,
    "curriculum_level": 0,
    "recent_rewards": [
        353.35539767254215,
        422.902108740701,
        401.9267825167474,
        424.39955608897515,
        439.84030719127674,
        -24.52807915289948,
        417.944872279323,
        30.412407426768972,
        390.71254320848476,
        418.0626698045733,
        395.71455230442734,
        394.0259032636968,
        399.74369163169365,
        394.7288511916463,
        392.17046493319856,
        404.75981215745037,
        402.2917020425235,
        407.0161363846856,
        683.2113131189495,
        739.5545136735714,
        18.57205737182646,
        216.64692262507396,
        34.492832871298134,
        523.9443685676588,
        633.2075675030483,
        590.6367142992407,
        62.71320728089812,
        39.79254939904876,
        553.5402153677425,
        521.4593123473353,
        456.0050490474456,
        213.02759210453652,
        48.88391618080186,
        448.98380373587565,
        433.5722449068356,
        889.4789956947295,
        139.494400278938,
        151.18420443683948,
        423.894251638682,
        44.36963268588391,
        404.3069432618377,
        397.61059839449706,
        404.0498620247646,
        387.79028917850667,
        397.460433505159,
        401.57586766649865,
        407.983923601175,
        406.4757401121306,
        397.9639659493988,
        403.1489347114942,
        397.9051484216309,
        397.9725696423869,
        396.105557187686,
        393.5965188112839,
        407.4883182063727,
        398.1889751717157,
        409.1766823124185,
        405.1519034858346,
        394.79524914780677,
        402.2029338596566,
        407.3168423261581,
        404.8033030900045,
        411.60877049332754,
        408.0697394915693,
        396.06739311976526,
        400.9346720997443,
        409.00001696373926,
        412.77997591493244,
        397.71989929825656,
        393.2101612687792,
        402.96410852973565,
        397.8087288658255,
        413.31879518098094,
        422.05179646477626,
        401.6862948254503,
        410.0918326727375,
        394.76412638158513,
        409.42183757531245,
        411.02756080689915,
        402.30628602116656,
        408.7387613355255,
        398.24687178601226,
        404.00460379161166,
        406.1809821394452,
        405.39758541116026,
        403.50462513480556,
        396.5772690754259,
        396.9996062427516,
        406.3705236280168,
        396.18827661894255,
        415.6780502873578,
        418.28963780904405,
        403.6549949320687,
        399.00445510598104,
        404.92504077893204,
        404.75447627089306,
        407.1476065555604,
        399.74344725328183,
        406.05114618215447,
        414.5021195042882
    ],
    "recent_successes": [
        1,
        1,
        1,
        1,
        1,
        0,
        1,
        0,
        1,
        1,
        1,
        1,
        1,
        1,
        1,
        1,
        1,
        1,
        1,
        1,
        0,
        1,
        0,
        1,
        1,
        1,
        1,
        0,
        1,
        1,
        1,
        1,
        0,
        1,
        1,
        1,
        1,
        1,
        1,
        0,
        1,
        1,
        1,
        1,
        1,
        1,
        1,
        1,
        1,
        1,
        1,
        1,
        1,
        1,
        1,
        1,
        1,
        1,
        1,
        1,
        1,
        1,
        1,
        1,
        1,
        1,
        1,
        1,
        1,
        1,
        1,
        1,
        1,
        1,
        1,
        1,
        1,
        1,
        1,
        1,
        1,
        1,
        1,
        1,
        1,
        1,
        1,
        1,
        1,
        1,
        1,
        1,
        1,
        1,
        1,
        1,
        1,
        1,
        1,
        1
    ],
    "recent_collisions": [
        0,
        0,
        0,
        0,
        0,
        0,
        0,
        0,
        0,
        0,
        0,
        0,
        0,
        0,
        0,
        0,
        0,
        0,
        0,
        0,
        0,
        0,
        0,
        0,
        0,
        0,
        0,
        0,
        0,
        0,
        0,
        0,
        0,
        0,
        0,
        0,
        0,
        0,
        0,
        0,
        0,
        0,
        0,
        0,
        0,
        0,
        0,
        0,
        0,
        0,
        0,
        0,
        0,
        0,
        0,
        0,
        0,
        0,
        0,
        0,
        0,
        0,
        0,
        0,
        0,
        0,
        0,
        0,
        0,
        0,
        0,
        0,
        0,
        0,
        0,
        0,
        0,
        0,
        0,
        0,
        0,
        0,
        0,
        0,
        0,
        0,
        0,
        0,
        0,
        0,
        0,
        0,
        0,
        0,
        0,
        0,
        0,
        0,
        0,
        0
    ],
    "recent_steps": [
        22,
        24,
        18,
        21,
        27,
        46,
        23,
        41,
        16,
        19,
        16,
        15,
        16,
        18,
        18,
        17,
        18,
        20,
        500,
        405,
        69,
        164,
        56,
        359,
        149,
        260,
        55,
        48,
        200,
        110,
        279,
        162,
        32,
        65,
        47,
        309,
        41,
        41,
        22,
        31,
        16,
        14,
        15,
        16,
        15,
        15,
        17,
        17,
        14,
        15,
        14,
        15,
        14,
        15,
        16,
        14,
        16,
        16,
        17,
        16,
        17,
        17,
        17,
        16,
        14,
        15,
        16,
        17,
        15,
        14,
        15,
        14,
        17,
        22,
        22,
        18,
        16,
        16,
        18,
        16,
        17,
        14,
        16,
        17,
        15,
        16,
        14,
        15,
        17,
        15,
        19,
        18,
        16,
        16,
        18,
        15,
        18,
        14,
        18,
        18
    ],
    "params": {
        "max_episodes": 1500,
        "max_steps": 500,
        "batch_size": 64,
        "learning_rate": 0.0001,
        "gamma": 0.99,
        "initial_epsilon": 1.0,
        "epsilon_decay": 0.995,
        "min_epsilon": 0.05,
        "memory_size": 100000,
        "target_update_freq": 5,
        "curriculum_stages": 4
    }
}