{
    "episode": 1100,
    "best_reward": 1869.1274375393016,
    "best_success_rate": 1.0,
    "curriculum_level": 3,
    "recent_rewards": [
        842.1599975525306,
        853.8002738690632,
        821.9036104314512,
        63.81988637545081,
        822.9352876546316,
        839.5440503310589,
        725.3707036587588,
        847.495254573009,
        913.6737963015387,
        823.9054693603067,
        847.3983974711956,
        790.0333644642944,
        39.25090171165772,
        727.162652406166,
        810.1798981206648,
        789.3900164690812,
        855.2717625315571,
        863.9389224699094,
        919.5007511040635,
        846.1986415199138,
        745.7796902681939,
        867.7962602585168,
        58.399261933460366,
        778.7442095957915,
        743.8189655804017,
        934.9850392048386,
        853.4122674147891,
        928.6795005284455,
        900.8799379185917,
        814.2746642219455,
        27.51607182115214,
        902.2370725447615,
        843.3844775349535,
        16.661457976471212,
        732.4140279482074,
        861.2759345754216,
        817.8948493076887,
        817.0056017900583,
        933.4912868729334,
        854.6484800491771,
        839.8425886809323,
        823.1510756249575,
        67.42355963212333,
        847.5253685576603,
        848.6962742646053,
        928.9595487864993,
        786.5560105596851,
        845.1126812985119,
        812.1633397333565,
        880.362946241713,
        873.204711677543,
        828.0455768740766,
        844.2279025108069,
        15.00805620723375,
        738.9667717258371,
        874.0553480254462,
        56.0834427664484,
        876.6699883331161,
        832.2699555234929,
        819.0526503275273,
        850.358399062405,
        863.8843707067167,
        943.1793708055934,
        832.6871662294102,
        950.8797158696706,
        908.2364755120504,
        834.4031321645365,
        834.6400832959381,
        806.7731586535972,
        63.85910320567555,
        -0.12213446126952476,
        866.7893413175464,
        804.6468242209105,
        788.4046464264438,
        111.15162097433739,
        872.2970701262434,
        801.5204398294007,
        826.402546334898,
        82.71121460125335,
        73.28026292354735,
        26.210962467779922,
        75.04136292575748,
        875.1078001843971,
        900.7249935229696,
        82.14250661347441,
        829.7835673079667,
        805.3088276210331,
        43.422511685073744,
        886.3731814499135,
        846.6718814591346,
        862.6404087019093,
        32.78504449222109,
        810.007894637677,
        907.8376199300789,
        906.6405640406595,
        790.0278525512092,
        890.4915952542422,
        858.0274457375423,
        879.2464980080913,
        839.7685802040199
    ],
    "recent_successes": [
        1,
        1,
        1,
        1,
        1,
        1,
        1,
        1,
        1,
        1,
        1,
        1,
        0,
        1,
        1,
        1,
        1,
        1,
        1,
        1,
        1,
        1,
        1,
        1,
        1,
        1,
        1,
        1,
        1,
        1,
        0,
        1,
        1,
        0,
        1,
        1,
        1,
        1,
        1,
        1,
        1,
        1,
        1,
        1,
        1,
        1,
        1,
        1,
        1,
        1,
        1,
        1,
        1,
        0,
        1,
        1,
        1,
        1,
        1,
        1,
        1,
        1,
        1,
        1,
        1,
        1,
        1,
        1,
        1,
        1,
        0,
        1,
        1,
        1,
        1,
        1,
        1,
        1,
        1,
        1,
        0,
        1,
        1,
        1,
        1,
        1,
        1,
        0,
        1,
        1,
        1,
        0,
        1,
        1,
        1,
        1,
        1,
        1,
        1,
        1
    ],
    "recent_collisions": [
        0,
        0,
        0,
        0,
        0,
        0,
        0,
        0,
        0,
        0,
        0,
        0,
        0,
        0,
        0,
        0,
        0,
        0,
        0,
        0,
        0,
        0,
        0,
        0,
        0,
        0,
        0,
        0,
        0,
        0,
        0,
        0,
        0,
        0,
        0,
        0,
        0,
        0,
        0,
        0,
        0,
        0,
        0,
        0,
        0,
        0,
        0,
        0,
        0,
        0,
        0,
        0,
        0,
        0,
        0,
        0,
        0,
        0,
        0,
        0,
        0,
        0,
        0,
        0,
        0,
        0,
        0,
        0,
        0,
        0,
        0,
        0,
        0,
        0,
        0,
        0,
        0,
        0,
        0,
        0,
        0,
        0,
        0,
        0,
        0,
        0,
        0,
        0,
        0,
        0,
        0,
        0,
        0,
        0,
        0,
        0,
        0,
        0,
        0,
        0
    ],
    "recent_steps": [
        148,
        165,
        140,
        59,
        147,
        151,
        206,
        149,
        177,
        141,
        157,
        134,
        55,
        117,
        142,
        137,
        145,
        160,
        161,
        138,
        139,
        147,
        67,
        131,
        120,
        177,
        158,
        182,
        170,
        152,
        50,
        153,
        160,
        49,
        115,
        150,
        156,
        143,
        171,
        155,
        149,
        143,
        61,
        146,
        163,
        169,
        139,
        158,
        136,
        155,
        161,
        147,
        147,
        43,
        130,
        150,
        57,
        158,
        153,
        161,
        148,
        150,
        197,
        145,
        181,
        181,
        155,
        149,
        142,
        56,
        40,
        160,
        136,
        137,
        74,
        158,
        138,
        151,
        64,
        56,
        48,
        57,
        160,
        179,
        56,
        163,
        143,
        58,
        162,
        152,
        146,
        47,
        141,
        177,
        157,
        129,
        168,
        163,
        157,
        145
    ],
    "params": {
        "max_episodes": 1500,
        "max_steps": 500,
        "batch_size": 64,
        "learning_rate": 0.0001,
        "gamma": 0.99,
        "initial_epsilon": 1.0,
        "epsilon_decay": 0.995,
        "min_epsilon": 0.05,
        "memory_size": 100000,
        "target_update_freq": 5,
        "curriculum_stages": 4
    }
}