{
    "episode": 300,
    "best_reward": 889.4789956947295,
    "best_success_rate": 1.0,
    "curriculum_level": 2,
    "recent_rewards": [
        699.6896341519373,
        690.6557624239831,
        754.0388122475244,
        779.7960885587349,
        636.2830377221377,
        751.5431129001709,
        585.667272683065,
        601.2739664458468,
        632.6976962818661,
        635.2469917333433,
        677.840868057619,
        607.8017634923807,
        585.7707615606668,
        657.4562319074947,
        658.6731614631107,
        697.9654410884353,
        646.6184212525004,
        628.959426949274,
        701.0523411941033,
        647.9622295874241,
        706.568231520908,
        22.08050684707294,
        735.3089016351732,
        577.4957081402224,
        641.0625090442804,
        568.0746167877342,
        595.0620146233849,
        628.3160444444311,
        601.4459389602773,
        624.6749489017366,
        641.1889308001282,
        605.5423748230917,
        576.0571412859291,
        536.3577933535623,
        556.3163093348301,
        642.9167487771973,
        646.9968913126153,
        533.3532418551872
    ],
    "recent_successes": [
        1,
        1,
        1,
        1,
        1,
        1,
        1,
        1,
        1,
        1,
        1,
        1,
        1,
        1,
        1,
        1,
        1,
        1,
        1,
        1,
        1,
        0,
        1,
        1,
        1,
        1,
        1,
        1,
        1,
        1,
        1,
        1,
        1,
        1,
        1,
        1,
        1,
        1
    ],
    "recent_collisions": [
        0,
        0,
        0,
        0,
        0,
        0,
        0,
        0,
        0,
        0,
        0,
        0,
        0,
        0,
        0,
        0,
        0,
        0,
        0,
        0,
        0,
        0,
        0,
        0,
        0,
        0,
        0,
        0,
        0,
        0,
        0,
        0,
        0,
        0,
        0,
        0,
        0,
        0
    ],
    "recent_steps": [
        104,
        109,
        120,
        128,
        77,
        120,
        62,
        69,
        80,
        82,
        97,
        72,
        64,
        88,
        88,
        116,
        91,
        86,
        101,
        79,
        128,
        90,
        117,
        59,
        81,
        58,
        65,
        76,
        67,
        93,
        88,
        67,
        57,
        48,
        53,
        89,
        85,
        47
    ],
    "params": {
        "max_episodes": 1500,
        "max_steps": 500,
        "batch_size": 64,
        "learning_rate": 0.0001,
        "gamma": 0.99,
        "initial_epsilon": 1.0,
        "epsilon_decay": 0.995,
        "min_epsilon": 0.05,
        "memory_size": 100000,
        "target_update_freq": 5,
        "curriculum_stages": 4
    }
}