{
    "episode": 900,
    "best_reward": 1869.1274375393016,
    "best_success_rate": 1.0,
    "curriculum_level": 3,
    "recent_rewards": [
        812.6533543526145,
        757.7715121921071,
        915.9922848180908,
        866.6323129728333,
        961.0983349869894,
        796.7200324448744,
        862.0008539201147,
        861.6429097347158,
        743.8075418094674,
        924.2995868717235,
        43.14826018051974,
        888.7491382035168,
        793.7370754640028,
        879.7142325851737,
        900.0754312799893,
        855.1614358263643,
        931.7890132613561,
        874.6813100995131,
        726.5411490801241,
        777.2451752298207,
        846.6942377340746,
        808.7868456187673,
        42.99890871575295,
        795.4971184841953,
        803.8442392776979,
        809.0848159431184,
        1035.23807635079,
        889.378707617258,
        765.2423111644651,
        712.9895156257367,
        995.4605931448589,
        805.6763815718998,
        779.7121248379486,
        30.853852451724435,
        802.8593343630115,
        867.0211838539676,
        882.0791494611859,
        830.8809030506097,
        771.1933449441126,
        917.7793957504736,
        880.8890175674912,
        878.1608796023221,
        925.2475280026179,
        879.8913945114967,
        761.9747026616011,
        846.743014085728,
        935.1939735115188,
        976.5332619638391,
        900.903229097401,
        767.4266246741539,
        874.2150996232831,
        794.1701838579494,
        835.5112360654356,
        900.5125334053295,
        851.74050609108,
        841.7089787497458,
        818.0548738208561,
        852.999028078961,
        740.340469987764,
        761.6114755254482,
        832.271349751469,
        834.995860027071,
        969.1601613339193,
        724.745636032327,
        878.8846008558909,
        78.24446726168387,
        795.7745164543245,
        828.923436269541,
        91.0924596558589,
        832.0591173368771,
        814.3442782091682,
        785.0764382868294,
        757.1757560052392,
        749.6775758185933,
        834.4542214189163,
        743.7946308798829,
        830.0754572175792,
        818.0088800905078,
        850.9725024428408,
        858.3413346514673,
        835.4481149905346,
        847.6164526617636,
        842.7203263875831,
        878.2822033491414,
        34.14181317007194,
        902.389703648325,
        859.5478463078898,
        934.5296072070762,
        887.5554230659914,
        810.1452533864335,
        858.3941760217649,
        772.8910861221225,
        888.5692475283263,
        852.1349864595732,
        817.6650594970944,
        810.9492307376584,
        798.5426527695324,
        825.481892955733,
        785.5838317595595,
        861.2455441497225
    ],
    "recent_successes": [
        1,
        1,
        1,
        1,
        1,
        1,
        1,
        1,
        1,
        1,
        0,
        1,
        1,
        1,
        1,
        1,
        1,
        1,
        1,
        1,
        1,
        1,
        0,
        1,
        1,
        1,
        1,
        1,
        1,
        1,
        1,
        1,
        1,
        0,
        1,
        1,
        1,
        1,
        1,
        1,
        1,
        1,
        1,
        1,
        1,
        1,
        1,
        1,
        1,
        1,
        1,
        1,
        1,
        1,
        1,
        1,
        1,
        1,
        1,
        1,
        1,
        1,
        1,
        1,
        1,
        1,
        1,
        1,
        1,
        1,
        1,
        1,
        1,
        1,
        1,
        1,
        1,
        1,
        1,
        1,
        1,
        1,
        1,
        1,
        0,
        1,
        1,
        1,
        1,
        1,
        1,
        1,
        1,
        1,
        1,
        1,
        1,
        1,
        1,
        1
    ],
    "recent_collisions": [
        0,
        0,
        0,
        0,
        0,
        0,
        0,
        0,
        0,
        0,
        0,
        0,
        0,
        0,
        0,
        0,
        0,
        0,
        0,
        0,
        0,
        0,
        0,
        0,
        0,
        0,
        0,
        0,
        0,
        0,
        0,
        0,
        0,
        0,
        0,
        0,
        0,
        0,
        0,
        0,
        0,
        0,
        0,
        0,
        0,
        0,
        0,
        0,
        0,
        0,
        0,
        0,
        0,
        0,
        0,
        0,
        0,
        0,
        0,
        0,
        0,
        0,
        0,
        0,
        0,
        0,
        0,
        0,
        0,
        0,
        0,
        0,
        0,
        0,
        0,
        0,
        0,
        0,
        0,
        0,
        0,
        0,
        0,
        0,
        0,
        0,
        0,
        0,
        0,
        0,
        0,
        0,
        0,
        0,
        0,
        0,
        0,
        0,
        0,
        0
    ],
    "recent_steps": [
        138,
        121,
        198,
        149,
        208,
        145,
        172,
        144,
        114,
        165,
        51,
        191,
        137,
        165,
        157,
        150,
        163,
        168,
        121,
        135,
        158,
        130,
        54,
        133,
        137,
        135,
        272,
        163,
        119,
        121,
        209,
        139,
        129,
        60,
        142,
        151,
        155,
        143,
        119,
        181,
        158,
        154,
        165,
        160,
        124,
        162,
        228,
        221,
        160,
        132,
        160,
        141,
        143,
        165,
        158,
        161,
        142,
        149,
        123,
        127,
        151,
        155,
        199,
        114,
        160,
        59,
        142,
        134,
        70,
        147,
        132,
        143,
        124,
        114,
        141,
        121,
        146,
        138,
        140,
        157,
        141,
        159,
        150,
        165,
        47,
        164,
        145,
        186,
        160,
        138,
        151,
        120,
        156,
        147,
        144,
        138,
        137,
        143,
        127,
        155
    ],
    "params": {
        "max_episodes": 1500,
        "max_steps": 500,
        "batch_size": 64,
        "learning_rate": 0.0001,
        "gamma": 0.99,
        "initial_epsilon": 1.0,
        "epsilon_decay": 0.995,
        "min_epsilon": 0.05,
        "memory_size": 100000,
        "target_update_freq": 5,
        "curriculum_stages": 4
    }
}