{
    "episode": 800,
    "best_reward": 1869.1274375393016,
    "best_success_rate": 1.0,
    "curriculum_level": 3,
    "recent_rewards": [
        45.44697404458694,
        856.6132814884909,
        874.1229908429725,
        930.8360046149899,
        799.2276507733355,
        846.0997823178811,
        843.4878354942786,
        801.7075864159997,
        931.2617835966041,
        850.9407016505047,
        46.49310509093084,
        717.2328541693633,
        825.1273808882916,
        747.2607527992841,
        794.3933704198894,
        737.9834120740858,
        863.3459779972409,
        804.6356440430434,
        803.2180801151798,
        79.90346508071744,
        611.364437544264,
        869.1132594732294,
        817.8752392492167,
        839.4145555152402,
        829.5729691935119,
        817.9982480797885,
        793.3510726528299,
        821.2785506134874,
        757.2901601392109,
        755.9881362869046,
        798.7719790878623,
        737.877134261166,
        814.3323096170107,
        814.8331899391806,
        18.719654572877317,
        782.6215597374116,
        748.320974822505,
        870.206580839632,
        838.9695083569994,
        856.9854870674804,
        510.19586651932394,
        879.2079865031012,
        791.2926213376995,
        780.0139700857369,
        756.5239098083341,
        675.4352861874701,
        814.5072013396023,
        743.5046346134623,
        823.6491419963977,
        640.6528804334355,
        753.9622337105308,
        776.6751441184196,
        869.066424246655,
        889.1566620879687,
        813.5527953000419,
        58.073652502410226,
        778.5040085361254,
        800.7923391065897,
        937.0946797919372,
        851.3269717126282,
        837.0557444418761,
        775.3981447176172,
        776.0230283149206,
        792.9307499616276,
        50.402312222047215,
        797.6292760675432,
        8.464678751847487,
        755.4046043945598,
        755.4022050388803,
        798.0764509022175,
        785.4530775786963,
        871.7625666516092,
        839.70615921158,
        942.8984705943553,
        789.4293497486348,
        71.64519130682888,
        791.627500176007,
        61.43016404250841,
        862.3122934711511,
        799.5789479692517,
        98.85498720577093,
        747.9494940339591,
        711.1355643256016,
        781.4375195138532,
        857.3949156089775,
        778.2651911514774,
        56.91343603940851,
        756.9483026840309,
        779.0938056314652,
        30.493828986098265,
        779.8505749916269,
        762.6384992492611,
        850.2341393689793,
        834.0200902025763,
        804.3153179476761,
        923.3875193233417,
        796.1172143265846,
        694.0192172392564,
        48.790073489516914,
        878.1203796752118
    ],
    "recent_successes": [
        0,
        1,
        1,
        1,
        1,
        1,
        1,
        1,
        1,
        1,
        0,
        1,
        1,
        1,
        1,
        1,
        1,
        1,
        1,
        1,
        1,
        1,
        1,
        1,
        1,
        1,
        1,
        1,
        1,
        1,
        1,
        1,
        1,
        1,
        0,
        1,
        1,
        1,
        1,
        1,
        1,
        1,
        1,
        1,
        1,
        1,
        1,
        1,
        1,
        1,
        1,
        1,
        1,
        1,
        1,
        1,
        1,
        1,
        1,
        1,
        1,
        1,
        1,
        1,
        1,
        1,
        0,
        1,
        1,
        1,
        1,
        1,
        1,
        1,
        1,
        1,
        1,
        1,
        1,
        1,
        1,
        1,
        1,
        1,
        1,
        1,
        1,
        1,
        1,
        0,
        1,
        1,
        1,
        1,
        1,
        1,
        1,
        1,
        0,
        1
    ],
    "recent_collisions": [
        0,
        0,
        0,
        0,
        0,
        0,
        0,
        0,
        0,
        0,
        0,
        0,
        0,
        0,
        0,
        0,
        0,
        0,
        0,
        0,
        0,
        0,
        0,
        0,
        0,
        0,
        0,
        0,
        0,
        0,
        0,
        0,
        0,
        0,
        0,
        0,
        0,
        0,
        0,
        0,
        0,
        0,
        0,
        0,
        0,
        0,
        0,
        0,
        0,
        0,
        0,
        0,
        0,
        0,
        0,
        0,
        0,
        0,
        0,
        0,
        0,
        0,
        0,
        0,
        0,
        0,
        0,
        0,
        0,
        0,
        0,
        0,
        0,
        0,
        0,
        0,
        0,
        0,
        0,
        0,
        0,
        0,
        0,
        0,
        0,
        0,
        0,
        0,
        0,
        0,
        0,
        0,
        0,
        0,
        0,
        0,
        0,
        0,
        0,
        0
    ],
    "recent_steps": [
        53,
        164,
        164,
        181,
        162,
        155,
        161,
        144,
        209,
        149,
        49,
        117,
        152,
        148,
        132,
        123,
        161,
        164,
        152,
        62,
        223,
        160,
        149,
        143,
        154,
        169,
        143,
        165,
        120,
        138,
        129,
        243,
        163,
        136,
        45,
        144,
        133,
        199,
        146,
        160,
        179,
        152,
        136,
        153,
        141,
        108,
        166,
        125,
        157,
        201,
        128,
        130,
        162,
        159,
        143,
        53,
        135,
        144,
        217,
        162,
        165,
        113,
        147,
        144,
        63,
        141,
        42,
        128,
        132,
        155,
        128,
        173,
        150,
        188,
        154,
        56,
        117,
        57,
        149,
        138,
        79,
        201,
        108,
        125,
        166,
        153,
        54,
        142,
        129,
        47,
        126,
        123,
        172,
        144,
        128,
        196,
        139,
        184,
        52,
        181
    ],
    "params": {
        "max_episodes": 1500,
        "max_steps": 500,
        "batch_size": 64,
        "learning_rate": 0.0001,
        "gamma": 0.99,
        "initial_epsilon": 1.0,
        "epsilon_decay": 0.995,
        "min_epsilon": 0.05,
        "memory_size": 100000,
        "target_update_freq": 5,
        "curriculum_stages": 4
    }
}