{
    "episode": 700,
    "best_reward": 1869.1274375393016,
    "best_success_rate": 1.0,
    "curriculum_level": 3,
    "recent_rewards": [
        797.147494658458,
        39.38461443978571,
        640.9339695640157,
        838.562594879001,
        66.40727032997032,
        855.6013255659238,
        119.77473696456195,
        842.2598729999238,
        792.0431703729341,
        94.4323246847054,
        115.49911965290426,
        823.7196453469311,
        836.8478415642653,
        99.03879463109283,
        893.4355428227863,
        846.8640977720313,
        36.97435914421055,
        764.6581246833185,
        110.48004466234863,
        769.4196409640646,
        779.3459369820264,
        815.3844568998446,
        839.5630375748484,
        94.09059143432034,
        790.6185052714869,
        821.2305166505239,
        814.7175486316168,
        770.8487262876099,
        825.2548266971103,
        73.01037098364608,
        801.0072740515268,
        99.67594462296714,
        501.53920923828827,
        765.6124266197731,
        56.15188029790491,
        578.7149655372334,
        913.6820067380125,
        493.3576975861556,
        763.4141874590929,
        845.8464758839553,
        19.895821137425713,
        788.7604400323683,
        100.76325684167165,
        878.0358700261926,
        841.6331630087211,
        844.5329173599083,
        133.3436605313753,
        832.9736824328565,
        764.1257711899289,
        577.6142448254152,
        852.442793572339,
        820.7163457896089,
        97.32748217949742,
        810.5086240735434,
        609.1125163730621,
        474.0671063095432,
        911.5333564968973,
        832.4139533551637,
        826.0175761700684,
        832.5798842725108,
        1869.1274375393016,
        563.1850742660758,
        848.3450042945166,
        787.1069356518399,
        159.8586580643301,
        888.1851078637643,
        771.7916652213794,
        791.9471158615825,
        794.1035969210043,
        -3.6345760720618046,
        797.7815862468556,
        817.2295536099389,
        815.6839299144299,
        763.3550948077586,
        95.67291696303289,
        838.0115085896232,
        808.1186867123112,
        913.0858184872232,
        863.6385279303757,
        1011.2135050612901,
        797.8208384132333,
        824.841684414996,
        43.1260670601028,
        883.4554673431658,
        885.0984996802713,
        892.0576063402272,
        827.3605295236703,
        843.5028666608423,
        921.2457859511082,
        777.8847041976217,
        752.4037426310479,
        787.5638965238272,
        816.9885184030181,
        828.0653127221963,
        828.0336402812292,
        931.6656505755944,
        933.6995483282956,
        778.7514093726159,
        931.6097298765989,
        809.6012399847395
    ],
    "recent_successes": [
        1,
        0,
        1,
        1,
        1,
        1,
        1,
        1,
        1,
        1,
        1,
        1,
        1,
        1,
        1,
        1,
        0,
        1,
        1,
        1,
        1,
        1,
        1,
        1,
        1,
        1,
        1,
        1,
        1,
        1,
        1,
        1,
        1,
        1,
        1,
        1,
        1,
        1,
        1,
        1,
        0,
        1,
        1,
        1,
        1,
        1,
        1,
        1,
        1,
        1,
        1,
        1,
        1,
        1,
        1,
        1,
        1,
        1,
        1,
        1,
        1,
        1,
        1,
        1,
        1,
        1,
        1,
        1,
        1,
        0,
        1,
        1,
        1,
        1,
        1,
        1,
        1,
        1,
        1,
        1,
        1,
        1,
        0,
        1,
        1,
        1,
        1,
        1,
        1,
        1,
        1,
        1,
        1,
        1,
        1,
        1,
        1,
        1,
        1,
        1
    ],
    "recent_collisions": [
        0,
        0,
        0,
        0,
        0,
        0,
        0,
        0,
        0,
        0,
        0,
        0,
        0,
        0,
        0,
        0,
        0,
        0,
        0,
        0,
        0,
        0,
        0,
        0,
        0,
        0,
        0,
        0,
        0,
        0,
        0,
        0,
        0,
        0,
        0,
        0,
        0,
        0,
        0,
        0,
        0,
        0,
        0,
        0,
        0,
        0,
        0,
        0,
        0,
        0,
        0,
        0,
        0,
        0,
        0,
        0,
        0,
        0,
        0,
        0,
        0,
        0,
        0,
        0,
        0,
        0,
        0,
        0,
        0,
        0,
        0,
        0,
        0,
        0,
        0,
        0,
        0,
        0,
        0,
        0,
        0,
        0,
        0,
        0,
        0,
        0,
        0,
        0,
        0,
        0,
        0,
        0,
        0,
        0,
        0,
        0,
        0,
        0,
        0,
        0
    ],
    "recent_steps": [
        145,
        57,
        154,
        159,
        63,
        167,
        73,
        147,
        149,
        67,
        76,
        142,
        149,
        67,
        160,
        159,
        50,
        151,
        71,
        141,
        141,
        164,
        171,
        82,
        141,
        145,
        151,
        122,
        150,
        71,
        149,
        70,
        179,
        149,
        56,
        177,
        200,
        170,
        138,
        177,
        43,
        132,
        72,
        158,
        138,
        149,
        76,
        138,
        143,
        172,
        170,
        156,
        69,
        146,
        212,
        184,
        197,
        155,
        145,
        141,
        352,
        154,
        157,
        142,
        88,
        170,
        145,
        155,
        142,
        38,
        145,
        148,
        128,
        118,
        65,
        211,
        150,
        180,
        164,
        221,
        130,
        139,
        54,
        158,
        169,
        168,
        158,
        158,
        172,
        130,
        138,
        131,
        147,
        169,
        131,
        179,
        188,
        120,
        184,
        146
    ],
    "params": {
        "max_episodes": 1500,
        "max_steps": 500,
        "batch_size": 64,
        "learning_rate": 0.0001,
        "gamma": 0.99,
        "initial_epsilon": 1.0,
        "epsilon_decay": 0.995,
        "min_epsilon": 0.05,
        "memory_size": 100000,
        "target_update_freq": 5,
        "curriculum_stages": 4
    }
}