{
    "episode": 200,
    "best_reward": 889.4789956947295,
    "best_success_rate": 1.0,
    "curriculum_level": 1,
    "recent_rewards": [
        494.7533120397834,
        476.40504373051147,
        500.90322383710935,
        533.5255766146267,
        494.496925254873,
        495.3313706034304,
        501.3583108056632,
        490.8265895741815,
        494.48499434110647,
        651.1686699046675,
        546.1928619167508,
        379.3071556468569,
        601.9686168292001,
        538.4911700621637,
        485.98970814799134,
        479.8812237862743,
        498.2579243117765,
        469.63564955196625,
        350.66627745289657,
        482.3336997535987,
        571.3878610160916,
        518.1497915219696,
        563.7538391868023,
        12.734642812874156,
        470.9317996879579,
        22.88266663386385,
        540.7712103314204,
        3.982792685102737,
        49.578314629016646,
        1.56181456394269,
        347.49347881227516,
        489.4432134372901,
        491.7351955045572,
        514.3834896271376,
        485.3119437128654,
        543.0381220851881,
        484.27207043293697,
        37.80071944320399,
        467.2356242759898,
        499.37986426124746,
        16.80662630390404,
        0.037980389741733234,
        468.97230225928297,
        555.7686526006769,
        635.4355494008979,
        545.7303791413306,
        504.2578371111781,
        7.457549313500635,
        19.629556545938115,
        19.1861128310983,
        475.76381753971566,
        460.1322909444717,
        466.7209989742262,
        12.082588823372987,
        551.4932628018471,
        -15.048567504599617,
        611.0999242315681,
        26.28057898217142,
        16.839740127652945,
        -13.875704297661514,
        -8.279350499744112,
        494.7200788032154,
        -23.438097138420645,
        484.83336783945487,
        503.2436158542036,
        482.1858330716507,
        531.4053825583286,
        -10.922193300657412,
        -13.409479890794614,
        536.0692513171321,
        508.4796759971665,
        35.1912928293297,
        519.7543295820175,
        496.08685940528744,
        551.5560604239625,
        518.3090557878572,
        -25.941320415912344,
        518.0038522577898,
        490.6190780184771,
        496.1723342636526,
        474.32456586885587,
        511.17414035963384,
        512.3166480251891,
        498.7991638131126,
        536.5431477974349,
        517.1095657903575,
        520.7219822158634,
        499.68818591998604,
        519.1239732538645,
        499.35251915120375,
        546.5017042628231,
        528.360035389258
    ],
    "recent_successes": [
        1,
        1,
        1,
        1,
        1,
        1,
        1,
        1,
        1,
        1,
        1,
        1,
        1,
        1,
        1,
        1,
        1,
        1,
        1,
        1,
        1,
        1,
        1,
        0,
        1,
        0,
        1,
        0,
        0,
        0,
        1,
        1,
        1,
        1,
        1,
        1,
        1,
        0,
        1,
        1,
        0,
        0,
        1,
        1,
        1,
        1,
        1,
        0,
        0,
        0,
        1,
        1,
        1,
        0,
        1,
        0,
        1,
        0,
        0,
        0,
        0,
        1,
        0,
        1,
        1,
        1,
        1,
        0,
        0,
        1,
        1,
        0,
        1,
        1,
        1,
        1,
        0,
        1,
        1,
        1,
        1,
        1,
        1,
        1,
        1,
        1,
        1,
        1,
        1,
        1,
        1,
        1
    ],
    "recent_collisions": [
        0,
        0,
        0,
        0,
        0,
        0,
        0,
        0,
        0,
        0,
        0,
        0,
        0,
        0,
        0,
        0,
        0,
        0,
        0,
        0,
        0,
        0,
        0,
        0,
        0,
        0,
        0,
        0,
        0,
        0,
        0,
        0,
        0,
        0,
        0,
        0,
        0,
        0,
        0,
        0,
        0,
        0,
        0,
        0,
        0,
        0,
        0,
        0,
        0,
        0,
        0,
        0,
        0,
        0,
        0,
        0,
        0,
        0,
        0,
        0,
        0,
        0,
        0,
        0,
        0,
        0,
        0,
        0,
        0,
        0,
        0,
        0,
        0,
        0,
        0,
        0,
        0,
        0,
        0,
        0,
        0,
        0,
        0,
        0,
        0,
        0,
        0,
        0,
        0,
        0,
        0,
        0
    ],
    "recent_steps": [
        42,
        42,
        52,
        64,
        40,
        38,
        60,
        41,
        38,
        132,
        88,
        125,
        100,
        96,
        39,
        33,
        48,
        30,
        105,
        42,
        100,
        83,
        99,
        40,
        42,
        38,
        90,
        41,
        55,
        43,
        91,
        45,
        34,
        40,
        43,
        90,
        47,
        47,
        38,
        46,
        45,
        36,
        36,
        85,
        153,
        91,
        47,
        42,
        48,
        46,
        40,
        38,
        31,
        45,
        92,
        42,
        123,
        49,
        50,
        39,
        42,
        37,
        39,
        46,
        46,
        40,
        91,
        37,
        36,
        92,
        55,
        52,
        64,
        52,
        86,
        68,
        43,
        49,
        47,
        46,
        50,
        45,
        54,
        47,
        51,
        49,
        47,
        55,
        54,
        45,
        53,
        51
    ],
    "params": {
        "max_episodes": 1500,
        "max_steps": 500,
        "batch_size": 64,
        "learning_rate": 0.0001,
        "gamma": 0.99,
        "initial_epsilon": 1.0,
        "epsilon_decay": 0.995,
        "min_epsilon": 0.05,
        "memory_size": 100000,
        "target_update_freq": 5,
        "curriculum_stages": 4
    }
}