{
    "episode": 1200,
    "best_reward": 1869.1274375393016,
    "best_success_rate": 1.0,
    "curriculum_level": 3,
    "recent_rewards": [
        24.406544465551605,
        22.05970089629244,
        825.6039274313549,
        954.6040277500817,
        33.14736317809758,
        37.08711111157723,
        118.34870336849713,
        57.0806919439363,
        862.782775752249,
        831.5802003148598,
        980.8881779096631,
        63.318396349979594,
        973.1592222943382,
        99.01469973283156,
        824.6877556401076,
        92.33036287878693,
        893.8579069441936,
        48.39182383515967,
        905.9376132171142,
        779.0350300598351,
        860.6226463686271,
        757.176391920285,
        886.7834033134266,
        852.3740835927211,
        877.2937093470333,
        867.4441326048768,
        985.2430325076012,
        916.9073593615681,
        913.2554547860211,
        930.538701826585,
        856.3815416898324,
        831.78067915471,
        866.8385888184939,
        971.7330957616941,
        851.4050083625186,
        786.1751594958167,
        806.8671597039711,
        872.3593138677257,
        910.179169155984,
        885.0927373836328,
        894.6419451272205,
        838.2970971215778,
        827.6267366359283,
        806.9595675143346,
        833.546510387614,
        845.2181650908191,
        830.0627056672195,
        813.9352656646853,
        36.864094772836154,
        833.9890134636537,
        915.7585202439668,
        834.1028155435098,
        848.0203727971486,
        861.2819532892638,
        911.8555343544928,
        858.3615354441541,
        849.6470996740189,
        869.3323358920802,
        65.02279901081693,
        921.02669207333,
        977.1103712177875,
        805.956638428327,
        868.9516582465492,
        888.766618072345,
        1001.4104711393186,
        816.8698294315508,
        823.2882539302609,
        5.140344478870048,
        806.77619335744,
        868.1103728836291,
        883.2093473013972,
        57.339982829980215,
        813.502903754707,
        856.210770992025,
        858.3155257290814,
        1023.5527033618855,
        932.7836418672531,
        70.36162024942433,
        765.2136609565331,
        892.658482756579,
        34.76885554130652,
        915.8463723825707,
        867.9964579413027,
        833.9471412551163,
        847.7599845371827,
        926.2743823423375,
        907.7865925512888,
        861.8128402242189,
        898.1431091483621,
        906.0659539603585,
        876.5966602463059,
        834.6062507997497,
        883.477249361783,
        899.616978532568,
        877.0901101118094,
        1023.900010290605,
        814.776748449576,
        839.4786340775138,
        923.4785010364549,
        948.3395975304478
    ],
    "recent_successes": [
        0,
        0,
        1,
        1,
        0,
        0,
        1,
        1,
        1,
        1,
        1,
        1,
        1,
        1,
        1,
        1,
        1,
        0,
        1,
        1,
        1,
        1,
        1,
        1,
        1,
        1,
        1,
        1,
        1,
        1,
        1,
        1,
        1,
        1,
        1,
        1,
        1,
        1,
        1,
        1,
        1,
        1,
        1,
        1,
        1,
        1,
        1,
        1,
        0,
        1,
        1,
        1,
        1,
        1,
        1,
        1,
        1,
        1,
        1,
        1,
        1,
        1,
        1,
        1,
        1,
        1,
        1,
        0,
        1,
        1,
        1,
        1,
        1,
        1,
        1,
        1,
        1,
        1,
        1,
        1,
        0,
        1,
        1,
        1,
        1,
        1,
        1,
        1,
        1,
        1,
        1,
        1,
        1,
        1,
        1,
        1,
        1,
        1,
        1,
        1
    ],
    "recent_collisions": [
        0,
        0,
        0,
        0,
        0,
        0,
        0,
        0,
        0,
        0,
        0,
        0,
        0,
        0,
        0,
        0,
        0,
        0,
        0,
        0,
        0,
        0,
        0,
        0,
        0,
        0,
        0,
        0,
        0,
        0,
        0,
        0,
        0,
        0,
        0,
        0,
        0,
        0,
        0,
        0,
        0,
        0,
        0,
        0,
        0,
        0,
        0,
        0,
        0,
        0,
        0,
        0,
        0,
        0,
        0,
        0,
        0,
        0,
        0,
        0,
        0,
        0,
        0,
        0,
        0,
        0,
        0,
        0,
        0,
        0,
        0,
        0,
        0,
        0,
        0,
        0,
        0,
        0,
        0,
        0,
        0,
        0,
        0,
        0,
        0,
        0,
        0,
        0,
        0,
        0,
        0,
        0,
        0,
        0,
        0,
        0,
        0,
        0,
        0,
        0
    ],
    "recent_steps": [
        53,
        46,
        139,
        176,
        46,
        47,
        77,
        60,
        146,
        150,
        185,
        60,
        194,
        62,
        151,
        66,
        166,
        54,
        158,
        136,
        156,
        120,
        162,
        149,
        147,
        151,
        184,
        161,
        169,
        168,
        162,
        150,
        141,
        176,
        149,
        119,
        154,
        158,
        158,
        154,
        161,
        140,
        148,
        143,
        149,
        141,
        150,
        139,
        55,
        156,
        169,
        138,
        144,
        154,
        172,
        148,
        145,
        159,
        57,
        158,
        213,
        134,
        153,
        147,
        180,
        140,
        138,
        46,
        136,
        154,
        153,
        54,
        142,
        148,
        151,
        214,
        184,
        62,
        128,
        173,
        53,
        180,
        145,
        137,
        145,
        170,
        162,
        144,
        150,
        155,
        159,
        137,
        162,
        157,
        151,
        191,
        136,
        145,
        170,
        178
    ],
    "params": {
        "max_episodes": 1500,
        "max_steps": 500,
        "batch_size": 64,
        "learning_rate": 0.0001,
        "gamma": 0.99,
        "initial_epsilon": 1.0,
        "epsilon_decay": 0.995,
        "min_epsilon": 0.05,
        "memory_size": 100000,
        "target_update_freq": 5,
        "curriculum_stages": 4
    }
}