{
    "episode": 600,
    "best_reward": 1562.6083293506044,
    "best_success_rate": 1.0,
    "curriculum_level": 3,
    "recent_rewards": [
        805.0215200359727,
        749.698095080797,
        769.2060162959984,
        855.4629574462571,
        794.2414005013183,
        743.5202850374046,
        792.47785390474,
        838.4649674064563,
        766.9411693782475,
        774.4150730209664,
        742.3787238095999,
        718.1082171920355,
        835.4539977314812,
        742.4965415950206,
        772.7505062167045,
        803.8512849157867,
        945.5774746173381,
        804.5609965204433,
        810.8925429868667,
        795.0113091847736,
        793.9395255098273,
        872.8012824589526,
        795.7221504508659,
        795.1847353459041,
        774.2507617326106,
        807.3254715521409,
        808.1681151981306,
        772.4369715928225,
        70.11699911837172,
        768.7051370804146,
        786.2696903844659,
        883.1828536812809,
        762.8141960953984,
        792.3697339740611,
        817.488399596896,
        854.1057720419427,
        739.5845257588142,
        624.5807157248947,
        790.0678199442204,
        39.704194777762524,
        770.4694420790134,
        50.55693675018887,
        813.7544768822125,
        759.6141460153908,
        699.9256930212738,
        736.9150259640712,
        61.117693801308945,
        88.45627288197596,
        146.3108810832578,
        108.9439558140536,
        101.82426638608854,
        83.42866395533244,
        809.9280070406489,
        810.4146105469911,
        833.0909448051221,
        71.76322057290113,
        801.2768407624018,
        859.796094882838,
        872.122110149079,
        796.7205582794553,
        934.9533344462061,
        56.28036280575546,
        767.2207571788601,
        786.5615282957572,
        69.8023510642042,
        823.5738620046278,
        835.8270304109353,
        1032.4580452604268,
        73.65229979705063,
        810.8345964052747,
        719.502459666075,
        42.12490874966687,
        32.76078940525241,
        790.6620086699438,
        773.8512921985538,
        849.3937623292262,
        759.3125613244963,
        806.8274752501359,
        95.78444781806354,
        805.1702927484563,
        761.0745326848858,
        801.1216369444821,
        832.2840758671449,
        98.70529893899774,
        125.92824220545998,
        89.43713412982592,
        85.20422249308189,
        105.59798605327842,
        144.35089941659322,
        131.40275634961745,
        100.33567482670901,
        141.27948311866072,
        751.1549887195804,
        823.6301531649567,
        765.0392603250548,
        110.51220174882735,
        818.8043703644696,
        813.5426763488523,
        786.2591726558284,
        733.3395596908
    ],
    "recent_successes": [
        1,
        1,
        1,
        1,
        1,
        1,
        1,
        1,
        1,
        1,
        1,
        1,
        1,
        1,
        1,
        1,
        1,
        1,
        1,
        1,
        1,
        1,
        1,
        1,
        1,
        1,
        1,
        1,
        1,
        1,
        1,
        1,
        1,
        1,
        1,
        1,
        1,
        1,
        1,
        0,
        1,
        1,
        1,
        1,
        1,
        1,
        1,
        1,
        1,
        1,
        1,
        1,
        1,
        1,
        1,
        1,
        1,
        1,
        1,
        1,
        1,
        1,
        1,
        1,
        1,
        1,
        1,
        1,
        1,
        1,
        1,
        0,
        0,
        1,
        1,
        1,
        1,
        1,
        1,
        1,
        1,
        1,
        1,
        1,
        1,
        1,
        1,
        1,
        1,
        1,
        1,
        1,
        1,
        1,
        1,
        1,
        1,
        1,
        1,
        1
    ],
    "recent_collisions": [
        0,
        0,
        0,
        0,
        0,
        0,
        0,
        0,
        0,
        0,
        0,
        0,
        0,
        0,
        0,
        0,
        0,
        0,
        0,
        0,
        0,
        0,
        0,
        0,
        0,
        0,
        0,
        0,
        0,
        0,
        0,
        0,
        0,
        0,
        0,
        0,
        0,
        0,
        0,
        0,
        0,
        0,
        0,
        0,
        0,
        0,
        0,
        0,
        0,
        0,
        0,
        0,
        0,
        0,
        0,
        0,
        0,
        0,
        0,
        0,
        0,
        0,
        0,
        0,
        0,
        0,
        0,
        0,
        0,
        0,
        0,
        0,
        0,
        0,
        0,
        0,
        0,
        0,
        0,
        0,
        0,
        0,
        0,
        0,
        0,
        0,
        0,
        0,
        0,
        0,
        0,
        0,
        0,
        0,
        0,
        0,
        0,
        0,
        0,
        0
    ],
    "recent_steps": [
        152,
        114,
        120,
        154,
        129,
        127,
        132,
        141,
        140,
        134,
        109,
        119,
        143,
        121,
        139,
        134,
        219,
        153,
        154,
        139,
        151,
        177,
        147,
        149,
        119,
        151,
        133,
        173,
        71,
        141,
        123,
        181,
        139,
        139,
        151,
        176,
        187,
        168,
        138,
        59,
        138,
        55,
        146,
        137,
        156,
        134,
        76,
        65,
        85,
        69,
        77,
        61,
        137,
        143,
        176,
        59,
        155,
        174,
        161,
        149,
        198,
        58,
        176,
        131,
        61,
        153,
        165,
        215,
        60,
        154,
        116,
        51,
        52,
        133,
        133,
        146,
        116,
        136,
        70,
        136,
        128,
        139,
        140,
        79,
        80,
        64,
        65,
        70,
        82,
        85,
        66,
        89,
        127,
        149,
        131,
        73,
        145,
        159,
        149,
        180
    ],
    "params": {
        "max_episodes": 1500,
        "max_steps": 500,
        "batch_size": 64,
        "learning_rate": 0.0001,
        "gamma": 0.99,
        "initial_epsilon": 1.0,
        "epsilon_decay": 0.995,
        "min_epsilon": 0.05,
        "memory_size": 100000,
        "target_update_freq": 5,
        "curriculum_stages": 4
    }
}