{
    "episode": 300,
    "best_reward": 870.7691229928578,
    "best_success_rate": 0.95,
    "recent_rewards": [
        577.7793302117066,
        48.29466896588964,
        570.720776180837,
        16.76409770073939,
        617.4398826398485,
        502.6084009795727,
        671.8881231487768,
        28.58562983292009,
        796.9363493944047,
        684.9971802312533,
        432.3796973122228,
        611.0862685587532,
        199.13590240226875,
        739.5865117225144,
        548.34317404146,
        67.56089133422003,
        -4.582233159410912,
        539.0804239793544,
        716.0624984850749,
        618.2040103610659,
        28.439881936478017,
        717.5544122177301,
        760.9589569299767,
        401.6536795174189,
        723.3695508406784,
        5.509180158768274,
        699.0666010332723,
        505.49166919542654,
        685.2948544952528,
        539.929697624644,
        353.33485013429623,
        428.6800413628954,
        487.6124678207084,
        183.2950075468538,
        3.2084212421227534,
        817.1504861349409,
        612.1171071006328,
        647.7404698613763,
        526.6275764519429,
        -27.543008484913514,
        27.922714551024562,
        -1.7988547418854353,
        109.76206363510916,
        535.3087717499578,
        521.2192876423784,
        268.8906399231297,
        684.8524341516554,
        55.42459206592599,
        750.9284922818888,
        278.7405399455632,
        578.0416841623721,
        66.21507227625018,
        729.3892920892731,
        698.4202857050624,
        211.94184486648487,
        30.607216065374487,
        648.4021064705887,
        839.9126483320421,
        585.5905795787062,
        665.9414885177898,
        628.364711161267,
        651.5733089205062,
        65.44725247339736,
        704.9457502194857,
        516.7355188796683,
        42.19084543450957,
        523.1356430579594,
        437.8064785695222,
        71.92795811887129,
        870.5930739082729,
        544.2793259467737,
        349.1910693967028,
        16.849119815690187,
        597.470507785883,
        707.5117551128085,
        617.4394250932475,
        584.4707502034747,
        448.21352390469633,
        52.75620199551308,
        225.38252142337637,
        234.22055929604085,
        625.7663694421794,
        94.66837846192274,
        795.985831377279,
        567.3146392303918,
        25.620888147358798,
        772.9170006193624,
        870.7691229928578,
        66.82308914206993,
        87.51207079947287,
        579.7372778646502,
        676.5575788658076,
        546.6002342049169,
        693.9225133073567,
        560.8806095663685,
        580.5906769830035,
        685.1198398258811,
        59.44582825675744,
        548.1102099512899,
        104.60915515778024
    ],
    "recent_successes": [
        1,
        0,
        1,
        0,
        1,
        1,
        1,
        0,
        1,
        1,
        1,
        1,
        1,
        1,
        1,
        1,
        0,
        1,
        1,
        1,
        0,
        1,
        1,
        1,
        1,
        0,
        1,
        1,
        1,
        1,
        1,
        1,
        1,
        1,
        0,
        1,
        1,
        1,
        1,
        0,
        0,
        0,
        1,
        1,
        1,
        1,
        1,
        1,
        1,
        1,
        1,
        1,
        1,
        1,
        1,
        0,
        1,
        1,
        1,
        1,
        1,
        1,
        1,
        1,
        1,
        0,
        1,
        1,
        1,
        1,
        1,
        1,
        0,
        1,
        1,
        1,
        1,
        1,
        1,
        1,
        1,
        1,
        1,
        1,
        1,
        0,
        1,
        1,
        1,
        1,
        1,
        1,
        1,
        1,
        1,
        1,
        1,
        1,
        1,
        1
    ],
    "recent_collisions": [
        0,
        0,
        0,
        0,
        0,
        0,
        0,
        0,
        0,
        0,
        0,
        0,
        0,
        0,
        0,
        0,
        0,
        0,
        0,
        0,
        0,
        0,
        0,
        0,
        0,
        0,
        0,
        0,
        0,
        0,
        0,
        0,
        0,
        0,
        0,
        0,
        0,
        0,
        0,
        0,
        0,
        0,
        0,
        0,
        0,
        0,
        0,
        0,
        0,
        0,
        0,
        0,
        0,
        0,
        0,
        0,
        0,
        0,
        0,
        0,
        0,
        0,
        0,
        0,
        0,
        0,
        0,
        0,
        0,
        0,
        0,
        0,
        0,
        0,
        0,
        0,
        0,
        0,
        0,
        0,
        0,
        0,
        0,
        0,
        0,
        0,
        0,
        0,
        0,
        0,
        0,
        0,
        0,
        0,
        0,
        0,
        0,
        0,
        0,
        0
    ],
    "recent_steps": [
        199,
        188,
        165,
        184,
        193,
        179,
        161,
        150,
        171,
        152,
        205,
        269,
        142,
        157,
        150,
        154,
        187,
        191,
        159,
        164,
        64,
        169,
        191,
        226,
        189,
        64,
        174,
        196,
        177,
        197,
        225,
        330,
        197,
        148,
        180,
        182,
        189,
        188,
        187,
        177,
        171,
        65,
        158,
        160,
        184,
        149,
        165,
        142,
        152,
        148,
        190,
        138,
        165,
        160,
        137,
        149,
        180,
        157,
        170,
        188,
        173,
        160,
        143,
        149,
        175,
        139,
        160,
        135,
        147,
        167,
        171,
        145,
        82,
        150,
        145,
        160,
        162,
        229,
        150,
        151,
        150,
        153,
        138,
        172,
        177,
        62,
        196,
        148,
        149,
        144,
        158,
        148,
        195,
        188,
        172,
        186,
        194,
        150,
        168,
        134
    ],
    "params": {
        "max_episodes": 1500,
        "max_steps": 600,
        "batch_size": 64,
        "learning_rate": 3e-05,
        "gamma": 0.99,
        "initial_epsilon": 0.15,
        "epsilon_decay": 0.999,
        "min_epsilon": 0.02,
        "memory_size": 150000,
        "target_update_freq": 5,
        "checkpoint_freq": 100,
        "resource_monitor_freq": 10
    },
    "resource_summary": "Training Time: 2:16:13\nAvg CPU Usage: 54.0%\nAvg Memory Usage: 2.7%"
}