{
    "episode": 800,
    "best_reward": 943.0535770560201,
    "best_success_rate": 1.0,
    "recent_rewards": [
        101.05862191588089,
        44.12636809790999,
        547.5040299413156,
        43.675219260368166,
        432.9721346274177,
        103.40138603302687,
        859.9895903756353,
        878.3751460278462,
        483.34701349320125,
        405.7402123915733,
        99.55729056986966,
        139.31786653112158,
        891.5162056449149,
        803.7121873809685,
        736.134352508563,
        820.6907485306618,
        833.8400999051418,
        743.2451522163848,
        758.1136598601644,
        902.1400250093507,
        868.3693121990063,
        892.3940574535353,
        889.9397683673866,
        772.490215274515,
        869.2538030764501,
        526.3868957197925,
        452.1199896910628,
        130.10411093891085,
        97.30514818383386,
        516.7834976757808,
        721.825490662335,
        802.1845121273383,
        773.1241195867502,
        99.92920850714466,
        793.6545505524999,
        864.1408803649654,
        488.2628510695944,
        683.4745980444694,
        917.7975880246087,
        513.0825553027374,
        112.76283118757385,
        843.7993503031323,
        655.8405674637421,
        832.1452757592264,
        846.7413264264653,
        783.541230325781,
        46.27558206196629,
        110.56915981845665,
        499.79967787409544,
        61.58269670466933,
        110.40337463638947,
        867.0945656465674,
        116.55411526849527,
        884.5043370094188,
        88.07123466817617,
        689.3876351539986,
        317.5570679410167,
        100.08133611932058,
        797.2450895944827,
        100.36412338251083,
        789.4594497874164,
        103.94520716306101,
        100.25279645249596,
        888.4132205911202,
        847.8251408375196,
        700.8390325121192,
        100.10405784263473,
        880.0506920091536,
        129.8300288502505,
        518.5235431173704,
        444.71795460139856,
        56.727888605399215,
        938.5229650670965,
        487.77447738351617,
        844.8593253706226,
        796.6178224039546,
        95.16029689715614,
        123.95039105244793,
        897.3849754945372,
        869.0503306116013,
        509.8156367668404,
        863.0372107327956,
        918.2651938101825,
        477.6034422345189,
        78.57350419725555,
        793.509415008533,
        888.9775541895103,
        897.3347721444428,
        511.50348418825473,
        827.9730567807782,
        804.1624894787165,
        493.89351526197527,
        892.9714103658589,
        124.94880362196332,
        101.90951089847275,
        881.1509822914009,
        883.6010850025472,
        66.16367614386797,
        846.442935932733,
        512.6609003591755
    ],
    "recent_successes": [
        1,
        0,
        1,
        0,
        1,
        1,
        1,
        1,
        1,
        1,
        1,
        1,
        1,
        1,
        1,
        1,
        1,
        1,
        1,
        1,
        1,
        1,
        1,
        1,
        1,
        1,
        1,
        1,
        1,
        1,
        1,
        1,
        1,
        1,
        1,
        1,
        1,
        1,
        1,
        1,
        1,
        1,
        1,
        1,
        1,
        1,
        0,
        1,
        1,
        1,
        1,
        1,
        1,
        1,
        1,
        1,
        1,
        1,
        1,
        1,
        1,
        1,
        1,
        1,
        1,
        1,
        1,
        1,
        1,
        1,
        1,
        1,
        1,
        1,
        1,
        1,
        1,
        1,
        1,
        1,
        1,
        1,
        1,
        1,
        1,
        1,
        1,
        1,
        1,
        1,
        1,
        1,
        1,
        1,
        1,
        1,
        1,
        1,
        1,
        1
    ],
    "recent_collisions": [
        0,
        0,
        0,
        0,
        0,
        0,
        0,
        0,
        0,
        0,
        0,
        0,
        0,
        0,
        0,
        0,
        0,
        0,
        0,
        0,
        0,
        0,
        0,
        0,
        0,
        0,
        0,
        0,
        0,
        0,
        0,
        0,
        0,
        0,
        0,
        0,
        0,
        0,
        0,
        0,
        0,
        0,
        0,
        0,
        0,
        0,
        0,
        0,
        0,
        0,
        0,
        0,
        0,
        0,
        0,
        0,
        0,
        0,
        0,
        0,
        0,
        0,
        0,
        0,
        0,
        0,
        0,
        0,
        0,
        0,
        0,
        0,
        0,
        0,
        0,
        0,
        0,
        0,
        0,
        0,
        0,
        0,
        0,
        0,
        0,
        0,
        0,
        0,
        0,
        0,
        0,
        0,
        0,
        0,
        0,
        0,
        0,
        0,
        0,
        0
    ],
    "recent_steps": [
        94,
        96,
        142,
        108,
        146,
        92,
        137,
        137,
        137,
        147,
        102,
        97,
        134,
        144,
        154,
        165,
        147,
        141,
        158,
        138,
        141,
        147,
        143,
        141,
        142,
        138,
        142,
        83,
        104,
        138,
        169,
        169,
        137,
        112,
        156,
        143,
        139,
        161,
        138,
        140,
        112,
        185,
        146,
        147,
        171,
        144,
        141,
        113,
        140,
        141,
        88,
        143,
        110,
        138,
        152,
        138,
        141,
        102,
        138,
        106,
        148,
        114,
        104,
        180,
        136,
        169,
        101,
        137,
        93,
        143,
        148,
        122,
        137,
        144,
        140,
        146,
        112,
        110,
        198,
        151,
        138,
        143,
        137,
        141,
        101,
        137,
        170,
        160,
        137,
        177,
        142,
        144,
        143,
        126,
        92,
        140,
        147,
        102,
        153,
        138
    ],
    "params": {
        "max_episodes": 1500,
        "max_steps": 600,
        "batch_size": 64,
        "learning_rate": 3e-05,
        "gamma": 0.99,
        "initial_epsilon": 0.15,
        "epsilon_decay": 0.999,
        "min_epsilon": 0.02,
        "memory_size": 150000,
        "target_update_freq": 5,
        "checkpoint_freq": 100,
        "resource_monitor_freq": 10
    },
    "resource_summary": "Training Time: 5:17:57\nAvg CPU Usage: 52.3%\nAvg Memory Usage: 2.8%"
}