{
    "episode": 600,
    "best_reward": 943.0535770560201,
    "best_success_rate": 1.0,
    "recent_rewards": [
        887.3128005082751,
        724.8555940511012,
        836.4776371757345,
        543.6653212508178,
        728.215738574771,
        700.3246605345963,
        396.43642258546436,
        805.2661642047406,
        808.1680047498212,
        683.5897420143194,
        650.5513902393781,
        572.6145687238911,
        673.5725396279815,
        83.65474320534383,
        711.3935387496429,
        811.5613338596066,
        575.2611677471098,
        712.5964099420678,
        108.79682608805771,
        709.791593771159,
        820.0308299639136,
        702.2962417956305,
        123.78859528047101,
        773.9517546103866,
        792.7397776469127,
        705.8525429824897,
        809.5714552138966,
        563.1872851742482,
        648.2691729369426,
        816.693493236057,
        81.06945749099437,
        736.9072997721541,
        23.75701185907542,
        853.055270059053,
        118.82228168406003,
        134.349063766347,
        101.26956279259196,
        677.9061067722419,
        709.8663782924074,
        744.2747940879059,
        762.3492121250224,
        852.1134512810063,
        532.1244790406065,
        706.083717102953,
        738.2872457862861,
        648.6731775080324,
        812.049024859893,
        47.370533916535564,
        640.4492211350462,
        775.8142498178617,
        704.1457164693477,
        857.0471875378591,
        787.0060505304643,
        684.6729293983378,
        766.8623888686172,
        921.4762146217283,
        102.90839579105919,
        699.2067786736231,
        32.26196156491464,
        928.7868072820976,
        756.9524989039184,
        736.9630157384324,
        738.8249452404532,
        367.19692787125825,
        65.34939210217117,
        701.1176881679867,
        707.3133715615517,
        819.5386077213758,
        411.0263028582078,
        500.002454602858,
        433.4122142996099,
        620.1913649021503,
        819.5142530036599,
        371.18945586746975,
        47.45398915655895,
        93.09054954927564,
        819.5757457351743,
        833.4246113602962,
        836.2610763157389,
        857.1105418889624,
        833.9965389638814,
        84.91503901182074,
        68.37341745895543,
        865.7228070837953,
        726.729563422865,
        844.7249793086992,
        54.48626264228649,
        -25.899651470069216,
        689.4917265341842,
        47.120122245780806,
        768.8100801989017,
        737.5922835708059,
        699.8353669070905,
        793.8533220736228,
        694.4349890813497,
        852.4924362282194,
        801.730594801824,
        815.6126572612303,
        876.2022839878107,
        822.5175358886681
    ],
    "recent_successes": [
        1,
        1,
        1,
        1,
        1,
        1,
        1,
        1,
        1,
        1,
        1,
        1,
        1,
        1,
        1,
        1,
        1,
        1,
        1,
        1,
        1,
        1,
        1,
        1,
        1,
        1,
        1,
        1,
        1,
        1,
        1,
        1,
        0,
        1,
        1,
        1,
        1,
        1,
        1,
        1,
        1,
        1,
        1,
        1,
        1,
        1,
        1,
        0,
        1,
        1,
        1,
        1,
        1,
        1,
        1,
        1,
        1,
        1,
        0,
        1,
        1,
        1,
        1,
        1,
        1,
        1,
        1,
        1,
        1,
        1,
        1,
        1,
        1,
        1,
        0,
        1,
        1,
        1,
        1,
        1,
        1,
        1,
        1,
        1,
        1,
        1,
        1,
        0,
        1,
        0,
        1,
        1,
        1,
        1,
        1,
        1,
        1,
        1,
        1,
        1
    ],
    "recent_collisions": [
        0,
        0,
        0,
        0,
        0,
        0,
        0,
        0,
        0,
        0,
        0,
        0,
        0,
        0,
        0,
        0,
        0,
        0,
        0,
        0,
        0,
        0,
        0,
        0,
        0,
        0,
        0,
        0,
        0,
        0,
        0,
        0,
        0,
        0,
        0,
        0,
        0,
        0,
        0,
        0,
        0,
        0,
        0,
        0,
        0,
        0,
        0,
        0,
        0,
        0,
        0,
        0,
        0,
        0,
        0,
        0,
        0,
        0,
        0,
        0,
        0,
        0,
        0,
        0,
        0,
        0,
        0,
        0,
        0,
        0,
        0,
        0,
        0,
        0,
        0,
        0,
        0,
        0,
        0,
        0,
        0,
        0,
        0,
        0,
        0,
        0,
        0,
        0,
        0,
        0,
        0,
        0,
        0,
        0,
        0,
        0,
        0,
        0,
        0,
        0
    ],
    "recent_steps": [
        137,
        168,
        173,
        146,
        141,
        138,
        146,
        163,
        167,
        168,
        167,
        142,
        145,
        95,
        165,
        136,
        166,
        168,
        106,
        141,
        164,
        140,
        100,
        168,
        165,
        144,
        148,
        145,
        147,
        146,
        107,
        167,
        120,
        141,
        108,
        100,
        102,
        149,
        137,
        139,
        139,
        138,
        142,
        141,
        151,
        166,
        163,
        145,
        137,
        163,
        150,
        143,
        141,
        141,
        165,
        136,
        101,
        170,
        146,
        143,
        166,
        150,
        142,
        140,
        99,
        142,
        141,
        141,
        148,
        147,
        145,
        140,
        151,
        144,
        96,
        101,
        137,
        149,
        147,
        142,
        144,
        99,
        94,
        140,
        140,
        141,
        147,
        137,
        137,
        142,
        145,
        137,
        142,
        154,
        167,
        144,
        146,
        176,
        170,
        172
    ],
    "params": {
        "max_episodes": 1500,
        "max_steps": 600,
        "batch_size": 64,
        "learning_rate": 3e-05,
        "gamma": 0.99,
        "initial_epsilon": 0.15,
        "epsilon_decay": 0.999,
        "min_epsilon": 0.02,
        "memory_size": 150000,
        "target_update_freq": 5,
        "checkpoint_freq": 100,
        "resource_monitor_freq": 10
    },
    "resource_summary": "Training Time: 4:05:22\nAvg CPU Usage: 52.6%\nAvg Memory Usage: 2.7%"
}