{
    "episode": 200,
    "best_reward": 786.8555575437047,
    "best_success_rate": 0.95,
    "recent_rewards": [
        437.46798141843874,
        632.942650015675,
        493.47366513277,
        -176.08929083111917,
        457.2375551453187,
        485.68531967218587,
        354.0071603734802,
        575.052588504039,
        -165.08961413730512,
        614.6775205647584,
        623.4490282813999,
        -167.6186326138025,
        -155.54666776242544,
        649.2572809651414,
        495.7524569029101,
        554.8564970668442,
        30.037470899097684,
        583.6489339259989,
        34.45600788454408,
        506.8205733767828,
        623.8023855605036,
        488.6812886060044,
        343.3445197536123,
        579.4619864003887,
        706.9614478670647,
        517.77741673996,
        630.7326027352286,
        574.0223307498584,
        69.31379918593042,
        633.3212779578437,
        786.8555575437047,
        4.483039429916069,
        589.0246573269818,
        647.6303429697412,
        392.78391679658205,
        499.0908859478244,
        535.4672923102662,
        575.2385330786051,
        767.597991044818,
        645.5031212505016,
        539.9250313044931,
        536.8334897797042,
        565.4014453149716,
        575.9921613442859,
        604.9305565898961,
        -166.4353680086665,
        452.66834646338924,
        -6.479270560446615,
        493.90336352875914,
        544.0530194910034,
        425.50175420654165,
        478.59675123177385,
        577.8682308581994,
        138.69168712600032,
        -2.1230628058678462,
        -120.14041518801626,
        757.4853719572947,
        491.04611234132153,
        0.18034629937162094,
        72.90788590662947,
        591.6176719664946,
        548.7398092257046,
        30.620526511739172,
        613.1754230490101,
        533.5409771198179,
        563.0145433594607,
        566.9129602652291,
        294.4035943955818,
        226.61374285744847,
        47.5541947214805,
        594.9635181594394,
        719.7478528211499,
        365.7232364997725,
        24.45050397787412,
        228.23877131031193,
        499.154559409012,
        476.5793779039154,
        64.18984035570426,
        669.1283408051737,
        564.9637056770907,
        537.3923017702264,
        -39.07030245133446,
        192.57066374758304,
        656.0500447863029,
        492.7759308899606,
        630.5876292582168,
        507.0515303442685,
        455.764494119271,
        417.9470691889909,
        639.6177917323466,
        44.41454402425383,
        92.0356157199624,
        484.39548796230224,
        44.61757503331869,
        464.3673639948347,
        14.12086889495265,
        69.55288940204818,
        700.5456539129447,
        -25.101137158205262,
        560.965817348613
    ],
    "recent_successes": [
        1,
        1,
        1,
        0,
        1,
        1,
        1,
        1,
        0,
        1,
        1,
        0,
        0,
        1,
        1,
        1,
        0,
        1,
        0,
        1,
        1,
        1,
        1,
        1,
        1,
        1,
        1,
        1,
        1,
        1,
        1,
        0,
        1,
        1,
        1,
        1,
        1,
        1,
        1,
        1,
        1,
        1,
        1,
        1,
        1,
        0,
        1,
        0,
        1,
        1,
        1,
        1,
        1,
        1,
        0,
        0,
        1,
        1,
        0,
        1,
        1,
        1,
        0,
        1,
        1,
        1,
        1,
        1,
        1,
        0,
        1,
        1,
        1,
        0,
        1,
        1,
        1,
        1,
        1,
        1,
        1,
        0,
        1,
        1,
        1,
        1,
        1,
        1,
        1,
        1,
        0,
        1,
        1,
        0,
        1,
        0,
        1,
        1,
        0,
        1
    ],
    "recent_collisions": [
        0,
        0,
        0,
        1,
        0,
        0,
        0,
        0,
        1,
        0,
        0,
        1,
        1,
        0,
        0,
        0,
        0,
        0,
        0,
        0,
        0,
        0,
        0,
        0,
        0,
        0,
        0,
        0,
        0,
        0,
        0,
        0,
        0,
        0,
        0,
        0,
        0,
        0,
        0,
        0,
        0,
        0,
        0,
        0,
        0,
        1,
        0,
        0,
        0,
        0,
        0,
        0,
        0,
        0,
        0,
        1,
        0,
        0,
        0,
        0,
        0,
        0,
        0,
        0,
        0,
        0,
        0,
        0,
        0,
        0,
        0,
        0,
        0,
        0,
        0,
        0,
        0,
        0,
        0,
        0,
        0,
        0,
        0,
        0,
        0,
        0,
        0,
        0,
        0,
        0,
        0,
        0,
        0,
        0,
        0,
        0,
        0,
        0,
        0,
        0
    ],
    "recent_steps": [
        183,
        200,
        179,
        64,
        190,
        177,
        297,
        170,
        71,
        251,
        169,
        64,
        62,
        188,
        235,
        179,
        182,
        225,
        208,
        284,
        212,
        196,
        223,
        232,
        172,
        248,
        202,
        203,
        204,
        185,
        201,
        191,
        258,
        202,
        175,
        285,
        184,
        206,
        172,
        195,
        173,
        175,
        196,
        160,
        221,
        65,
        168,
        186,
        197,
        153,
        179,
        187,
        217,
        158,
        172,
        55,
        160,
        197,
        177,
        196,
        246,
        158,
        175,
        171,
        226,
        177,
        207,
        238,
        133,
        169,
        197,
        180,
        254,
        157,
        156,
        202,
        200,
        203,
        186,
        186,
        203,
        88,
        148,
        178,
        155,
        172,
        228,
        198,
        200,
        194,
        180,
        151,
        181,
        168,
        203,
        61,
        176,
        168,
        214,
        202
    ],
    "params": {
        "max_episodes": 1500,
        "max_steps": 600,
        "batch_size": 64,
        "learning_rate": 3e-05,
        "gamma": 0.99,
        "initial_epsilon": 0.15,
        "epsilon_decay": 0.999,
        "min_epsilon": 0.02,
        "memory_size": 150000,
        "target_update_freq": 5,
        "checkpoint_freq": 100,
        "resource_monitor_freq": 10
    },
    "resource_summary": "Training Time: 1:33:39\nAvg CPU Usage: 55.2%\nAvg Memory Usage: 2.7%"
}