{
    "episode": 500,
    "best_reward": 943.0535770560201,
    "best_success_rate": 1.0,
    "recent_rewards": [
        34.54814424281443,
        49.399072886639786,
        752.7113073969147,
        534.1696125158384,
        616.8257613119758,
        666.7465790115965,
        138.76719827907402,
        744.4903772464093,
        750.3847172204853,
        21.410725598886785,
        103.28170851393511,
        83.2235482009709,
        702.8213759511881,
        827.7779853897124,
        824.736270464113,
        675.1542895115479,
        819.8100090864028,
        844.5096032399749,
        604.8110745623602,
        735.0459414833279,
        572.9989718160036,
        797.5395599755029,
        751.2362223974206,
        728.2238924886956,
        22.42109073394947,
        499.8924003046101,
        744.6213980859771,
        732.0685914945279,
        585.7054796012922,
        491.22648633853856,
        838.3400642987142,
        902.166237630115,
        436.15476538621954,
        500.62027645927844,
        347.38128079348337,
        625.9083739733027,
        113.9417173155518,
        590.8155759905089,
        99.65723751687335,
        633.884088077592,
        791.129288186618,
        117.48757638529604,
        515.5591804222881,
        839.0457439334757,
        734.9713155397702,
        702.4683722684022,
        680.2088612615704,
        701.5949698343823,
        820.1073899794485,
        794.8432948849972,
        706.1367299392075,
        82.26598049889091,
        671.9584776759718,
        95.3888328332667,
        876.5302809617547,
        86.8868602248216,
        92.7986354604034,
        743.383661933681,
        679.8691546350312,
        824.5199155449918,
        687.6677200870582,
        930.0115090914323,
        664.9417454745238,
        717.868067894894,
        16.16695508435278,
        888.4250490085451,
        837.8570903102542,
        827.870102025075,
        710.9513068123767,
        105.09867025529935,
        731.1436328645067,
        819.1696787107202,
        405.00526139635855,
        679.9437605421551,
        554.9752936469479,
        690.176197039112,
        90.97887325334457,
        639.2558750606055,
        582.4804685039019,
        98.2890470180348,
        137.31213412602045,
        850.0454653469362,
        -69.80839911853985,
        560.7942217075511,
        470.2611413151077,
        822.3729478799476,
        808.5336766002088,
        804.5941860410827,
        654.9824350893732,
        794.3378269722564,
        680.6686140718498,
        80.47332359278401,
        697.6780148345975,
        806.9138576367809,
        801.6774460466015,
        780.1772672381306,
        667.1104919880426,
        708.2035423571216,
        943.0535770560201,
        709.7899236239166
    ],
    "recent_successes": [
        0,
        0,
        1,
        1,
        1,
        1,
        1,
        1,
        1,
        0,
        1,
        1,
        1,
        1,
        1,
        1,
        1,
        1,
        1,
        1,
        1,
        1,
        1,
        1,
        0,
        1,
        1,
        1,
        1,
        1,
        1,
        1,
        1,
        1,
        1,
        1,
        1,
        1,
        1,
        1,
        1,
        1,
        1,
        1,
        1,
        1,
        1,
        1,
        1,
        1,
        1,
        1,
        1,
        1,
        1,
        1,
        1,
        1,
        1,
        1,
        1,
        1,
        1,
        1,
        0,
        1,
        1,
        1,
        1,
        1,
        1,
        1,
        1,
        1,
        1,
        1,
        1,
        1,
        1,
        1,
        1,
        1,
        0,
        1,
        1,
        1,
        1,
        1,
        1,
        1,
        1,
        1,
        1,
        1,
        1,
        1,
        1,
        1,
        1,
        1
    ],
    "recent_collisions": [
        0,
        0,
        0,
        0,
        0,
        0,
        0,
        0,
        0,
        0,
        0,
        0,
        0,
        0,
        0,
        0,
        0,
        0,
        0,
        0,
        0,
        0,
        0,
        0,
        0,
        0,
        0,
        0,
        0,
        0,
        0,
        0,
        0,
        0,
        0,
        0,
        0,
        0,
        0,
        0,
        0,
        0,
        0,
        0,
        0,
        0,
        0,
        0,
        0,
        0,
        0,
        0,
        0,
        0,
        0,
        0,
        0,
        0,
        0,
        0,
        0,
        0,
        0,
        0,
        0,
        0,
        0,
        0,
        0,
        0,
        0,
        0,
        0,
        0,
        0,
        0,
        0,
        0,
        0,
        0,
        0,
        0,
        1,
        0,
        0,
        0,
        0,
        0,
        0,
        0,
        0,
        0,
        0,
        0,
        0,
        0,
        0,
        0,
        0,
        0
    ],
    "recent_steps": [
        164,
        113,
        141,
        145,
        165,
        143,
        114,
        140,
        145,
        125,
        106,
        159,
        139,
        142,
        144,
        142,
        147,
        142,
        142,
        139,
        141,
        139,
        150,
        151,
        60,
        139,
        143,
        140,
        145,
        132,
        144,
        140,
        144,
        145,
        142,
        137,
        108,
        142,
        109,
        165,
        166,
        108,
        166,
        137,
        165,
        139,
        166,
        166,
        165,
        143,
        138,
        111,
        167,
        106,
        136,
        110,
        102,
        142,
        162,
        137,
        167,
        137,
        144,
        145,
        122,
        143,
        142,
        140,
        145,
        110,
        148,
        140,
        139,
        141,
        167,
        137,
        116,
        140,
        142,
        110,
        106,
        142,
        147,
        167,
        139,
        137,
        168,
        143,
        169,
        145,
        147,
        103,
        167,
        138,
        141,
        139,
        147,
        143,
        138,
        136
    ],
    "params": {
        "max_episodes": 1500,
        "max_steps": 600,
        "batch_size": 64,
        "learning_rate": 3e-05,
        "gamma": 0.99,
        "initial_epsilon": 0.15,
        "epsilon_decay": 0.999,
        "min_epsilon": 0.02,
        "memory_size": 150000,
        "target_update_freq": 5,
        "checkpoint_freq": 100,
        "resource_monitor_freq": 10
    },
    "resource_summary": "Training Time: 3:28:51\nAvg CPU Usage: 52.9%\nAvg Memory Usage: 2.7%"
}