{
    "episode": 700,
    "best_reward": 943.0535770560201,
    "best_success_rate": 1.0,
    "recent_rewards": [
        65.84281814876606,
        690.6663734631967,
        830.9721891506,
        851.1815178594429,
        69.95865637777719,
        100.1817181635524,
        860.3170514687927,
        766.039503685187,
        41.71107613949961,
        835.3441582874632,
        815.8916386374536,
        500.11247911481684,
        920.8917435833698,
        840.3608962388428,
        943.041739781784,
        34.90194330208462,
        741.9239762094828,
        446.94911295704867,
        641.0218498516547,
        765.2928197225408,
        819.0212016755893,
        810.267083734946,
        731.6364356507962,
        89.1260211538823,
        799.1195858671073,
        738.410342116182,
        786.3913328622493,
        702.0794605341132,
        797.0858973807581,
        851.7646445389315,
        722.3447302260147,
        838.2509255641193,
        805.8252897571017,
        767.9807627687289,
        830.8153907619719,
        736.8978724132177,
        143.20947339170993,
        838.3801623444941,
        39.36125328976287,
        639.1238060785056,
        779.9839076298978,
        748.2076056108585,
        775.4436033199411,
        926.8016206589776,
        797.1348417358391,
        871.9453570297773,
        872.3511749400826,
        685.1816638099086,
        868.1850586059235,
        23.938734370946605,
        135.4535155164013,
        146.17646166520484,
        792.7404272313752,
        833.3521506796551,
        850.578263466658,
        524.1583409664202,
        903.8279336492928,
        781.0675549468496,
        54.70574406646007,
        880.7788507391056,
        796.292473749452,
        510.13149027203843,
        63.04926888015753,
        504.7212431533063,
        909.7690632883074,
        881.4688422288599,
        859.1346700554891,
        855.8123316177533,
        517.8788950884727,
        838.7396382280247,
        771.9793363071942,
        137.91061233609173,
        137.97628503140965,
        149.0170296567237,
        811.5285703764619,
        790.715421334032,
        90.5593783785598,
        749.5954445145424,
        743.5025375285791,
        815.059576122911,
        106.57732160758702,
        492.97358606998307,
        759.6113067614564,
        881.5445296399814,
        116.56853022995838,
        802.7641530726914,
        99.15084623429094,
        712.7704411903142,
        694.6287572950313,
        864.2040349775168,
        710.7222324106469,
        751.0236886932278,
        801.8091612214549,
        797.5790693844141,
        830.2389577954801,
        866.1451606883272,
        523.4324344847315,
        130.98058199089724,
        853.0449219759614,
        903.2958538682876
    ],
    "recent_successes": [
        1,
        1,
        1,
        1,
        1,
        1,
        1,
        1,
        0,
        1,
        1,
        1,
        1,
        1,
        1,
        0,
        1,
        1,
        1,
        1,
        1,
        1,
        1,
        1,
        1,
        1,
        1,
        1,
        1,
        1,
        1,
        1,
        1,
        1,
        1,
        1,
        1,
        1,
        0,
        1,
        1,
        1,
        1,
        1,
        1,
        1,
        1,
        1,
        1,
        0,
        1,
        1,
        1,
        1,
        1,
        1,
        1,
        1,
        1,
        1,
        1,
        1,
        1,
        1,
        1,
        1,
        1,
        1,
        1,
        1,
        1,
        1,
        1,
        1,
        1,
        1,
        1,
        1,
        1,
        1,
        1,
        1,
        1,
        1,
        1,
        1,
        1,
        1,
        1,
        1,
        1,
        1,
        1,
        1,
        1,
        1,
        1,
        1,
        1,
        1
    ],
    "recent_collisions": [
        0,
        0,
        0,
        0,
        0,
        0,
        0,
        0,
        0,
        0,
        0,
        0,
        0,
        0,
        0,
        0,
        0,
        0,
        0,
        0,
        0,
        0,
        0,
        0,
        0,
        0,
        0,
        0,
        0,
        0,
        0,
        0,
        0,
        0,
        0,
        0,
        0,
        0,
        0,
        0,
        0,
        0,
        0,
        0,
        0,
        0,
        0,
        0,
        0,
        0,
        0,
        0,
        0,
        0,
        0,
        0,
        0,
        0,
        0,
        0,
        0,
        0,
        0,
        0,
        0,
        0,
        0,
        0,
        0,
        0,
        0,
        0,
        0,
        0,
        0,
        0,
        0,
        0,
        0,
        0,
        0,
        0,
        0,
        0,
        0,
        0,
        0,
        0,
        0,
        0,
        0,
        0,
        0,
        0,
        0,
        0,
        0,
        0,
        0,
        0
    ],
    "recent_steps": [
        98,
        167,
        165,
        170,
        95,
        103,
        141,
        176,
        105,
        163,
        145,
        135,
        143,
        137,
        141,
        138,
        153,
        141,
        143,
        180,
        172,
        140,
        146,
        97,
        144,
        172,
        139,
        142,
        148,
        144,
        142,
        170,
        180,
        143,
        170,
        168,
        98,
        144,
        150,
        139,
        147,
        172,
        142,
        135,
        179,
        146,
        137,
        152,
        143,
        136,
        132,
        136,
        135,
        154,
        169,
        147,
        142,
        141,
        122,
        143,
        177,
        135,
        146,
        141,
        145,
        141,
        173,
        144,
        142,
        172,
        149,
        98,
        90,
        131,
        170,
        171,
        133,
        149,
        179,
        140,
        143,
        145,
        157,
        135,
        125,
        140,
        103,
        171,
        137,
        139,
        170,
        138,
        141,
        140,
        147,
        148,
        150,
        93,
        144,
        138
    ],
    "params": {
        "max_episodes": 1500,
        "max_steps": 600,
        "batch_size": 64,
        "learning_rate": 3e-05,
        "gamma": 0.99,
        "initial_epsilon": 0.15,
        "epsilon_decay": 0.999,
        "min_epsilon": 0.02,
        "memory_size": 150000,
        "target_update_freq": 5,
        "checkpoint_freq": 100,
        "resource_monitor_freq": 10
    },
    "resource_summary": "Training Time: 4:42:40\nAvg CPU Usage: 52.4%\nAvg Memory Usage: 2.8%"
}