{
    "episode": 500,
    "best_reward": 9326.139948250082,
    "best_success_rate": 0.85,
    "recent_rewards": [
        2833.1956809638823,
        494.2566287005635,
        7828.495902512346,
        1566.0384594664094,
        3084.3368426127417,
        1837.7967484852916,
        1406.836277196253,
        2124.626968568141,
        2752.569265712513,
        -1171.87060462454,
        1432.9802895590767,
        2999.273804559515,
        7998.599688733629,
        1636.7280912752085,
        2523.410288064382,
        1113.8464179712107,
        2197.0004913439,
        1605.7899534043224,
        892.1021146993219,
        8236.500244254454,
        1349.5789592089411,
        2121.1858790268143,
        2557.970786125581,
        3025.9109531997265,
        2468.01734798761,
        7448.514862382007,
        1436.3309437548874,
        671.9091060996639,
        1353.41709602315,
        9326.139948250082,
        521.3382992904587,
        3410.3527940129184,
        7263.262277610827,
        2752.9024055598793,
        2733.345650303636,
        1462.6454407379565,
        2793.8990907366715,
        2566.241502642655,
        1904.662426902102,
        2617.3227781031574,
        2886.471424790681,
        2704.0880124636055,
        1026.9328825877537,
        864.6804893449081,
        2332.724313511691,
        3227.305065874455,
        2560.767147589403,
        3235.3153331831977,
        2591.5465860654413,
        3321.9600745285575,
        4031.6188376223986,
        2736.925461757136,
        5097.137082258381,
        3355.0131743485977,
        2981.9541521651286,
        1743.783768425665,
        1853.5390091998372,
        3618.057136939072,
        4273.779445832216,
        2870.8296330365592,
        866.6183630354778,
        2796.3468533182104,
        2979.7979468834437,
        1079.0359468138959,
        1831.0081590734396,
        2162.076438838474,
        1892.4585924035987,
        2772.8528912180554,
        2662.619409680093,
        4126.805511837577,
        1976.545471491291,
        1411.5680065809086,
        2625.438385398485,
        3833.0867386455893,
        965.5494925004832,
        3265.738407597645,
        2561.1738774386195,
        1647.11430455119,
        2458.579568722751,
        2360.075831522029,
        7221.819061254174,
        7982.766579829138,
        1408.921569073697,
        1413.6911308445297,
        1253.4847618667918,
        2243.333427867302,
        2409.6699827794905,
        2274.0262601020872,
        649.0840320625838,
        852.7677980122112,
        2478.089702475332,
        2305.545969436866,
        2398.547978582166,
        2661.441444561605,
        1289.5058708920271,
        2886.6289570495846,
        2667.5180964252595,
        2080.08107929254,
        8536.252133975946,
        2846.6440227393387
    ],
    "recent_successes": [
        0,
        0,
        1,
        0,
        1,
        1,
        0,
        0,
        1,
        0,
        0,
        1,
        1,
        0,
        1,
        0,
        0,
        0,
        0,
        1,
        0,
        0,
        1,
        0,
        0,
        1,
        0,
        0,
        0,
        1,
        0,
        1,
        1,
        1,
        1,
        0,
        1,
        0,
        0,
        1,
        1,
        0,
        0,
        0,
        1,
        1,
        1,
        1,
        0,
        0,
        0,
        1,
        1,
        1,
        0,
        0,
        1,
        1,
        1,
        1,
        0,
        0,
        1,
        0,
        0,
        1,
        0,
        1,
        0,
        1,
        0,
        1,
        1,
        1,
        0,
        1,
        0,
        0,
        0,
        0,
        1,
        1,
        0,
        1,
        0,
        0,
        0,
        1,
        0,
        0,
        0,
        0,
        1,
        1,
        1,
        1,
        1,
        0,
        1,
        1
    ],
    "recent_collisions": [
        1,
        1,
        0,
        1,
        0,
        0,
        1,
        1,
        0,
        1,
        1,
        0,
        0,
        1,
        0,
        1,
        1,
        1,
        1,
        0,
        1,
        1,
        0,
        1,
        1,
        0,
        1,
        1,
        1,
        0,
        1,
        0,
        0,
        0,
        0,
        1,
        0,
        1,
        1,
        0,
        0,
        1,
        1,
        1,
        0,
        0,
        0,
        0,
        1,
        1,
        1,
        0,
        0,
        0,
        1,
        1,
        0,
        0,
        0,
        0,
        1,
        1,
        0,
        1,
        1,
        0,
        1,
        0,
        1,
        0,
        1,
        0,
        0,
        0,
        1,
        0,
        1,
        1,
        1,
        1,
        0,
        0,
        1,
        0,
        1,
        1,
        1,
        0,
        1,
        1,
        1,
        1,
        0,
        0,
        0,
        0,
        0,
        1,
        0,
        0
    ],
    "recent_steps": [
        372,
        85,
        138,
        93,
        38,
        17,
        88,
        120,
        27,
        557,
        118,
        36,
        149,
        76,
        32,
        79,
        301,
        104,
        78,
        172,
        84,
        124,
        26,
        124,
        118,
        148,
        86,
        86,
        91,
        454,
        93,
        47,
        374,
        31,
        33,
        93,
        32,
        129,
        78,
        31,
        32,
        126,
        100,
        81,
        22,
        37,
        29,
        39,
        124,
        129,
        308,
        30,
        200,
        44,
        118,
        78,
        14,
        45,
        60,
        36,
        95,
        124,
        39,
        94,
        93,
        20,
        134,
        32,
        123,
        53,
        81,
        2,
        29,
        57,
        92,
        40,
        123,
        90,
        126,
        126,
        155,
        177,
        78,
        3,
        96,
        135,
        126,
        32,
        99,
        91,
        126,
        127,
        29,
        33,
        1,
        31,
        33,
        132,
        208,
        34
    ],
    "params": {
        "max_episodes": 1500,
        "max_steps": 600,
        "batch_size": 64,
        "learning_rate": 2e-05,
        "gamma": 0.99,
        "initial_epsilon": 0.1,
        "epsilon_decay": 0.995,
        "min_epsilon": 0.01,
        "memory_size": 150000,
        "target_update_freq": 8,
        "checkpoint_freq": 100,
        "resource_monitor_freq": 10
    },
    "resource_summary": "Training Time: 1:52:12\nAvg CPU Usage: 43.2%\nAvg Memory Usage: 5.5%\nAvg GPU Usage: 2.0%\nAvg GPU Memory: 178.1MB"
}