{
    "episode": 600,
    "best_reward": 9347.441656809802,
    "best_success_rate": 0.85,
    "recent_rewards": [
        8421.48383304253,
        1973.2644502615783,
        2255.4590124100287,
        2977.995587811861,
        1146.1303989863102,
        551.362441380048,
        8020.877631523968,
        1197.5857212798373,
        8398.257023601229,
        2746.7212670997233,
        2728.905227130024,
        7729.981435166865,
        2588.703769591699,
        9209.852215362378,
        2394.4329997021946,
        3111.10186684796,
        2344.385517806638,
        2377.005627995203,
        2225.267055567199,
        7955.550023442073,
        1279.8512930360275,
        720.8232458964752,
        2561.46203296323,
        2353.7122450208126,
        1699.8628285047953,
        8484.516165893107,
        3675.979981463462,
        2960.092447824583,
        3163.08796742144,
        1100.9023134721606,
        2622.7975222338605,
        987.768049280121,
        1315.2796340740235,
        8702.788405206296,
        1222.945388873579,
        9200.352624892706,
        2330.4156299882497,
        1454.3351345256376,
        2853.702951803141,
        1954.9004832671612,
        9027.485375022316,
        8885.080183252907,
        1388.7952969437654,
        1978.9874893106942,
        952.7471927327549,
        8061.575890056092,
        1326.5076880284942,
        8880.854955876826,
        1081.2744409764978,
        2917.4497918415454,
        1913.8145467650224,
        3238.0838727007967,
        2557.980466855168,
        2020.9865822154043,
        2305.0837381227825,
        2564.3007527326527,
        2685.487189248932,
        1643.2709581624276,
        1097.0373702556549,
        1511.8279887067602,
        8248.951287212702,
        1178.5164608187965,
        2970.9406244767515,
        2329.187485157288,
        8469.798381951556,
        1706.1505622564353,
        1393.6085998694252,
        1751.8071208489641,
        1961.1906239707073,
        2203.521431659659,
        3097.88173707242,
        1263.0412602004844,
        2448.3773577640786,
        2584.894701588485,
        2496.0254092720634,
        2139.8195366145937,
        1223.2763973875126,
        2112.9412404990167,
        8290.061413061594,
        1549.849719906922,
        864.9350989200116,
        2343.1214308567437,
        1902.5542245427969,
        3390.2366675114663,
        2383.8947158808933,
        2614.814403439024,
        2126.1746290549445,
        2042.0635372593165,
        1021.4750410406699,
        1451.9095380435583,
        2531.9024730568067,
        2913.7820781613964,
        1872.1519015656884,
        1662.883978330174,
        9347.441656809802,
        7665.330222746943,
        1551.7400108025997,
        1360.3199291310698,
        8819.497583942268,
        978.3983512795897
    ],
    "recent_successes": [
        1,
        1,
        0,
        1,
        1,
        0,
        1,
        0,
        1,
        1,
        0,
        1,
        0,
        1,
        1,
        0,
        1,
        1,
        1,
        1,
        1,
        0,
        0,
        1,
        0,
        1,
        1,
        1,
        1,
        0,
        0,
        0,
        1,
        1,
        0,
        1,
        1,
        1,
        1,
        1,
        1,
        1,
        1,
        1,
        0,
        1,
        0,
        1,
        0,
        1,
        0,
        1,
        1,
        0,
        0,
        1,
        1,
        0,
        0,
        0,
        1,
        0,
        1,
        0,
        1,
        1,
        0,
        1,
        1,
        1,
        1,
        0,
        0,
        0,
        0,
        1,
        0,
        0,
        1,
        1,
        0,
        0,
        0,
        1,
        0,
        1,
        0,
        1,
        0,
        0,
        1,
        1,
        0,
        0,
        1,
        1,
        0,
        0,
        1,
        0
    ],
    "recent_collisions": [
        0,
        0,
        1,
        0,
        0,
        1,
        0,
        1,
        0,
        0,
        1,
        0,
        1,
        0,
        0,
        1,
        0,
        0,
        0,
        0,
        0,
        1,
        1,
        0,
        1,
        0,
        0,
        0,
        0,
        1,
        1,
        1,
        0,
        0,
        1,
        0,
        0,
        0,
        0,
        0,
        0,
        0,
        0,
        0,
        1,
        0,
        1,
        0,
        1,
        0,
        1,
        0,
        0,
        1,
        1,
        0,
        0,
        1,
        1,
        1,
        0,
        1,
        0,
        1,
        0,
        0,
        1,
        0,
        0,
        0,
        0,
        1,
        1,
        1,
        1,
        0,
        1,
        1,
        0,
        0,
        1,
        1,
        1,
        0,
        1,
        0,
        1,
        0,
        1,
        1,
        0,
        0,
        1,
        1,
        0,
        0,
        1,
        1,
        0,
        1
    ],
    "recent_steps": [
        196,
        19,
        125,
        38,
        1,
        105,
        197,
        83,
        181,
        33,
        128,
        186,
        130,
        189,
        25,
        126,
        26,
        33,
        28,
        187,
        1,
        114,
        136,
        33,
        308,
        178,
        44,
        38,
        41,
        84,
        132,
        96,
        1,
        156,
        80,
        176,
        27,
        8,
        37,
        25,
        180,
        172,
        8,
        23,
        103,
        182,
        79,
        307,
        83,
        36,
        137,
        43,
        31,
        133,
        124,
        32,
        29,
        118,
        80,
        132,
        206,
        80,
        39,
        127,
        184,
        14,
        86,
        13,
        20,
        24,
        39,
        106,
        126,
        128,
        128,
        23,
        87,
        143,
        185,
        9,
        98,
        121,
        127,
        56,
        134,
        32,
        126,
        26,
        79,
        132,
        29,
        41,
        82,
        244,
        252,
        327,
        83,
        82,
        234,
        120
    ],
    "params": {
        "max_episodes": 1500,
        "max_steps": 600,
        "batch_size": 64,
        "learning_rate": 2e-05,
        "gamma": 0.99,
        "initial_epsilon": 0.1,
        "epsilon_decay": 0.995,
        "min_epsilon": 0.01,
        "memory_size": 150000,
        "target_update_freq": 8,
        "checkpoint_freq": 100,
        "resource_monitor_freq": 10
    },
    "resource_summary": "Training Time: 2:16:15\nAvg CPU Usage: 44.8%\nAvg Memory Usage: 5.5%\nAvg GPU Usage: 2.1%\nAvg GPU Memory: 178.2MB"
}