{
    "episode": 300,
    "best_reward": 8987.287683001778,
    "best_success_rate": 0.85,
    "recent_rewards": [
        3018.2187117143867,
        2388.7804044799977,
        2577.8030671771558,
        3261.563108077763,
        3344.319548058097,
        2136.1457740479564,
        2242.095681985133,
        1401.688989702183,
        2318.953036295854,
        483.60656768700596,
        2224.8286982347117,
        3306.79770738453,
        1017.879958416554,
        1141.9835653594778,
        715.591035549249,
        2309.612686755576,
        1459.917540991649,
        3083.084901285253,
        2392.2926957200107,
        728.1904029713448,
        1219.3785724676397,
        978.4020790295664,
        2284.1141396376133,
        2073.05924751024,
        6954.762628820749,
        1323.5898409832832,
        1126.7226364188245,
        1895.5314810064767,
        879.4255538892265,
        1993.9202703822527,
        6609.172985363924,
        -3309.3818348976138,
        2716.4248798039043,
        896.0381056341573,
        644.5678995662806,
        916.3908469732479,
        2550.855943047011,
        2752.5043342068057,
        541.731014798601,
        1256.6147473384447,
        1644.1970043276872,
        2110.421352142215,
        2044.051058658758,
        3024.8424257347215,
        48.68281748417439,
        2103.9808734160915,
        2674.552054571782,
        368.71098546554947,
        7126.408541436944,
        588.7825389052583,
        2139.5226705033924,
        1837.9794388337532,
        1208.0948703834956,
        841.2230285978801,
        1470.4408899889602,
        1824.999582953505,
        807.6440439130645,
        916.3542690614748,
        8092.750053733019,
        2336.2052006778295,
        1240.03188368876,
        7594.741996681747,
        1548.2102481597121,
        2942.028144981388,
        470.38379484611175,
        2110.478780862245,
        2802.6531857006285,
        7811.051337312119,
        2585.8082980197587,
        1129.5650657628178,
        2958.107554589214,
        2108.0114512653327,
        6872.517654233356,
        476.77375449768624,
        1487.900696439977,
        1477.117139243703,
        2927.5353249003383,
        1378.688130788982,
        1679.7850220379644,
        814.6389324443161,
        1601.6522337939236,
        2270.063903470903,
        1306.7078615349474,
        1870.7361431844959,
        2209.7559484297217,
        2056.464060478183,
        2786.1249086099438,
        2767.0352516384783,
        1767.232039229334,
        2648.023996703225,
        1864.0059147222755,
        2664.5636717668885,
        547.2668918288823,
        2906.3261190048534,
        2603.8727207622164,
        2787.426261755118,
        883.9967207263957,
        7855.11493281218,
        1995.998591594709,
        1327.0764376296845
    ],
    "recent_successes": [
        1,
        0,
        1,
        1,
        1,
        0,
        0,
        1,
        0,
        0,
        1,
        1,
        0,
        0,
        0,
        0,
        0,
        1,
        0,
        0,
        0,
        0,
        0,
        1,
        1,
        0,
        0,
        1,
        0,
        1,
        1,
        0,
        1,
        0,
        0,
        0,
        1,
        1,
        0,
        1,
        1,
        0,
        1,
        1,
        0,
        1,
        1,
        0,
        1,
        0,
        1,
        0,
        0,
        0,
        1,
        0,
        0,
        0,
        1,
        0,
        0,
        1,
        0,
        1,
        0,
        0,
        1,
        1,
        0,
        0,
        1,
        0,
        1,
        0,
        1,
        1,
        1,
        1,
        0,
        0,
        0,
        1,
        0,
        0,
        1,
        1,
        1,
        1,
        0,
        1,
        0,
        0,
        0,
        1,
        1,
        1,
        0,
        1,
        0,
        0
    ],
    "recent_collisions": [
        0,
        1,
        0,
        0,
        0,
        1,
        1,
        0,
        1,
        1,
        0,
        0,
        1,
        1,
        1,
        1,
        1,
        0,
        1,
        1,
        1,
        1,
        1,
        0,
        0,
        1,
        1,
        0,
        1,
        0,
        0,
        1,
        0,
        1,
        1,
        1,
        0,
        0,
        1,
        0,
        0,
        1,
        0,
        0,
        1,
        0,
        0,
        1,
        0,
        1,
        0,
        1,
        1,
        1,
        0,
        1,
        1,
        1,
        0,
        1,
        1,
        0,
        1,
        0,
        1,
        1,
        0,
        0,
        1,
        1,
        0,
        1,
        0,
        1,
        0,
        0,
        0,
        0,
        1,
        1,
        1,
        0,
        1,
        1,
        0,
        0,
        0,
        0,
        1,
        0,
        1,
        1,
        1,
        0,
        0,
        0,
        1,
        0,
        1,
        1
    ],
    "recent_steps": [
        38,
        97,
        28,
        41,
        44,
        106,
        109,
        1,
        112,
        104,
        24,
        30,
        69,
        64,
        115,
        113,
        107,
        33,
        94,
        76,
        70,
        77,
        166,
        17,
        161,
        93,
        75,
        10,
        62,
        15,
        87,
        198,
        23,
        57,
        75,
        84,
        28,
        22,
        79,
        1,
        6,
        104,
        19,
        34,
        106,
        15,
        23,
        71,
        92,
        87,
        19,
        109,
        79,
        114,
        7,
        104,
        85,
        106,
        108,
        97,
        90,
        110,
        62,
        37,
        96,
        71,
        30,
        120,
        109,
        81,
        26,
        87,
        81,
        82,
        10,
        5,
        35,
        7,
        78,
        91,
        78,
        27,
        109,
        108,
        23,
        19,
        28,
        24,
        116,
        31,
        117,
        112,
        94,
        33,
        30,
        32,
        87,
        114,
        111,
        79
    ],
    "params": {
        "max_episodes": 1500,
        "max_steps": 600,
        "batch_size": 64,
        "learning_rate": 2e-05,
        "gamma": 0.99,
        "initial_epsilon": 0.1,
        "epsilon_decay": 0.995,
        "min_epsilon": 0.01,
        "memory_size": 150000,
        "target_update_freq": 8,
        "checkpoint_freq": 100,
        "resource_monitor_freq": 10
    },
    "resource_summary": "Training Time: 1:06:45\nAvg CPU Usage: 41.5%\nAvg Memory Usage: 5.4%\nAvg GPU Usage: 2.0%\nAvg GPU Memory: 177.5MB"
}