{
    "episode": 800,
    "best_reward": 10992.420877249864,
    "best_success_rate": 0.85,
    "recent_rewards": [
        3160.547065801582,
        1431.281750809256,
        8555.734359025746,
        2165.8881327485938,
        2483.948964002592,
        754.7467428949549,
        9270.278992733973,
        2249.941536536662,
        4710.338355138453,
        2657.458479325,
        1797.071936685306,
        4785.179282694054,
        1505.2909387354941,
        2387.004929830027,
        1381.4450997850274,
        2898.128391359276,
        2684.4128321039684,
        2343.1702456887433,
        1567.3498998137036,
        1417.6342436274103,
        2843.4118497076975,
        10130.005437190679,
        3393.81442011515,
        4092.459557039273,
        2157.990537906558,
        8473.892578506922,
        1491.3887241166053,
        1446.5725572060805,
        1762.1381718366952,
        1406.3768570705724,
        1504.1943566682153,
        2756.680830569744,
        9488.31548342062,
        1997.6800931360344,
        2738.1461900425047,
        5617.2492620939975,
        2795.0641526581016,
        2284.765396730215,
        2552.644779398229,
        3428.5446228250576,
        2429.542513519607,
        3150.583247538029,
        2938.153814972171,
        8516.352703117675,
        1455.1144971928957,
        9121.831698762551,
        1916.4974286208212,
        2354.132497586818,
        9214.371661019031,
        2543.509104549372,
        2792.0746119618334,
        2761.5831347016265,
        2418.4199167565866,
        2816.3879150000157,
        2121.0079377664056,
        2872.363998810174,
        2638.8125270231158,
        2094.11454014742,
        1903.0142643990616,
        1635.878437361348,
        1776.6494135697853,
        2459.0900129053457,
        2804.946833959926,
        1289.8182697699856,
        1406.2159322497496,
        2665.377922122442,
        3451.382653374977,
        2254.7998109141236,
        8369.571491637815,
        2029.0344875286019,
        2422.680012257346,
        8410.635830943465,
        2295.915198740929,
        1543.5082637600867,
        2000.111987627572,
        2278.17006042349,
        2671.513359426657,
        2388.9603484398667,
        2864.4564650362868,
        2696.271753597538,
        1429.863416918827,
        8257.474812326316,
        2848.3697951879444,
        8606.086256043807,
        4073.587631805896,
        3889.8826765418676,
        3418.8072599425086,
        2220.3326019285423,
        2346.273861974066,
        2193.174737903655,
        2395.1936907647964,
        2515.9538279890003,
        2316.3332621860013,
        1674.205300944729,
        1463.3505721236863,
        4089.768564863797,
        10152.485887957484,
        1915.582699336183,
        5609.200554955241,
        2835.2425994946543
    ],
    "recent_successes": [
        0,
        0,
        1,
        0,
        1,
        0,
        1,
        1,
        0,
        0,
        1,
        0,
        1,
        1,
        1,
        1,
        1,
        1,
        0,
        0,
        1,
        1,
        1,
        0,
        0,
        1,
        1,
        0,
        0,
        0,
        0,
        1,
        1,
        0,
        0,
        0,
        1,
        0,
        1,
        1,
        1,
        0,
        1,
        1,
        0,
        1,
        1,
        0,
        1,
        1,
        0,
        1,
        1,
        0,
        1,
        0,
        0,
        1,
        1,
        0,
        1,
        0,
        1,
        0,
        1,
        1,
        0,
        1,
        0,
        0,
        1,
        1,
        1,
        0,
        0,
        1,
        1,
        1,
        1,
        1,
        1,
        1,
        0,
        1,
        0,
        0,
        0,
        0,
        1,
        0,
        1,
        1,
        1,
        0,
        0,
        1,
        1,
        1,
        0,
        1
    ],
    "recent_collisions": [
        1,
        1,
        0,
        1,
        0,
        1,
        0,
        0,
        1,
        1,
        0,
        1,
        0,
        0,
        0,
        0,
        0,
        0,
        1,
        1,
        0,
        0,
        0,
        1,
        1,
        0,
        0,
        1,
        1,
        1,
        1,
        0,
        0,
        1,
        1,
        1,
        0,
        1,
        0,
        0,
        0,
        1,
        0,
        0,
        1,
        0,
        0,
        1,
        0,
        0,
        1,
        0,
        0,
        1,
        0,
        1,
        1,
        0,
        0,
        1,
        0,
        1,
        0,
        1,
        0,
        0,
        1,
        0,
        0,
        1,
        0,
        0,
        0,
        1,
        1,
        0,
        0,
        0,
        0,
        0,
        0,
        0,
        1,
        0,
        1,
        1,
        1,
        1,
        0,
        1,
        0,
        0,
        0,
        1,
        1,
        0,
        0,
        0,
        1,
        0
    ],
    "recent_steps": [
        129,
        81,
        186,
        122,
        30,
        265,
        188,
        32,
        338,
        126,
        17,
        253,
        12,
        30,
        5,
        45,
        41,
        34,
        87,
        101,
        36,
        217,
        47,
        458,
        238,
        170,
        1,
        103,
        88,
        84,
        86,
        40,
        206,
        507,
        308,
        570,
        36,
        132,
        35,
        57,
        33,
        260,
        46,
        185,
        194,
        182,
        20,
        117,
        209,
        31,
        263,
        39,
        29,
        260,
        22,
        124,
        545,
        23,
        20,
        123,
        14,
        118,
        36,
        431,
        14,
        33,
        326,
        28,
        600,
        123,
        36,
        156,
        25,
        238,
        117,
        25,
        39,
        30,
        36,
        34,
        1,
        175,
        131,
        172,
        404,
        594,
        367,
        122,
        26,
        124,
        31,
        35,
        27,
        100,
        193,
        58,
        234,
        19,
        330,
        37
    ],
    "params": {
        "max_episodes": 1500,
        "max_steps": 600,
        "batch_size": 64,
        "learning_rate": 2e-05,
        "gamma": 0.99,
        "initial_epsilon": 0.1,
        "epsilon_decay": 0.995,
        "min_epsilon": 0.01,
        "memory_size": 150000,
        "target_update_freq": 8,
        "checkpoint_freq": 100,
        "resource_monitor_freq": 10
    },
    "resource_summary": "Training Time: 3:17:10\nAvg CPU Usage: 43.9%\nAvg Memory Usage: 5.5%\nAvg GPU Usage: 2.1%\nAvg GPU Memory: 178.4MB"
}