{
    "episode": 200,
    "best_reward": 8987.287683001778,
    "best_success_rate": 0.85,
    "recent_rewards": [
        8851.424738004498,
        7477.5571015294945,
        1591.0059237509558,
        8324.728500014398,
        1928.2033519088313,
        1961.6599694074223,
        721.1896890709443,
        3299.004090606358,
        2208.8898910098883,
        6240.089141395706,
        273.8074050868952,
        2155.455115209621,
        2238.0127759402817,
        2664.528972279198,
        1993.3112479200272,
        810.1756904457487,
        3246.2546484615295,
        1707.7154602438584,
        6999.00796754785,
        1280.647230391842,
        1493.4871691230785,
        929.5580828860681,
        2561.795975153663,
        2054.8840395031034,
        2181.1572049838524,
        2313.154192988519,
        2559.7504440010143,
        2331.1137583813293,
        1797.720276488687,
        1535.3436351424152,
        1346.6356664027846,
        2178.379079384911,
        1833.0787665103117,
        2746.454715463068,
        2673.167630543181,
        2041.2618360183405,
        3280.188273101617,
        1929.162295906257,
        2291.44650523865,
        1459.4220726743536,
        2587.273753501304,
        855.7906239889439,
        -779.9205290012655,
        659.0145034540284,
        1053.6853108777618,
        2634.9711089111106,
        1902.8387664131963,
        457.0099443876412,
        655.5498461022478,
        1565.2800657892653,
        3271.7061329588196,
        1528.200537087811,
        -980.513145360431,
        -3406.9389810240655,
        1298.850916140485,
        7595.855768600019,
        2858.22419868006,
        7104.51881621217,
        1618.8560497025264,
        2726.1615444664444,
        3040.2092715557947,
        2829.6613108598444,
        7118.526343416255,
        8804.985554611163,
        2058.160977549899,
        1566.9741937293725,
        2517.516093569372,
        1878.6067295692628,
        1481.0178586952593,
        1221.1283165032082,
        1670.590299029229,
        1427.752290562788,
        2421.9215652022194,
        1954.9448108385259,
        1087.0380279509543,
        1175.080417454667,
        1316.3166555521175,
        2788.0063144555666,
        1412.4050876695196,
        1792.66281797823,
        1766.2900370765851,
        1612.767968756372,
        281.1826647876136,
        1393.6058615129955,
        2685.8505503281135,
        562.5633391600948,
        539.3195558746456,
        1403.6364735021577,
        862.3642887486509,
        1072.162315895999,
        -1318.5604283456364,
        1469.2011617370526,
        1185.3077419972574,
        7219.660313814642,
        -1999.7081673582704,
        -2421.898770891575,
        2690.5263902231586,
        960.3350114582661,
        2473.963505368347,
        1489.6530559517366
    ],
    "recent_successes": [
        1,
        1,
        1,
        1,
        1,
        1,
        0,
        0,
        0,
        1,
        0,
        1,
        0,
        1,
        1,
        0,
        1,
        1,
        1,
        0,
        1,
        0,
        1,
        0,
        1,
        1,
        1,
        1,
        0,
        0,
        1,
        0,
        0,
        1,
        1,
        0,
        1,
        0,
        1,
        0,
        0,
        0,
        0,
        0,
        0,
        1,
        1,
        0,
        0,
        1,
        1,
        0,
        0,
        0,
        0,
        1,
        1,
        1,
        0,
        1,
        0,
        1,
        1,
        0,
        1,
        0,
        0,
        0,
        1,
        0,
        1,
        0,
        1,
        0,
        0,
        0,
        0,
        1,
        0,
        1,
        1,
        1,
        0,
        0,
        1,
        0,
        0,
        1,
        0,
        0,
        0,
        0,
        0,
        1,
        0,
        0,
        1,
        0,
        1,
        1
    ],
    "recent_collisions": [
        0,
        0,
        0,
        0,
        0,
        0,
        1,
        1,
        1,
        0,
        1,
        0,
        1,
        0,
        0,
        1,
        0,
        0,
        0,
        1,
        0,
        1,
        0,
        1,
        0,
        0,
        0,
        0,
        1,
        1,
        0,
        1,
        1,
        0,
        0,
        1,
        0,
        1,
        0,
        1,
        1,
        1,
        1,
        1,
        1,
        0,
        0,
        1,
        1,
        0,
        0,
        1,
        1,
        1,
        1,
        0,
        0,
        0,
        1,
        0,
        1,
        0,
        0,
        0,
        0,
        1,
        1,
        1,
        0,
        1,
        0,
        1,
        0,
        1,
        1,
        1,
        1,
        0,
        1,
        0,
        0,
        0,
        1,
        1,
        0,
        1,
        1,
        0,
        1,
        1,
        1,
        1,
        1,
        0,
        1,
        1,
        0,
        1,
        0,
        0
    ],
    "recent_steps": [
        98,
        78,
        5,
        111,
        17,
        11,
        98,
        264,
        545,
        132,
        150,
        29,
        184,
        46,
        24,
        124,
        25,
        11,
        132,
        150,
        9,
        67,
        16,
        111,
        23,
        21,
        28,
        19,
        99,
        87,
        1,
        266,
        106,
        31,
        28,
        168,
        251,
        100,
        21,
        101,
        284,
        70,
        203,
        124,
        61,
        24,
        13,
        104,
        106,
        6,
        28,
        95,
        200,
        444,
        82,
        137,
        24,
        73,
        248,
        26,
        171,
        28,
        152,
        600,
        21,
        102,
        184,
        111,
        6,
        85,
        18,
        81,
        21,
        164,
        70,
        79,
        88,
        30,
        82,
        14,
        9,
        9,
        101,
        70,
        22,
        97,
        89,
        1,
        107,
        67,
        208,
        106,
        65,
        95,
        188,
        189,
        26,
        66,
        21,
        1
    ],
    "params": {
        "max_episodes": 1500,
        "max_steps": 600,
        "batch_size": 64,
        "learning_rate": 2e-05,
        "gamma": 0.99,
        "initial_epsilon": 0.1,
        "epsilon_decay": 0.995,
        "min_epsilon": 0.01,
        "memory_size": 150000,
        "target_update_freq": 8,
        "checkpoint_freq": 100,
        "resource_monitor_freq": 10
    },
    "resource_summary": "Training Time: 0:50:03\nAvg CPU Usage: 41.8%\nAvg Memory Usage: 5.4%\nAvg GPU Usage: 2.0%\nAvg GPU Memory: 176.8MB"
}