{
    "episode": 1000,
    "best_reward": 10992.420877249864,
    "best_success_rate": 0.85,
    "recent_rewards": [
        2143.812952054196,
        5167.947257754514,
        1887.7061423328887,
        5620.19124548274,
        1874.7735635366416,
        1619.5751208279025,
        4641.81479348639,
        1870.1712842538482,
        2700.2145688910778,
        2777.7823382254596,
        2132.96870079328,
        6317.850701177188,
        2796.7858165975567,
        3056.515668618381,
        2054.127288418147,
        7529.585104307623,
        8791.592787266685,
        1896.527341387281,
        8279.200569890898,
        1562.8291560569278,
        2126.385941656026,
        2545.4311027571684,
        2837.225423427249,
        1995.7893637226841,
        2038.9230270617586,
        9859.56165454296,
        4883.998334411128,
        3802.4886466303565,
        1163.5692191603162,
        6230.374018749238,
        2811.6126099885983,
        2258.1441047925855,
        2591.965565029814,
        8788.032954666125,
        1438.1593143805037,
        1910.9660279267146,
        5520.424869005515,
        2785.3956066852725,
        2289.787532379954,
        3928.7707280069553,
        1930.3743389064075,
        1785.6773435790592,
        2705.52401230089,
        6916.369484825893,
        4156.132996464813,
        9909.368814191952,
        9492.541936351323,
        1671.7216305842014,
        2692.3892353651686,
        2607.774568926105,
        2559.44175443126,
        2289.582330779518,
        3540.1930456973782,
        8123.426065526829,
        6774.141171155395,
        1811.22153340551,
        2208.72437558631,
        3730.463948330068,
        2734.343343917026,
        9648.124639694155,
        2555.4757751840752,
        7556.181723319527,
        1396.226591254903,
        2214.7085327249774,
        1789.8902503290376,
        8596.277796587046,
        3064.003606783942,
        2170.101166836449,
        10193.068578992186,
        2657.73798436696,
        1600.7059644342585,
        507.76812953076916,
        10258.724973659719,
        9810.3111760552,
        2148.946593618933,
        6746.725655777456,
        10304.23020353275,
        1468.3622893918036,
        5130.3807230032,
        2581.8225451465646,
        2177.537676565785,
        7970.890914893772,
        7959.838005682426,
        7509.312740769851,
        1451.3533171670354,
        6178.564882103291,
        3968.020538120467,
        2712.812489080708,
        3078.9764603310045,
        8372.984219733318,
        3233.3936509508103,
        7044.969218203198,
        2680.402180647226,
        2315.244121761436,
        9028.647564712004,
        8025.902926071764,
        1620.807502410389,
        7055.935552146208,
        3604.9630421897136,
        8777.128517472725
    ],
    "recent_successes": [
        0,
        0,
        0,
        0,
        1,
        0,
        0,
        0,
        0,
        1,
        1,
        0,
        1,
        1,
        0,
        0,
        0,
        0,
        0,
        1,
        1,
        1,
        1,
        1,
        1,
        0,
        0,
        0,
        0,
        0,
        1,
        1,
        0,
        0,
        1,
        0,
        0,
        1,
        1,
        0,
        1,
        1,
        1,
        0,
        0,
        0,
        0,
        1,
        1,
        1,
        1,
        1,
        1,
        1,
        0,
        1,
        0,
        0,
        1,
        0,
        1,
        0,
        1,
        1,
        0,
        1,
        1,
        0,
        0,
        1,
        0,
        0,
        0,
        0,
        0,
        0,
        0,
        1,
        0,
        1,
        0,
        0,
        0,
        0,
        1,
        0,
        1,
        1,
        1,
        0,
        1,
        0,
        1,
        1,
        0,
        0,
        1,
        0,
        1,
        0
    ],
    "recent_collisions": [
        1,
        1,
        1,
        0,
        0,
        1,
        1,
        1,
        1,
        0,
        0,
        0,
        0,
        0,
        1,
        1,
        0,
        1,
        0,
        0,
        0,
        0,
        0,
        0,
        0,
        0,
        1,
        0,
        1,
        0,
        0,
        0,
        1,
        1,
        0,
        1,
        0,
        0,
        0,
        1,
        0,
        0,
        0,
        0,
        1,
        0,
        0,
        0,
        0,
        0,
        0,
        0,
        0,
        0,
        1,
        0,
        1,
        1,
        0,
        0,
        0,
        0,
        0,
        0,
        1,
        0,
        0,
        1,
        0,
        0,
        1,
        1,
        0,
        0,
        1,
        1,
        0,
        0,
        1,
        0,
        1,
        0,
        0,
        0,
        0,
        1,
        0,
        0,
        0,
        0,
        0,
        0,
        0,
        0,
        0,
        0,
        0,
        1,
        0,
        0
    ],
    "recent_steps": [
        123,
        374,
        128,
        600,
        17,
        116,
        334,
        137,
        124,
        34,
        24,
        600,
        38,
        40,
        196,
        517,
        600,
        123,
        600,
        7,
        18,
        34,
        37,
        23,
        24,
        600,
        388,
        600,
        84,
        600,
        40,
        25,
        128,
        576,
        1,
        114,
        600,
        38,
        22,
        328,
        18,
        20,
        39,
        600,
        454,
        600,
        600,
        12,
        34,
        31,
        32,
        28,
        48,
        190,
        569,
        14,
        114,
        366,
        35,
        600,
        28,
        600,
        3,
        28,
        125,
        202,
        37,
        133,
        600,
        36,
        105,
        270,
        600,
        600,
        257,
        557,
        600,
        1,
        368,
        34,
        107,
        600,
        600,
        600,
        1,
        531,
        55,
        31,
        39,
        600,
        41,
        600,
        36,
        25,
        600,
        600,
        10,
        556,
        46,
        600
    ],
    "params": {
        "max_episodes": 1500,
        "max_steps": 600,
        "batch_size": 64,
        "learning_rate": 2e-05,
        "gamma": 0.99,
        "initial_epsilon": 0.1,
        "epsilon_decay": 0.995,
        "min_epsilon": 0.01,
        "memory_size": 150000,
        "target_update_freq": 8,
        "checkpoint_freq": 100,
        "resource_monitor_freq": 10
    },
    "resource_summary": "Training Time: 5:00:47\nAvg CPU Usage: 43.5%\nAvg Memory Usage: 5.6%\nAvg GPU Usage: 2.1%\nAvg GPU Memory: 178.5MB"
}