{
    "episode": 900,
    "best_reward": 10992.420877249864,
    "best_success_rate": 0.85,
    "recent_rewards": [
        1891.4906753315065,
        1869.1637177520838,
        9664.832331796604,
        1935.4788145961656,
        3505.3027452347997,
        2746.810267839697,
        2280.3500196095815,
        3865.643638561644,
        3353.02813510578,
        1222.5082215733744,
        4051.226671835603,
        2698.773333294624,
        9936.70235812635,
        2402.0633988480336,
        1156.662034122472,
        292.6066006345653,
        2398.6370502053205,
        2290.8032065827965,
        713.6956518256715,
        1974.1410324976523,
        2203.2624009488636,
        1694.6762785908204,
        3290.809407582113,
        2494.2544034800776,
        1886.3688598473263,
        1840.8241348675615,
        7691.779387867869,
        2210.124141367076,
        9494.705552655621,
        9337.41686700071,
        2062.771679217463,
        2604.03798551361,
        3345.0840105393463,
        4177.229071704507,
        3635.149651320263,
        2151.338043212204,
        2072.8358774214557,
        7983.456095792398,
        2914.127918105934,
        2813.629259060775,
        4371.132190667655,
        2264.9826583593967,
        3047.1472461406506,
        1708.0511734315814,
        2235.1331961617993,
        5472.021391408792,
        2648.3027884882695,
        2217.4561422173333,
        2838.736860831507,
        2166.7300443153426,
        8429.603242928795,
        3179.953062653016,
        3849.274633448134,
        2551.720965719359,
        3266.511028485863,
        4856.880246379108,
        9947.71599749272,
        4388.43142720005,
        2570.1006205370422,
        1688.5455094619372,
        1502.7017996725358,
        1490.2478720105714,
        2321.0015709628715,
        2481.9320968856928,
        776.3634837755578,
        4940.221180116992,
        7976.879414189041,
        2621.531237624265,
        2015.3263679791785,
        1824.8252699831746,
        4986.484419227363,
        2589.409192286961,
        3919.8339637882414,
        5037.23854573984,
        2617.430628345333,
        8086.705490878047,
        1976.0223501658136,
        2966.8341649079816,
        7000.954041942232,
        8671.813232098659,
        2097.6451753721008,
        2659.478571115402,
        2096.4641935116697,
        2226.4822985328105,
        3687.1493244179437,
        2002.9984673871775,
        2110.270492406924,
        2279.401551196752,
        3531.08120919871,
        3657.125385227475,
        6677.292113482197,
        2920.4446647013438,
        2759.6334112347945,
        1506.4964301928476,
        2741.8487651200376,
        6575.6205252938635,
        2122.7157483689275,
        3017.691798784726,
        2701.911173105107,
        7874.091131989096
    ],
    "recent_successes": [
        1,
        0,
        1,
        1,
        1,
        1,
        1,
        0,
        1,
        1,
        1,
        1,
        1,
        0,
        0,
        0,
        0,
        1,
        0,
        0,
        0,
        0,
        1,
        1,
        0,
        0,
        1,
        0,
        1,
        0,
        1,
        1,
        0,
        1,
        1,
        0,
        0,
        0,
        0,
        1,
        0,
        1,
        0,
        0,
        0,
        0,
        1,
        0,
        1,
        0,
        1,
        1,
        0,
        0,
        1,
        0,
        1,
        0,
        1,
        1,
        1,
        0,
        1,
        1,
        0,
        0,
        0,
        0,
        1,
        0,
        0,
        0,
        0,
        0,
        0,
        0,
        0,
        1,
        0,
        1,
        0,
        1,
        0,
        0,
        0,
        1,
        0,
        0,
        0,
        0,
        0,
        1,
        1,
        1,
        1,
        0,
        0,
        1,
        1,
        0
    ],
    "recent_collisions": [
        0,
        1,
        0,
        0,
        0,
        0,
        0,
        1,
        0,
        0,
        0,
        0,
        0,
        1,
        1,
        1,
        1,
        0,
        1,
        1,
        1,
        1,
        0,
        0,
        1,
        1,
        0,
        1,
        0,
        0,
        0,
        0,
        1,
        0,
        0,
        1,
        1,
        0,
        1,
        0,
        1,
        0,
        1,
        1,
        1,
        0,
        0,
        1,
        0,
        1,
        0,
        0,
        1,
        1,
        0,
        1,
        0,
        0,
        0,
        0,
        0,
        1,
        0,
        0,
        1,
        0,
        0,
        1,
        0,
        1,
        1,
        1,
        1,
        1,
        0,
        0,
        1,
        0,
        0,
        0,
        1,
        0,
        1,
        1,
        1,
        0,
        1,
        1,
        1,
        1,
        0,
        0,
        0,
        0,
        0,
        0,
        1,
        0,
        0,
        0
    ],
    "recent_steps": [
        24,
        502,
        212,
        22,
        45,
        34,
        26,
        353,
        50,
        1,
        54,
        41,
        195,
        123,
        105,
        235,
        124,
        26,
        235,
        130,
        133,
        112,
        51,
        30,
        123,
        149,
        167,
        118,
        223,
        600,
        25,
        34,
        340,
        62,
        56,
        120,
        124,
        600,
        127,
        41,
        324,
        28,
        134,
        135,
        151,
        600,
        34,
        122,
        37,
        176,
        178,
        47,
        455,
        116,
        47,
        438,
        218,
        600,
        34,
        13,
        7,
        84,
        29,
        31,
        218,
        600,
        600,
        127,
        18,
        79,
        300,
        445,
        457,
        413,
        600,
        600,
        212,
        43,
        600,
        177,
        128,
        36,
        137,
        104,
        368,
        20,
        121,
        127,
        342,
        342,
        600,
        40,
        36,
        6,
        39,
        600,
        127,
        43,
        36,
        600
    ],
    "params": {
        "max_episodes": 1500,
        "max_steps": 600,
        "batch_size": 64,
        "learning_rate": 2e-05,
        "gamma": 0.99,
        "initial_epsilon": 0.1,
        "epsilon_decay": 0.995,
        "min_epsilon": 0.01,
        "memory_size": 150000,
        "target_update_freq": 8,
        "checkpoint_freq": 100,
        "resource_monitor_freq": 10
    },
    "resource_summary": "Training Time: 4:01:26\nAvg CPU Usage: 43.7%\nAvg Memory Usage: 5.5%\nAvg GPU Usage: 2.1%\nAvg GPU Memory: 178.5MB"
}