{
    "episode": 400,
    "best_reward": 8987.287683001778,
    "best_success_rate": 0.85,
    "recent_rewards": [
        624.0444689286355,
        3629.5004106838705,
        2513.315768801186,
        2802.5178228600435,
        3082.81327726286,
        2268.787919077566,
        834.4142378044837,
        1675.5715240257175,
        2867.584925783727,
        2832.404908063343,
        516.3146275347444,
        1958.990468893917,
        1008.8186728897424,
        7067.152175496973,
        7474.345560388453,
        8141.602164711727,
        1408.945036401591,
        2922.0364963389093,
        697.5993806314337,
        1467.3502967779532,
        2397.036344418029,
        2202.8475133061365,
        1615.5979364546151,
        1868.871833064669,
        433.7588010246924,
        3595.1347998206375,
        2627.1587391737276,
        1722.9178797410614,
        1050.7091790098195,
        8261.713513633755,
        1558.7394838678654,
        1374.559071177485,
        990.876721573865,
        2933.0640958999334,
        1841.114729587566,
        857.0774912773775,
        3023.3475127474912,
        2174.555090496863,
        4363.967974275978,
        2640.1788023173126,
        2092.084791426919,
        1061.5587815314457,
        2176.6525435322355,
        3122.054599609275,
        2307.5440395923906,
        1887.2393517762061,
        2178.3007952442454,
        1152.4920295566665,
        2741.203988870494,
        2784.615470362428,
        2380.2628090841445,
        1261.3929368546765,
        3884.8645303443395,
        4256.166497923711,
        1014.5534340404813,
        2782.0687717440583,
        2696.6900350346796,
        1303.1759650877248,
        2362.785637999947,
        1362.8609819954097,
        1373.5071689709566,
        2451.841111377732,
        1474.5740462488575,
        3065.5965513506176,
        2837.9152285965865,
        1493.355846813682,
        2702.045757095354,
        2644.527989713695,
        2053.392560013136,
        1285.034402163739,
        1426.544047246103,
        1448.331132391723,
        7316.538360015624,
        2242.137144310817,
        1427.3552413312932,
        2605.787011969702,
        3086.148157820059,
        2383.8532502813778,
        1960.4864075190685,
        1592.4680723271356,
        1513.4248489109648,
        2388.0567783458096,
        2801.853041728174,
        2509.849496680079,
        2224.600245133415,
        1678.6143051732386,
        1441.2668378436206,
        3435.3303252045002,
        697.3069788669183,
        2909.0409213918447,
        2567.771531606438,
        2167.968835159349,
        8301.800100787015,
        2191.9627177154066,
        1212.4355115472895,
        2429.8560019056586,
        2715.5996392755364,
        7693.436762121173,
        2240.012271370133,
        2400.745671172851
    ],
    "recent_successes": [
        0,
        0,
        1,
        1,
        1,
        0,
        0,
        1,
        0,
        1,
        0,
        0,
        0,
        1,
        1,
        1,
        1,
        1,
        0,
        1,
        1,
        1,
        1,
        1,
        0,
        0,
        1,
        0,
        0,
        1,
        0,
        0,
        0,
        1,
        1,
        0,
        1,
        1,
        1,
        1,
        0,
        0,
        1,
        1,
        1,
        0,
        0,
        0,
        1,
        1,
        0,
        0,
        0,
        1,
        0,
        1,
        1,
        0,
        1,
        1,
        0,
        0,
        1,
        0,
        1,
        1,
        1,
        1,
        1,
        0,
        0,
        1,
        1,
        1,
        0,
        1,
        1,
        1,
        0,
        0,
        0,
        1,
        0,
        1,
        0,
        0,
        1,
        0,
        0,
        1,
        0,
        1,
        1,
        1,
        0,
        0,
        1,
        1,
        1,
        1
    ],
    "recent_collisions": [
        1,
        1,
        0,
        0,
        0,
        1,
        1,
        0,
        1,
        0,
        1,
        1,
        1,
        0,
        0,
        0,
        0,
        0,
        1,
        0,
        0,
        0,
        0,
        0,
        1,
        1,
        0,
        1,
        1,
        0,
        1,
        1,
        1,
        0,
        0,
        1,
        0,
        0,
        0,
        0,
        1,
        1,
        0,
        0,
        0,
        1,
        1,
        1,
        0,
        0,
        1,
        1,
        1,
        0,
        1,
        0,
        0,
        1,
        0,
        0,
        1,
        1,
        0,
        1,
        0,
        0,
        0,
        0,
        0,
        1,
        1,
        0,
        0,
        0,
        1,
        0,
        0,
        0,
        1,
        1,
        1,
        0,
        1,
        0,
        1,
        1,
        0,
        0,
        1,
        0,
        1,
        0,
        0,
        0,
        1,
        1,
        0,
        0,
        0,
        0
    ],
    "recent_steps": [
        100,
        365,
        29,
        31,
        40,
        120,
        82,
        17,
        107,
        28,
        66,
        113,
        79,
        90,
        141,
        137,
        1,
        34,
        106,
        1,
        27,
        23,
        10,
        14,
        89,
        309,
        28,
        100,
        84,
        127,
        78,
        317,
        81,
        32,
        15,
        194,
        33,
        22,
        52,
        29,
        77,
        90,
        22,
        29,
        24,
        105,
        118,
        89,
        31,
        30,
        119,
        86,
        246,
        54,
        88,
        32,
        30,
        91,
        31,
        4,
        87,
        114,
        1,
        248,
        33,
        6,
        27,
        32,
        18,
        86,
        98,
        1,
        389,
        22,
        72,
        29,
        39,
        29,
        120,
        74,
        69,
        24,
        381,
        31,
        122,
        80,
        3,
        600,
        94,
        32,
        116,
        23,
        154,
        18,
        88,
        123,
        29,
        160,
        31,
        23
    ],
    "params": {
        "max_episodes": 1500,
        "max_steps": 600,
        "batch_size": 64,
        "learning_rate": 2e-05,
        "gamma": 0.99,
        "initial_epsilon": 0.1,
        "epsilon_decay": 0.995,
        "min_epsilon": 0.01,
        "memory_size": 150000,
        "target_update_freq": 8,
        "checkpoint_freq": 100,
        "resource_monitor_freq": 10
    },
    "resource_summary": "Training Time: 1:27:53\nAvg CPU Usage: 41.5%\nAvg Memory Usage: 5.4%\nAvg GPU Usage: 2.0%\nAvg GPU Memory: 177.9MB"
}