{
    "episode": 700,
    "best_reward": 10992.420877249864,
    "best_success_rate": 0.85,
    "recent_rewards": [
        4051.436093657735,
        2022.3994830238016,
        1339.3223759571815,
        2645.0424397471807,
        1438.1835765780727,
        2779.010444175651,
        1155.052172403063,
        1761.213964146933,
        7864.43796991302,
        1772.2148766536152,
        10890.589092442297,
        1481.4839690593562,
        1395.1597063557952,
        2105.9825607832063,
        2681.173678462578,
        1152.9330543994245,
        1329.4015996852686,
        1274.84327526192,
        2563.886758505593,
        3207.923004947333,
        1503.062007138885,
        9028.316338300163,
        2722.1162789064037,
        2562.9266319998223,
        1134.8686827596553,
        1370.1312699612663,
        1559.2701095404423,
        2298.449345109165,
        1533.9578588622585,
        1403.8924377511967,
        9287.285706356355,
        7805.444514983097,
        2241.021440146006,
        2918.13151266978,
        2818.9890250845733,
        9195.024811629468,
        1142.876847461414,
        2691.5591282447235,
        1380.6770486885964,
        2705.2363663050205,
        1715.3928244934393,
        2427.74775689775,
        3939.319094071961,
        3346.5597240740403,
        3882.1102235125427,
        1875.8130602359554,
        1144.8295482370652,
        9080.996863514714,
        8737.596250430921,
        2816.2714109993076,
        2642.9670802297233,
        1352.9628973653032,
        1774.702265726407,
        2647.071536956467,
        1592.2206354010655,
        1227.7025696431629,
        1732.1165556852138,
        1781.7969997955465,
        1678.5522538933028,
        9233.495771984803,
        9062.599157037872,
        1465.8880264681559,
        2212.101177036735,
        9546.67678380931,
        2196.6756286440404,
        3570.7347014782863,
        873.7223341071995,
        1790.7682508994212,
        8991.122720994183,
        10992.420877249864,
        1775.9070268303547,
        3649.3362058169664,
        3231.8484654071945,
        2481.0520904766045,
        2702.9548201220996,
        1536.8371728660131,
        1735.4082028648106,
        3327.549429541924,
        2412.864523215286,
        1745.05813031146,
        3018.2666651096224,
        3133.896264275959,
        1669.122923830629,
        1910.5653401284258,
        2615.135310742519,
        2849.356264576719,
        2702.2175629785843,
        4039.81755820294,
        2979.682114681822,
        2707.1081400408393,
        1451.9779336893193,
        1855.5734414306353,
        1515.702917440354,
        2606.344635680394,
        2477.9363624305233,
        2925.8110663482644,
        2186.303499639653,
        4488.236640613181,
        9453.29568672701,
        9929.231608059534
    ],
    "recent_successes": [
        1,
        0,
        0,
        1,
        1,
        1,
        1,
        0,
        1,
        0,
        1,
        1,
        1,
        1,
        1,
        0,
        0,
        0,
        1,
        1,
        0,
        1,
        1,
        1,
        0,
        1,
        1,
        1,
        0,
        1,
        1,
        0,
        1,
        1,
        1,
        1,
        0,
        1,
        1,
        1,
        1,
        1,
        0,
        1,
        1,
        1,
        0,
        1,
        1,
        0,
        1,
        0,
        0,
        1,
        1,
        0,
        0,
        0,
        0,
        1,
        1,
        0,
        0,
        1,
        0,
        0,
        0,
        0,
        1,
        1,
        0,
        1,
        1,
        0,
        1,
        0,
        0,
        1,
        0,
        0,
        1,
        0,
        1,
        1,
        0,
        1,
        0,
        1,
        0,
        0,
        0,
        1,
        0,
        1,
        1,
        1,
        1,
        0,
        1,
        1
    ],
    "recent_collisions": [
        0,
        1,
        1,
        0,
        0,
        0,
        0,
        1,
        0,
        1,
        0,
        0,
        0,
        0,
        0,
        1,
        1,
        1,
        0,
        0,
        1,
        0,
        0,
        0,
        1,
        0,
        0,
        0,
        1,
        0,
        0,
        1,
        0,
        0,
        0,
        0,
        1,
        0,
        0,
        0,
        0,
        0,
        0,
        0,
        0,
        0,
        1,
        0,
        0,
        0,
        0,
        1,
        1,
        0,
        0,
        1,
        1,
        1,
        1,
        0,
        0,
        1,
        1,
        0,
        1,
        1,
        1,
        1,
        0,
        0,
        1,
        0,
        0,
        1,
        0,
        1,
        1,
        0,
        1,
        1,
        0,
        1,
        0,
        0,
        1,
        0,
        1,
        0,
        1,
        1,
        1,
        0,
        1,
        0,
        0,
        0,
        0,
        1,
        0,
        0
    ],
    "recent_steps": [
        66,
        117,
        84,
        37,
        7,
        35,
        1,
        120,
        187,
        93,
        284,
        11,
        3,
        24,
        37,
        101,
        94,
        96,
        32,
        45,
        88,
        229,
        38,
        34,
        98,
        6,
        8,
        38,
        141,
        9,
        230,
        588,
        28,
        34,
        36,
        197,
        78,
        41,
        1,
        31,
        14,
        27,
        600,
        45,
        50,
        21,
        74,
        207,
        196,
        600,
        33,
        98,
        116,
        30,
        9,
        77,
        73,
        71,
        74,
        184,
        203,
        83,
        248,
        201,
        142,
        245,
        106,
        440,
        267,
        373,
        83,
        59,
        47,
        135,
        42,
        108,
        85,
        47,
        132,
        93,
        46,
        129,
        11,
        19,
        134,
        39,
        132,
        62,
        126,
        128,
        171,
        21,
        85,
        39,
        31,
        40,
        27,
        334,
        249,
        213
    ],
    "params": {
        "max_episodes": 1500,
        "max_steps": 600,
        "batch_size": 64,
        "learning_rate": 2e-05,
        "gamma": 0.99,
        "initial_epsilon": 0.1,
        "epsilon_decay": 0.995,
        "min_epsilon": 0.01,
        "memory_size": 150000,
        "target_update_freq": 8,
        "checkpoint_freq": 100,
        "resource_monitor_freq": 10
    },
    "resource_summary": "Training Time: 2:43:28\nAvg CPU Usage: 44.3%\nAvg Memory Usage: 5.5%\nAvg GPU Usage: 2.1%\nAvg GPU Memory: 178.4MB"
}