{
    "training_time": [
        1.6848793029785156
    ],
    "cpu_usage": [
        43.5
    ],
    "memory_usage": [
        3.5742031153144733
    ],
    "gpu_usage": [
        1.0
    ],
    "gpu_memory": [
        133.0
    ]
}