{
    "training_time": [
        1.8421578407287598,
        168.08160781860352,
        338.9574954509735,
        542.7706761360168,
        680.0992560386658,
        822.0939927101135,
        949.3159468173981,
        1035.4115812778473,
        1104.9100759029388,
        1353.1251170635223,
        1557.195318222046,
        1745.78408908844,
        1871.2932758331299,
        1950.4577662944794,
        2107.5429203510284,
        2268.922294616699,
        2464.346316576004,
        2669.305877685547,
        2774.07647562027,
        2851.7038979530334,
        3003.3520214557648,
        3089.1450798511505,
        3198.2076377868652,
        3318.504817724228,
        3417.985385656357,
        3489.4871785640717,
        3608.77378988266,
        3729.585300683975,
        3802.3616619110107,
        3894.5237538814545,
        4005.2649219036102,
        4149.21013712883,
        4267.893075704575,
        4371.339820861816,
        4513.000232934952,
        4603.984457731247,
        4722.319992780685,
        4807.322550773621,
        4938.1993243694305,
        5158.0431163311005,
        5273.35947227478,
        5422.697691679001,
        5646.701112031937,
        5803.486738204956,
        6000.976320266724,
        6096.620725393295,
        6250.918050527573,
        6368.187114715576,
        6470.077325105667,
        6615.774188756943,
        6732.243688344955
    ],
    "cpu_usage": [
        46.2,
        42.2,
        39.9,
        41.6,
        41.6,
        40.7,
        42.3,
        40.6,
        41.7,
        41.5,
        43.0,
        43.6,
        42.1,
        39.2,
        42.1,
        42.6,
        42.6,
        41.1,
        39.9,
        41.9,
        41.4,
        40.9,
        39.5,
        42.2,
        41.2,
        41.9,
        40.0,
        40.5,
        40.2,
        40.3,
        40.7,
        42.3,
        42.0,
        42.9,
        42.1,
        40.7,
        40.7,
        41.4,
        40.8,
        42.3,
        41.5,
        41.5,
        41.0,
        40.9,
        46.9,
        58.8,
        51.1,
        59.3,
        57.4,
        49.1,
        53.4
    ],
    "memory_usage": [
        3.574892137299442,
        5.413202793196695,
        5.418345850155928,
        5.422406158281638,
        5.425900484062553,
        5.428779611642601,
        5.431265012374096,
        5.4340457082420075,
        5.4352268887876685,
        5.441329654940251,
        5.445537610634169,
        5.450828315161608,
        5.451763416426924,
        5.454125777518247,
        5.45789079050754,
        5.460253151598863,
        5.465593071982373,
        5.46985024353236,
        5.471966525343336,
        5.474058199226278,
        5.4775771329352265,
        5.4817850886291435,
        5.482867837462667,
        5.483827546656016,
        5.486239123603408,
        5.487863246853692,
        5.4906439427216025,
        5.493400030661479,
        5.494974938055694,
        5.496869748514358,
        5.49891220654123,
        5.504350558636878,
        5.505925466031093,
        5.506835959368374,
        5.510256461365183,
        5.512200487679918,
        5.5144152012030325,
        5.5167775622943545,
        5.519016883745504,
        5.524824354761671,
        5.5266453414362315,
        5.531493103259049,
        5.534692133903548,
        5.538260283468566,
        5.542295983666241,
        5.544830600253806,
        5.544018538628665,
        5.546971489992817,
        5.549481498652347,
        5.552311410376327,
        5.55553504894886
    ],
    "gpu_usage": [
        1.0,
        2.0,
        3.0,
        2.0,
        2.0,
        2.0,
        2.0,
        2.0,
        2.0,
        2.0,
        2.0,
        2.0,
        2.0,
        2.0,
        2.0,
        2.0,
        2.0,
        2.0,
        2.0,
        2.0,
        2.0,
        2.0,
        2.0,
        2.0,
        2.0,
        2.0,
        2.0,
        2.0,
        2.0,
        2.0,
        2.0,
        2.0,
        2.0,
        3.0,
        2.0,
        2.0,
        2.0,
        2.0,
        2.0,
        3.0,
        2.0,
        2.0,
        2.0,
        3.0,
        1.0,
        2.0,
        2.0,
        1.0,
        2.0,
        3.0,
        2.0
    ],
    "gpu_memory": [
        133.0,
        179.0,
        179.0,
        179.0,
        179.0,
        179.0,
        179.0,
        179.0,
        179.0,
        179.0,
        179.0,
        179.0,
        179.0,
        179.0,
        179.0,
        179.0,
        179.0,
        179.0,
        179.0,
        179.0,
        179.0,
        179.0,
        179.0,
        179.0,
        179.0,
        179.0,
        179.0,
        179.0,
        179.0,
        179.0,
        179.0,
        179.0,
        179.0,
        179.0,
        179.0,
        179.0,
        179.0,
        179.0,
        179.0,
        179.0,
        179.0,
        179.0,
        179.0,
        179.0,
        179.0,
        179.0,
        179.0,
        179.0,
        179.0,
        179.0,
        179.0
    ]
}