{
    "training_time": [
        1.8421578407287598,
        168.08160781860352,
        338.9574954509735,
        542.7706761360168,
        680.0992560386658,
        822.0939927101135,
        949.3159468173981,
        1035.4115812778473,
        1104.9100759029388,
        1353.1251170635223,
        1557.195318222046,
        1745.78408908844,
        1871.2932758331299,
        1950.4577662944794,
        2107.5429203510284,
        2268.922294616699,
        2464.346316576004,
        2669.305877685547,
        2774.07647562027,
        2851.7038979530334,
        3003.3520214557648
    ],
    "cpu_usage": [
        46.2,
        42.2,
        39.9,
        41.6,
        41.6,
        40.7,
        42.3,
        40.6,
        41.7,
        41.5,
        43.0,
        43.6,
        42.1,
        39.2,
        42.1,
        42.6,
        42.6,
        41.1,
        39.9,
        41.9,
        41.4
    ],
    "memory_usage": [
        3.574892137299442,
        5.413202793196695,
        5.418345850155928,
        5.422406158281638,
        5.425900484062553,
        5.428779611642601,
        5.431265012374096,
        5.4340457082420075,
        5.4352268887876685,
        5.441329654940251,
        5.445537610634169,
        5.450828315161608,
        5.451763416426924,
        5.454125777518247,
        5.45789079050754,
        5.460253151598863,
        5.465593071982373,
        5.46985024353236,
        5.471966525343336,
        5.474058199226278,
        5.4775771329352265
    ],
    "gpu_usage": [
        1.0,
        2.0,
        3.0,
        2.0,
        2.0,
        2.0,
        2.0,
        2.0,
        2.0,
        2.0,
        2.0,
        2.0,
        2.0,
        2.0,
        2.0,
        2.0,
        2.0,
        2.0,
        2.0,
        2.0,
        2.0
    ],
    "gpu_memory": [
        133.0,
        179.0,
        179.0,
        179.0,
        179.0,
        179.0,
        179.0,
        179.0,
        179.0,
        179.0,
        179.0,
        179.0,
        179.0,
        179.0,
        179.0,
        179.0,
        179.0,
        179.0,
        179.0,
        179.0,
        179.0
    ]
}