{
    "training_time": [
        1.6131014823913574
    ],
    "cpu_usage": [
        38.2
    ],
    "memory_usage": [
        3.5818807888612705
    ],
    "gpu_usage": [
        1.0
    ],
    "gpu_memory": [
        133.0
    ]
}