{
    "training_time": [
        1.6848793029785156,
        186.510356426239
    ],
    "cpu_usage": [
        43.5,
        41.0
    ],
    "memory_usage": [
        3.5742031153144733,
        5.4118001412987224
    ],
    "gpu_usage": [
        1.0,
        2.0
    ],
    "gpu_memory": [
        133.0,
        179.0
    ]
}