{
    "training_time": [
        1.6131014823913574,
        175.74031376838684
    ],
    "cpu_usage": [
        38.2,
        41.8
    ],
    "memory_usage": [
        3.5818807888612705,
        5.421126546023839
    ],
    "gpu_usage": [
        1.0,
        2.0
    ],
    "gpu_memory": [
        133.0,
        179.0
    ]
}