{
    "training_time": [
        1.8664474487304688
    ],
    "cpu_usage": [
        46.5
    ],
    "memory_usage": [
        3.5615792482327198
    ],
    "gpu_usage": [
        0.0
    ],
    "gpu_memory": [
        51.0
    ]
}