{
    "training_time": [
        1.8421578407287598,
        168.08160781860352,
        338.9574954509735,
        542.7706761360168,
        680.0992560386658,
        822.0939927101135,
        949.3159468173981,
        1035.4115812778473,
        1104.9100759029388,
        1353.1251170635223,
        1557.195318222046
    ],
    "cpu_usage": [
        46.2,
        42.2,
        39.9,
        41.6,
        41.6,
        40.7,
        42.3,
        40.6,
        41.7,
        41.5,
        43.0
    ],
    "memory_usage": [
        3.574892137299442,
        5.413202793196695,
        5.418345850155928,
        5.422406158281638,
        5.425900484062553,
        5.428779611642601,
        5.431265012374096,
        5.4340457082420075,
        5.4352268887876685,
        5.441329654940251,
        5.445537610634169
    ],
    "gpu_usage": [
        1.0,
        2.0,
        3.0,
        2.0,
        2.0,
        2.0,
        2.0,
        2.0,
        2.0,
        2.0,
        2.0
    ],
    "gpu_memory": [
        133.0,
        179.0,
        179.0,
        179.0,
        179.0,
        179.0,
        179.0,
        179.0,
        179.0,
        179.0,
        179.0
    ]
}