{
    "training_time": [
        1.8421578407287598
    ],
    "cpu_usage": [
        46.2
    ],
    "memory_usage": [
        3.574892137299442
    ],
    "gpu_usage": [
        1.0
    ],
    "gpu_memory": [
        133.0
    ]
}