{
    "episode": 500,
    "best_reward": 9856.666637302724,
    "best_success_rate": 1.0,
    "recent_rewards": [
        879.6988285650032,
        2573.8437915143286,
        5632.25343851387,
        7534.311219255009,
        8215.245907408944,
        3925.654253697475,
        3170.095525297368,
        8099.356245191855,
        7406.282740896044,
        1921.016943038607,
        2375.9844015007607,
        2438.954781149243,
        3176.1861613109877,
        6805.701510082428,
        7960.807045342759,
        7395.242018329735,
        2206.113539582905,
        1686.1406586885662,
        8364.952046836752,
        2274.392526166234,
        3168.47745929972,
        7333.968396522099,
        8046.276325248535,
        6972.343570012579,
        2254.4104349908666,
        1975.5133171288298,
        2211.825447142195,
        2800.210415819904,
        9856.666637302724,
        1198.2910914973254,
        2347.671952843007,
        7640.222700606395,
        2864.6441032928346,
        7226.576508846857,
        7938.83103740626,
        8365.01937789244,
        8597.790670763276,
        6269.647167333331,
        6723.77569335163,
        3292.2528970383546,
        8266.264099693226,
        8662.937400578718,
        7793.151550852507,
        1821.2994268246005,
        3073.630119322063,
        6565.673542663679,
        6188.872320215959,
        8101.818192601055,
        2662.5647690966575,
        2993.210158088763,
        7008.444985579051,
        1396.40774225019,
        1612.039018127597,
        8261.623422982579,
        5525.080660823667,
        2527.8024243013624,
        6358.835521160086,
        7591.246720929506,
        7562.790789921157,
        7067.192494790296,
        800.4658928293418,
        2464.5639479833,
        1412.4401019935704,
        6853.214395321345,
        3046.3442565568407,
        2357.7466798041105,
        7302.929669478105,
        2792.7112401870813,
        1895.3580508338507,
        7189.235865946434,
        1195.6944365364357,
        7896.716823843179,
        1171.8044516190253,
        3687.642267688265,
        7224.21920080063,
        2941.7091977743703,
        2595.432309012719,
        7601.542265034635,
        7938.823556000687,
        7245.780660172097,
        2209.4526314140367,
        5394.741705245418,
        2007.0982186649544,
        1934.0471030069432,
        1962.1900834319836,
        8369.20443180723,
        7379.862548318086,
        1451.6229969605438,
        2456.062557311753,
        6669.081562235062,
        4074.708950579897,
        5434.999856110028,
        7956.3928481615385,
        2613.680390998353,
        3494.591402379524,
        8284.481823367016,
        9221.492438254552,
        1772.021417505576,
        7923.755677582841,
        4690.201488451985
    ],
    "recent_successes": [
        1,
        1,
        1,
        1,
        1,
        1,
        1,
        1,
        1,
        1,
        1,
        1,
        1,
        1,
        1,
        1,
        1,
        1,
        1,
        1,
        1,
        1,
        1,
        1,
        1,
        1,
        1,
        1,
        1,
        1,
        1,
        1,
        1,
        1,
        1,
        1,
        1,
        1,
        1,
        1,
        1,
        1,
        1,
        1,
        1,
        1,
        1,
        1,
        1,
        1,
        1,
        1,
        1,
        1,
        1,
        1,
        1,
        1,
        1,
        1,
        1,
        1,
        1,
        1,
        1,
        1,
        1,
        1,
        1,
        1,
        1,
        1,
        1,
        1,
        1,
        1,
        1,
        1,
        1,
        1,
        1,
        1,
        1,
        1,
        1,
        1,
        1,
        1,
        1,
        1,
        1,
        1,
        1,
        1,
        1,
        1,
        1,
        1,
        1,
        1
    ],
    "recent_collisions": [
        0,
        0,
        0,
        0,
        0,
        0,
        0,
        0,
        0,
        0,
        0,
        0,
        0,
        0,
        0,
        0,
        0,
        0,
        0,
        0,
        0,
        0,
        0,
        0,
        0,
        0,
        0,
        0,
        0,
        0,
        0,
        0,
        0,
        0,
        0,
        0,
        0,
        0,
        0,
        0,
        0,
        0,
        0,
        0,
        0,
        0,
        0,
        0,
        0,
        0,
        0,
        0,
        0,
        0,
        0,
        0,
        0,
        0,
        0,
        0,
        0,
        0,
        0,
        0,
        0,
        0,
        0,
        0,
        0,
        0,
        0,
        0,
        0,
        0,
        0,
        0,
        0,
        0,
        0,
        0,
        0,
        0,
        0,
        0,
        0,
        0,
        0,
        0,
        0,
        0,
        0,
        0,
        0,
        0,
        0,
        0,
        0,
        0,
        0,
        0
    ],
    "recent_steps": [
        1,
        26,
        151,
        100,
        89,
        45,
        32,
        119,
        101,
        11,
        25,
        16,
        29,
        95,
        104,
        89,
        24,
        15,
        102,
        27,
        40,
        118,
        97,
        99,
        15,
        14,
        23,
        23,
        114,
        1,
        30,
        83,
        22,
        87,
        84,
        82,
        87,
        136,
        119,
        27,
        102,
        95,
        101,
        24,
        19,
        125,
        123,
        82,
        17,
        20,
        99,
        3,
        8,
        78,
        122,
        14,
        101,
        91,
        88,
        86,
        1,
        24,
        1,
        83,
        39,
        24,
        69,
        31,
        21,
        143,
        1,
        81,
        1,
        30,
        80,
        22,
        21,
        102,
        99,
        143,
        13,
        127,
        9,
        16,
        15,
        105,
        114,
        1,
        30,
        72,
        31,
        134,
        95,
        24,
        35,
        89,
        98,
        14,
        78,
        44
    ],
    "params": {
        "max_episodes": 1500,
        "max_steps": 600,
        "batch_size": 64,
        "learning_rate": 2e-05,
        "gamma": 0.99,
        "initial_epsilon": 0.1,
        "epsilon_decay": 0.995,
        "min_epsilon": 0.01,
        "memory_size": 150000,
        "target_update_freq": 8,
        "checkpoint_freq": 100,
        "resource_monitor_freq": 10
    },
    "resource_summary": "Training Time: 1:20:57\nAvg CPU Usage: 42.9%\nAvg Memory Usage: 5.4%\nAvg GPU Usage: 2.0%\nAvg GPU Memory: 268.1MB"
}