{
    "episode": 200,
    "best_reward": 9396.837920090138,
    "best_success_rate": 1.0,
    "recent_rewards": [
        2204.2924478869927,
        7791.986573609383,
        9396.837920090138,
        6989.959979369776,
        2691.041867380883,
        2408.8718274933535,
        7737.458495042304,
        4199.0303608529575,
        1925.1827588741894,
        6656.065451453544,
        815.2096335145227,
        3191.1635448442503,
        1779.3392471442626,
        1645.5813043467826,
        2265.424818281103,
        7904.680716275097,
        689.6062492243624,
        4139.885218104931,
        7966.829958403176,
        7083.611161672094,
        2225.34784252503,
        2023.6479344915645,
        7323.24979408888,
        8343.169881165486,
        3190.129455525256,
        3171.227175861847,
        1865.9161381471172,
        9164.378720957764,
        818.5946112390241,
        7148.982897854125,
        6126.070025613067,
        2485.2986309657354,
        7628.239874520704,
        3865.206033430401,
        1962.3300096529338,
        2399.312318089426,
        951.5710545645625,
        902.5009308956672,
        8317.427206971844,
        2781.7197793640576,
        1855.632286231312,
        2337.1973148593097,
        715.4453392227197,
        7843.193597004103,
        675.7984573612167,
        6792.2920791934375,
        1830.1134260481742,
        3142.0579886399732,
        7097.079234597026,
        905.6376922628071,
        881.4033527653688,
        1760.5040059560888,
        538.760927997969,
        9128.597940016163,
        622.9987355073209,
        8519.272182116729,
        1034.788832175032,
        6855.167102243069,
        930.7004701764284,
        1440.8357480680759,
        3563.0833803493933,
        2586.044144091864,
        279.30727120901713,
        348.29377472185774,
        8357.848643518379,
        724.4575623320903,
        2168.6225568874183,
        2263.0392327181025,
        2495.725732955895,
        6490.73140612653,
        3569.155532607744,
        2092.818719003474,
        2400.5505074728057,
        900.6449385701261,
        2498.2142700448426,
        4334.548917411272,
        8049.721440353055,
        2301.440811819771,
        867.3643065931393,
        1497.2228776255715,
        3090.177939839682,
        5854.549427980257,
        7754.621096645287,
        563.7644426708367,
        6310.007113563512,
        7007.437832417263,
        1466.9104992192717,
        7796.562311808935,
        8528.18316210732,
        1004.9173081310091,
        743.941619765497,
        4726.122618150381,
        708.0353613740903,
        2478.994549316622,
        2903.7844382901208,
        615.1122017034845,
        2740.3994597808846,
        932.4005500815194,
        1861.8590655524981,
        8015.993404848254
    ],
    "recent_successes": [
        1,
        1,
        1,
        1,
        1,
        1,
        1,
        1,
        1,
        1,
        0,
        1,
        1,
        1,
        1,
        1,
        0,
        1,
        1,
        1,
        1,
        1,
        1,
        1,
        1,
        1,
        1,
        1,
        0,
        1,
        1,
        1,
        1,
        1,
        1,
        1,
        1,
        0,
        1,
        1,
        1,
        1,
        0,
        1,
        0,
        1,
        1,
        1,
        1,
        0,
        0,
        1,
        0,
        1,
        0,
        1,
        1,
        1,
        1,
        1,
        1,
        1,
        0,
        0,
        1,
        0,
        1,
        1,
        1,
        1,
        1,
        1,
        1,
        0,
        1,
        1,
        1,
        1,
        1,
        1,
        1,
        1,
        1,
        0,
        1,
        1,
        1,
        1,
        1,
        0,
        0,
        1,
        0,
        1,
        1,
        0,
        1,
        0,
        1,
        1
    ],
    "recent_collisions": [
        0,
        0,
        0,
        0,
        0,
        0,
        0,
        0,
        0,
        0,
        1,
        0,
        0,
        0,
        0,
        0,
        1,
        0,
        0,
        0,
        0,
        0,
        0,
        0,
        0,
        0,
        0,
        0,
        1,
        0,
        0,
        0,
        0,
        0,
        0,
        0,
        0,
        1,
        0,
        0,
        0,
        0,
        1,
        0,
        1,
        0,
        0,
        0,
        0,
        1,
        1,
        0,
        1,
        0,
        1,
        0,
        0,
        0,
        0,
        0,
        0,
        0,
        1,
        1,
        0,
        1,
        0,
        0,
        0,
        0,
        0,
        0,
        0,
        1,
        0,
        0,
        0,
        0,
        0,
        0,
        0,
        0,
        0,
        1,
        0,
        0,
        0,
        0,
        0,
        1,
        1,
        0,
        1,
        0,
        0,
        1,
        0,
        1,
        0,
        0
    ],
    "recent_steps": [
        19,
        116,
        135,
        98,
        23,
        21,
        116,
        44,
        10,
        85,
        82,
        30,
        8,
        8,
        16,
        131,
        63,
        47,
        106,
        93,
        19,
        24,
        113,
        130,
        27,
        37,
        15,
        127,
        87,
        102,
        100,
        28,
        109,
        48,
        18,
        26,
        1,
        77,
        104,
        27,
        15,
        19,
        82,
        115,
        60,
        98,
        12,
        31,
        112,
        59,
        63,
        21,
        52,
        137,
        58,
        120,
        1,
        97,
        1,
        4,
        34,
        24,
        60,
        59,
        126,
        78,
        30,
        19,
        23,
        114,
        36,
        16,
        26,
        58,
        23,
        56,
        116,
        21,
        1,
        10,
        27,
        93,
        98,
        55,
        95,
        125,
        1,
        120,
        114,
        79,
        56,
        55,
        71,
        24,
        28,
        57,
        28,
        81,
        14,
        104
    ],
    "params": {
        "max_episodes": 1500,
        "max_steps": 600,
        "batch_size": 64,
        "learning_rate": 2e-05,
        "gamma": 0.99,
        "initial_epsilon": 0.1,
        "epsilon_decay": 0.995,
        "min_epsilon": 0.01,
        "memory_size": 150000,
        "target_update_freq": 8,
        "checkpoint_freq": 100,
        "resource_monitor_freq": 10
    },
    "resource_summary": "Training Time: 0:32:47\nAvg CPU Usage: 44.4%\nAvg Memory Usage: 5.3%\nAvg GPU Usage: 1.9%\nAvg GPU Memory: 266.8MB"
}