{
    "episode": 700,
    "best_reward": 9856.666637302724,
    "best_success_rate": 1.0,
    "recent_rewards": [
        7695.502212314612,
        7200.951897103358,
        3096.164173967139,
        2375.8268771357266,
        7533.82041496387,
        6997.524745659878,
        1629.0377453627834,
        1817.9148047399883,
        6965.785185287675,
        4215.790880664493,
        3671.7537238405775,
        1604.0415076765764,
        8978.501363174753,
        7856.892901359045,
        7583.939154003307,
        1555.767239938128,
        7190.209972635384,
        3016.752305290052,
        7772.714102108976,
        1531.2241386483029,
        2537.071284576782,
        8215.241606796204,
        7790.245846212923,
        2655.101228244473,
        1593.5929091611476,
        2463.222058205544,
        7930.20639077839,
        1682.8987717848217,
        2048.4488862934522,
        7897.884586740607,
        6829.286467027989,
        2856.6086822510733,
        3360.9096064357127,
        2573.2934535746945,
        8586.577363618584,
        8691.981276235878,
        5747.613085042888,
        1493.7071666566828,
        1436.3169874476766,
        7556.714182688389,
        6339.755226241196,
        7873.820951151232,
        1395.9862102138882,
        1760.0221473104875,
        1503.3231710058958,
        4415.525372223836,
        2568.8570896556225,
        6838.897644967513,
        8149.640047662885,
        7674.400429653828,
        1415.3264742043052,
        2519.210601147646,
        8412.74320399361,
        7912.969395398452,
        8718.0284664703,
        6899.8897641275935,
        2377.5209350301775,
        8876.924623399897,
        1819.0779521998675,
        3737.5336925418983,
        3005.165688122047,
        1370.5510383488431,
        7572.840015631296,
        6008.894078046534,
        1832.4976746433676,
        2602.27702338012,
        7705.27826011353,
        8134.458640978421,
        7351.717740107142,
        7852.091739763261,
        2923.0714747699494,
        5872.592806996632,
        2193.2905650594093,
        1936.235835502548,
        1854.741540447397,
        6045.099101684372,
        2555.2404861938257,
        7611.276232860227,
        8354.695626833833,
        3503.99533278151,
        3693.6704302843273,
        8050.574864104701,
        7150.141028988197,
        2205.945283162024,
        5898.095125345802,
        1652.0937849908091,
        3050.880740190092,
        3767.0929298666797,
        2457.597942754171,
        1309.677814214084,
        7568.491931154793,
        7817.911385172463,
        1712.5978938974158,
        6564.827733471891,
        7613.061015975197,
        7584.9653558319305,
        2545.2322960795404,
        8296.716900209947,
        7672.863963175714,
        1300.614083996649
    ],
    "recent_successes": [
        1,
        1,
        1,
        1,
        1,
        1,
        1,
        1,
        1,
        1,
        1,
        1,
        1,
        1,
        1,
        1,
        1,
        1,
        1,
        1,
        1,
        1,
        1,
        1,
        1,
        1,
        1,
        1,
        1,
        1,
        1,
        1,
        1,
        1,
        1,
        1,
        1,
        1,
        1,
        1,
        1,
        1,
        1,
        1,
        1,
        1,
        1,
        1,
        1,
        1,
        1,
        1,
        1,
        1,
        1,
        1,
        1,
        1,
        1,
        1,
        1,
        1,
        1,
        1,
        1,
        1,
        1,
        1,
        1,
        1,
        1,
        1,
        1,
        1,
        1,
        1,
        1,
        1,
        1,
        1,
        1,
        1,
        1,
        1,
        1,
        1,
        1,
        1,
        1,
        1,
        1,
        1,
        1,
        1,
        1,
        1,
        1,
        1,
        1,
        1
    ],
    "recent_collisions": [
        0,
        0,
        0,
        0,
        0,
        0,
        0,
        0,
        0,
        0,
        0,
        0,
        0,
        0,
        0,
        0,
        0,
        0,
        0,
        0,
        0,
        0,
        0,
        0,
        0,
        0,
        0,
        0,
        0,
        0,
        0,
        0,
        0,
        0,
        0,
        0,
        0,
        0,
        0,
        0,
        0,
        0,
        0,
        0,
        0,
        0,
        0,
        0,
        0,
        0,
        0,
        0,
        0,
        0,
        0,
        0,
        0,
        0,
        0,
        0,
        0,
        0,
        0,
        0,
        0,
        0,
        0,
        0,
        0,
        0,
        0,
        0,
        0,
        0,
        0,
        0,
        0,
        0,
        0,
        0,
        0,
        0,
        0,
        0,
        0,
        0,
        0,
        0,
        0,
        0,
        0,
        0,
        0,
        0,
        0,
        0,
        0,
        0,
        0,
        0
    ],
    "recent_steps": [
        109,
        71,
        24,
        21,
        87,
        79,
        7,
        16,
        80,
        37,
        38,
        7,
        102,
        99,
        108,
        5,
        94,
        29,
        110,
        3,
        23,
        112,
        111,
        30,
        15,
        15,
        106,
        6,
        20,
        109,
        71,
        20,
        32,
        20,
        91,
        98,
        128,
        1,
        3,
        80,
        135,
        110,
        1,
        12,
        8,
        39,
        23,
        144,
        98,
        89,
        1,
        24,
        90,
        94,
        87,
        85,
        21,
        97,
        7,
        25,
        24,
        1,
        99,
        123,
        9,
        21,
        87,
        101,
        89,
        94,
        21,
        126,
        20,
        14,
        19,
        138,
        22,
        104,
        89,
        49,
        36,
        92,
        65,
        25,
        121,
        25,
        21,
        35,
        23,
        19,
        131,
        123,
        9,
        139,
        110,
        100,
        27,
        107,
        99,
        1
    ],
    "params": {
        "max_episodes": 1500,
        "max_steps": 600,
        "batch_size": 64,
        "learning_rate": 2e-05,
        "gamma": 0.99,
        "initial_epsilon": 0.1,
        "epsilon_decay": 0.995,
        "min_epsilon": 0.01,
        "memory_size": 150000,
        "target_update_freq": 8,
        "checkpoint_freq": 100,
        "resource_monitor_freq": 10
    },
    "resource_summary": "Training Time: 1:53:30\nAvg CPU Usage: 42.6%\nAvg Memory Usage: 5.5%\nAvg GPU Usage: 1.9%\nAvg GPU Memory: 268.4MB"
}