{
    "episode": 900,
    "best_reward": 9856.666637302724,
    "best_success_rate": 1.0,
    "recent_rewards": [
        3326.195443799167,
        3029.376385919245,
        2481.151138590012,
        7451.526318933176,
        2501.7577202469647,
        2271.7250872915993,
        3433.543006672333,
        7652.717379395208,
        3648.929102055973,
        8112.7844238423695,
        6696.794638082364,
        2863.3980392738536,
        7311.958939627371,
        3022.951448832965,
        4155.878618047442,
        6467.532627026819,
        7775.8327358734605,
        2230.541551052091,
        8753.539763939376,
        7122.697226112716,
        3448.689124671698,
        7425.130516287788,
        2477.6600611228396,
        3833.6244402622083,
        6173.756533916804,
        8659.490620830928,
        1385.0538572624314,
        2331.208064621498,
        6601.99481547749,
        6468.922889853547,
        8611.066158237843,
        5158.855068823132,
        7003.767340338689,
        7252.70459543969,
        7437.366086083834,
        2579.4443556258598,
        7597.678981086242,
        7961.977912563305,
        7656.037653968664,
        4096.713348322144,
        7571.617608695933,
        8621.553973900378,
        3521.3951236611506,
        8215.91522330102,
        2565.3067218965552,
        9312.685356822767,
        8220.767044913491,
        1885.3911798317768,
        2661.162672200979,
        2412.731315510563,
        6554.230001324265,
        8678.907241197625,
        2201.1893147692563,
        1627.4371134818293,
        2695.092575748504,
        7620.238427056548,
        6160.630064163828,
        2607.895314944396,
        2510.4372416158485,
        7486.385538880474,
        2709.1872372612456,
        8698.28576037597,
        1977.7066748700224,
        7226.053096662121,
        4416.709312873154,
        7383.602699279278,
        3833.471457101993,
        8612.4143583507,
        4016.506085938399,
        7252.510792434246,
        1459.66973633917,
        7623.02289518012,
        3302.7036083819908,
        6997.596155121979,
        9118.63138276938,
        5933.375383025091,
        2595.071833081334,
        1415.8645359432119,
        7958.389581133263,
        6313.430107682343,
        7269.598581855801,
        3742.23907494005,
        2714.7420307904076,
        3625.7359847869543,
        2858.3005037929847,
        7634.859873517066,
        1594.3732319440517,
        1273.695417349017,
        2359.9943741359366,
        9205.70907199922,
        1826.386415324713,
        2023.5133418464745,
        4091.3334189034667,
        8341.327411393808,
        6840.377561510861,
        1909.7716035818805,
        8766.394276550458,
        3510.0877306946304,
        2547.415654714105,
        7747.949110169622
    ],
    "recent_successes": [
        1,
        1,
        1,
        1,
        1,
        1,
        1,
        1,
        1,
        1,
        1,
        1,
        1,
        1,
        1,
        1,
        1,
        1,
        1,
        1,
        1,
        1,
        1,
        1,
        1,
        1,
        1,
        1,
        1,
        1,
        1,
        1,
        1,
        1,
        1,
        1,
        1,
        1,
        1,
        1,
        1,
        1,
        1,
        1,
        1,
        1,
        1,
        1,
        1,
        1,
        1,
        1,
        1,
        1,
        1,
        1,
        1,
        1,
        1,
        1,
        1,
        1,
        1,
        1,
        1,
        1,
        1,
        1,
        1,
        1,
        1,
        1,
        1,
        1,
        1,
        1,
        1,
        1,
        1,
        1,
        1,
        1,
        1,
        1,
        1,
        1,
        1,
        1,
        1,
        1,
        1,
        1,
        1,
        1,
        1,
        1,
        1,
        1,
        1,
        1
    ],
    "recent_collisions": [
        0,
        0,
        0,
        0,
        0,
        0,
        0,
        0,
        0,
        0,
        0,
        0,
        0,
        0,
        0,
        0,
        0,
        0,
        0,
        0,
        0,
        0,
        0,
        0,
        0,
        0,
        0,
        0,
        0,
        0,
        0,
        0,
        0,
        0,
        0,
        0,
        0,
        0,
        0,
        0,
        0,
        0,
        0,
        0,
        0,
        0,
        0,
        0,
        0,
        0,
        0,
        0,
        0,
        0,
        0,
        0,
        0,
        0,
        0,
        0,
        0,
        0,
        0,
        0,
        0,
        0,
        0,
        0,
        0,
        0,
        0,
        0,
        0,
        0,
        0,
        0,
        0,
        0,
        0,
        0,
        0,
        0,
        0,
        0,
        0,
        0,
        0,
        0,
        0,
        0,
        0,
        0,
        0,
        0,
        0,
        0,
        0,
        0,
        0,
        0
    ],
    "recent_steps": [
        26,
        20,
        15,
        79,
        23,
        17,
        23,
        110,
        37,
        91,
        126,
        21,
        77,
        20,
        36,
        131,
        92,
        18,
        90,
        82,
        24,
        73,
        23,
        33,
        121,
        89,
        11,
        20,
        132,
        121,
        87,
        128,
        127,
        87,
        100,
        25,
        91,
        89,
        91,
        43,
        92,
        85,
        33,
        88,
        21,
        113,
        78,
        12,
        22,
        29,
        131,
        96,
        18,
        16,
        18,
        129,
        120,
        26,
        26,
        67,
        30,
        79,
        11,
        75,
        45,
        92,
        48,
        87,
        47,
        70,
        1,
        91,
        65,
        117,
        97,
        121,
        28,
        3,
        109,
        143,
        107,
        27,
        24,
        38,
        19,
        111,
        5,
        1,
        21,
        88,
        20,
        25,
        32,
        89,
        129,
        8,
        118,
        37,
        22,
        90
    ],
    "params": {
        "max_episodes": 1500,
        "max_steps": 600,
        "batch_size": 64,
        "learning_rate": 2e-05,
        "gamma": 0.99,
        "initial_epsilon": 0.1,
        "epsilon_decay": 0.995,
        "min_epsilon": 0.01,
        "memory_size": 150000,
        "target_update_freq": 8,
        "checkpoint_freq": 100,
        "resource_monitor_freq": 10
    },
    "resource_summary": "Training Time: 2:27:19\nAvg CPU Usage: 42.5%\nAvg Memory Usage: 5.5%\nAvg GPU Usage: 2.0%\nAvg GPU Memory: 268.5MB"
}