{
    "episode": 800,
    "best_reward": 9856.666637302724,
    "best_success_rate": 1.0,
    "recent_rewards": [
        4242.448543094437,
        7263.873062281967,
        6967.265947458525,
        7683.768655635054,
        2720.639101946851,
        7450.785510352134,
        1568.7633834168068,
        7006.028878824392,
        2358.100719805889,
        7044.717152627205,
        2861.5280836749102,
        8288.372770509324,
        2111.205138954529,
        8780.965064485636,
        7683.302327375888,
        8190.097403963717,
        8344.763478995234,
        7729.222158669983,
        6748.76771633502,
        8485.97563121674,
        7085.705419591389,
        2211.5873567480708,
        9499.831454850739,
        7801.328057187051,
        2314.678646928978,
        1515.8084575424095,
        2528.8891576775995,
        6783.643058332822,
        1864.739187806885,
        9160.798525096936,
        7413.845057328334,
        8404.184159718994,
        1678.4101914247474,
        1555.1961521620199,
        2174.4454474008808,
        5815.806425497544,
        2641.882575063367,
        6728.269730287331,
        3501.0455921500106,
        7217.1252761734795,
        7394.5420997931,
        2359.9345535904044,
        1495.9348263680272,
        8255.314748155843,
        8721.523369530327,
        2074.2581602999026,
        6866.299152704258,
        6903.260909012795,
        1749.9296632252106,
        7981.998818412561,
        8937.608027332477,
        7953.6951644466135,
        1705.3268224959934,
        7877.230739774769,
        7664.161006433775,
        1823.7615984367044,
        7428.8118934020995,
        2228.089491199166,
        2918.8586101026567,
        2783.8341108293957,
        8549.919622935187,
        8406.506819083323,
        6595.898363590706,
        3209.1239448351357,
        2000.8342091948066,
        7326.391672656226,
        7126.510779164304,
        8232.418040595017,
        7541.747084145534,
        7876.309155309224,
        7586.519895411221,
        2019.785925728468,
        8089.2008296246495,
        7118.955801480263,
        3218.3159785264133,
        7632.184191548882,
        2071.0294797323972,
        6082.29116630872,
        2804.2303640399214,
        1466.0652193369506,
        1847.8331847341306,
        8307.499944053117,
        8027.8162103987725,
        3649.3382348135483,
        3594.312538878023,
        7703.176775107435,
        7757.66314720536,
        1753.5634092537566,
        6809.179332571828,
        7878.262229582149,
        8708.23240479335,
        8634.052529045968,
        3765.9951838237203,
        2280.619975409669,
        2080.8967075590695,
        7747.5878059737615,
        6961.745139777168,
        7917.38144813246,
        2573.956057288107,
        2192.1445126029103
    ],
    "recent_successes": [
        1,
        1,
        1,
        1,
        1,
        1,
        1,
        1,
        1,
        1,
        1,
        1,
        1,
        1,
        1,
        1,
        1,
        1,
        1,
        1,
        1,
        1,
        1,
        1,
        1,
        1,
        1,
        1,
        1,
        1,
        1,
        1,
        1,
        1,
        1,
        1,
        1,
        1,
        1,
        1,
        1,
        1,
        1,
        1,
        1,
        1,
        1,
        1,
        1,
        1,
        1,
        1,
        1,
        1,
        1,
        1,
        1,
        1,
        1,
        1,
        1,
        1,
        1,
        1,
        1,
        1,
        1,
        1,
        1,
        1,
        1,
        1,
        1,
        1,
        1,
        1,
        1,
        1,
        1,
        1,
        1,
        1,
        1,
        1,
        1,
        1,
        1,
        1,
        1,
        1,
        1,
        1,
        1,
        1,
        1,
        1,
        1,
        1,
        1,
        1
    ],
    "recent_collisions": [
        0,
        0,
        0,
        0,
        0,
        0,
        0,
        0,
        0,
        0,
        0,
        0,
        0,
        0,
        0,
        0,
        0,
        0,
        0,
        0,
        0,
        0,
        0,
        0,
        0,
        0,
        0,
        0,
        0,
        0,
        0,
        0,
        0,
        0,
        0,
        0,
        0,
        0,
        0,
        0,
        0,
        0,
        0,
        0,
        0,
        0,
        0,
        0,
        0,
        0,
        0,
        0,
        0,
        0,
        0,
        0,
        0,
        0,
        0,
        0,
        0,
        0,
        0,
        0,
        0,
        0,
        0,
        0,
        0,
        0,
        0,
        0,
        0,
        0,
        0,
        0,
        0,
        0,
        0,
        0,
        0,
        0,
        0,
        0,
        0,
        0,
        0,
        0,
        0,
        0,
        0,
        0,
        0,
        0,
        0,
        0,
        0,
        0,
        0,
        0
    ],
    "recent_steps": [
        38,
        77,
        98,
        96,
        22,
        86,
        8,
        85,
        22,
        110,
        32,
        90,
        20,
        108,
        115,
        102,
        89,
        97,
        127,
        111,
        80,
        14,
        99,
        82,
        19,
        8,
        22,
        95,
        9,
        99,
        91,
        77,
        14,
        22,
        22,
        129,
        30,
        118,
        26,
        92,
        89,
        13,
        4,
        94,
        123,
        27,
        88,
        133,
        8,
        78,
        79,
        103,
        8,
        80,
        112,
        14,
        103,
        12,
        21,
        28,
        88,
        92,
        143,
        29,
        19,
        98,
        134,
        87,
        84,
        105,
        101,
        19,
        88,
        89,
        29,
        93,
        20,
        110,
        28,
        3,
        19,
        88,
        96,
        36,
        36,
        96,
        88,
        24,
        88,
        82,
        102,
        92,
        40,
        18,
        18,
        142,
        107,
        79,
        19,
        25
    ],
    "params": {
        "max_episodes": 1500,
        "max_steps": 600,
        "batch_size": 64,
        "learning_rate": 2e-05,
        "gamma": 0.99,
        "initial_epsilon": 0.1,
        "epsilon_decay": 0.995,
        "min_epsilon": 0.01,
        "memory_size": 150000,
        "target_update_freq": 8,
        "checkpoint_freq": 100,
        "resource_monitor_freq": 10
    },
    "resource_summary": "Training Time: 2:10:56\nAvg CPU Usage: 42.5%\nAvg Memory Usage: 5.5%\nAvg GPU Usage: 2.0%\nAvg GPU Memory: 268.4MB"
}