{
    "episode": 300,
    "best_reward": 9396.837920090138,
    "best_success_rate": 1.0,
    "recent_rewards": [
        2187.8284911875458,
        6349.972493095907,
        2277.526241546663,
        6757.127532790507,
        7314.474964191064,
        888.1489162803891,
        1990.7268301734728,
        837.7209877317212,
        3440.828806796723,
        5935.875148746837,
        983.4575781573385,
        1122.2343343206362,
        1208.6907423222897,
        1508.6468041517026,
        521.0383477365734,
        1007.2955190993218,
        6631.606558532255,
        2549.98462782412,
        776.577561726953,
        581.8693786981996,
        3036.1719886548553,
        1864.435512658576,
        1797.561763016385,
        2911.646190833227,
        2267.2332333381314,
        7657.796481212226,
        6291.131434704452,
        3883.0661999612366,
        2582.951307340083,
        6921.1937793619645,
        529.7216784576549,
        7744.6584829098465,
        2362.4218506277994,
        1843.1700950452973,
        7164.284581045328,
        1021.9912496597709,
        3255.122834738292,
        1474.975438321772,
        7248.381226767446,
        8094.9570714695055,
        3753.310189422617,
        2312.870487115234,
        900.3106288974262,
        1469.312929964977,
        1745.4637353393043,
        1096.0866791916042,
        1476.1146346200571,
        918.4925876488347,
        8066.392586170532,
        561.3519478443618,
        2286.86114428774,
        1723.6680848985316,
        4744.257417881401,
        7408.203992144852,
        2299.9765390213133,
        1086.9239917920113,
        1688.9501611020542,
        658.6315192097153,
        6093.099344344369,
        7974.316409858357,
        2211.553485641098,
        3779.352119728019,
        900.6958316986638,
        7379.137921761952,
        901.6001283252125,
        1041.7873428726243,
        2479.5268227146394,
        1894.817570783371,
        2121.9333760057634,
        1681.9777798650155,
        7329.462594515253,
        2242.163352816505,
        2025.4657121019206,
        998.3047148639755,
        3508.874445055654,
        1125.0050317847372,
        4464.270163452263,
        2483.0937401730216,
        1041.183172827811,
        2195.701366510916,
        6016.843249443455,
        2139.151294730835,
        8495.778258867738,
        8585.859299608092,
        2611.288799906285,
        2703.289531561289,
        1425.0642414057356,
        7689.191150439068,
        8039.801362374533,
        1727.9784334944277,
        2618.12631036931,
        2408.3538262168368,
        2240.8450241791784,
        6222.101448446652,
        849.5715248256033,
        2407.4860043407857,
        2379.395674362432,
        2972.3247981543022,
        2343.8710686554778,
        2480.468702605267
    ],
    "recent_successes": [
        1,
        1,
        1,
        1,
        1,
        0,
        1,
        0,
        1,
        1,
        0,
        0,
        1,
        1,
        0,
        1,
        1,
        1,
        0,
        0,
        1,
        1,
        1,
        1,
        1,
        1,
        1,
        1,
        1,
        1,
        0,
        1,
        1,
        1,
        1,
        0,
        1,
        1,
        1,
        1,
        1,
        1,
        0,
        1,
        0,
        0,
        1,
        0,
        1,
        0,
        1,
        1,
        1,
        1,
        1,
        0,
        1,
        1,
        1,
        1,
        1,
        1,
        0,
        1,
        1,
        0,
        1,
        1,
        1,
        0,
        1,
        1,
        1,
        1,
        1,
        0,
        1,
        1,
        1,
        1,
        1,
        1,
        1,
        1,
        1,
        1,
        0,
        1,
        1,
        1,
        1,
        1,
        1,
        1,
        0,
        1,
        1,
        1,
        1,
        1
    ],
    "recent_collisions": [
        0,
        0,
        0,
        0,
        0,
        1,
        0,
        1,
        0,
        0,
        1,
        1,
        0,
        0,
        1,
        0,
        0,
        0,
        1,
        1,
        0,
        0,
        0,
        0,
        0,
        0,
        0,
        0,
        0,
        0,
        1,
        0,
        0,
        0,
        0,
        1,
        0,
        0,
        0,
        0,
        0,
        0,
        1,
        0,
        1,
        1,
        0,
        1,
        0,
        1,
        0,
        0,
        0,
        0,
        0,
        1,
        0,
        0,
        0,
        0,
        0,
        0,
        1,
        0,
        0,
        1,
        0,
        0,
        0,
        1,
        0,
        0,
        0,
        0,
        0,
        1,
        0,
        0,
        0,
        0,
        0,
        0,
        0,
        0,
        0,
        0,
        1,
        0,
        0,
        0,
        0,
        0,
        0,
        0,
        1,
        0,
        0,
        0,
        0,
        0
    ],
    "recent_steps": [
        22,
        96,
        27,
        132,
        112,
        79,
        13,
        74,
        39,
        101,
        61,
        62,
        1,
        4,
        52,
        1,
        119,
        26,
        60,
        57,
        27,
        17,
        9,
        23,
        19,
        102,
        236,
        46,
        26,
        104,
        57,
        127,
        16,
        23,
        314,
        67,
        36,
        12,
        142,
        117,
        41,
        16,
        62,
        3,
        78,
        68,
        3,
        80,
        132,
        58,
        21,
        14,
        54,
        114,
        20,
        78,
        11,
        1,
        107,
        119,
        21,
        40,
        69,
        116,
        1,
        78,
        24,
        11,
        23,
        75,
        139,
        14,
        12,
        1,
        34,
        85,
        53,
        25,
        1,
        20,
        88,
        17,
        110,
        109,
        34,
        30,
        75,
        116,
        106,
        7,
        21,
        18,
        23,
        143,
        64,
        20,
        19,
        39,
        31,
        31
    ],
    "params": {
        "max_episodes": 1500,
        "max_steps": 600,
        "batch_size": 64,
        "learning_rate": 2e-05,
        "gamma": 0.99,
        "initial_epsilon": 0.1,
        "epsilon_decay": 0.995,
        "min_epsilon": 0.01,
        "memory_size": 150000,
        "target_update_freq": 8,
        "checkpoint_freq": 100,
        "resource_monitor_freq": 10
    },
    "resource_summary": "Training Time: 0:47:46\nAvg CPU Usage: 43.6%\nAvg Memory Usage: 5.4%\nAvg GPU Usage: 2.0%\nAvg GPU Memory: 267.5MB"
}