{
    "training_time": [
        1.711789608001709,
        103.53907990455627,
        238.2306787967682,
        392.06057238578796,
        480.0213375091553,
        614.4825119972229,
        678.7680485248566,
        801.912855386734,
        900.1973450183868,
        1020.6912624835968,
        1053.401195049286,
        1162.154250383377,
        1250.3298230171204,
        1353.6809475421906,
        1446.6634607315063,
        1535.5086932182312,
        1631.8787686824799,
        1703.5065259933472,
        1777.4496731758118,
        1892.0007100105286,
        1967.457989692688
    ],
    "cpu_usage": [
        40.7,
        42.1,
        49.6,
        52.9,
        49.3,
        44.4,
        49.3,
        46.2,
        50.6,
        47.4,
        46.0,
        42.1,
        40.6,
        40.7,
        40.1,
        41.5,
        43.1,
        41.6,
        42.5,
        42.0,
        39.8
    ],
    "memory_usage": [
        3.5717669304390474,
        5.416721726905644,
        5.420363700254765,
        5.421815568008808,
        5.422972140626435,
        5.4256790127102414,
        5.427155488392317,
        5.429936184260228,
        5.432224721567446,
        5.434833161939114,
        5.4357436552763945,
        5.440689848811351,
        5.441526518364528,
        5.44233857998967,
        5.4442087825203,
        5.446152808835033,
        5.448244482717976,
        5.449770174256121,
        5.451271257866232,
        5.453658226885589,
        5.455282350135873
    ],
    "gpu_usage": [
        1.0,
        3.0,
        2.0,
        2.0,
        2.0,
        2.0,
        2.0,
        2.0,
        2.0,
        2.0,
        2.0,
        2.0,
        2.0,
        2.0,
        2.0,
        2.0,
        0.0,
        2.0,
        2.0,
        2.0,
        2.0
    ],
    "gpu_memory": [
        223.0,
        269.0,
        269.0,
        269.0,
        269.0,
        269.0,
        269.0,
        269.0,
        269.0,
        269.0,
        269.0,
        269.0,
        269.0,
        269.0,
        269.0,
        269.0,
        269.0,
        269.0,
        269.0,
        269.0,
        269.0
    ]
}