{
    "training_time": [
        1.711789608001709
    ],
    "cpu_usage": [
        40.7
    ],
    "memory_usage": [
        3.5717669304390474
    ],
    "gpu_usage": [
        1.0
    ],
    "gpu_memory": [
        223.0
    ]
}